time;BusPDR_BUS_Voltage;BusPDR_BUS_ActivePower;BusPDR_BUS_ReactivePower;BusPDR_BUS_ActiveCurrent;BusPDR_BUS_ReactiveCurrent;Wind_Turbine_GEN_MagnitudeControlledByAVRPu;Measurements_BUS_Voltage;Measurements_BUS_ActivePower;Measurements_BUS_ReactivePower;StepUp_Xfmr_XFMR_Tap;Wind_Turbine_GEN_ActivePowerSetpointPu;Wind_Turbine_GEN_ReactivePowerSetpointPu;Wind_Turbine_GEN_AVRSetpointPu
0.000000000;1.044e+00;8.333e-01;1.185e-09;7.979e-01;8.088e-09;1.045e+00;1.044e+00;7.500e-01;3.893e-09;1.000e+01;8.335e-01;1.556e-02;1.045e+00
0.128540000;1.044e+00;8.330e-01;6.778e-05;7.975e-01;6.488e-05;1.045e+00;1.044e+00;7.497e-01;6.100e-05;1.000e+01;8.335e-01;1.556e-02;1.045e+00
0.129540000;1.045e+00;8.330e-01;6.889e-05;7.975e-01;6.594e-05;1.045e+00;1.045e+00;7.497e-01;6.200e-05;1.000e+01;8.335e-01;1.556e-02;1.045e+00
0.139540000;1.045e+00;8.329e-01;8.333e-05;7.975e-01;7.977e-05;1.045e+00;1.045e+00;7.497e-01;7.500e-05;1.000e+01;8.335e-01;1.556e-02;1.045e+00
0.151540000;1.045e+00;8.329e-01;1.033e-04;7.973e-01;9.892e-05;1.045e+00;1.045e+00;7.496e-01;9.300e-05;1.000e+01;8.335e-01;1.556e-02;1.045e+00
0.335540000;1.045e+00;8.307e-01;5.144e-04;7.951e-01;4.923e-04;1.045e+00;1.045e+00;7.477e-01;4.630e-04;1.000e+01;8.335e-01;1.556e-02;1.045e+00
0.394540000;1.045e+00;8.302e-01;6.111e-04;7.945e-01;5.848e-04;1.045e+00;1.045e+00;7.472e-01;5.500e-04;1.000e+01;8.335e-01;1.556e-02;1.045e+00
0.414540000;1.045e+00;8.301e-01;6.333e-04;7.943e-01;6.061e-04;1.045e+00;1.045e+00;7.471e-01;5.700e-04;1.000e+01;8.335e-01;1.556e-02;1.045e+00
0.420540000;1.045e+00;8.301e-01;6.389e-04;7.943e-01;6.114e-04;1.045e+00;1.045e+00;7.470e-01;5.750e-04;1.000e+01;8.335e-01;1.556e-02;1.045e+00
0.421540000;1.045e+00;8.300e-01;6.400e-04;7.943e-01;6.124e-04;1.045e+00;1.045e+00;7.470e-01;5.760e-04;1.000e+01;8.335e-01;1.556e-02;1.045e+00
0.672540000;1.045e+00;8.295e-01;7.289e-04;7.938e-01;6.974e-04;1.045e+00;1.045e+00;7.466e-01;6.560e-04;1.000e+01;8.335e-01;1.556e-02;1.045e+00
0.673540000;1.045e+00;8.295e-01;7.289e-04;7.937e-01;6.974e-04;1.046e+00;1.045e+00;7.466e-01;6.560e-04;1.000e+01;8.335e-01;1.556e-02;1.045e+00
0.681540000;1.045e+00;8.295e-01;7.367e-04;7.937e-01;7.049e-04;1.046e+00;1.045e+00;7.465e-01;6.630e-04;1.000e+01;8.335e-01;1.556e-02;1.045e+00
0.700540000;1.045e+00;8.294e-01;7.578e-04;7.936e-01;7.251e-04;1.046e+00;1.045e+00;7.465e-01;6.820e-04;1.000e+01;8.335e-01;1.556e-02;1.045e+00
0.706540000;1.045e+00;8.294e-01;7.656e-04;7.936e-01;7.325e-04;1.046e+00;1.045e+00;7.464e-01;6.890e-04;1.000e+01;8.335e-01;1.556e-02;1.045e+00
0.962540000;1.045e+00;8.271e-01;1.201e-03;7.911e-01;1.149e-03;1.046e+00;1.045e+00;7.444e-01;1.081e-03;1.000e+01;8.335e-01;1.556e-02;1.045e+00
0.963540000;1.046e+00;8.271e-01;1.202e-03;7.911e-01;1.150e-03;1.046e+00;1.046e+00;7.444e-01;1.082e-03;1.000e+01;8.335e-01;1.556e-02;1.045e+00
0.976540000;1.046e+00;8.270e-01;1.216e-03;7.910e-01;1.163e-03;1.046e+00;1.046e+00;7.443e-01;1.094e-03;1.000e+01;8.335e-01;1.556e-02;1.045e+00
0.984540000;1.046e+00;8.270e-01;1.222e-03;7.909e-01;1.169e-03;1.046e+00;1.046e+00;7.443e-01;1.100e-03;1.000e+01;8.335e-01;1.556e-02;1.045e+00
0.985540000;1.046e+00;8.269e-01;1.223e-03;7.909e-01;1.170e-03;1.046e+00;1.046e+00;7.443e-01;1.101e-03;1.000e+01;8.335e-01;1.556e-02;1.045e+00
0.986540000;1.046e+00;8.269e-01;1.224e-03;7.909e-01;1.171e-03;1.046e+00;1.046e+00;7.442e-01;1.102e-03;1.000e+01;8.335e-01;1.556e-02;1.045e+00
1.242540000;1.046e+00;8.266e-01;1.291e-03;7.905e-01;1.235e-03;1.046e+00;1.046e+00;7.439e-01;1.162e-03;1.000e+01;8.335e-01;1.556e-02;1.045e+00
1.248540000;1.046e+00;8.265e-01;1.294e-03;7.905e-01;1.238e-03;1.046e+00;1.046e+00;7.439e-01;1.165e-03;1.000e+01;8.335e-01;1.556e-02;1.045e+00
1.250540000;1.046e+00;8.265e-01;1.296e-03;7.905e-01;1.239e-03;1.046e+00;1.046e+00;7.439e-01;1.166e-03;1.000e+01;8.335e-01;1.556e-02;1.045e+00
1.257540000;1.046e+00;8.265e-01;1.301e-03;7.905e-01;1.244e-03;1.046e+00;1.046e+00;7.439e-01;1.171e-03;1.000e+01;8.335e-01;1.556e-02;1.045e+00
1.260540000;1.046e+00;8.265e-01;1.303e-03;7.905e-01;1.247e-03;1.046e+00;1.046e+00;7.438e-01;1.173e-03;1.000e+01;8.335e-01;1.556e-02;1.045e+00
1.535540000;1.046e+00;8.247e-01;1.650e-03;7.885e-01;1.578e-03;1.046e+00;1.046e+00;7.422e-01;1.485e-03;1.000e+01;8.335e-01;1.556e-02;1.045e+00
1.539540000;1.046e+00;8.247e-01;1.653e-03;7.885e-01;1.581e-03;1.046e+00;1.046e+00;7.422e-01;1.488e-03;1.000e+01;8.335e-01;1.556e-02;1.045e+00
1.542540000;1.046e+00;8.247e-01;1.656e-03;7.885e-01;1.583e-03;1.046e+00;1.046e+00;7.422e-01;1.490e-03;1.000e+01;8.335e-01;1.556e-02;1.045e+00
1.547540000;1.046e+00;8.246e-01;1.659e-03;7.885e-01;1.586e-03;1.046e+00;1.046e+00;7.422e-01;1.493e-03;1.000e+01;8.335e-01;1.556e-02;1.045e+00
1.549540000;1.046e+00;8.246e-01;1.660e-03;7.884e-01;1.587e-03;1.046e+00;1.046e+00;7.422e-01;1.494e-03;1.000e+01;8.335e-01;1.556e-02;1.045e+00
1.557540000;1.046e+00;8.246e-01;1.666e-03;7.884e-01;1.592e-03;1.046e+00;1.046e+00;7.421e-01;1.499e-03;1.000e+01;8.335e-01;1.556e-02;1.045e+00
1.834177000;1.046e+00;8.244e-01;1.718e-03;7.881e-01;1.642e-03;1.046e+00;1.046e+00;7.419e-01;1.546e-03;1.000e+01;8.335e-01;1.556e-02;1.045e+00
1.839177000;1.046e+00;8.243e-01;1.720e-03;7.881e-01;1.644e-03;1.046e+00;1.046e+00;7.419e-01;1.548e-03;1.000e+01;8.335e-01;1.556e-02;1.045e+00
1.846177000;1.046e+00;8.243e-01;1.724e-03;7.881e-01;1.649e-03;1.046e+00;1.046e+00;7.419e-01;1.552e-03;1.000e+01;8.335e-01;1.556e-02;1.045e+00
1.859177000;1.046e+00;8.243e-01;1.733e-03;7.881e-01;1.657e-03;1.046e+00;1.046e+00;7.419e-01;1.560e-03;1.000e+01;8.335e-01;1.556e-02;1.045e+00
1.860177000;1.046e+00;8.243e-01;1.734e-03;7.881e-01;1.658e-03;1.046e+00;1.046e+00;7.418e-01;1.561e-03;1.000e+01;8.335e-01;1.556e-02;1.045e+00
1.977177000;1.046e+00;8.237e-01;1.853e-03;7.874e-01;1.772e-03;1.046e+00;1.046e+00;7.413e-01;1.668e-03;1.000e+01;8.335e-01;1.556e-02;1.045e+00
1.978177000;1.046e+00;8.237e-01;1.854e-03;7.874e-01;1.773e-03;1.047e+00;1.046e+00;7.413e-01;1.669e-03;1.000e+01;8.335e-01;1.556e-02;1.045e+00
2.114177000;1.046e+00;8.230e-01;1.988e-03;7.867e-01;1.900e-03;1.047e+00;1.046e+00;7.407e-01;1.789e-03;1.000e+01;8.335e-01;1.556e-02;1.045e+00
2.123177000;1.046e+00;8.230e-01;1.992e-03;7.866e-01;1.904e-03;1.047e+00;1.046e+00;7.407e-01;1.793e-03;1.000e+01;8.335e-01;1.556e-02;1.045e+00
2.128177000;1.046e+00;8.230e-01;1.996e-03;7.866e-01;1.907e-03;1.047e+00;1.046e+00;7.407e-01;1.796e-03;1.000e+01;8.335e-01;1.556e-02;1.045e+00
2.130177000;1.046e+00;8.230e-01;1.997e-03;7.866e-01;1.909e-03;1.047e+00;1.046e+00;7.407e-01;1.797e-03;1.000e+01;8.335e-01;1.556e-02;1.045e+00
2.134177000;1.046e+00;8.229e-01;1.999e-03;7.866e-01;1.911e-03;1.047e+00;1.046e+00;7.407e-01;1.799e-03;1.000e+01;8.335e-01;1.556e-02;1.045e+00
2.136177000;1.046e+00;8.229e-01;2.000e-03;7.866e-01;1.912e-03;1.047e+00;1.046e+00;7.406e-01;1.800e-03;1.000e+01;8.335e-01;1.556e-02;1.045e+00
2.389439000;1.046e+00;8.229e-01;2.029e-03;7.865e-01;1.939e-03;1.047e+00;1.046e+00;7.406e-01;1.826e-03;1.000e+01;8.335e-01;1.556e-02;1.045e+00
2.400439000;1.046e+00;8.228e-01;2.032e-03;7.865e-01;1.942e-03;1.047e+00;1.046e+00;7.406e-01;1.829e-03;1.000e+01;8.335e-01;1.556e-02;1.045e+00
2.401439000;1.046e+00;8.228e-01;2.033e-03;7.865e-01;1.944e-03;1.047e+00;1.046e+00;7.406e-01;1.830e-03;1.000e+01;8.335e-01;1.556e-02;1.045e+00
2.406439000;1.046e+00;8.228e-01;2.034e-03;7.865e-01;1.945e-03;1.047e+00;1.046e+00;7.405e-01;1.831e-03;1.000e+01;8.335e-01;1.556e-02;1.045e+00
2.409439000;1.046e+00;8.228e-01;2.036e-03;7.865e-01;1.946e-03;1.047e+00;1.046e+00;7.405e-01;1.832e-03;1.000e+01;8.335e-01;1.556e-02;1.045e+00
2.420439000;1.046e+00;8.228e-01;2.041e-03;7.865e-01;1.951e-03;1.047e+00;1.046e+00;7.405e-01;1.837e-03;1.000e+01;8.335e-01;1.556e-02;1.045e+00
2.684439000;1.046e+00;8.218e-01;2.250e-03;7.854e-01;2.150e-03;1.047e+00;1.046e+00;7.396e-01;2.025e-03;1.000e+01;8.335e-01;1.556e-02;1.045e+00
2.695439000;1.046e+00;8.218e-01;2.256e-03;7.854e-01;2.156e-03;1.047e+00;1.046e+00;7.396e-01;2.030e-03;1.000e+01;8.335e-01;1.556e-02;1.045e+00
2.699439000;1.046e+00;8.218e-01;2.257e-03;7.853e-01;2.157e-03;1.047e+00;1.046e+00;7.396e-01;2.031e-03;1.000e+01;8.335e-01;1.556e-02;1.045e+00
2.718439000;1.046e+00;8.217e-01;2.264e-03;7.853e-01;2.164e-03;1.047e+00;1.046e+00;7.396e-01;2.038e-03;1.000e+01;8.335e-01;1.556e-02;1.045e+00
2.739439000;1.046e+00;8.217e-01;2.271e-03;7.853e-01;2.170e-03;1.047e+00;1.046e+00;7.395e-01;2.044e-03;1.000e+01;8.335e-01;1.556e-02;1.045e+00
2.969181000;1.046e+00;8.217e-01;2.292e-03;7.853e-01;2.191e-03;1.047e+00;1.046e+00;7.396e-01;2.063e-03;1.000e+01;8.335e-01;1.556e-02;1.045e+00
2.979181000;1.046e+00;8.217e-01;2.294e-03;7.853e-01;2.193e-03;1.047e+00;1.046e+00;7.395e-01;2.065e-03;1.000e+01;8.335e-01;1.556e-02;1.045e+00
2.986181000;1.046e+00;8.217e-01;2.298e-03;7.853e-01;2.196e-03;1.047e+00;1.046e+00;7.395e-01;2.068e-03;1.000e+01;8.335e-01;1.556e-02;1.045e+00
2.994181000;1.046e+00;8.217e-01;2.300e-03;7.852e-01;2.198e-03;1.047e+00;1.046e+00;7.395e-01;2.070e-03;1.000e+01;8.335e-01;1.556e-02;1.045e+00
3.019181000;1.046e+00;8.217e-01;2.312e-03;7.852e-01;2.210e-03;1.047e+00;1.046e+00;7.395e-01;2.081e-03;1.000e+01;8.335e-01;1.556e-02;1.045e+00
3.142181000;1.046e+00;8.213e-01;2.398e-03;7.848e-01;2.291e-03;1.047e+00;1.046e+00;7.392e-01;2.158e-03;1.000e+01;8.335e-01;1.556e-02;1.045e+00
3.143181000;1.047e+00;8.213e-01;2.398e-03;7.848e-01;2.291e-03;1.047e+00;1.047e+00;7.392e-01;2.158e-03;1.000e+01;8.335e-01;1.556e-02;1.045e+00
3.254181000;1.047e+00;8.209e-01;2.472e-03;7.844e-01;2.362e-03;1.047e+00;1.047e+00;7.389e-01;2.225e-03;1.000e+01;8.335e-01;1.556e-02;1.045e+00
3.257181000;1.047e+00;8.209e-01;2.473e-03;7.844e-01;2.363e-03;1.047e+00;1.047e+00;7.388e-01;2.226e-03;1.000e+01;8.335e-01;1.556e-02;1.045e+00
3.260181000;1.047e+00;8.209e-01;2.476e-03;7.844e-01;2.365e-03;1.047e+00;1.047e+00;7.388e-01;2.228e-03;1.000e+01;8.335e-01;1.556e-02;1.045e+00
3.265181000;1.047e+00;8.209e-01;2.478e-03;7.844e-01;2.368e-03;1.047e+00;1.047e+00;7.388e-01;2.230e-03;1.000e+01;8.335e-01;1.556e-02;1.045e+00
3.293181000;1.047e+00;8.209e-01;2.489e-03;7.844e-01;2.378e-03;1.047e+00;1.047e+00;7.388e-01;2.240e-03;1.000e+01;8.335e-01;1.556e-02;1.045e+00
3.295181000;1.047e+00;8.209e-01;2.489e-03;7.843e-01;2.378e-03;1.047e+00;1.047e+00;7.388e-01;2.240e-03;1.000e+01;8.335e-01;1.556e-02;1.045e+00
3.562761000;1.047e+00;8.209e-01;2.524e-03;7.843e-01;2.412e-03;1.047e+00;1.047e+00;7.388e-01;2.272e-03;1.000e+01;8.335e-01;1.556e-02;1.045e+00
3.569761000;1.047e+00;8.209e-01;2.528e-03;7.843e-01;2.415e-03;1.047e+00;1.047e+00;7.388e-01;2.275e-03;1.000e+01;8.335e-01;1.556e-02;1.045e+00
3.580761000;1.047e+00;8.208e-01;2.531e-03;7.843e-01;2.418e-03;1.047e+00;1.047e+00;7.388e-01;2.278e-03;1.000e+01;8.335e-01;1.556e-02;1.045e+00
3.583761000;1.047e+00;8.208e-01;2.533e-03;7.843e-01;2.421e-03;1.047e+00;1.047e+00;7.388e-01;2.280e-03;1.000e+01;8.335e-01;1.556e-02;1.045e+00
3.605761000;1.047e+00;8.208e-01;2.542e-03;7.843e-01;2.429e-03;1.047e+00;1.047e+00;7.387e-01;2.288e-03;1.000e+01;8.335e-01;1.556e-02;1.045e+00
3.821761000;1.047e+00;8.203e-01;2.672e-03;7.837e-01;2.553e-03;1.047e+00;1.047e+00;7.382e-01;2.405e-03;1.000e+01;8.335e-01;1.556e-02;1.045e+00
3.836761000;1.047e+00;8.203e-01;2.679e-03;7.836e-01;2.559e-03;1.047e+00;1.047e+00;7.382e-01;2.411e-03;1.000e+01;8.335e-01;1.556e-02;1.045e+00
3.837761000;1.047e+00;8.202e-01;2.679e-03;7.836e-01;2.559e-03;1.047e+00;1.047e+00;7.382e-01;2.411e-03;1.000e+01;8.335e-01;1.556e-02;1.045e+00
3.844761000;1.047e+00;8.202e-01;2.682e-03;7.836e-01;2.563e-03;1.047e+00;1.047e+00;7.382e-01;2.414e-03;1.000e+01;8.335e-01;1.556e-02;1.045e+00
3.853761000;1.047e+00;8.202e-01;2.686e-03;7.836e-01;2.566e-03;1.047e+00;1.047e+00;7.382e-01;2.417e-03;1.000e+01;8.335e-01;1.556e-02;1.045e+00
3.862761000;1.047e+00;8.202e-01;2.689e-03;7.836e-01;2.569e-03;1.047e+00;1.047e+00;7.382e-01;2.420e-03;1.000e+01;8.335e-01;1.556e-02;1.045e+00
4.135875000;1.047e+00;8.202e-01;2.731e-03;7.836e-01;2.609e-03;1.047e+00;1.047e+00;7.382e-01;2.458e-03;1.000e+01;8.335e-01;1.556e-02;1.045e+00
4.142875000;1.047e+00;8.202e-01;2.733e-03;7.836e-01;2.611e-03;1.047e+00;1.047e+00;7.382e-01;2.460e-03;1.000e+01;8.335e-01;1.556e-02;1.045e+00
4.154875000;1.047e+00;8.202e-01;2.738e-03;7.836e-01;2.616e-03;1.047e+00;1.047e+00;7.382e-01;2.464e-03;1.000e+01;8.335e-01;1.556e-02;1.045e+00
4.159875000;1.047e+00;8.202e-01;2.740e-03;7.835e-01;2.618e-03;1.047e+00;1.047e+00;7.382e-01;2.466e-03;1.000e+01;8.335e-01;1.556e-02;1.045e+00
4.173875000;1.047e+00;8.202e-01;2.746e-03;7.835e-01;2.623e-03;1.047e+00;1.047e+00;7.381e-01;2.471e-03;1.000e+01;8.335e-01;1.556e-02;1.045e+00
4.394875000;1.047e+00;8.197e-01;2.861e-03;7.831e-01;2.733e-03;1.047e+00;1.047e+00;7.377e-01;2.575e-03;1.000e+01;8.335e-01;1.556e-02;1.045e+00
4.395875000;1.047e+00;8.197e-01;2.862e-03;7.830e-01;2.734e-03;1.047e+00;1.047e+00;7.377e-01;2.576e-03;1.000e+01;8.335e-01;1.556e-02;1.045e+00
4.429875000;1.047e+00;8.197e-01;2.876e-03;7.830e-01;2.747e-03;1.047e+00;1.047e+00;7.377e-01;2.588e-03;1.000e+01;8.335e-01;1.556e-02;1.045e+00
4.457875000;1.047e+00;8.196e-01;2.883e-03;7.830e-01;2.754e-03;1.047e+00;1.047e+00;7.377e-01;2.595e-03;1.000e+01;8.335e-01;1.556e-02;1.045e+00
4.660286000;1.047e+00;8.197e-01;2.914e-03;7.830e-01;2.784e-03;1.047e+00;1.047e+00;7.377e-01;2.623e-03;1.000e+01;8.335e-01;1.556e-02;1.045e+00
4.696286000;1.047e+00;8.196e-01;2.922e-03;7.830e-01;2.791e-03;1.047e+00;1.047e+00;7.377e-01;2.630e-03;1.000e+01;8.335e-01;1.556e-02;1.045e+00
4.737286000;1.047e+00;8.196e-01;2.934e-03;7.829e-01;2.803e-03;1.047e+00;1.047e+00;7.377e-01;2.641e-03;1.000e+01;8.335e-01;1.556e-02;1.045e+00
4.964286000;1.047e+00;8.192e-01;3.041e-03;7.825e-01;2.905e-03;1.047e+00;1.047e+00;7.373e-01;2.737e-03;1.000e+01;8.335e-01;1.556e-02;1.045e+00
5.017286000;1.047e+00;8.192e-01;3.060e-03;7.824e-01;2.923e-03;1.047e+00;1.047e+00;7.373e-01;2.754e-03;1.000e+01;8.335e-01;1.556e-02;1.045e+00
5.056286000;1.047e+00;8.192e-01;3.071e-03;7.824e-01;2.933e-03;1.047e+00;1.047e+00;7.372e-01;2.764e-03;1.000e+01;8.335e-01;1.556e-02;1.045e+00
5.279503000;1.047e+00;8.192e-01;3.110e-03;7.824e-01;2.970e-03;1.047e+00;1.047e+00;7.372e-01;2.799e-03;1.000e+01;8.335e-01;1.556e-02;1.045e+00
5.327503000;1.047e+00;8.191e-01;3.126e-03;7.824e-01;2.985e-03;1.047e+00;1.047e+00;7.372e-01;2.813e-03;1.000e+01;8.335e-01;1.556e-02;1.045e+00
5.480503000;1.047e+00;8.189e-01;3.192e-03;7.821e-01;3.049e-03;1.047e+00;1.047e+00;7.370e-01;2.873e-03;1.000e+01;8.335e-01;1.556e-02;1.045e+00
5.481503000;1.047e+00;8.189e-01;3.193e-03;7.821e-01;3.050e-03;1.048e+00;1.047e+00;7.370e-01;2.874e-03;1.000e+01;8.335e-01;1.556e-02;1.045e+00
6.087061000;1.047e+00;8.184e-01;3.382e-03;7.816e-01;3.230e-03;1.048e+00;1.047e+00;7.366e-01;3.044e-03;1.000e+01;8.335e-01;1.556e-02;1.045e+00
6.089061000;1.047e+00;8.184e-01;3.386e-03;7.816e-01;3.233e-03;1.048e+00;1.047e+00;7.366e-01;3.047e-03;1.000e+01;8.335e-01;1.556e-02;1.045e+00
6.092061000;1.047e+00;8.184e-01;3.392e-03;7.815e-01;3.239e-03;1.048e+00;1.047e+00;7.366e-01;3.053e-03;1.000e+01;8.335e-01;1.556e-02;1.045e+00
6.095061000;1.047e+00;8.184e-01;3.400e-03;7.815e-01;3.247e-03;1.048e+00;1.047e+00;7.365e-01;3.060e-03;1.000e+01;8.335e-01;1.556e-02;1.045e+00
6.113061000;1.047e+00;8.181e-01;3.471e-03;7.812e-01;3.315e-03;1.048e+00;1.047e+00;7.363e-01;3.124e-03;1.000e+01;8.335e-01;1.556e-02;1.045e+00
6.130061000;1.047e+00;8.177e-01;3.559e-03;7.808e-01;3.398e-03;1.048e+00;1.047e+00;7.359e-01;3.203e-03;1.000e+01;8.335e-01;1.556e-02;1.045e+00
6.131061000;1.047e+00;8.177e-01;3.564e-03;7.807e-01;3.403e-03;1.048e+00;1.047e+00;7.359e-01;3.208e-03;1.000e+01;8.335e-01;1.556e-02;1.045e+00
6.141061000;1.047e+00;8.174e-01;3.619e-03;7.804e-01;3.455e-03;1.048e+00;1.047e+00;7.357e-01;3.257e-03;1.000e+01;8.335e-01;1.556e-02;1.045e+00
6.174061000;1.047e+00;8.165e-01;3.801e-03;7.795e-01;3.629e-03;1.048e+00;1.047e+00;7.348e-01;3.421e-03;1.000e+01;8.335e-01;1.556e-02;1.045e+00
6.175061000;1.048e+00;8.164e-01;3.807e-03;7.794e-01;3.634e-03;1.048e+00;1.048e+00;7.348e-01;3.426e-03;1.000e+01;8.335e-01;1.556e-02;1.045e+00
6.291061000;1.048e+00;8.133e-01;4.406e-03;7.761e-01;4.204e-03;1.048e+00;1.048e+00;7.320e-01;3.965e-03;1.000e+01;8.335e-01;1.556e-02;1.045e+00
6.292061000;1.048e+00;8.133e-01;4.411e-03;7.760e-01;4.209e-03;1.049e+00;1.048e+00;7.320e-01;3.970e-03;1.000e+01;8.335e-01;1.556e-02;1.045e+00
6.407061000;1.048e+00;8.103e-01;4.974e-03;7.728e-01;4.744e-03;1.049e+00;1.048e+00;7.293e-01;4.477e-03;1.000e+01;8.335e-01;1.556e-02;1.045e+00
6.408061000;1.049e+00;8.103e-01;4.980e-03;7.728e-01;4.750e-03;1.049e+00;1.049e+00;7.293e-01;4.482e-03;1.000e+01;8.335e-01;1.556e-02;1.045e+00
6.425061000;1.049e+00;8.099e-01;5.066e-03;7.723e-01;4.831e-03;1.049e+00;1.049e+00;7.289e-01;4.559e-03;1.000e+01;8.335e-01;1.556e-02;1.045e+00
6.430061000;1.049e+00;8.097e-01;5.091e-03;7.722e-01;4.855e-03;1.049e+00;1.049e+00;7.287e-01;4.582e-03;1.000e+01;8.335e-01;1.556e-02;1.045e+00
6.439061000;1.049e+00;8.095e-01;5.138e-03;7.719e-01;4.899e-03;1.049e+00;1.049e+00;7.285e-01;4.624e-03;1.000e+01;8.335e-01;1.556e-02;1.045e+00
6.442061000;1.049e+00;8.094e-01;5.153e-03;7.718e-01;4.914e-03;1.049e+00;1.049e+00;7.285e-01;4.638e-03;1.000e+01;8.335e-01;1.556e-02;1.045e+00
6.445061000;1.049e+00;8.093e-01;5.169e-03;7.718e-01;4.929e-03;1.049e+00;1.049e+00;7.284e-01;4.652e-03;1.000e+01;8.335e-01;1.556e-02;1.045e+00
6.516061000;1.049e+00;8.073e-01;5.547e-03;7.696e-01;5.288e-03;1.049e+00;1.049e+00;7.266e-01;4.992e-03;1.000e+01;8.335e-01;1.556e-02;1.045e+00
6.517061000;1.049e+00;8.073e-01;5.552e-03;7.696e-01;5.293e-03;1.050e+00;1.049e+00;7.266e-01;4.997e-03;1.000e+01;8.335e-01;1.556e-02;1.045e+00
6.625061000;1.049e+00;8.041e-01;6.144e-03;7.662e-01;5.855e-03;1.050e+00;1.049e+00;7.237e-01;5.530e-03;1.000e+01;8.335e-01;1.556e-02;1.045e+00
6.626061000;1.050e+00;8.041e-01;6.149e-03;7.662e-01;5.859e-03;1.050e+00;1.050e+00;7.237e-01;5.534e-03;1.000e+01;8.335e-01;1.556e-02;1.045e+00
6.730061000;1.050e+00;8.012e-01;6.688e-03;7.630e-01;6.370e-03;1.050e+00;1.050e+00;7.211e-01;6.019e-03;1.000e+01;8.335e-01;1.556e-02;1.045e+00
6.732061000;1.050e+00;8.011e-01;6.697e-03;7.630e-01;6.378e-03;1.050e+00;1.050e+00;7.210e-01;6.027e-03;1.000e+01;8.335e-01;1.556e-02;1.045e+00
6.733061000;1.050e+00;8.011e-01;6.702e-03;7.630e-01;6.383e-03;1.051e+00;1.050e+00;7.210e-01;6.032e-03;1.000e+01;8.335e-01;1.556e-02;1.045e+00
6.740061000;1.050e+00;8.009e-01;6.737e-03;7.628e-01;6.416e-03;1.051e+00;1.050e+00;7.208e-01;6.063e-03;1.000e+01;8.335e-01;1.556e-02;1.045e+00
6.753726000;1.050e+00;8.005e-01;6.802e-03;7.624e-01;6.478e-03;1.051e+00;1.050e+00;7.205e-01;6.122e-03;1.000e+01;8.335e-01;1.556e-02;1.045e+00
6.755726000;1.050e+00;8.005e-01;6.811e-03;7.623e-01;6.486e-03;1.051e+00;1.050e+00;7.204e-01;6.130e-03;1.000e+01;8.335e-01;1.556e-02;1.045e+00
6.758726000;1.050e+00;8.004e-01;6.826e-03;7.622e-01;6.500e-03;1.051e+00;1.050e+00;7.204e-01;6.143e-03;1.000e+01;8.335e-01;1.556e-02;1.045e+00
6.867726000;1.050e+00;7.977e-01;7.318e-03;7.594e-01;6.966e-03;1.051e+00;1.050e+00;7.180e-01;6.586e-03;1.000e+01;8.335e-01;1.556e-02;1.045e+00
6.868726000;1.051e+00;7.977e-01;7.322e-03;7.594e-01;6.970e-03;1.051e+00;1.051e+00;7.179e-01;6.590e-03;1.000e+01;8.335e-01;1.556e-02;1.045e+00
6.987726000;1.051e+00;7.949e-01;7.846e-03;7.563e-01;7.465e-03;1.051e+00;1.051e+00;7.154e-01;7.061e-03;1.000e+01;8.335e-01;1.556e-02;1.045e+00
6.988726000;1.051e+00;7.948e-01;7.850e-03;7.563e-01;7.469e-03;1.052e+00;1.051e+00;7.154e-01;7.065e-03;1.000e+01;8.335e-01;1.556e-02;1.045e+00
7.008726000;1.051e+00;7.944e-01;7.941e-03;7.558e-01;7.556e-03;1.052e+00;1.051e+00;7.149e-01;7.147e-03;1.000e+01;8.335e-01;1.556e-02;1.045e+00
7.013726000;1.051e+00;7.942e-01;7.964e-03;7.557e-01;7.578e-03;1.052e+00;1.051e+00;7.148e-01;7.168e-03;1.000e+01;8.335e-01;1.556e-02;1.045e+00
7.033726000;1.051e+00;7.937e-01;8.056e-03;7.551e-01;7.664e-03;1.052e+00;1.051e+00;7.144e-01;7.250e-03;1.000e+01;8.335e-01;1.556e-02;1.045e+00
7.127726000;1.051e+00;7.913e-01;8.500e-03;7.526e-01;8.084e-03;1.052e+00;1.051e+00;7.122e-01;7.650e-03;1.000e+01;8.335e-01;1.556e-02;1.045e+00
7.128726000;1.052e+00;7.913e-01;8.506e-03;7.525e-01;8.089e-03;1.052e+00;1.052e+00;7.122e-01;7.655e-03;1.000e+01;8.335e-01;1.556e-02;1.045e+00
7.235726000;1.052e+00;7.885e-01;9.010e-03;7.496e-01;8.565e-03;1.052e+00;1.052e+00;7.097e-01;8.109e-03;1.000e+01;8.335e-01;1.556e-02;1.045e+00
7.236726000;1.052e+00;7.885e-01;9.014e-03;7.496e-01;8.569e-03;1.053e+00;1.052e+00;7.096e-01;8.113e-03;1.000e+01;8.335e-01;1.556e-02;1.045e+00
7.282726000;1.052e+00;7.873e-01;9.222e-03;7.484e-01;8.766e-03;1.053e+00;1.052e+00;7.086e-01;8.300e-03;1.000e+01;8.335e-01;1.556e-02;1.045e+00
7.285726000;1.052e+00;7.873e-01;9.236e-03;7.483e-01;8.778e-03;1.053e+00;1.052e+00;7.085e-01;8.312e-03;1.000e+01;8.335e-01;1.556e-02;1.045e+00
7.290726000;1.052e+00;7.872e-01;9.258e-03;7.481e-01;8.799e-03;1.053e+00;1.052e+00;7.084e-01;8.332e-03;1.000e+01;8.335e-01;1.556e-02;1.045e+00
7.311726000;1.052e+00;7.866e-01;9.349e-03;7.476e-01;8.885e-03;1.053e+00;1.052e+00;7.080e-01;8.414e-03;1.000e+01;8.335e-01;1.556e-02;1.045e+00
7.313726000;1.052e+00;7.866e-01;9.358e-03;7.476e-01;8.893e-03;1.053e+00;1.052e+00;7.079e-01;8.422e-03;1.000e+01;8.335e-01;1.556e-02;1.045e+00
7.322726000;1.052e+00;7.864e-01;9.396e-03;7.473e-01;8.929e-03;1.053e+00;1.052e+00;7.077e-01;8.456e-03;1.000e+01;8.335e-01;1.556e-02;1.045e+00
7.393726000;1.052e+00;7.848e-01;9.691e-03;7.456e-01;9.208e-03;1.053e+00;1.052e+00;7.063e-01;8.722e-03;1.000e+01;8.335e-01;1.556e-02;1.045e+00
7.394726000;1.053e+00;7.847e-01;9.696e-03;7.456e-01;9.212e-03;1.053e+00;1.053e+00;7.063e-01;8.726e-03;1.000e+01;8.335e-01;1.556e-02;1.045e+00
7.514726000;1.053e+00;7.821e-01;1.018e-02;7.428e-01;9.665e-03;1.053e+00;1.053e+00;7.039e-01;9.159e-03;1.000e+01;8.335e-01;1.556e-02;1.045e+00
7.515726000;1.053e+00;7.821e-01;1.018e-02;7.428e-01;9.670e-03;1.054e+00;1.053e+00;7.039e-01;9.163e-03;1.000e+01;8.335e-01;1.556e-02;1.045e+00
7.687726000;1.053e+00;7.782e-01;1.090e-02;7.387e-01;1.034e-02;1.054e+00;1.053e+00;7.004e-01;9.808e-03;1.000e+01;8.335e-01;1.556e-02;1.045e+00
7.688726000;1.054e+00;7.782e-01;1.090e-02;7.386e-01;1.035e-02;1.054e+00;1.054e+00;7.003e-01;9.812e-03;1.000e+01;8.335e-01;1.556e-02;1.045e+00
7.797726000;1.054e+00;7.756e-01;1.136e-02;7.360e-01;1.078e-02;1.054e+00;1.054e+00;6.981e-01;1.023e-02;1.000e+01;8.335e-01;1.556e-02;1.045e+00
7.798726000;1.054e+00;7.756e-01;1.137e-02;7.360e-01;1.079e-02;1.055e+00;1.054e+00;6.980e-01;1.023e-02;1.000e+01;8.335e-01;1.556e-02;1.045e+00
7.863726000;1.054e+00;7.742e-01;1.163e-02;7.344e-01;1.104e-02;1.055e+00;1.054e+00;6.967e-01;1.047e-02;1.000e+01;8.335e-01;1.556e-02;1.045e+00
7.880726000;1.054e+00;7.738e-01;1.170e-02;7.340e-01;1.110e-02;1.055e+00;1.054e+00;6.964e-01;1.053e-02;1.000e+01;8.335e-01;1.556e-02;1.045e+00
7.887726000;1.054e+00;7.736e-01;1.173e-02;7.339e-01;1.113e-02;1.055e+00;1.054e+00;6.963e-01;1.056e-02;1.000e+01;8.335e-01;1.556e-02;1.045e+00
7.889726000;1.054e+00;7.736e-01;1.174e-02;7.338e-01;1.113e-02;1.055e+00;1.054e+00;6.962e-01;1.056e-02;1.000e+01;8.335e-01;1.556e-02;1.045e+00
7.907726000;1.054e+00;7.732e-01;1.181e-02;7.334e-01;1.120e-02;1.055e+00;1.054e+00;6.959e-01;1.063e-02;1.000e+01;8.335e-01;1.556e-02;1.045e+00
7.991726000;1.054e+00;7.715e-01;1.212e-02;7.316e-01;1.150e-02;1.055e+00;1.054e+00;6.943e-01;1.091e-02;1.000e+01;8.335e-01;1.556e-02;1.045e+00
7.992726000;1.055e+00;7.715e-01;1.213e-02;7.316e-01;1.150e-02;1.055e+00;1.055e+00;6.943e-01;1.092e-02;1.000e+01;8.335e-01;1.556e-02;1.045e+00
8.109726000;1.055e+00;7.691e-01;1.257e-02;7.291e-01;1.191e-02;1.055e+00;1.055e+00;6.922e-01;1.131e-02;1.000e+01;8.335e-01;1.556e-02;1.045e+00
8.110726000;1.055e+00;7.691e-01;1.257e-02;7.291e-01;1.192e-02;1.056e+00;1.055e+00;6.922e-01;1.131e-02;1.000e+01;8.335e-01;1.556e-02;1.045e+00
8.316726000;1.055e+00;7.648e-01;1.337e-02;7.246e-01;1.266e-02;1.056e+00;1.055e+00;6.884e-01;1.203e-02;1.000e+01;8.335e-01;1.556e-02;1.045e+00
8.317726000;1.056e+00;7.648e-01;1.337e-02;7.246e-01;1.267e-02;1.056e+00;1.056e+00;6.883e-01;1.203e-02;1.000e+01;8.335e-01;1.556e-02;1.045e+00
8.428726000;1.056e+00;7.626e-01;1.379e-02;7.222e-01;1.306e-02;1.056e+00;1.056e+00;6.863e-01;1.241e-02;1.000e+01;8.335e-01;1.556e-02;1.045e+00
8.429726000;1.056e+00;7.626e-01;1.380e-02;7.222e-01;1.307e-02;1.057e+00;1.056e+00;6.863e-01;1.242e-02;1.000e+01;8.335e-01;1.556e-02;1.045e+00
8.438726000;1.056e+00;7.624e-01;1.383e-02;7.220e-01;1.310e-02;1.057e+00;1.056e+00;6.861e-01;1.245e-02;1.000e+01;8.335e-01;1.556e-02;1.045e+00
8.481726000;1.056e+00;7.615e-01;1.399e-02;7.212e-01;1.325e-02;1.057e+00;1.056e+00;6.854e-01;1.259e-02;1.000e+01;8.335e-01;1.556e-02;1.045e+00
8.500726000;1.056e+00;7.612e-01;1.406e-02;7.208e-01;1.331e-02;1.057e+00;1.056e+00;6.851e-01;1.265e-02;1.000e+01;8.335e-01;1.556e-02;1.045e+00
8.501726000;1.056e+00;7.612e-01;1.406e-02;7.208e-01;1.331e-02;1.057e+00;1.056e+00;6.850e-01;1.265e-02;1.000e+01;8.335e-01;1.556e-02;1.045e+00
8.507726000;1.056e+00;7.611e-01;1.408e-02;7.206e-01;1.333e-02;1.057e+00;1.056e+00;6.849e-01;1.267e-02;1.000e+01;8.335e-01;1.556e-02;1.045e+00
8.550726000;1.056e+00;7.602e-01;1.423e-02;7.198e-01;1.348e-02;1.057e+00;1.056e+00;6.842e-01;1.281e-02;1.000e+01;8.335e-01;1.556e-02;1.045e+00
8.665726000;1.056e+00;7.581e-01;1.464e-02;7.176e-01;1.386e-02;1.057e+00;1.056e+00;6.823e-01;1.317e-02;1.000e+01;8.335e-01;1.556e-02;1.045e+00
8.666726000;1.057e+00;7.581e-01;1.464e-02;7.176e-01;1.386e-02;1.057e+00;1.057e+00;6.823e-01;1.318e-02;1.000e+01;8.335e-01;1.556e-02;1.045e+00
8.777726000;1.057e+00;7.561e-01;1.504e-02;7.154e-01;1.423e-02;1.057e+00;1.057e+00;6.804e-01;1.354e-02;1.000e+01;8.335e-01;1.556e-02;1.045e+00
8.778726000;1.057e+00;7.560e-01;1.504e-02;7.154e-01;1.423e-02;1.058e+00;1.057e+00;6.804e-01;1.354e-02;1.000e+01;8.335e-01;1.556e-02;1.045e+00
8.921726000;1.057e+00;7.534e-01;1.556e-02;7.126e-01;1.472e-02;1.058e+00;1.057e+00;6.780e-01;1.401e-02;1.000e+01;8.335e-01;1.556e-02;1.045e+00
8.988726000;1.057e+00;7.521e-01;1.580e-02;7.113e-01;1.494e-02;1.058e+00;1.057e+00;6.769e-01;1.422e-02;1.000e+01;8.335e-01;1.556e-02;1.045e+00
8.993726000;1.057e+00;7.521e-01;1.582e-02;7.112e-01;1.496e-02;1.058e+00;1.057e+00;6.769e-01;1.423e-02;1.000e+01;8.335e-01;1.556e-02;1.045e+00
9.011726000;1.057e+00;7.517e-01;1.588e-02;7.109e-01;1.502e-02;1.058e+00;1.057e+00;6.766e-01;1.429e-02;1.000e+01;8.335e-01;1.556e-02;1.045e+00
9.028726000;1.057e+00;7.514e-01;1.594e-02;7.106e-01;1.507e-02;1.058e+00;1.057e+00;6.763e-01;1.434e-02;1.000e+01;8.335e-01;1.556e-02;1.045e+00
9.029726000;1.058e+00;7.514e-01;1.594e-02;7.106e-01;1.507e-02;1.058e+00;1.058e+00;6.763e-01;1.435e-02;1.000e+01;8.335e-01;1.556e-02;1.045e+00
9.085726000;1.058e+00;7.505e-01;1.613e-02;7.095e-01;1.525e-02;1.058e+00;1.058e+00;6.754e-01;1.452e-02;1.000e+01;8.335e-01;1.556e-02;1.045e+00
9.128726000;1.058e+00;7.497e-01;1.628e-02;7.088e-01;1.539e-02;1.058e+00;1.058e+00;6.747e-01;1.465e-02;1.000e+01;8.335e-01;1.556e-02;1.045e+00
9.140726000;1.058e+00;7.495e-01;1.632e-02;7.086e-01;1.543e-02;1.058e+00;1.058e+00;6.746e-01;1.469e-02;1.000e+01;8.335e-01;1.556e-02;1.045e+00
9.141726000;1.058e+00;7.495e-01;1.632e-02;7.086e-01;1.543e-02;1.059e+00;1.058e+00;6.746e-01;1.469e-02;1.000e+01;8.335e-01;1.556e-02;1.045e+00
9.382726000;1.058e+00;7.454e-01;1.713e-02;7.043e-01;1.619e-02;1.059e+00;1.058e+00;6.709e-01;1.542e-02;1.000e+01;8.335e-01;1.556e-02;1.045e+00
9.421726000;1.058e+00;7.448e-01;1.727e-02;7.036e-01;1.631e-02;1.059e+00;1.058e+00;6.703e-01;1.554e-02;1.000e+01;8.335e-01;1.556e-02;1.045e+00
9.422726000;1.059e+00;7.448e-01;1.727e-02;7.036e-01;1.632e-02;1.059e+00;1.059e+00;6.703e-01;1.554e-02;1.000e+01;8.335e-01;1.556e-02;1.045e+00
9.450726000;1.059e+00;7.443e-01;1.737e-02;7.031e-01;1.640e-02;1.059e+00;1.059e+00;6.699e-01;1.563e-02;1.000e+01;8.335e-01;1.556e-02;1.045e+00
9.501726000;1.059e+00;7.435e-01;1.754e-02;7.022e-01;1.657e-02;1.059e+00;1.059e+00;6.691e-01;1.578e-02;1.000e+01;8.335e-01;1.556e-02;1.045e+00
9.526726000;1.059e+00;7.430e-01;1.762e-02;7.018e-01;1.664e-02;1.059e+00;1.059e+00;6.687e-01;1.586e-02;1.000e+01;8.335e-01;1.556e-02;1.045e+00
9.527726000;1.059e+00;7.430e-01;1.762e-02;7.018e-01;1.665e-02;1.060e+00;1.059e+00;6.687e-01;1.586e-02;1.000e+01;8.335e-01;1.556e-02;1.045e+00
9.539726000;1.059e+00;7.428e-01;1.766e-02;7.016e-01;1.668e-02;1.060e+00;1.059e+00;6.685e-01;1.590e-02;1.000e+01;8.335e-01;1.556e-02;1.045e+00
9.541726000;1.059e+00;7.428e-01;1.767e-02;7.015e-01;1.669e-02;1.060e+00;1.059e+00;6.685e-01;1.590e-02;1.000e+01;8.335e-01;1.556e-02;1.045e+00
9.643726000;1.059e+00;7.412e-01;1.801e-02;6.999e-01;1.700e-02;1.060e+00;1.059e+00;6.671e-01;1.621e-02;1.000e+01;8.335e-01;1.556e-02;1.045e+00
9.838726000;1.059e+00;7.382e-01;1.863e-02;6.967e-01;1.758e-02;1.060e+00;1.059e+00;6.644e-01;1.677e-02;1.000e+01;8.335e-01;1.556e-02;1.045e+00
9.839726000;1.060e+00;7.382e-01;1.863e-02;6.967e-01;1.759e-02;1.060e+00;1.060e+00;6.643e-01;1.677e-02;1.000e+01;8.335e-01;1.556e-02;1.045e+00
9.941726000;1.060e+00;7.366e-01;1.896e-02;6.951e-01;1.789e-02;1.060e+00;1.060e+00;6.629e-01;1.707e-02;1.000e+01;8.335e-01;1.556e-02;1.045e+00
9.942726000;1.060e+00;7.366e-01;1.897e-02;6.951e-01;1.790e-02;1.061e+00;1.060e+00;6.629e-01;1.707e-02;1.000e+01;8.335e-01;1.556e-02;1.045e+00
10.058726000;1.060e+00;7.348e-01;1.934e-02;6.932e-01;1.824e-02;1.061e+00;1.060e+00;6.613e-01;1.741e-02;1.000e+01;8.335e-01;1.556e-02;1.045e+00
10.070726000;1.060e+00;7.347e-01;1.938e-02;6.930e-01;1.828e-02;1.061e+00;1.060e+00;6.612e-01;1.744e-02;1.000e+01;8.335e-01;1.556e-02;1.045e+00
10.104726000;1.060e+00;7.341e-01;1.948e-02;6.925e-01;1.838e-02;1.061e+00;1.060e+00;6.607e-01;1.754e-02;1.000e+01;8.335e-01;1.556e-02;1.045e+00
10.181726000;1.060e+00;7.330e-01;1.973e-02;6.914e-01;1.861e-02;1.061e+00;1.060e+00;6.597e-01;1.775e-02;1.000e+01;8.335e-01;1.556e-02;1.045e+00
10.281726000;1.060e+00;7.316e-01;2.003e-02;6.899e-01;1.889e-02;1.061e+00;1.060e+00;6.585e-01;1.803e-02;1.000e+01;8.335e-01;1.556e-02;1.045e+00
10.282726000;1.061e+00;7.316e-01;2.004e-02;6.899e-01;1.889e-02;1.061e+00;1.061e+00;6.584e-01;1.803e-02;1.000e+01;8.335e-01;1.556e-02;1.045e+00
10.291726000;1.061e+00;7.315e-01;2.007e-02;6.897e-01;1.892e-02;1.061e+00;1.061e+00;6.583e-01;1.806e-02;1.000e+01;8.335e-01;1.556e-02;1.045e+00
10.378726000;1.061e+00;7.303e-01;2.033e-02;6.885e-01;1.917e-02;1.061e+00;1.061e+00;6.572e-01;1.830e-02;1.000e+01;8.335e-01;1.556e-02;1.045e+00
10.379726000;1.061e+00;7.303e-01;2.033e-02;6.885e-01;1.917e-02;1.062e+00;1.061e+00;6.572e-01;1.830e-02;1.000e+01;8.335e-01;1.556e-02;1.045e+00
10.705726000;1.061e+00;7.258e-01;2.133e-02;6.838e-01;2.009e-02;1.062e+00;1.061e+00;6.532e-01;1.920e-02;1.000e+01;8.335e-01;1.556e-02;1.045e+00
10.753726000;1.061e+00;7.252e-01;2.147e-02;6.831e-01;2.023e-02;1.062e+00;1.061e+00;6.526e-01;1.932e-02;1.000e+01;8.335e-01;1.556e-02;1.045e+00
10.754726000;1.062e+00;7.251e-01;2.147e-02;6.831e-01;2.023e-02;1.062e+00;1.062e+00;6.526e-01;1.933e-02;1.000e+01;8.335e-01;1.556e-02;1.045e+00
10.787726000;1.062e+00;7.247e-01;2.157e-02;6.827e-01;2.032e-02;1.062e+00;1.062e+00;6.522e-01;1.941e-02;1.000e+01;8.335e-01;1.556e-02;1.045e+00
10.790726000;1.062e+00;7.247e-01;2.158e-02;6.826e-01;2.033e-02;1.062e+00;1.062e+00;6.522e-01;1.942e-02;1.000e+01;8.335e-01;1.556e-02;1.045e+00
10.808726000;1.062e+00;7.244e-01;2.163e-02;6.824e-01;2.038e-02;1.062e+00;1.062e+00;6.520e-01;1.947e-02;1.000e+01;8.335e-01;1.556e-02;1.045e+00
10.845726000;1.062e+00;7.240e-01;2.174e-02;6.819e-01;2.048e-02;1.062e+00;1.062e+00;6.516e-01;1.957e-02;1.000e+01;8.335e-01;1.556e-02;1.045e+00
10.846726000;1.062e+00;7.240e-01;2.174e-02;6.819e-01;2.048e-02;1.063e+00;1.062e+00;6.516e-01;1.957e-02;1.000e+01;8.335e-01;1.556e-02;1.045e+00
11.252726000;1.062e+00;7.189e-01;2.292e-02;6.766e-01;2.158e-02;1.063e+00;1.062e+00;6.470e-01;2.063e-02;1.000e+01;8.335e-01;1.556e-02;1.045e+00
11.262726000;1.062e+00;7.188e-01;2.295e-02;6.765e-01;2.160e-02;1.063e+00;1.062e+00;6.469e-01;2.066e-02;1.000e+01;8.335e-01;1.556e-02;1.045e+00
11.263726000;1.063e+00;7.188e-01;2.295e-02;6.765e-01;2.160e-02;1.063e+00;1.063e+00;6.469e-01;2.066e-02;1.000e+01;8.335e-01;1.556e-02;1.045e+00
11.341726000;1.063e+00;7.178e-01;2.318e-02;6.755e-01;2.181e-02;1.063e+00;1.063e+00;6.461e-01;2.086e-02;1.000e+01;8.335e-01;1.556e-02;1.045e+00
11.344726000;1.063e+00;7.178e-01;2.318e-02;6.755e-01;2.182e-02;1.063e+00;1.063e+00;6.460e-01;2.087e-02;1.000e+01;8.335e-01;1.556e-02;1.045e+00
11.345726000;1.063e+00;7.178e-01;2.319e-02;6.755e-01;2.182e-02;1.064e+00;1.063e+00;6.460e-01;2.087e-02;1.000e+01;8.335e-01;1.556e-02;1.045e+00
11.527726000;1.063e+00;7.157e-01;2.369e-02;6.733e-01;2.229e-02;1.064e+00;1.063e+00;6.441e-01;2.133e-02;1.000e+01;8.335e-01;1.556e-02;1.045e+00
11.621726000;1.063e+00;7.146e-01;2.395e-02;6.721e-01;2.253e-02;1.064e+00;1.063e+00;6.431e-01;2.156e-02;1.000e+01;8.335e-01;1.556e-02;1.045e+00
11.640726000;1.063e+00;7.144e-01;2.401e-02;6.719e-01;2.258e-02;1.064e+00;1.063e+00;6.429e-01;2.161e-02;1.000e+01;8.335e-01;1.556e-02;1.045e+00
11.661726000;1.063e+00;7.141e-01;2.406e-02;6.717e-01;2.263e-02;1.064e+00;1.063e+00;6.427e-01;2.166e-02;1.000e+01;8.335e-01;1.556e-02;1.045e+00
11.740726000;1.063e+00;7.133e-01;2.428e-02;6.708e-01;2.284e-02;1.064e+00;1.063e+00;6.419e-01;2.185e-02;1.000e+01;8.335e-01;1.556e-02;1.045e+00
11.809726000;1.063e+00;7.125e-01;2.447e-02;6.700e-01;2.301e-02;1.064e+00;1.063e+00;6.412e-01;2.202e-02;1.000e+01;8.335e-01;1.556e-02;1.045e+00
11.810726000;1.064e+00;7.125e-01;2.447e-02;6.699e-01;2.301e-02;1.064e+00;1.064e+00;6.412e-01;2.202e-02;1.000e+01;8.335e-01;1.556e-02;1.045e+00
11.880726000;1.064e+00;7.117e-01;2.466e-02;6.692e-01;2.319e-02;1.064e+00;1.064e+00;6.406e-01;2.219e-02;1.000e+01;8.335e-01;1.556e-02;1.045e+00
11.881726000;1.064e+00;7.117e-01;2.466e-02;6.691e-01;2.319e-02;1.065e+00;1.064e+00;6.405e-01;2.220e-02;1.000e+01;8.335e-01;1.556e-02;1.045e+00
12.390726000;1.064e+00;7.064e-01;2.600e-02;6.636e-01;2.443e-02;1.065e+00;1.064e+00;6.358e-01;2.340e-02;1.000e+01;8.335e-01;1.556e-02;1.045e+00
12.401726000;1.064e+00;7.063e-01;2.603e-02;6.635e-01;2.445e-02;1.065e+00;1.064e+00;6.357e-01;2.343e-02;1.000e+01;8.335e-01;1.556e-02;1.045e+00
12.402726000;1.065e+00;7.063e-01;2.603e-02;6.635e-01;2.445e-02;1.065e+00;1.065e+00;6.357e-01;2.343e-02;1.000e+01;8.335e-01;1.556e-02;1.045e+00
12.428726000;1.065e+00;7.061e-01;2.610e-02;6.632e-01;2.451e-02;1.065e+00;1.065e+00;6.354e-01;2.349e-02;1.000e+01;8.335e-01;1.556e-02;1.045e+00
12.439726000;1.065e+00;7.059e-01;2.613e-02;6.631e-01;2.454e-02;1.065e+00;1.065e+00;6.354e-01;2.351e-02;1.000e+01;8.335e-01;1.556e-02;1.045e+00
12.449726000;1.065e+00;7.058e-01;2.615e-02;6.630e-01;2.456e-02;1.065e+00;1.065e+00;6.353e-01;2.354e-02;1.000e+01;8.335e-01;1.556e-02;1.045e+00
12.461726000;1.065e+00;7.057e-01;2.618e-02;6.629e-01;2.459e-02;1.065e+00;1.065e+00;6.352e-01;2.356e-02;1.000e+01;8.335e-01;1.556e-02;1.045e+00
12.462726000;1.065e+00;7.057e-01;2.618e-02;6.629e-01;2.459e-02;1.066e+00;1.065e+00;6.351e-01;2.356e-02;1.000e+01;8.335e-01;1.556e-02;1.045e+00
12.467726000;1.065e+00;7.057e-01;2.620e-02;6.628e-01;2.461e-02;1.066e+00;1.065e+00;6.351e-01;2.358e-02;1.000e+01;8.335e-01;1.556e-02;1.045e+00
12.475726000;1.065e+00;7.056e-01;2.622e-02;6.628e-01;2.463e-02;1.066e+00;1.065e+00;6.350e-01;2.360e-02;1.000e+01;8.335e-01;1.556e-02;1.045e+00
13.048726000;1.065e+00;7.002e-01;2.763e-02;6.572e-01;2.593e-02;1.066e+00;1.065e+00;6.302e-01;2.487e-02;1.000e+01;8.335e-01;1.556e-02;1.045e+00
13.049726000;1.066e+00;7.002e-01;2.763e-02;6.572e-01;2.593e-02;1.066e+00;1.066e+00;6.302e-01;2.487e-02;1.000e+01;8.335e-01;1.556e-02;1.045e+00
13.091726000;1.066e+00;6.999e-01;2.773e-02;6.568e-01;2.602e-02;1.066e+00;1.066e+00;6.299e-01;2.496e-02;1.000e+01;8.335e-01;1.556e-02;1.045e+00
13.092726000;1.066e+00;6.998e-01;2.773e-02;6.568e-01;2.603e-02;1.067e+00;1.066e+00;6.299e-01;2.496e-02;1.000e+01;8.335e-01;1.556e-02;1.045e+00
13.234726000;1.066e+00;6.986e-01;2.807e-02;6.555e-01;2.634e-02;1.067e+00;1.066e+00;6.287e-01;2.526e-02;1.000e+01;8.335e-01;1.556e-02;1.045e+00
13.241726000;1.066e+00;6.985e-01;2.808e-02;6.554e-01;2.635e-02;1.067e+00;1.066e+00;6.287e-01;2.528e-02;1.000e+01;8.335e-01;1.556e-02;1.045e+00
13.303726000;1.066e+00;6.980e-01;2.823e-02;6.549e-01;2.649e-02;1.067e+00;1.066e+00;6.282e-01;2.541e-02;1.000e+01;8.335e-01;1.556e-02;1.045e+00
13.329726000;1.066e+00;6.978e-01;2.829e-02;6.546e-01;2.654e-02;1.067e+00;1.066e+00;6.280e-01;2.546e-02;1.000e+01;8.335e-01;1.556e-02;1.045e+00
13.357726000;1.066e+00;6.976e-01;2.836e-02;6.544e-01;2.660e-02;1.067e+00;1.066e+00;6.278e-01;2.552e-02;1.000e+01;8.335e-01;1.556e-02;1.045e+00
13.369726000;1.066e+00;6.975e-01;2.838e-02;6.543e-01;2.663e-02;1.067e+00;1.066e+00;6.277e-01;2.555e-02;1.000e+01;8.335e-01;1.556e-02;1.045e+00
13.758726000;1.066e+00;6.943e-01;2.926e-02;6.510e-01;2.744e-02;1.067e+00;1.066e+00;6.248e-01;2.634e-02;1.000e+01;8.335e-01;1.556e-02;1.045e+00
13.759726000;1.067e+00;6.943e-01;2.926e-02;6.510e-01;2.744e-02;1.067e+00;1.067e+00;6.248e-01;2.634e-02;1.000e+01;8.335e-01;1.556e-02;1.045e+00
13.783726000;1.067e+00;6.941e-01;2.932e-02;6.508e-01;2.749e-02;1.067e+00;1.067e+00;6.247e-01;2.638e-02;1.000e+01;8.335e-01;1.556e-02;1.045e+00
13.784726000;1.067e+00;6.941e-01;2.932e-02;6.508e-01;2.749e-02;1.068e+00;1.067e+00;6.247e-01;2.639e-02;1.000e+01;8.335e-01;1.556e-02;1.045e+00
14.097726000;1.067e+00;6.916e-01;3.000e-02;6.483e-01;2.811e-02;1.068e+00;1.067e+00;6.225e-01;2.700e-02;1.000e+01;8.335e-01;1.556e-02;1.045e+00
14.117726000;1.067e+00;6.915e-01;3.004e-02;6.481e-01;2.815e-02;1.068e+00;1.067e+00;6.223e-01;2.704e-02;1.000e+01;8.335e-01;1.556e-02;1.045e+00
14.174726000;1.067e+00;6.911e-01;3.016e-02;6.477e-01;2.827e-02;1.068e+00;1.067e+00;6.220e-01;2.714e-02;1.000e+01;8.335e-01;1.556e-02;1.045e+00
14.201726000;1.067e+00;6.909e-01;3.022e-02;6.475e-01;2.832e-02;1.068e+00;1.067e+00;6.218e-01;2.720e-02;1.000e+01;8.335e-01;1.556e-02;1.045e+00
14.210726000;1.067e+00;6.908e-01;3.024e-02;6.474e-01;2.833e-02;1.068e+00;1.067e+00;6.217e-01;2.721e-02;1.000e+01;8.335e-01;1.556e-02;1.045e+00
14.280726000;1.067e+00;6.903e-01;3.038e-02;6.468e-01;2.847e-02;1.068e+00;1.067e+00;6.213e-01;2.734e-02;1.000e+01;8.335e-01;1.556e-02;1.045e+00
14.549726000;1.067e+00;6.884e-01;3.093e-02;6.449e-01;2.898e-02;1.068e+00;1.067e+00;6.195e-01;2.784e-02;1.000e+01;8.335e-01;1.556e-02;1.045e+00
14.550726000;1.067e+00;6.884e-01;3.093e-02;6.448e-01;2.898e-02;1.069e+00;1.067e+00;6.195e-01;2.784e-02;1.000e+01;8.335e-01;1.556e-02;1.045e+00
14.551726000;1.068e+00;6.884e-01;3.093e-02;6.448e-01;2.898e-02;1.069e+00;1.068e+00;6.195e-01;2.784e-02;1.000e+01;8.335e-01;1.556e-02;1.045e+00
15.061726000;1.068e+00;6.849e-01;3.193e-02;6.413e-01;2.989e-02;1.069e+00;1.068e+00;6.165e-01;2.874e-02;1.000e+01;8.335e-01;1.556e-02;1.045e+00
15.074726000;1.068e+00;6.849e-01;3.195e-02;6.412e-01;2.992e-02;1.069e+00;1.068e+00;6.164e-01;2.876e-02;1.000e+01;8.335e-01;1.556e-02;1.045e+00
15.114726000;1.068e+00;6.846e-01;3.203e-02;6.409e-01;2.998e-02;1.069e+00;1.068e+00;6.161e-01;2.882e-02;1.000e+01;8.335e-01;1.556e-02;1.045e+00
15.144726000;1.068e+00;6.844e-01;3.208e-02;6.407e-01;3.004e-02;1.069e+00;1.068e+00;6.160e-01;2.888e-02;1.000e+01;8.335e-01;1.556e-02;1.045e+00
15.161726000;1.068e+00;6.843e-01;3.212e-02;6.406e-01;3.007e-02;1.069e+00;1.068e+00;6.159e-01;2.890e-02;1.000e+01;8.335e-01;1.556e-02;1.045e+00
15.249726000;1.068e+00;6.838e-01;3.228e-02;6.400e-01;3.021e-02;1.069e+00;1.068e+00;6.154e-01;2.905e-02;1.000e+01;8.335e-01;1.556e-02;1.045e+00
15.414726000;1.068e+00;6.827e-01;3.258e-02;6.390e-01;3.049e-02;1.069e+00;1.068e+00;6.145e-01;2.932e-02;1.000e+01;8.335e-01;1.556e-02;1.045e+00
15.415726000;1.068e+00;6.827e-01;3.258e-02;6.390e-01;3.049e-02;1.070e+00;1.068e+00;6.145e-01;2.932e-02;1.000e+01;8.335e-01;1.556e-02;1.045e+00
15.445726000;1.068e+00;6.826e-01;3.263e-02;6.388e-01;3.054e-02;1.070e+00;1.068e+00;6.143e-01;2.937e-02;1.000e+01;8.335e-01;1.556e-02;1.045e+00
15.446726000;1.069e+00;6.826e-01;3.264e-02;6.388e-01;3.054e-02;1.070e+00;1.069e+00;6.143e-01;2.937e-02;1.000e+01;8.335e-01;1.556e-02;1.045e+00
15.989726000;1.069e+00;6.794e-01;3.357e-02;6.355e-01;3.141e-02;1.070e+00;1.069e+00;6.115e-01;3.022e-02;1.000e+01;8.335e-01;1.556e-02;1.045e+00
16.062726000;1.069e+00;6.790e-01;3.369e-02;6.351e-01;3.152e-02;1.070e+00;1.069e+00;6.111e-01;3.033e-02;1.000e+01;8.335e-01;1.556e-02;1.045e+00
16.093726000;1.069e+00;6.788e-01;3.375e-02;6.349e-01;3.156e-02;1.070e+00;1.069e+00;6.109e-01;3.037e-02;1.000e+01;8.335e-01;1.556e-02;1.045e+00
16.200726000;1.069e+00;6.782e-01;3.392e-02;6.343e-01;3.172e-02;1.070e+00;1.069e+00;6.104e-01;3.053e-02;1.000e+01;8.335e-01;1.556e-02;1.045e+00
16.236726000;1.069e+00;6.781e-01;3.398e-02;6.341e-01;3.178e-02;1.070e+00;1.069e+00;6.102e-01;3.058e-02;1.000e+01;8.335e-01;1.556e-02;1.045e+00
16.286726000;1.069e+00;6.778e-01;3.406e-02;6.338e-01;3.185e-02;1.070e+00;1.069e+00;6.100e-01;3.065e-02;1.000e+01;8.335e-01;1.556e-02;1.045e+00
16.405726000;1.069e+00;6.772e-01;3.425e-02;6.332e-01;3.202e-02;1.070e+00;1.069e+00;6.094e-01;3.082e-02;1.000e+01;8.335e-01;1.556e-02;1.045e+00
16.406726000;1.069e+00;6.772e-01;3.425e-02;6.332e-01;3.202e-02;1.071e+00;1.069e+00;6.094e-01;3.082e-02;1.000e+01;8.335e-01;1.556e-02;1.045e+00
16.481726000;1.069e+00;6.768e-01;3.436e-02;6.328e-01;3.213e-02;1.071e+00;1.069e+00;6.091e-01;3.093e-02;1.000e+01;8.335e-01;1.556e-02;1.045e+00
16.482726000;1.070e+00;6.768e-01;3.437e-02;6.328e-01;3.213e-02;1.071e+00;1.070e+00;6.091e-01;3.093e-02;1.000e+01;8.335e-01;1.556e-02;1.045e+00
16.925726000;1.070e+00;6.746e-01;3.503e-02;6.305e-01;3.275e-02;1.071e+00;1.070e+00;6.071e-01;3.153e-02;1.000e+01;8.335e-01;1.556e-02;1.045e+00
16.967726000;1.070e+00;6.744e-01;3.509e-02;6.303e-01;3.280e-02;1.071e+00;1.070e+00;6.069e-01;3.159e-02;1.000e+01;8.335e-01;1.556e-02;1.045e+00
17.016726000;1.070e+00;6.741e-01;3.517e-02;6.301e-01;3.287e-02;1.071e+00;1.070e+00;6.067e-01;3.165e-02;1.000e+01;8.335e-01;1.556e-02;1.045e+00
17.350726000;1.070e+00;6.726e-01;3.563e-02;6.284e-01;3.330e-02;1.071e+00;1.070e+00;6.053e-01;3.207e-02;1.000e+01;8.335e-01;1.556e-02;1.045e+00
17.380726000;1.070e+00;6.724e-01;3.568e-02;6.283e-01;3.333e-02;1.071e+00;1.070e+00;6.052e-01;3.211e-02;1.000e+01;8.335e-01;1.556e-02;1.045e+00
17.418726000;1.070e+00;6.723e-01;3.573e-02;6.281e-01;3.338e-02;1.071e+00;1.070e+00;6.050e-01;3.215e-02;1.000e+01;8.335e-01;1.556e-02;1.045e+00
17.575726000;1.070e+00;6.716e-01;3.594e-02;6.274e-01;3.357e-02;1.071e+00;1.070e+00;6.044e-01;3.234e-02;1.000e+01;8.335e-01;1.556e-02;1.045e+00
17.576726000;1.070e+00;6.716e-01;3.594e-02;6.274e-01;3.358e-02;1.072e+00;1.070e+00;6.044e-01;3.234e-02;1.000e+01;8.335e-01;1.556e-02;1.045e+00
17.710726000;1.070e+00;6.710e-01;3.611e-02;6.268e-01;3.374e-02;1.072e+00;1.070e+00;6.039e-01;3.250e-02;1.000e+01;8.335e-01;1.556e-02;1.045e+00
17.711726000;1.071e+00;6.710e-01;3.612e-02;6.268e-01;3.374e-02;1.072e+00;1.071e+00;6.039e-01;3.250e-02;1.000e+01;8.335e-01;1.556e-02;1.045e+00
17.905726000;1.071e+00;6.702e-01;3.636e-02;6.260e-01;3.397e-02;1.072e+00;1.071e+00;6.032e-01;3.273e-02;1.000e+01;8.335e-01;1.556e-02;1.045e+00
17.920726000;1.071e+00;6.701e-01;3.638e-02;6.259e-01;3.398e-02;1.072e+00;1.071e+00;6.031e-01;3.275e-02;1.000e+01;8.335e-01;1.556e-02;1.045e+00
18.050726000;1.071e+00;6.696e-01;3.655e-02;6.253e-01;3.413e-02;1.072e+00;1.071e+00;6.026e-01;3.289e-02;1.000e+01;8.335e-01;1.556e-02;1.045e+00
18.698726000;1.071e+00;6.671e-01;3.731e-02;6.227e-01;3.483e-02;1.072e+00;1.071e+00;6.004e-01;3.358e-02;1.000e+01;8.335e-01;1.556e-02;1.045e+00
18.733726000;1.071e+00;6.669e-01;3.735e-02;6.226e-01;3.486e-02;1.072e+00;1.071e+00;6.002e-01;3.361e-02;1.000e+01;8.335e-01;1.556e-02;1.045e+00
18.759726000;1.071e+00;6.668e-01;3.737e-02;6.225e-01;3.489e-02;1.072e+00;1.071e+00;6.002e-01;3.364e-02;1.000e+01;8.335e-01;1.556e-02;1.045e+00
18.893885000;1.071e+00;6.664e-01;3.752e-02;6.220e-01;3.503e-02;1.072e+00;1.071e+00;5.997e-01;3.377e-02;1.000e+01;8.335e-01;1.556e-02;1.045e+00
18.929885000;1.071e+00;6.662e-01;3.756e-02;6.219e-01;3.506e-02;1.072e+00;1.071e+00;5.996e-01;3.381e-02;1.000e+01;8.335e-01;1.556e-02;1.045e+00
19.002885000;1.071e+00;6.660e-01;3.764e-02;6.216e-01;3.513e-02;1.072e+00;1.071e+00;5.994e-01;3.388e-02;1.000e+01;8.335e-01;1.556e-02;1.045e+00
19.003885000;1.071e+00;6.660e-01;3.764e-02;6.216e-01;3.513e-02;1.073e+00;1.071e+00;5.994e-01;3.388e-02;1.000e+01;8.335e-01;1.556e-02;1.045e+00
19.017885000;1.071e+00;6.659e-01;3.766e-02;6.216e-01;3.515e-02;1.073e+00;1.071e+00;5.993e-01;3.389e-02;1.000e+01;8.335e-01;1.556e-02;1.045e+00
19.233885000;1.071e+00;6.652e-01;3.788e-02;6.208e-01;3.535e-02;1.073e+00;1.071e+00;5.987e-01;3.409e-02;1.000e+01;8.335e-01;1.556e-02;1.045e+00
19.234885000;1.072e+00;6.652e-01;3.788e-02;6.208e-01;3.535e-02;1.073e+00;1.072e+00;5.986e-01;3.409e-02;1.000e+01;8.335e-01;1.556e-02;1.045e+00
19.985885000;1.072e+00;6.627e-01;3.861e-02;6.183e-01;3.602e-02;1.073e+00;1.072e+00;5.965e-01;3.475e-02;1.000e+01;8.335e-01;1.556e-02;1.045e+00
19.988885000;1.072e+00;6.627e-01;3.862e-02;6.183e-01;3.602e-02;1.073e+00;1.072e+00;5.964e-01;3.475e-02;1.000e+01;8.335e-01;1.556e-02;1.045e+00
19.990885000;1.072e+00;6.627e-01;3.862e-02;6.182e-01;3.603e-02;1.073e+00;1.072e+00;5.964e-01;3.476e-02;1.000e+01;8.335e-01;1.556e-02;1.045e+00
19.999885000;1.072e+00;6.627e-01;3.863e-02;6.182e-01;3.603e-02;1.073e+00;1.072e+00;5.964e-01;3.476e-02;1.000e+01;8.335e-01;1.556e-02;1.045e+00
19.999996000;1.072e+00;6.627e-01;3.863e-02;6.182e-01;3.603e-02;1.073e+00;1.072e+00;5.964e-01;3.476e-02;1.000e+01;8.335e-01;1.556e-02;1.045e+00
19.999996000;1.072e+00;6.627e-01;3.863e-02;6.182e-01;3.603e-02;1.073e+00;1.072e+00;5.964e-01;3.476e-02;1.000e+01;8.335e-01;-4.438e-03;1.045e+00
20.000004000;1.072e+00;6.627e-01;3.862e-02;6.182e-01;3.603e-02;1.073e+00;1.072e+00;5.964e-01;3.476e-02;1.000e+01;8.335e-01;-4.438e-03;1.045e+00
20.000081000;1.072e+00;6.627e-01;3.853e-02;6.182e-01;3.595e-02;1.073e+00;1.072e+00;5.964e-01;3.468e-02;1.000e+01;8.335e-01;-4.438e-03;1.045e+00
20.000153000;1.072e+00;6.626e-01;3.846e-02;6.182e-01;3.588e-02;1.073e+00;1.072e+00;5.964e-01;3.461e-02;1.000e+01;8.335e-01;-4.438e-03;1.045e+00
20.000688000;1.072e+00;6.624e-01;3.790e-02;6.182e-01;3.537e-02;1.073e+00;1.072e+00;5.962e-01;3.411e-02;1.000e+01;8.335e-01;-4.438e-03;1.045e+00
20.001093000;1.072e+00;6.623e-01;3.750e-02;6.181e-01;3.500e-02;1.073e+00;1.072e+00;5.961e-01;3.375e-02;1.000e+01;8.335e-01;-4.438e-03;1.045e+00
20.001296000;1.071e+00;6.623e-01;3.730e-02;6.181e-01;3.482e-02;1.073e+00;1.071e+00;5.960e-01;3.357e-02;1.000e+01;8.335e-01;-4.438e-03;1.045e+00
20.001702000;1.071e+00;6.621e-01;3.693e-02;6.181e-01;3.447e-02;1.072e+00;1.071e+00;5.959e-01;3.323e-02;1.000e+01;8.335e-01;-4.438e-03;1.045e+00
20.002513000;1.071e+00;6.619e-01;3.621e-02;6.180e-01;3.381e-02;1.072e+00;1.071e+00;5.957e-01;3.259e-02;1.000e+01;8.335e-01;-4.438e-03;1.045e+00
20.003729000;1.071e+00;6.616e-01;3.526e-02;6.179e-01;3.293e-02;1.072e+00;1.071e+00;5.954e-01;3.173e-02;1.000e+01;8.335e-01;-4.438e-03;1.045e+00
20.004135000;1.071e+00;6.615e-01;3.497e-02;6.179e-01;3.266e-02;1.072e+00;1.071e+00;5.954e-01;3.147e-02;1.000e+01;8.335e-01;-4.438e-03;1.045e+00
20.004540000;1.070e+00;6.614e-01;3.469e-02;6.179e-01;3.241e-02;1.072e+00;1.070e+00;5.953e-01;3.122e-02;1.000e+01;8.335e-01;-4.438e-03;1.045e+00
20.004946000;1.070e+00;6.614e-01;3.443e-02;6.179e-01;3.216e-02;1.071e+00;1.070e+00;5.952e-01;3.098e-02;1.000e+01;8.335e-01;-4.438e-03;1.045e+00
20.005352000;1.070e+00;6.613e-01;3.418e-02;6.179e-01;3.193e-02;1.071e+00;1.070e+00;5.951e-01;3.076e-02;1.000e+01;8.335e-01;-4.438e-03;1.045e+00
20.005757000;1.070e+00;6.612e-01;3.394e-02;6.178e-01;3.171e-02;1.071e+00;1.070e+00;5.951e-01;3.054e-02;1.000e+01;8.335e-01;-4.438e-03;1.045e+00
20.006163000;1.070e+00;6.611e-01;3.371e-02;6.178e-01;3.150e-02;1.071e+00;1.070e+00;5.950e-01;3.034e-02;1.000e+01;8.335e-01;-4.438e-03;1.045e+00
20.006568000;1.070e+00;6.611e-01;3.349e-02;6.178e-01;3.130e-02;1.071e+00;1.070e+00;5.950e-01;3.014e-02;1.000e+01;8.335e-01;-4.438e-03;1.045e+00
20.006974000;1.070e+00;6.610e-01;3.328e-02;6.178e-01;3.111e-02;1.071e+00;1.070e+00;5.949e-01;2.995e-02;1.000e+01;8.335e-01;-4.438e-03;1.045e+00
20.007785000;1.070e+00;6.609e-01;3.290e-02;6.178e-01;3.075e-02;1.071e+00;1.070e+00;5.948e-01;2.961e-02;1.000e+01;8.335e-01;-4.438e-03;1.045e+00
20.009002000;1.070e+00;6.608e-01;3.239e-02;6.178e-01;3.029e-02;1.071e+00;1.070e+00;5.947e-01;2.915e-02;1.000e+01;8.335e-01;-4.438e-03;1.045e+00
20.009407000;1.070e+00;6.607e-01;3.224e-02;6.178e-01;3.015e-02;1.071e+00;1.070e+00;5.947e-01;2.902e-02;1.000e+01;8.335e-01;-4.438e-03;1.045e+00
20.009813000;1.069e+00;6.607e-01;3.210e-02;6.178e-01;3.001e-02;1.070e+00;1.069e+00;5.946e-01;2.889e-02;1.000e+01;8.335e-01;-4.438e-03;1.045e+00
20.010218000;1.069e+00;6.607e-01;3.196e-02;6.178e-01;2.989e-02;1.070e+00;1.069e+00;5.946e-01;2.876e-02;1.000e+01;8.335e-01;-4.438e-03;1.045e+00
20.010624000;1.069e+00;6.607e-01;3.183e-02;6.178e-01;2.977e-02;1.070e+00;1.069e+00;5.946e-01;2.865e-02;1.000e+01;8.335e-01;-4.438e-03;1.045e+00
20.011435000;1.069e+00;6.606e-01;3.159e-02;6.178e-01;2.955e-02;1.070e+00;1.069e+00;5.945e-01;2.843e-02;1.000e+01;8.335e-01;-4.438e-03;1.045e+00
20.011841000;1.069e+00;6.606e-01;3.148e-02;6.178e-01;2.944e-02;1.070e+00;1.069e+00;5.945e-01;2.833e-02;1.000e+01;8.335e-01;-4.438e-03;1.045e+00
20.012652000;1.069e+00;6.606e-01;3.128e-02;6.178e-01;2.926e-02;1.070e+00;1.069e+00;5.945e-01;2.815e-02;1.000e+01;8.335e-01;-4.438e-03;1.045e+00
20.013382000;1.069e+00;6.605e-01;3.112e-02;6.178e-01;2.911e-02;1.070e+00;1.069e+00;5.945e-01;2.801e-02;1.000e+01;8.335e-01;-4.438e-03;1.045e+00
20.014112000;1.069e+00;6.605e-01;3.097e-02;6.179e-01;2.897e-02;1.070e+00;1.069e+00;5.945e-01;2.787e-02;1.000e+01;8.335e-01;-4.438e-03;1.045e+00
20.016302000;1.069e+00;6.605e-01;3.061e-02;6.179e-01;2.864e-02;1.070e+00;1.069e+00;5.945e-01;2.755e-02;1.000e+01;8.335e-01;-4.438e-03;1.045e+00
20.017032000;1.069e+00;6.605e-01;3.052e-02;6.180e-01;2.855e-02;1.070e+00;1.069e+00;5.945e-01;2.747e-02;1.000e+01;8.335e-01;-4.438e-03;1.045e+00
20.017762000;1.069e+00;6.605e-01;3.043e-02;6.180e-01;2.847e-02;1.070e+00;1.069e+00;5.945e-01;2.739e-02;1.000e+01;8.335e-01;-4.438e-03;1.045e+00
20.018492000;1.069e+00;6.606e-01;3.036e-02;6.180e-01;2.840e-02;1.070e+00;1.069e+00;5.945e-01;2.732e-02;1.000e+01;8.335e-01;-4.438e-03;1.045e+00
20.019952000;1.069e+00;6.606e-01;3.023e-02;6.181e-01;2.829e-02;1.070e+00;1.069e+00;5.945e-01;2.721e-02;1.000e+01;8.335e-01;-4.438e-03;1.045e+00
20.020682000;1.069e+00;6.606e-01;3.018e-02;6.181e-01;2.824e-02;1.070e+00;1.069e+00;5.946e-01;2.716e-02;1.000e+01;8.335e-01;-4.438e-03;1.045e+00
20.022872000;1.069e+00;6.607e-01;3.006e-02;6.183e-01;2.813e-02;1.070e+00;1.069e+00;5.946e-01;2.705e-02;1.000e+01;8.335e-01;-4.438e-03;1.045e+00
20.026522000;1.069e+00;6.609e-01;2.995e-02;6.185e-01;2.802e-02;1.070e+00;1.069e+00;5.948e-01;2.695e-02;1.000e+01;8.335e-01;-4.438e-03;1.045e+00
20.027252000;1.069e+00;6.609e-01;2.993e-02;6.185e-01;2.801e-02;1.070e+00;1.069e+00;5.948e-01;2.694e-02;1.000e+01;8.335e-01;-4.438e-03;1.045e+00
20.033172000;1.069e+00;6.612e-01;2.988e-02;6.188e-01;2.796e-02;1.070e+00;1.069e+00;5.951e-01;2.689e-02;1.000e+01;8.335e-01;-4.438e-03;1.045e+00
20.039172000;1.069e+00;6.615e-01;2.988e-02;6.191e-01;2.796e-02;1.070e+00;1.069e+00;5.954e-01;2.689e-02;1.000e+01;8.335e-01;-4.438e-03;1.045e+00
20.055172000;1.069e+00;6.620e-01;2.988e-02;6.196e-01;2.796e-02;1.070e+00;1.069e+00;5.958e-01;2.689e-02;1.000e+01;8.335e-01;-4.438e-03;1.045e+00
20.056172000;1.069e+00;6.620e-01;2.988e-02;6.196e-01;2.796e-02;1.069e+00;1.069e+00;5.958e-01;2.689e-02;1.000e+01;8.335e-01;-4.438e-03;1.045e+00
20.060172000;1.069e+00;6.621e-01;2.987e-02;6.196e-01;2.795e-02;1.069e+00;1.069e+00;5.959e-01;2.688e-02;1.000e+01;8.335e-01;-4.438e-03;1.045e+00
20.061172000;1.069e+00;6.621e-01;2.986e-02;6.197e-01;2.795e-02;1.069e+00;1.069e+00;5.959e-01;2.688e-02;1.000e+01;8.335e-01;-4.438e-03;1.045e+00
20.062172000;1.069e+00;6.621e-01;2.986e-02;6.197e-01;2.795e-02;1.069e+00;1.069e+00;5.959e-01;2.687e-02;1.000e+01;8.335e-01;-4.438e-03;1.045e+00
20.063172000;1.069e+00;6.622e-01;2.986e-02;6.197e-01;2.794e-02;1.069e+00;1.069e+00;5.959e-01;2.687e-02;1.000e+01;8.335e-01;-4.438e-03;1.045e+00
20.064172000;1.069e+00;6.622e-01;2.985e-02;6.197e-01;2.794e-02;1.069e+00;1.069e+00;5.960e-01;2.687e-02;1.000e+01;8.335e-01;-4.438e-03;1.045e+00
20.075172000;1.069e+00;6.623e-01;2.981e-02;6.198e-01;2.790e-02;1.069e+00;1.069e+00;5.960e-01;2.683e-02;1.000e+01;8.335e-01;-4.438e-03;1.045e+00
20.076172000;1.068e+00;6.623e-01;2.981e-02;6.198e-01;2.790e-02;1.069e+00;1.068e+00;5.960e-01;2.683e-02;1.000e+01;8.335e-01;-4.438e-03;1.045e+00
20.130801000;1.068e+00;6.623e-01;2.960e-02;6.199e-01;2.770e-02;1.069e+00;1.068e+00;5.961e-01;2.664e-02;1.000e+01;8.335e-01;-4.438e-03;1.045e+00
20.139801000;1.068e+00;6.623e-01;2.957e-02;6.199e-01;2.767e-02;1.069e+00;1.068e+00;5.960e-01;2.661e-02;1.000e+01;8.335e-01;-4.438e-03;1.045e+00
20.242801000;1.068e+00;6.619e-01;2.921e-02;6.196e-01;2.734e-02;1.069e+00;1.068e+00;5.957e-01;2.629e-02;1.000e+01;8.335e-01;-4.438e-03;1.045e+00
20.253801000;1.068e+00;6.619e-01;2.917e-02;6.196e-01;2.731e-02;1.069e+00;1.068e+00;5.957e-01;2.626e-02;1.000e+01;8.335e-01;-4.438e-03;1.045e+00
20.293801000;1.068e+00;6.617e-01;2.904e-02;6.195e-01;2.718e-02;1.069e+00;1.068e+00;5.955e-01;2.613e-02;1.000e+01;8.335e-01;-4.438e-03;1.045e+00
20.642801000;1.068e+00;6.608e-01;2.790e-02;6.188e-01;2.612e-02;1.069e+00;1.068e+00;5.947e-01;2.511e-02;1.000e+01;8.335e-01;-4.438e-03;1.045e+00
20.646801000;1.068e+00;6.608e-01;2.788e-02;6.188e-01;2.611e-02;1.069e+00;1.068e+00;5.947e-01;2.510e-02;1.000e+01;8.335e-01;-4.438e-03;1.045e+00
20.650801000;1.068e+00;6.608e-01;2.787e-02;6.188e-01;2.610e-02;1.069e+00;1.068e+00;5.947e-01;2.508e-02;1.000e+01;8.335e-01;-4.438e-03;1.045e+00
20.878801000;1.068e+00;6.601e-01;2.722e-02;6.183e-01;2.549e-02;1.069e+00;1.068e+00;5.941e-01;2.450e-02;1.000e+01;8.335e-01;-4.438e-03;1.045e+00
20.879801000;1.068e+00;6.601e-01;2.722e-02;6.183e-01;2.549e-02;1.068e+00;1.068e+00;5.941e-01;2.449e-02;1.000e+01;8.335e-01;-4.438e-03;1.045e+00
20.883801000;1.068e+00;6.601e-01;2.720e-02;6.183e-01;2.548e-02;1.068e+00;1.068e+00;5.940e-01;2.448e-02;1.000e+01;8.335e-01;-4.438e-03;1.045e+00
20.922801000;1.068e+00;6.599e-01;2.710e-02;6.182e-01;2.538e-02;1.068e+00;1.068e+00;5.940e-01;2.439e-02;1.000e+01;8.335e-01;-4.438e-03;1.045e+00
20.984801000;1.068e+00;6.598e-01;2.692e-02;6.181e-01;2.522e-02;1.068e+00;1.068e+00;5.938e-01;2.423e-02;1.000e+01;8.335e-01;-4.438e-03;1.045e+00
20.985801000;1.067e+00;6.598e-01;2.692e-02;6.181e-01;2.522e-02;1.068e+00;1.067e+00;5.938e-01;2.423e-02;1.000e+01;8.335e-01;-4.438e-03;1.045e+00
21.169801000;1.067e+00;6.594e-01;2.643e-02;6.178e-01;2.476e-02;1.068e+00;1.067e+00;5.934e-01;2.379e-02;1.000e+01;8.335e-01;-4.438e-03;1.045e+00
21.172801000;1.067e+00;6.594e-01;2.642e-02;6.178e-01;2.476e-02;1.068e+00;1.067e+00;5.934e-01;2.378e-02;1.000e+01;8.335e-01;-4.438e-03;1.045e+00
21.184801000;1.067e+00;6.593e-01;2.639e-02;6.177e-01;2.473e-02;1.068e+00;1.067e+00;5.934e-01;2.375e-02;1.000e+01;8.335e-01;-4.438e-03;1.045e+00
21.718801000;1.067e+00;6.580e-01;2.518e-02;6.167e-01;2.360e-02;1.068e+00;1.067e+00;5.922e-01;2.267e-02;1.000e+01;8.335e-01;-4.438e-03;1.045e+00
21.735801000;1.067e+00;6.579e-01;2.515e-02;6.167e-01;2.357e-02;1.068e+00;1.067e+00;5.921e-01;2.263e-02;1.000e+01;8.335e-01;-4.438e-03;1.045e+00
22.033801000;1.067e+00;6.572e-01;2.459e-02;6.161e-01;2.305e-02;1.068e+00;1.067e+00;5.914e-01;2.213e-02;1.000e+01;8.335e-01;-4.438e-03;1.045e+00
22.040801000;1.067e+00;6.571e-01;2.458e-02;6.160e-01;2.304e-02;1.068e+00;1.067e+00;5.914e-01;2.212e-02;1.000e+01;8.335e-01;-4.438e-03;1.045e+00
22.131801000;1.067e+00;6.569e-01;2.442e-02;6.159e-01;2.289e-02;1.068e+00;1.067e+00;5.912e-01;2.198e-02;1.000e+01;8.335e-01;-4.438e-03;1.045e+00
22.132801000;1.067e+00;6.569e-01;2.441e-02;6.159e-01;2.289e-02;1.067e+00;1.067e+00;5.912e-01;2.197e-02;1.000e+01;8.335e-01;-4.438e-03;1.045e+00
22.281801000;1.067e+00;6.566e-01;2.416e-02;6.156e-01;2.266e-02;1.067e+00;1.067e+00;5.910e-01;2.175e-02;1.000e+01;8.335e-01;-4.438e-03;1.045e+00
22.302801000;1.067e+00;6.566e-01;2.413e-02;6.156e-01;2.262e-02;1.067e+00;1.067e+00;5.909e-01;2.172e-02;1.000e+01;8.335e-01;-4.438e-03;1.045e+00
22.311801000;1.067e+00;6.566e-01;2.412e-02;6.156e-01;2.261e-02;1.067e+00;1.067e+00;5.909e-01;2.170e-02;1.000e+01;8.335e-01;-4.438e-03;1.045e+00
22.460801000;1.067e+00;6.562e-01;2.389e-02;6.153e-01;2.240e-02;1.067e+00;1.067e+00;5.906e-01;2.150e-02;1.000e+01;8.335e-01;-4.438e-03;1.045e+00
22.461801000;1.066e+00;6.562e-01;2.389e-02;6.153e-01;2.240e-02;1.067e+00;1.066e+00;5.906e-01;2.150e-02;1.000e+01;8.335e-01;-4.438e-03;1.045e+00
22.639801000;1.066e+00;6.558e-01;2.364e-02;6.149e-01;2.217e-02;1.067e+00;1.066e+00;5.902e-01;2.128e-02;1.000e+01;8.335e-01;-4.438e-03;1.045e+00
22.856801000;1.066e+00;6.554e-01;2.336e-02;6.146e-01;2.190e-02;1.067e+00;1.066e+00;5.898e-01;2.102e-02;1.000e+01;8.335e-01;-4.438e-03;1.045e+00
22.867801000;1.066e+00;6.553e-01;2.334e-02;6.146e-01;2.189e-02;1.067e+00;1.066e+00;5.898e-01;2.101e-02;1.000e+01;8.335e-01;-4.438e-03;1.045e+00
22.881801000;1.066e+00;6.553e-01;2.333e-02;6.145e-01;2.188e-02;1.067e+00;1.066e+00;5.898e-01;2.099e-02;1.000e+01;8.335e-01;-4.438e-03;1.045e+00
23.452801000;1.066e+00;6.541e-01;2.274e-02;6.135e-01;2.132e-02;1.067e+00;1.066e+00;5.887e-01;2.046e-02;1.000e+01;8.335e-01;-4.438e-03;1.045e+00
23.453801000;1.066e+00;6.541e-01;2.273e-02;6.135e-01;2.132e-02;1.067e+00;1.066e+00;5.887e-01;2.046e-02;1.000e+01;8.335e-01;-4.438e-03;1.045e+00
23.486801000;1.066e+00;6.541e-01;2.271e-02;6.135e-01;2.130e-02;1.067e+00;1.066e+00;5.886e-01;2.043e-02;1.000e+01;8.335e-01;-4.438e-03;1.045e+00
24.115801000;1.066e+00;6.528e-01;2.225e-02;6.124e-01;2.088e-02;1.067e+00;1.066e+00;5.876e-01;2.003e-02;1.000e+01;8.335e-01;-4.438e-03;1.045e+00
24.117801000;1.066e+00;6.528e-01;2.225e-02;6.124e-01;2.087e-02;1.067e+00;1.066e+00;5.876e-01;2.003e-02;1.000e+01;8.335e-01;-4.438e-03;1.045e+00
24.163801000;1.066e+00;6.528e-01;2.223e-02;6.123e-01;2.085e-02;1.067e+00;1.066e+00;5.875e-01;2.000e-02;1.000e+01;8.335e-01;-4.438e-03;1.045e+00
24.301801000;1.066e+00;6.525e-01;2.216e-02;6.121e-01;2.078e-02;1.067e+00;1.066e+00;5.872e-01;1.994e-02;1.000e+01;8.335e-01;-4.438e-03;1.045e+00
24.328801000;1.066e+00;6.524e-01;2.214e-02;6.120e-01;2.077e-02;1.067e+00;1.066e+00;5.872e-01;1.993e-02;1.000e+01;8.335e-01;-4.438e-03;1.045e+00
24.775801000;1.066e+00;6.517e-01;2.195e-02;6.113e-01;2.060e-02;1.067e+00;1.066e+00;5.865e-01;1.976e-02;1.000e+01;8.335e-01;-4.438e-03;1.045e+00
24.843801000;1.066e+00;6.515e-01;2.193e-02;6.112e-01;2.057e-02;1.067e+00;1.066e+00;5.864e-01;1.974e-02;1.000e+01;8.335e-01;-4.438e-03;1.045e+00
24.857801000;1.066e+00;6.515e-01;2.193e-02;6.112e-01;2.057e-02;1.067e+00;1.066e+00;5.864e-01;1.973e-02;1.000e+01;8.335e-01;-4.438e-03;1.045e+00
25.573801000;1.066e+00;6.503e-01;2.177e-02;6.101e-01;2.043e-02;1.067e+00;1.066e+00;5.853e-01;1.960e-02;1.000e+01;8.335e-01;-4.438e-03;1.045e+00
25.591801000;1.066e+00;6.503e-01;2.177e-02;6.101e-01;2.042e-02;1.067e+00;1.066e+00;5.853e-01;1.960e-02;1.000e+01;8.335e-01;-4.438e-03;1.045e+00
25.601801000;1.066e+00;6.503e-01;2.177e-02;6.101e-01;2.042e-02;1.067e+00;1.066e+00;5.853e-01;1.959e-02;1.000e+01;8.335e-01;-4.438e-03;1.045e+00
25.872801000;1.066e+00;6.499e-01;2.175e-02;6.096e-01;2.040e-02;1.067e+00;1.066e+00;5.849e-01;1.957e-02;1.000e+01;8.335e-01;-4.438e-03;1.045e+00
26.521801000;1.066e+00;6.489e-01;2.175e-02;6.087e-01;2.040e-02;1.067e+00;1.066e+00;5.840e-01;1.957e-02;1.000e+01;8.335e-01;-4.438e-03;1.045e+00
26.557801000;1.066e+00;6.489e-01;2.175e-02;6.087e-01;2.040e-02;1.067e+00;1.066e+00;5.840e-01;1.958e-02;1.000e+01;8.335e-01;-4.438e-03;1.045e+00
26.592801000;1.066e+00;6.488e-01;2.175e-02;6.086e-01;2.041e-02;1.067e+00;1.066e+00;5.839e-01;1.958e-02;1.000e+01;8.335e-01;-4.438e-03;1.045e+00
26.729801000;1.066e+00;6.486e-01;2.177e-02;6.084e-01;2.042e-02;1.067e+00;1.066e+00;5.837e-01;1.959e-02;1.000e+01;8.335e-01;-4.438e-03;1.045e+00
26.986801000;1.066e+00;6.482e-01;2.179e-02;6.081e-01;2.044e-02;1.067e+00;1.066e+00;5.834e-01;1.961e-02;1.000e+01;8.335e-01;-4.438e-03;1.045e+00
27.764801000;1.066e+00;6.472e-01;2.192e-02;6.070e-01;2.055e-02;1.067e+00;1.066e+00;5.825e-01;1.972e-02;1.000e+01;8.335e-01;-4.438e-03;1.045e+00
27.810801000;1.066e+00;6.471e-01;2.192e-02;6.070e-01;2.056e-02;1.067e+00;1.066e+00;5.824e-01;1.973e-02;1.000e+01;8.335e-01;-4.438e-03;1.045e+00
27.827801000;1.066e+00;6.471e-01;2.193e-02;6.069e-01;2.057e-02;1.067e+00;1.066e+00;5.824e-01;1.973e-02;1.000e+01;8.335e-01;-4.438e-03;1.045e+00
28.778801000;1.066e+00;6.459e-01;2.214e-02;6.057e-01;2.077e-02;1.067e+00;1.066e+00;5.813e-01;1.993e-02;1.000e+01;8.335e-01;-4.438e-03;1.045e+00
29.636801000;1.066e+00;6.449e-01;2.237e-02;6.047e-01;2.097e-02;1.067e+00;1.066e+00;5.804e-01;2.013e-02;1.000e+01;8.335e-01;-4.438e-03;1.045e+00
29.721801000;1.066e+00;6.448e-01;2.239e-02;6.046e-01;2.099e-02;1.067e+00;1.066e+00;5.804e-01;2.015e-02;1.000e+01;8.335e-01;-4.438e-03;1.045e+00
29.722801000;1.067e+00;6.448e-01;2.239e-02;6.046e-01;2.099e-02;1.067e+00;1.067e+00;5.804e-01;2.015e-02;1.000e+01;8.335e-01;-4.438e-03;1.045e+00
29.899801000;1.067e+00;6.446e-01;2.244e-02;6.044e-01;2.104e-02;1.067e+00;1.067e+00;5.802e-01;2.019e-02;1.000e+01;8.335e-01;-4.438e-03;1.045e+00
31.045801000;1.067e+00;6.434e-01;2.275e-02;6.032e-01;2.133e-02;1.067e+00;1.067e+00;5.791e-01;2.048e-02;1.000e+01;8.335e-01;-4.438e-03;1.045e+00
31.046801000;1.067e+00;6.434e-01;2.275e-02;6.032e-01;2.133e-02;1.068e+00;1.067e+00;5.791e-01;2.048e-02;1.000e+01;8.335e-01;-4.438e-03;1.045e+00
32.069801000;1.067e+00;6.424e-01;2.302e-02;6.021e-01;2.158e-02;1.068e+00;1.067e+00;5.782e-01;2.072e-02;1.000e+01;8.335e-01;-4.438e-03;1.045e+00
32.446801000;1.067e+00;6.421e-01;2.312e-02;6.018e-01;2.167e-02;1.068e+00;1.067e+00;5.778e-01;2.081e-02;1.000e+01;8.335e-01;-4.438e-03;1.045e+00
32.773801000;1.067e+00;6.417e-01;2.320e-02;6.015e-01;2.174e-02;1.068e+00;1.067e+00;5.776e-01;2.088e-02;1.000e+01;8.335e-01;-4.438e-03;1.045e+00
33.833801000;1.067e+00;6.408e-01;2.345e-02;6.005e-01;2.198e-02;1.068e+00;1.067e+00;5.767e-01;2.110e-02;1.000e+01;8.335e-01;-4.438e-03;1.045e+00
33.901801000;1.067e+00;6.407e-01;2.347e-02;6.004e-01;2.199e-02;1.068e+00;1.067e+00;5.767e-01;2.112e-02;1.000e+01;8.335e-01;-4.438e-03;1.045e+00
33.980801000;1.067e+00;6.407e-01;2.348e-02;6.004e-01;2.201e-02;1.068e+00;1.067e+00;5.766e-01;2.114e-02;1.000e+01;8.335e-01;-4.438e-03;1.045e+00
36.013801000;1.067e+00;6.390e-01;2.390e-02;5.986e-01;2.240e-02;1.068e+00;1.067e+00;5.751e-01;2.151e-02;1.000e+01;8.335e-01;-4.438e-03;1.045e+00
36.044801000;1.067e+00;6.389e-01;2.391e-02;5.986e-01;2.240e-02;1.068e+00;1.067e+00;5.750e-01;2.152e-02;1.000e+01;8.335e-01;-4.438e-03;1.045e+00
36.162801000;1.067e+00;6.388e-01;2.393e-02;5.985e-01;2.242e-02;1.068e+00;1.067e+00;5.750e-01;2.154e-02;1.000e+01;8.335e-01;-4.438e-03;1.045e+00
36.230801000;1.067e+00;6.388e-01;2.395e-02;5.985e-01;2.243e-02;1.068e+00;1.067e+00;5.749e-01;2.155e-02;1.000e+01;8.335e-01;-4.438e-03;1.045e+00
36.313801000;1.067e+00;6.387e-01;2.396e-02;5.984e-01;2.245e-02;1.068e+00;1.067e+00;5.749e-01;2.157e-02;1.000e+01;8.335e-01;-4.438e-03;1.045e+00
37.007801000;1.067e+00;6.382e-01;2.409e-02;5.978e-01;2.256e-02;1.068e+00;1.067e+00;5.744e-01;2.168e-02;1.000e+01;8.335e-01;-4.438e-03;1.045e+00
37.008801000;1.068e+00;6.382e-01;2.409e-02;5.978e-01;2.256e-02;1.068e+00;1.068e+00;5.744e-01;2.168e-02;1.000e+01;8.335e-01;-4.438e-03;1.045e+00
38.639801000;1.068e+00;6.370e-01;2.436e-02;5.966e-01;2.282e-02;1.068e+00;1.068e+00;5.733e-01;2.192e-02;1.000e+01;8.335e-01;-4.438e-03;1.045e+00
38.653801000;1.068e+00;6.370e-01;2.436e-02;5.966e-01;2.282e-02;1.068e+00;1.068e+00;5.733e-01;2.193e-02;1.000e+01;8.335e-01;-4.438e-03;1.045e+00
38.681801000;1.068e+00;6.369e-01;2.437e-02;5.966e-01;2.282e-02;1.068e+00;1.068e+00;5.732e-01;2.193e-02;1.000e+01;8.335e-01;-4.438e-03;1.045e+00
38.703801000;1.068e+00;6.369e-01;2.437e-02;5.965e-01;2.282e-02;1.068e+00;1.068e+00;5.732e-01;2.193e-02;1.000e+01;8.335e-01;-4.438e-03;1.045e+00
38.757801000;1.068e+00;6.369e-01;2.438e-02;5.965e-01;2.283e-02;1.068e+00;1.068e+00;5.732e-01;2.194e-02;1.000e+01;8.335e-01;-4.438e-03;1.045e+00
38.758801000;1.068e+00;6.369e-01;2.438e-02;5.965e-01;2.283e-02;1.069e+00;1.068e+00;5.732e-01;2.194e-02;1.000e+01;8.335e-01;-4.438e-03;1.045e+00
44.591801000;1.068e+00;6.330e-01;2.517e-02;5.926e-01;2.357e-02;1.069e+00;1.068e+00;5.697e-01;2.266e-02;1.000e+01;8.335e-01;-4.438e-03;1.045e+00
44.613801000;1.068e+00;6.329e-01;2.517e-02;5.925e-01;2.357e-02;1.069e+00;1.068e+00;5.696e-01;2.266e-02;1.000e+01;8.335e-01;-4.438e-03;1.045e+00
44.701801000;1.068e+00;6.329e-01;2.519e-02;5.925e-01;2.358e-02;1.069e+00;1.068e+00;5.696e-01;2.267e-02;1.000e+01;8.335e-01;-4.438e-03;1.045e+00
44.857801000;1.068e+00;6.328e-01;2.520e-02;5.924e-01;2.360e-02;1.069e+00;1.068e+00;5.695e-01;2.268e-02;1.000e+01;8.335e-01;-4.438e-03;1.045e+00
44.925801000;1.068e+00;6.327e-01;2.521e-02;5.923e-01;2.360e-02;1.069e+00;1.068e+00;5.695e-01;2.269e-02;1.000e+01;8.335e-01;-4.438e-03;1.045e+00
47.380801000;1.068e+00;6.313e-01;2.550e-02;5.908e-01;2.387e-02;1.069e+00;1.068e+00;5.681e-01;2.295e-02;1.000e+01;8.335e-01;-4.438e-03;1.045e+00
48.857801000;1.068e+00;6.304e-01;2.566e-02;5.900e-01;2.402e-02;1.069e+00;1.068e+00;5.674e-01;2.310e-02;1.000e+01;8.335e-01;-4.438e-03;1.045e+00
48.858801000;1.069e+00;6.304e-01;2.566e-02;5.900e-01;2.402e-02;1.069e+00;1.069e+00;5.674e-01;2.310e-02;1.000e+01;8.335e-01;-4.438e-03;1.045e+00
51.049801000;1.069e+00;6.292e-01;2.590e-02;5.887e-01;2.423e-02;1.069e+00;1.069e+00;5.662e-01;2.331e-02;1.000e+01;8.335e-01;-4.438e-03;1.045e+00
51.050801000;1.069e+00;6.292e-01;2.590e-02;5.887e-01;2.423e-02;1.070e+00;1.069e+00;5.662e-01;2.331e-02;1.000e+01;8.335e-01;-4.438e-03;1.045e+00
52.965801000;1.069e+00;6.281e-01;2.609e-02;5.877e-01;2.442e-02;1.070e+00;1.069e+00;5.653e-01;2.348e-02;1.000e+01;8.335e-01;-4.438e-03;1.045e+00
52.976801000;1.069e+00;6.281e-01;2.610e-02;5.877e-01;2.442e-02;1.070e+00;1.069e+00;5.653e-01;2.349e-02;1.000e+01;8.335e-01;-4.438e-03;1.045e+00
53.186801000;1.069e+00;6.280e-01;2.612e-02;5.876e-01;2.444e-02;1.070e+00;1.069e+00;5.652e-01;2.351e-02;1.000e+01;8.335e-01;-4.438e-03;1.045e+00
56.722801000;1.069e+00;6.262e-01;2.646e-02;5.857e-01;2.475e-02;1.070e+00;1.069e+00;5.635e-01;2.381e-02;1.000e+01;8.335e-01;-4.438e-03;1.045e+00
56.955801000;1.069e+00;6.260e-01;2.648e-02;5.856e-01;2.477e-02;1.070e+00;1.069e+00;5.634e-01;2.383e-02;1.000e+01;8.335e-01;-4.438e-03;1.045e+00
58.934801000;1.069e+00;6.251e-01;2.666e-02;5.846e-01;2.494e-02;1.070e+00;1.069e+00;5.626e-01;2.400e-02;1.000e+01;8.335e-01;-4.438e-03;1.045e+00
63.677801000;1.069e+00;6.229e-01;2.707e-02;5.824e-01;2.532e-02;1.070e+00;1.069e+00;5.606e-01;2.437e-02;1.000e+01;8.335e-01;-4.438e-03;1.045e+00
63.717801000;1.069e+00;6.228e-01;2.708e-02;5.824e-01;2.532e-02;1.070e+00;1.069e+00;5.606e-01;2.437e-02;1.000e+01;8.335e-01;-4.438e-03;1.045e+00
63.947801000;1.069e+00;6.227e-01;2.709e-02;5.823e-01;2.534e-02;1.070e+00;1.069e+00;5.605e-01;2.439e-02;1.000e+01;8.335e-01;-4.438e-03;1.045e+00
65.432801000;1.069e+00;6.221e-01;2.721e-02;5.817e-01;2.545e-02;1.070e+00;1.069e+00;5.599e-01;2.449e-02;1.000e+01;8.335e-01;-4.438e-03;1.045e+00
65.433801000;1.070e+00;6.221e-01;2.721e-02;5.817e-01;2.545e-02;1.070e+00;1.070e+00;5.599e-01;2.449e-02;1.000e+01;8.335e-01;-4.438e-03;1.045e+00
67.819801000;1.070e+00;6.211e-01;2.740e-02;5.807e-01;2.562e-02;1.070e+00;1.070e+00;5.590e-01;2.466e-02;1.000e+01;8.335e-01;-4.438e-03;1.045e+00
67.820801000;1.070e+00;6.211e-01;2.740e-02;5.807e-01;2.562e-02;1.071e+00;1.070e+00;5.590e-01;2.466e-02;1.000e+01;8.335e-01;-4.438e-03;1.045e+00
70.327801000;1.070e+00;6.200e-01;2.759e-02;5.796e-01;2.579e-02;1.071e+00;1.070e+00;5.580e-01;2.483e-02;1.000e+01;8.335e-01;-4.438e-03;1.045e+00
70.591801000;1.070e+00;6.199e-01;2.761e-02;5.795e-01;2.581e-02;1.071e+00;1.070e+00;5.579e-01;2.485e-02;1.000e+01;8.335e-01;-4.438e-03;1.045e+00
71.785801000;1.070e+00;6.195e-01;2.769e-02;5.790e-01;2.589e-02;1.071e+00;1.070e+00;5.575e-01;2.492e-02;1.000e+01;8.335e-01;-4.438e-03;1.045e+00
74.734801000;1.070e+00;6.183e-01;2.790e-02;5.779e-01;2.608e-02;1.071e+00;1.070e+00;5.565e-01;2.511e-02;1.000e+01;8.335e-01;-4.438e-03;1.045e+00
75.131801000;1.070e+00;6.182e-01;2.793e-02;5.778e-01;2.610e-02;1.071e+00;1.070e+00;5.564e-01;2.513e-02;1.000e+01;8.335e-01;-4.438e-03;1.045e+00
75.331801000;1.070e+00;6.181e-01;2.794e-02;5.777e-01;2.611e-02;1.071e+00;1.070e+00;5.563e-01;2.515e-02;1.000e+01;8.335e-01;-4.438e-03;1.045e+00
84.710801000;1.070e+00;6.149e-01;2.851e-02;5.745e-01;2.664e-02;1.071e+00;1.070e+00;5.534e-01;2.566e-02;1.000e+01;8.335e-01;-4.438e-03;1.045e+00
85.338801000;1.070e+00;6.147e-01;2.855e-02;5.743e-01;2.667e-02;1.071e+00;1.070e+00;5.533e-01;2.569e-02;1.000e+01;8.335e-01;-4.438e-03;1.045e+00
85.956801000;1.070e+00;6.146e-01;2.858e-02;5.741e-01;2.670e-02;1.071e+00;1.070e+00;5.531e-01;2.572e-02;1.000e+01;8.335e-01;-4.438e-03;1.045e+00
87.230801000;1.070e+00;6.142e-01;2.865e-02;5.738e-01;2.677e-02;1.071e+00;1.070e+00;5.528e-01;2.578e-02;1.000e+01;8.335e-01;-4.438e-03;1.045e+00
87.334801000;1.070e+00;6.141e-01;2.866e-02;5.737e-01;2.677e-02;1.071e+00;1.070e+00;5.527e-01;2.579e-02;1.000e+01;8.335e-01;-4.438e-03;1.045e+00
87.648801000;1.070e+00;6.140e-01;2.867e-02;5.736e-01;2.679e-02;1.071e+00;1.070e+00;5.526e-01;2.581e-02;1.000e+01;8.335e-01;-4.438e-03;1.045e+00
89.442801000;1.070e+00;6.135e-01;2.876e-02;5.731e-01;2.687e-02;1.071e+00;1.070e+00;5.522e-01;2.589e-02;1.000e+01;8.335e-01;-4.438e-03;1.045e+00
89.443801000;1.071e+00;6.135e-01;2.876e-02;5.731e-01;2.687e-02;1.071e+00;1.071e+00;5.522e-01;2.589e-02;1.000e+01;8.335e-01;-4.438e-03;1.045e+00
92.363801000;1.071e+00;6.127e-01;2.891e-02;5.723e-01;2.700e-02;1.071e+00;1.071e+00;5.514e-01;2.602e-02;1.000e+01;8.335e-01;-4.438e-03;1.045e+00
92.364801000;1.071e+00;6.127e-01;2.891e-02;5.723e-01;2.700e-02;1.072e+00;1.071e+00;5.514e-01;2.602e-02;1.000e+01;8.335e-01;-4.438e-03;1.045e+00
100.000000000;1.071e+00;6.108e-01;2.925e-02;5.704e-01;2.732e-02;1.072e+00;1.071e+00;5.497e-01;2.633e-02;1.000e+01;8.335e-01;-4.438e-03;1.045e+00
