time;BusPDR_BUS_Voltage;BusPDR_BUS_ActivePower;BusPDR_BUS_ReactivePower;BusPDR_BUS_ActiveCurrent;BusPDR_BUS_ReactiveCurrent;Wind_Turbine_GEN_MagnitudeControlledByAVRPu;Measurements_BUS_Voltage;Measurements_BUS_ActivePower;Measurements_BUS_ReactivePower;InfiniteBus_BUS_NetworkFrequencyPu;StepUp_Xfmr_XFMR_Tap;Wind_Turbine_GEN_ActivePowerSetpointPu;Wind_Turbine_GEN_ReactivePowerSetpointPu;Wind_Turbine_GEN_AVRSetpointPu;Wind_Turbine_GEN_InjectedActiveCurrent;Wind_Turbine_GEN_InjectedReactiveCurrent;NetworkFrequencyPu
0.000000000;1.032e+00;3.881e-01;-1.395e-01;3.762e-01;-1.353e-01;1.028e+00;1.032e+00;3.493e-01;-1.256e-01;5.000e+01;1.000e+01;4.168e-01;4.520e-01;4.520e-01;3.766e-01;-1.343e-01;5.000e+01
0.000128000;1.034e+00;3.890e-01;-1.197e-01;3.762e-01;-1.158e-01;1.031e+00;1.034e+00;3.501e-01;-1.077e-01;5.000e+01;1.000e+01;4.168e-01;4.520e-01;4.520e-01;3.766e-01;-1.147e-01;5.000e+01
0.000160000;1.034e+00;3.892e-01;-1.149e-01;3.763e-01;-1.111e-01;1.032e+00;1.034e+00;3.503e-01;-1.034e-01;5.000e+01;1.000e+01;4.168e-01;4.520e-01;4.520e-01;3.766e-01;-1.100e-01;5.000e+01
0.000448000;1.039e+00;3.911e-01;-7.396e-02;3.763e-01;-7.116e-02;1.038e+00;1.039e+00;3.520e-01;-6.656e-02;5.000e+01;1.000e+01;4.168e-01;4.520e-01;4.520e-01;3.766e-01;-6.986e-02;5.000e+01
0.000480000;1.040e+00;3.913e-01;-6.967e-02;3.764e-01;-6.699e-02;1.038e+00;1.040e+00;3.522e-01;-6.270e-02;5.000e+01;1.000e+01;4.168e-01;4.520e-01;4.520e-01;3.766e-01;-6.568e-02;5.000e+01
0.000640000;1.042e+00;3.923e-01;-4.891e-02;3.764e-01;-4.694e-02;1.041e+00;1.042e+00;3.531e-01;-4.402e-02;5.000e+01;1.000e+01;4.168e-01;4.520e-01;4.520e-01;3.766e-01;-4.549e-02;5.000e+01
0.000672000;1.043e+00;3.925e-01;-4.491e-02;3.765e-01;-4.307e-02;1.042e+00;1.043e+00;3.532e-01;-4.041e-02;5.000e+01;1.000e+01;4.168e-01;4.520e-01;4.520e-01;3.766e-01;-4.161e-02;5.000e+01
0.000768000;1.044e+00;3.931e-01;-3.315e-02;3.765e-01;-3.176e-02;1.043e+00;1.044e+00;3.538e-01;-2.984e-02;5.000e+01;1.000e+01;4.168e-01;4.520e-01;4.520e-01;3.766e-01;-3.023e-02;5.000e+01
0.000800000;1.044e+00;3.933e-01;-2.932e-02;3.765e-01;-2.808e-02;1.044e+00;1.044e+00;3.539e-01;-2.639e-02;5.000e+01;1.000e+01;4.168e-01;4.520e-01;4.520e-01;3.766e-01;-2.653e-02;5.000e+01
0.000832000;1.045e+00;3.934e-01;-2.554e-02;3.765e-01;-2.444e-02;1.044e+00;1.045e+00;3.541e-01;-2.299e-02;5.000e+01;1.000e+01;4.168e-01;4.520e-01;4.520e-01;3.766e-01;-2.287e-02;5.000e+01
0.000864000;1.045e+00;3.936e-01;-2.180e-02;3.766e-01;-2.086e-02;1.045e+00;1.045e+00;3.543e-01;-1.962e-02;5.000e+01;1.000e+01;4.168e-01;4.520e-01;4.520e-01;3.767e-01;-1.927e-02;5.000e+01
0.000956000;1.047e+00;3.941e-01;-1.133e-02;3.766e-01;-1.083e-02;1.046e+00;1.047e+00;3.547e-01;-1.020e-02;5.000e+01;1.000e+01;4.168e-01;4.520e-01;4.520e-01;3.767e-01;-9.177e-03;5.000e+01
0.000986000;1.047e+00;3.943e-01;-7.982e-03;3.766e-01;-7.620e-03;1.047e+00;1.047e+00;3.549e-01;-7.184e-03;5.000e+01;1.000e+01;4.168e-01;4.520e-01;4.520e-01;3.767e-01;-5.950e-03;5.000e+01
0.001000000;1.047e+00;3.944e-01;-6.361e-03;3.767e-01;-6.072e-03;1.047e+00;1.047e+00;3.549e-01;-5.725e-03;5.000e+01;1.000e+01;4.168e-01;4.520e-01;4.520e-01;3.767e-01;-4.392e-03;5.000e+01
0.001032000;1.047e+00;3.946e-01;-2.843e-03;3.767e-01;-2.711e-03;1.048e+00;1.047e+00;3.551e-01;-2.558e-03;5.000e+01;1.000e+01;4.168e-01;4.520e-01;4.520e-01;3.767e-01;-1.011e-03;5.000e+01
0.001106000;1.048e+00;3.950e-01;5.104e-03;3.767e-01;4.868e-03;1.049e+00;1.048e+00;3.555e-01;4.594e-03;5.000e+01;1.000e+01;4.168e-01;4.520e-01;4.520e-01;3.767e-01;6.613e-03;5.000e+01
0.001138000;1.049e+00;3.951e-01;8.489e-03;3.768e-01;8.094e-03;1.049e+00;1.049e+00;3.556e-01;7.641e-03;5.000e+01;1.000e+01;4.168e-01;4.520e-01;4.520e-01;3.767e-01;9.858e-03;5.000e+01
0.001227000;1.050e+00;3.956e-01;1.774e-02;3.768e-01;1.690e-02;1.050e+00;1.050e+00;3.560e-01;1.597e-02;5.000e+01;1.000e+01;4.168e-01;4.520e-01;4.520e-01;3.767e-01;1.871e-02;5.000e+01
0.001291000;1.051e+00;3.959e-01;2.418e-02;3.769e-01;2.302e-02;1.051e+00;1.051e+00;3.563e-01;2.176e-02;5.000e+01;1.000e+01;4.168e-01;4.520e-01;4.520e-01;3.767e-01;2.486e-02;5.000e+01
0.001355000;1.051e+00;3.963e-01;3.047e-02;3.769e-01;2.899e-02;1.052e+00;1.051e+00;3.566e-01;2.743e-02;5.000e+01;1.000e+01;4.168e-01;4.520e-01;4.520e-01;3.768e-01;3.087e-02;5.000e+01
0.001547000;1.053e+00;3.972e-01;4.848e-02;3.771e-01;4.603e-02;1.055e+00;1.053e+00;3.575e-01;4.363e-02;5.000e+01;1.000e+01;4.168e-01;4.520e-01;4.520e-01;3.768e-01;4.800e-02;5.000e+01
0.001611000;1.054e+00;3.975e-01;5.421e-02;3.771e-01;5.143e-02;1.055e+00;1.054e+00;3.577e-01;4.879e-02;5.000e+01;1.000e+01;4.168e-01;4.520e-01;4.520e-01;3.768e-01;5.343e-02;5.000e+01
0.001675000;1.055e+00;3.978e-01;5.980e-02;3.772e-01;5.670e-02;1.056e+00;1.055e+00;3.580e-01;5.382e-02;5.000e+01;1.000e+01;4.168e-01;4.520e-01;4.520e-01;3.769e-01;5.873e-02;5.000e+01
0.001739000;1.055e+00;3.981e-01;6.526e-02;3.772e-01;6.184e-02;1.057e+00;1.055e+00;3.583e-01;5.874e-02;5.000e+01;1.000e+01;4.168e-01;4.520e-01;4.520e-01;3.769e-01;6.390e-02;5.000e+01
0.001931000;1.057e+00;3.989e-01;8.089e-02;3.774e-01;7.652e-02;1.059e+00;1.057e+00;3.590e-01;7.280e-02;5.000e+01;1.000e+01;4.168e-01;4.520e-01;4.520e-01;3.769e-01;7.866e-02;5.000e+01
0.001995000;1.058e+00;3.992e-01;8.585e-02;3.774e-01;8.118e-02;1.060e+00;1.058e+00;3.593e-01;7.727e-02;5.000e+01;1.000e+01;4.168e-01;4.520e-01;4.520e-01;3.770e-01;8.335e-02;5.000e+01
0.002187000;1.059e+00;3.999e-01;1.001e-01;3.776e-01;9.447e-02;1.062e+00;1.059e+00;3.599e-01;9.006e-02;5.000e+01;1.000e+01;4.168e-01;4.520e-01;4.520e-01;3.770e-01;9.671e-02;5.000e+01
0.002251000;1.060e+00;4.002e-01;1.046e-01;3.776e-01;9.868e-02;1.062e+00;1.060e+00;3.602e-01;9.412e-02;5.000e+01;1.000e+01;4.168e-01;4.520e-01;4.520e-01;3.770e-01;1.009e-01;5.000e+01
0.002315000;1.060e+00;4.004e-01;1.090e-01;3.777e-01;1.028e-01;1.063e+00;1.060e+00;3.604e-01;9.809e-02;5.000e+01;1.000e+01;4.168e-01;4.520e-01;4.520e-01;3.771e-01;1.051e-01;5.000e+01
0.002443000;1.061e+00;4.009e-01;1.175e-01;3.778e-01;1.107e-01;1.064e+00;1.061e+00;3.608e-01;1.057e-01;5.000e+01;1.000e+01;4.168e-01;4.520e-01;4.520e-01;3.771e-01;1.130e-01;5.000e+01
0.002558000;1.062e+00;4.013e-01;1.248e-01;3.779e-01;1.175e-01;1.065e+00;1.062e+00;3.612e-01;1.123e-01;5.000e+01;1.000e+01;4.168e-01;4.520e-01;4.520e-01;3.772e-01;1.199e-01;5.000e+01
0.002674000;1.063e+00;4.017e-01;1.318e-01;3.780e-01;1.240e-01;1.066e+00;1.063e+00;3.616e-01;1.186e-01;5.000e+01;1.000e+01;4.168e-01;4.520e-01;4.520e-01;3.772e-01;1.264e-01;5.000e+01
0.002789000;1.064e+00;4.021e-01;1.385e-01;3.781e-01;1.302e-01;1.067e+00;1.064e+00;3.619e-01;1.247e-01;5.000e+01;1.000e+01;4.168e-01;4.520e-01;4.520e-01;3.772e-01;1.327e-01;5.000e+01
0.002904000;1.064e+00;4.025e-01;1.449e-01;3.782e-01;1.362e-01;1.068e+00;1.064e+00;3.622e-01;1.305e-01;5.000e+01;1.000e+01;4.168e-01;4.520e-01;4.520e-01;3.773e-01;1.387e-01;5.000e+01
0.003019000;1.065e+00;4.028e-01;1.511e-01;3.783e-01;1.419e-01;1.069e+00;1.065e+00;3.626e-01;1.360e-01;5.000e+01;1.000e+01;4.168e-01;4.520e-01;4.520e-01;3.773e-01;1.444e-01;5.000e+01
0.003058000;1.065e+00;4.030e-01;1.531e-01;3.783e-01;1.438e-01;1.069e+00;1.065e+00;3.627e-01;1.378e-01;5.000e+01;1.000e+01;4.168e-01;4.520e-01;4.520e-01;3.774e-01;1.463e-01;5.000e+01
0.003090000;1.065e+00;4.031e-01;1.548e-01;3.783e-01;1.453e-01;1.069e+00;1.065e+00;3.628e-01;1.393e-01;5.000e+01;1.000e+01;4.168e-01;4.520e-01;4.520e-01;3.774e-01;1.478e-01;5.000e+01
0.003122000;1.066e+00;4.032e-01;1.564e-01;3.784e-01;1.468e-01;1.069e+00;1.066e+00;3.628e-01;1.407e-01;5.000e+01;1.000e+01;4.168e-01;4.520e-01;4.520e-01;3.774e-01;1.493e-01;5.000e+01
0.003250000;1.066e+00;4.035e-01;1.626e-01;3.785e-01;1.525e-01;1.070e+00;1.066e+00;3.632e-01;1.464e-01;5.000e+01;1.000e+01;4.168e-01;4.520e-01;4.520e-01;3.774e-01;1.551e-01;5.000e+01
0.003314000;1.067e+00;4.037e-01;1.657e-01;3.785e-01;1.553e-01;1.070e+00;1.067e+00;3.633e-01;1.491e-01;5.000e+01;1.000e+01;4.168e-01;4.520e-01;4.520e-01;3.775e-01;1.579e-01;5.000e+01
0.003442000;1.067e+00;4.041e-01;1.715e-01;3.786e-01;1.607e-01;1.071e+00;1.067e+00;3.637e-01;1.544e-01;5.000e+01;1.000e+01;4.168e-01;4.520e-01;4.520e-01;3.775e-01;1.633e-01;5.000e+01
0.003506000;1.068e+00;4.042e-01;1.743e-01;3.787e-01;1.633e-01;1.072e+00;1.068e+00;3.638e-01;1.569e-01;5.000e+01;1.000e+01;4.168e-01;4.520e-01;4.520e-01;3.775e-01;1.659e-01;5.000e+01
0.003570000;1.068e+00;4.044e-01;1.771e-01;3.787e-01;1.658e-01;1.072e+00;1.068e+00;3.640e-01;1.594e-01;5.000e+01;1.000e+01;4.168e-01;4.520e-01;4.520e-01;3.776e-01;1.684e-01;5.000e+01
0.003634000;1.068e+00;4.046e-01;1.797e-01;3.788e-01;1.683e-01;1.072e+00;1.068e+00;3.641e-01;1.618e-01;5.000e+01;1.000e+01;4.168e-01;4.520e-01;4.520e-01;3.776e-01;1.709e-01;5.000e+01
0.003698000;1.068e+00;4.047e-01;1.824e-01;3.788e-01;1.707e-01;1.073e+00;1.068e+00;3.643e-01;1.641e-01;5.000e+01;1.000e+01;4.168e-01;4.520e-01;4.520e-01;3.776e-01;1.733e-01;5.000e+01
0.003762000;1.069e+00;4.049e-01;1.849e-01;3.789e-01;1.730e-01;1.073e+00;1.069e+00;3.644e-01;1.664e-01;5.000e+01;1.000e+01;4.168e-01;4.520e-01;4.520e-01;3.776e-01;1.757e-01;5.000e+01
0.003954000;1.069e+00;4.054e-01;1.922e-01;3.790e-01;1.797e-01;1.074e+00;1.069e+00;3.648e-01;1.730e-01;5.000e+01;1.000e+01;4.168e-01;4.520e-01;4.520e-01;3.777e-01;1.824e-01;5.000e+01
0.004018000;1.070e+00;4.055e-01;1.945e-01;3.791e-01;1.818e-01;1.074e+00;1.070e+00;3.650e-01;1.751e-01;5.000e+01;1.000e+01;4.168e-01;4.520e-01;4.520e-01;3.778e-01;1.845e-01;5.000e+01
0.004082000;1.070e+00;4.056e-01;1.968e-01;3.791e-01;1.839e-01;1.075e+00;1.070e+00;3.651e-01;1.771e-01;5.000e+01;1.000e+01;4.168e-01;4.520e-01;4.520e-01;3.778e-01;1.866e-01;5.000e+01
0.004146000;1.070e+00;4.058e-01;1.990e-01;3.792e-01;1.859e-01;1.075e+00;1.070e+00;3.652e-01;1.791e-01;5.000e+01;1.000e+01;4.168e-01;4.520e-01;4.520e-01;3.778e-01;1.886e-01;5.000e+01
0.004274000;1.071e+00;4.061e-01;2.032e-01;3.793e-01;1.898e-01;1.075e+00;1.071e+00;3.655e-01;1.829e-01;5.000e+01;1.000e+01;4.168e-01;4.520e-01;4.520e-01;3.779e-01;1.926e-01;5.000e+01
0.004389000;1.071e+00;4.063e-01;2.069e-01;3.793e-01;1.931e-01;1.076e+00;1.071e+00;3.657e-01;1.862e-01;5.000e+01;1.000e+01;4.168e-01;4.520e-01;4.520e-01;3.779e-01;1.959e-01;5.000e+01
0.004505000;1.071e+00;4.065e-01;2.104e-01;3.794e-01;1.963e-01;1.076e+00;1.071e+00;3.659e-01;1.893e-01;5.000e+01;1.000e+01;4.168e-01;4.520e-01;4.520e-01;3.780e-01;1.991e-01;5.000e+01
0.004620000;1.072e+00;4.068e-01;2.137e-01;3.795e-01;1.994e-01;1.077e+00;1.072e+00;3.661e-01;1.924e-01;5.000e+01;1.000e+01;4.168e-01;4.520e-01;4.520e-01;3.780e-01;2.022e-01;5.000e+01
0.004850000;1.073e+00;4.072e-01;2.200e-01;3.797e-01;2.051e-01;1.078e+00;1.073e+00;3.665e-01;1.980e-01;5.000e+01;1.000e+01;4.168e-01;4.520e-01;4.520e-01;3.781e-01;2.079e-01;5.000e+01
0.004965000;1.073e+00;4.074e-01;2.229e-01;3.797e-01;2.078e-01;1.078e+00;1.073e+00;3.667e-01;2.006e-01;5.000e+01;1.000e+01;4.168e-01;4.520e-01;4.520e-01;3.782e-01;2.106e-01;5.000e+01
0.005081000;1.073e+00;4.076e-01;2.257e-01;3.798e-01;2.103e-01;1.078e+00;1.073e+00;3.668e-01;2.031e-01;5.000e+01;1.000e+01;4.168e-01;4.520e-01;4.520e-01;3.782e-01;2.132e-01;5.000e+01
0.005196000;1.073e+00;4.078e-01;2.284e-01;3.799e-01;2.128e-01;1.079e+00;1.073e+00;3.670e-01;2.056e-01;5.000e+01;1.000e+01;4.168e-01;4.520e-01;4.520e-01;3.783e-01;2.156e-01;5.000e+01
0.005311000;1.074e+00;4.080e-01;2.310e-01;3.800e-01;2.151e-01;1.079e+00;1.074e+00;3.672e-01;2.079e-01;5.000e+01;1.000e+01;4.168e-01;4.520e-01;4.520e-01;3.783e-01;2.180e-01;5.000e+01
0.005426000;1.074e+00;4.082e-01;2.334e-01;3.800e-01;2.173e-01;1.079e+00;1.074e+00;3.673e-01;2.101e-01;5.000e+01;1.000e+01;4.168e-01;4.520e-01;4.520e-01;3.784e-01;2.202e-01;5.000e+01
0.005541000;1.074e+00;4.083e-01;2.358e-01;3.801e-01;2.195e-01;1.080e+00;1.074e+00;3.675e-01;2.122e-01;5.000e+01;1.000e+01;4.168e-01;4.520e-01;4.520e-01;3.784e-01;2.224e-01;5.000e+01
0.005657000;1.075e+00;4.085e-01;2.380e-01;3.802e-01;2.215e-01;1.080e+00;1.075e+00;3.677e-01;2.142e-01;5.000e+01;1.000e+01;4.168e-01;4.520e-01;4.520e-01;3.785e-01;2.244e-01;5.000e+01
0.005772000;1.075e+00;4.087e-01;2.402e-01;3.802e-01;2.235e-01;1.080e+00;1.075e+00;3.678e-01;2.161e-01;5.000e+01;1.000e+01;4.168e-01;4.520e-01;4.520e-01;3.785e-01;2.264e-01;5.000e+01
0.005887000;1.075e+00;4.088e-01;2.422e-01;3.803e-01;2.253e-01;1.081e+00;1.075e+00;3.679e-01;2.180e-01;5.000e+01;1.000e+01;4.168e-01;4.520e-01;4.520e-01;3.786e-01;2.282e-01;5.000e+01
0.006002000;1.075e+00;4.090e-01;2.442e-01;3.804e-01;2.271e-01;1.081e+00;1.075e+00;3.681e-01;2.198e-01;5.000e+01;1.000e+01;4.168e-01;4.520e-01;4.520e-01;3.786e-01;2.300e-01;5.000e+01
0.006117000;1.075e+00;4.091e-01;2.461e-01;3.804e-01;2.288e-01;1.081e+00;1.075e+00;3.682e-01;2.215e-01;5.000e+01;1.000e+01;4.168e-01;4.520e-01;4.520e-01;3.787e-01;2.317e-01;5.000e+01
0.006233000;1.076e+00;4.093e-01;2.479e-01;3.805e-01;2.304e-01;1.081e+00;1.076e+00;3.684e-01;2.231e-01;5.000e+01;1.000e+01;4.168e-01;4.520e-01;4.520e-01;3.787e-01;2.334e-01;5.000e+01
0.006348000;1.076e+00;4.094e-01;2.496e-01;3.806e-01;2.320e-01;1.082e+00;1.076e+00;3.685e-01;2.246e-01;5.000e+01;1.000e+01;4.168e-01;4.520e-01;4.520e-01;3.788e-01;2.349e-01;5.000e+01
0.006463000;1.076e+00;4.096e-01;2.512e-01;3.806e-01;2.335e-01;1.082e+00;1.076e+00;3.686e-01;2.261e-01;5.000e+01;1.000e+01;4.168e-01;4.520e-01;4.520e-01;3.788e-01;2.364e-01;5.000e+01
0.006693000;1.076e+00;4.098e-01;2.543e-01;3.808e-01;2.363e-01;1.082e+00;1.076e+00;3.688e-01;2.289e-01;5.000e+01;1.000e+01;4.168e-01;4.520e-01;4.520e-01;3.789e-01;2.392e-01;5.000e+01
0.006809000;1.076e+00;4.100e-01;2.557e-01;3.808e-01;2.376e-01;1.082e+00;1.076e+00;3.690e-01;2.302e-01;5.000e+01;1.000e+01;4.168e-01;4.520e-01;4.520e-01;3.790e-01;2.406e-01;5.000e+01
0.006924000;1.077e+00;4.101e-01;2.571e-01;3.809e-01;2.388e-01;1.083e+00;1.077e+00;3.691e-01;2.314e-01;5.000e+01;1.000e+01;4.168e-01;4.520e-01;4.520e-01;3.790e-01;2.418e-01;5.000e+01
0.007039000;1.077e+00;4.102e-01;2.584e-01;3.810e-01;2.400e-01;1.083e+00;1.077e+00;3.692e-01;2.326e-01;5.000e+01;1.000e+01;4.168e-01;4.520e-01;4.520e-01;3.790e-01;2.430e-01;5.000e+01
0.007269000;1.077e+00;4.104e-01;2.609e-01;3.811e-01;2.422e-01;1.083e+00;1.077e+00;3.694e-01;2.348e-01;5.000e+01;1.000e+01;4.168e-01;4.520e-01;4.520e-01;3.791e-01;2.452e-01;5.000e+01
0.007385000;1.077e+00;4.105e-01;2.621e-01;3.811e-01;2.433e-01;1.083e+00;1.077e+00;3.695e-01;2.358e-01;5.000e+01;1.000e+01;4.168e-01;4.520e-01;4.520e-01;3.792e-01;2.463e-01;5.000e+01
0.007615000;1.077e+00;4.107e-01;2.642e-01;3.812e-01;2.452e-01;1.084e+00;1.077e+00;3.697e-01;2.378e-01;5.000e+01;1.000e+01;4.168e-01;4.520e-01;4.520e-01;3.793e-01;2.482e-01;5.000e+01
0.007822000;1.078e+00;4.109e-01;2.660e-01;3.813e-01;2.468e-01;1.084e+00;1.078e+00;3.698e-01;2.394e-01;5.000e+01;1.000e+01;4.168e-01;4.520e-01;4.520e-01;3.794e-01;2.499e-01;5.000e+01
0.008030000;1.078e+00;4.111e-01;2.676e-01;3.814e-01;2.483e-01;1.084e+00;1.078e+00;3.700e-01;2.409e-01;5.000e+01;1.000e+01;4.168e-01;4.520e-01;4.520e-01;3.794e-01;2.514e-01;5.000e+01
0.008237000;1.078e+00;4.113e-01;2.692e-01;3.815e-01;2.497e-01;1.084e+00;1.078e+00;3.701e-01;2.422e-01;5.000e+01;1.000e+01;4.168e-01;4.520e-01;4.520e-01;3.795e-01;2.527e-01;5.000e+01
0.008444000;1.078e+00;4.114e-01;2.706e-01;3.816e-01;2.510e-01;1.084e+00;1.078e+00;3.703e-01;2.435e-01;5.000e+01;1.000e+01;4.168e-01;4.520e-01;4.520e-01;3.796e-01;2.540e-01;5.000e+01
0.008652000;1.078e+00;4.116e-01;2.718e-01;3.817e-01;2.521e-01;1.085e+00;1.078e+00;3.704e-01;2.447e-01;5.000e+01;1.000e+01;4.168e-01;4.520e-01;4.520e-01;3.797e-01;2.552e-01;5.000e+01
0.008859000;1.078e+00;4.117e-01;2.730e-01;3.818e-01;2.532e-01;1.085e+00;1.078e+00;3.705e-01;2.457e-01;5.000e+01;1.000e+01;4.168e-01;4.520e-01;4.520e-01;3.797e-01;2.563e-01;5.000e+01
0.009067000;1.078e+00;4.118e-01;2.741e-01;3.819e-01;2.542e-01;1.085e+00;1.078e+00;3.707e-01;2.467e-01;5.000e+01;1.000e+01;4.168e-01;4.520e-01;4.520e-01;3.798e-01;2.573e-01;5.000e+01
0.009274000;1.079e+00;4.120e-01;2.752e-01;3.820e-01;2.551e-01;1.085e+00;1.079e+00;3.708e-01;2.476e-01;5.000e+01;1.000e+01;4.168e-01;4.520e-01;4.520e-01;3.799e-01;2.582e-01;5.000e+01
0.009481000;1.079e+00;4.121e-01;2.761e-01;3.820e-01;2.559e-01;1.085e+00;1.079e+00;3.709e-01;2.485e-01;5.000e+01;1.000e+01;4.168e-01;4.520e-01;4.520e-01;3.800e-01;2.590e-01;5.000e+01
0.009689000;1.079e+00;4.122e-01;2.770e-01;3.821e-01;2.567e-01;1.085e+00;1.079e+00;3.710e-01;2.493e-01;5.000e+01;1.000e+01;4.168e-01;4.520e-01;4.520e-01;3.800e-01;2.598e-01;5.000e+01
0.009896000;1.079e+00;4.123e-01;2.777e-01;3.822e-01;2.574e-01;1.085e+00;1.079e+00;3.711e-01;2.500e-01;5.000e+01;1.000e+01;4.168e-01;4.520e-01;4.520e-01;3.801e-01;2.605e-01;5.000e+01
0.010103000;1.079e+00;4.125e-01;2.785e-01;3.823e-01;2.581e-01;1.085e+00;1.079e+00;3.712e-01;2.506e-01;5.000e+01;1.000e+01;4.168e-01;4.520e-01;4.520e-01;3.802e-01;2.612e-01;5.000e+01
0.010311000;1.079e+00;4.126e-01;2.792e-01;3.823e-01;2.587e-01;1.085e+00;1.079e+00;3.713e-01;2.512e-01;5.000e+01;1.000e+01;4.168e-01;4.520e-01;4.520e-01;3.802e-01;2.618e-01;5.000e+01
0.010518000;1.079e+00;4.127e-01;2.798e-01;3.824e-01;2.593e-01;1.086e+00;1.079e+00;3.714e-01;2.518e-01;5.000e+01;1.000e+01;4.168e-01;4.520e-01;4.520e-01;3.803e-01;2.624e-01;5.000e+01
0.010725000;1.079e+00;4.128e-01;2.804e-01;3.825e-01;2.598e-01;1.086e+00;1.079e+00;3.715e-01;2.523e-01;5.000e+01;1.000e+01;4.168e-01;4.520e-01;4.520e-01;3.804e-01;2.629e-01;5.000e+01
0.010933000;1.079e+00;4.129e-01;2.809e-01;3.826e-01;2.603e-01;1.086e+00;1.079e+00;3.716e-01;2.528e-01;5.000e+01;1.000e+01;4.168e-01;4.520e-01;4.520e-01;3.804e-01;2.634e-01;5.000e+01
0.011140000;1.079e+00;4.130e-01;2.814e-01;3.826e-01;2.607e-01;1.086e+00;1.079e+00;3.717e-01;2.532e-01;5.000e+01;1.000e+01;4.168e-01;4.520e-01;4.520e-01;3.805e-01;2.638e-01;5.000e+01
0.011347000;1.079e+00;4.130e-01;2.818e-01;3.827e-01;2.611e-01;1.086e+00;1.079e+00;3.717e-01;2.536e-01;5.000e+01;1.000e+01;4.168e-01;4.520e-01;4.520e-01;3.806e-01;2.642e-01;5.000e+01
0.011555000;1.079e+00;4.131e-01;2.822e-01;3.828e-01;2.615e-01;1.086e+00;1.079e+00;3.718e-01;2.540e-01;5.000e+01;1.000e+01;4.168e-01;4.520e-01;4.520e-01;3.806e-01;2.646e-01;5.000e+01
0.011762000;1.079e+00;4.132e-01;2.826e-01;3.828e-01;2.618e-01;1.086e+00;1.079e+00;3.719e-01;2.544e-01;5.000e+01;1.000e+01;4.168e-01;4.520e-01;4.520e-01;3.807e-01;2.649e-01;5.000e+01
0.011970000;1.079e+00;4.133e-01;2.830e-01;3.829e-01;2.621e-01;1.086e+00;1.079e+00;3.720e-01;2.547e-01;5.000e+01;1.000e+01;4.168e-01;4.520e-01;4.520e-01;3.807e-01;2.653e-01;5.000e+01
0.012177000;1.079e+00;4.134e-01;2.833e-01;3.829e-01;2.624e-01;1.086e+00;1.079e+00;3.720e-01;2.550e-01;5.000e+01;1.000e+01;4.168e-01;4.520e-01;4.520e-01;3.808e-01;2.656e-01;5.000e+01
0.012384000;1.080e+00;4.135e-01;2.836e-01;3.830e-01;2.627e-01;1.086e+00;1.080e+00;3.721e-01;2.552e-01;5.000e+01;1.000e+01;4.168e-01;4.520e-01;4.520e-01;3.808e-01;2.658e-01;5.000e+01
0.012799000;1.080e+00;4.136e-01;2.841e-01;3.831e-01;2.632e-01;1.086e+00;1.080e+00;3.722e-01;2.557e-01;5.000e+01;1.000e+01;4.168e-01;4.520e-01;4.520e-01;3.810e-01;2.663e-01;5.000e+01
0.013172000;1.080e+00;4.137e-01;2.845e-01;3.832e-01;2.636e-01;1.086e+00;1.080e+00;3.724e-01;2.561e-01;5.000e+01;1.000e+01;4.168e-01;4.520e-01;4.520e-01;3.810e-01;2.667e-01;5.000e+01
0.013545000;1.080e+00;4.138e-01;2.849e-01;3.833e-01;2.639e-01;1.086e+00;1.080e+00;3.725e-01;2.564e-01;5.000e+01;1.000e+01;4.168e-01;4.520e-01;4.520e-01;3.811e-01;2.670e-01;5.000e+01
0.013919000;1.080e+00;4.140e-01;2.852e-01;3.834e-01;2.642e-01;1.086e+00;1.080e+00;3.726e-01;2.567e-01;5.000e+01;1.000e+01;4.168e-01;4.520e-01;4.520e-01;3.812e-01;2.673e-01;5.000e+01
0.014292000;1.080e+00;4.141e-01;2.855e-01;3.835e-01;2.644e-01;1.086e+00;1.080e+00;3.727e-01;2.569e-01;5.000e+01;1.000e+01;4.168e-01;4.520e-01;4.520e-01;3.813e-01;2.675e-01;5.000e+01
0.014665000;1.080e+00;4.142e-01;2.857e-01;3.836e-01;2.646e-01;1.086e+00;1.080e+00;3.727e-01;2.571e-01;5.000e+01;1.000e+01;4.168e-01;4.520e-01;4.520e-01;3.814e-01;2.677e-01;5.000e+01
0.015038000;1.080e+00;4.143e-01;2.859e-01;3.837e-01;2.648e-01;1.086e+00;1.080e+00;3.728e-01;2.573e-01;5.000e+01;1.000e+01;4.168e-01;4.520e-01;4.520e-01;3.815e-01;2.679e-01;5.000e+01
0.015412000;1.080e+00;4.143e-01;2.861e-01;3.837e-01;2.649e-01;1.086e+00;1.080e+00;3.729e-01;2.575e-01;5.000e+01;1.000e+01;4.168e-01;4.520e-01;4.520e-01;3.815e-01;2.681e-01;5.000e+01
0.016158000;1.080e+00;4.145e-01;2.863e-01;3.839e-01;2.652e-01;1.086e+00;1.080e+00;3.731e-01;2.577e-01;5.000e+01;1.000e+01;4.168e-01;4.520e-01;4.520e-01;3.817e-01;2.683e-01;5.000e+01
0.016531000;1.080e+00;4.146e-01;2.864e-01;3.840e-01;2.653e-01;1.086e+00;1.080e+00;3.731e-01;2.578e-01;5.000e+01;1.000e+01;4.168e-01;4.520e-01;4.520e-01;3.818e-01;2.684e-01;5.000e+01
0.017278000;1.080e+00;4.148e-01;2.866e-01;3.841e-01;2.654e-01;1.086e+00;1.080e+00;3.733e-01;2.579e-01;5.000e+01;1.000e+01;4.168e-01;4.520e-01;4.520e-01;3.819e-01;2.686e-01;5.000e+01
0.017651000;1.080e+00;4.148e-01;2.867e-01;3.841e-01;2.655e-01;1.086e+00;1.080e+00;3.733e-01;2.580e-01;5.000e+01;1.000e+01;4.168e-01;4.520e-01;4.520e-01;3.819e-01;2.686e-01;5.000e+01
0.018398000;1.080e+00;4.150e-01;2.868e-01;3.843e-01;2.656e-01;1.087e+00;1.080e+00;3.735e-01;2.581e-01;5.000e+01;1.000e+01;4.168e-01;4.520e-01;4.520e-01;3.821e-01;2.687e-01;5.000e+01
0.019070000;1.080e+00;4.151e-01;2.869e-01;3.844e-01;2.656e-01;1.087e+00;1.080e+00;3.736e-01;2.582e-01;5.000e+01;1.000e+01;4.168e-01;4.520e-01;4.520e-01;3.822e-01;2.688e-01;5.000e+01
0.019741000;1.080e+00;4.152e-01;2.869e-01;3.845e-01;2.657e-01;1.087e+00;1.080e+00;3.737e-01;2.582e-01;5.000e+01;1.000e+01;4.168e-01;4.520e-01;4.520e-01;3.822e-01;2.689e-01;5.000e+01
0.020413000;1.080e+00;4.153e-01;2.870e-01;3.846e-01;2.657e-01;1.087e+00;1.080e+00;3.737e-01;2.583e-01;5.000e+01;1.000e+01;4.168e-01;4.520e-01;4.520e-01;3.823e-01;2.689e-01;5.000e+01
0.021085000;1.080e+00;4.154e-01;2.870e-01;3.846e-01;2.658e-01;1.087e+00;1.080e+00;3.738e-01;2.583e-01;5.000e+01;1.000e+01;4.168e-01;4.520e-01;4.520e-01;3.824e-01;2.689e-01;5.000e+01
0.021757000;1.080e+00;4.154e-01;2.870e-01;3.847e-01;2.658e-01;1.087e+00;1.080e+00;3.739e-01;2.583e-01;5.000e+01;1.000e+01;4.168e-01;4.520e-01;4.520e-01;3.825e-01;2.690e-01;5.000e+01
0.022429000;1.080e+00;4.155e-01;2.870e-01;3.848e-01;2.658e-01;1.087e+00;1.080e+00;3.740e-01;2.583e-01;5.000e+01;1.000e+01;4.168e-01;4.520e-01;4.520e-01;3.826e-01;2.690e-01;5.000e+01
0.023101000;1.080e+00;4.156e-01;2.870e-01;3.849e-01;2.658e-01;1.087e+00;1.080e+00;3.740e-01;2.583e-01;5.000e+01;1.000e+01;4.168e-01;4.520e-01;4.520e-01;3.826e-01;2.690e-01;5.000e+01
0.023772000;1.080e+00;4.157e-01;2.870e-01;3.849e-01;2.658e-01;1.087e+00;1.080e+00;3.741e-01;2.583e-01;5.000e+01;1.000e+01;4.168e-01;4.520e-01;4.520e-01;3.827e-01;2.690e-01;5.000e+01
0.024444000;1.080e+00;4.157e-01;2.870e-01;3.850e-01;2.658e-01;1.087e+00;1.080e+00;3.742e-01;2.583e-01;5.000e+01;1.000e+01;4.168e-01;4.520e-01;4.520e-01;3.827e-01;2.690e-01;5.000e+01
0.025116000;1.080e+00;4.158e-01;2.871e-01;3.850e-01;2.658e-01;1.087e+00;1.080e+00;3.742e-01;2.583e-01;5.000e+01;1.000e+01;4.168e-01;4.520e-01;4.520e-01;3.828e-01;2.690e-01;5.000e+01
0.025788000;1.080e+00;4.159e-01;2.871e-01;3.851e-01;2.658e-01;1.087e+00;1.080e+00;3.743e-01;2.583e-01;5.000e+01;1.000e+01;4.168e-01;4.520e-01;4.520e-01;3.828e-01;2.690e-01;5.000e+01
0.026460000;1.080e+00;4.159e-01;2.871e-01;3.851e-01;2.658e-01;1.087e+00;1.080e+00;3.743e-01;2.583e-01;5.000e+01;1.000e+01;4.168e-01;4.520e-01;4.520e-01;3.829e-01;2.690e-01;5.000e+01
0.027460000;1.080e+00;4.160e-01;2.871e-01;3.852e-01;2.658e-01;1.087e+00;1.080e+00;3.744e-01;2.583e-01;5.000e+01;1.000e+01;4.168e-01;4.520e-01;4.520e-01;3.830e-01;2.690e-01;5.000e+01
0.028460000;1.080e+00;4.160e-01;2.871e-01;3.853e-01;2.658e-01;1.087e+00;1.080e+00;3.744e-01;2.583e-01;5.000e+01;1.000e+01;4.168e-01;4.520e-01;4.520e-01;3.830e-01;2.690e-01;5.000e+01
0.029460000;1.080e+00;4.161e-01;2.870e-01;3.853e-01;2.658e-01;1.087e+00;1.080e+00;3.745e-01;2.583e-01;5.000e+01;1.000e+01;4.168e-01;4.520e-01;4.520e-01;3.831e-01;2.690e-01;5.000e+01
0.030460000;1.080e+00;4.162e-01;2.870e-01;3.854e-01;2.658e-01;1.087e+00;1.080e+00;3.745e-01;2.583e-01;5.000e+01;1.000e+01;4.168e-01;4.520e-01;4.520e-01;3.831e-01;2.690e-01;5.000e+01
0.031460000;1.080e+00;4.162e-01;2.870e-01;3.854e-01;2.658e-01;1.087e+00;1.080e+00;3.746e-01;2.583e-01;5.000e+01;1.000e+01;4.168e-01;4.520e-01;4.520e-01;3.832e-01;2.690e-01;5.000e+01
0.032460000;1.080e+00;4.163e-01;2.870e-01;3.855e-01;2.658e-01;1.087e+00;1.080e+00;3.746e-01;2.583e-01;5.000e+01;1.000e+01;4.168e-01;4.520e-01;4.520e-01;3.832e-01;2.691e-01;5.000e+01
0.033460000;1.080e+00;4.163e-01;2.870e-01;3.855e-01;2.658e-01;1.087e+00;1.080e+00;3.747e-01;2.583e-01;5.000e+01;1.000e+01;4.168e-01;4.520e-01;4.520e-01;3.832e-01;2.691e-01;5.000e+01
0.034460000;1.080e+00;4.163e-01;2.870e-01;3.855e-01;2.658e-01;1.087e+00;1.080e+00;3.747e-01;2.583e-01;5.000e+01;1.000e+01;4.168e-01;4.520e-01;4.520e-01;3.833e-01;2.691e-01;5.000e+01
0.035460000;1.080e+00;4.164e-01;2.870e-01;3.856e-01;2.658e-01;1.087e+00;1.080e+00;3.747e-01;2.583e-01;5.000e+01;1.000e+01;4.168e-01;4.520e-01;4.520e-01;3.833e-01;2.691e-01;5.000e+01
0.036460000;1.080e+00;4.164e-01;2.870e-01;3.856e-01;2.658e-01;1.087e+00;1.080e+00;3.748e-01;2.583e-01;5.000e+01;1.000e+01;4.168e-01;4.520e-01;4.520e-01;3.833e-01;2.691e-01;5.000e+01
0.037460000;1.080e+00;4.164e-01;2.870e-01;3.856e-01;2.658e-01;1.087e+00;1.080e+00;3.748e-01;2.583e-01;5.000e+01;1.000e+01;4.168e-01;4.520e-01;4.520e-01;3.833e-01;2.691e-01;5.000e+01
0.038460000;1.080e+00;4.165e-01;2.870e-01;3.856e-01;2.658e-01;1.087e+00;1.080e+00;3.748e-01;2.583e-01;5.000e+01;1.000e+01;4.168e-01;4.520e-01;4.520e-01;3.834e-01;2.691e-01;5.000e+01
0.039460000;1.080e+00;4.165e-01;2.870e-01;3.857e-01;2.658e-01;1.087e+00;1.080e+00;3.748e-01;2.583e-01;5.000e+01;1.000e+01;4.168e-01;4.520e-01;4.520e-01;3.834e-01;2.691e-01;5.000e+01
0.040460000;1.080e+00;4.165e-01;2.870e-01;3.857e-01;2.658e-01;1.087e+00;1.080e+00;3.748e-01;2.583e-01;5.000e+01;1.000e+01;4.168e-01;4.520e-01;4.520e-01;3.834e-01;2.691e-01;5.000e+01
0.041460000;1.080e+00;4.165e-01;2.870e-01;3.857e-01;2.658e-01;1.087e+00;1.080e+00;3.749e-01;2.583e-01;5.000e+01;1.000e+01;4.168e-01;4.520e-01;4.520e-01;3.834e-01;2.691e-01;5.000e+01
0.043460000;1.080e+00;4.165e-01;2.870e-01;3.857e-01;2.658e-01;1.087e+00;1.080e+00;3.749e-01;2.583e-01;5.000e+01;1.000e+01;4.168e-01;4.520e-01;4.520e-01;3.834e-01;2.691e-01;5.000e+01
0.044460000;1.080e+00;4.166e-01;2.870e-01;3.857e-01;2.658e-01;1.087e+00;1.080e+00;3.749e-01;2.583e-01;5.000e+01;1.000e+01;4.168e-01;4.520e-01;4.520e-01;3.835e-01;2.691e-01;5.000e+01
0.045460000;1.080e+00;4.166e-01;2.870e-01;3.858e-01;2.658e-01;1.087e+00;1.080e+00;3.749e-01;2.583e-01;5.000e+01;1.000e+01;4.168e-01;4.520e-01;4.520e-01;3.835e-01;2.691e-01;5.000e+01
0.048460000;1.080e+00;4.166e-01;2.870e-01;3.858e-01;2.658e-01;1.087e+00;1.080e+00;3.749e-01;2.583e-01;5.000e+01;1.000e+01;4.168e-01;4.520e-01;4.520e-01;3.835e-01;2.691e-01;5.000e+01
0.049460000;1.080e+00;4.166e-01;2.870e-01;3.858e-01;2.658e-01;1.087e+00;1.080e+00;3.750e-01;2.583e-01;5.000e+01;1.000e+01;4.168e-01;4.520e-01;4.520e-01;3.835e-01;2.691e-01;5.000e+01
0.053460000;1.080e+00;4.166e-01;2.870e-01;3.858e-01;2.658e-01;1.087e+00;1.080e+00;3.750e-01;2.583e-01;5.000e+01;1.000e+01;4.168e-01;4.520e-01;4.520e-01;3.835e-01;2.691e-01;5.000e+01
0.054460000;1.080e+00;4.167e-01;2.870e-01;3.858e-01;2.658e-01;1.087e+00;1.080e+00;3.750e-01;2.583e-01;5.000e+01;1.000e+01;4.168e-01;4.520e-01;4.520e-01;3.835e-01;2.691e-01;5.000e+01
0.061460000;1.080e+00;4.167e-01;2.870e-01;3.858e-01;2.658e-01;1.087e+00;1.080e+00;3.750e-01;2.583e-01;5.000e+01;1.000e+01;4.168e-01;4.520e-01;4.520e-01;3.835e-01;2.691e-01;5.000e+01
0.062460000;1.080e+00;4.167e-01;2.870e-01;3.858e-01;2.658e-01;1.087e+00;1.080e+00;3.750e-01;2.583e-01;5.000e+01;1.000e+01;4.168e-01;4.520e-01;4.520e-01;3.836e-01;2.691e-01;5.000e+01
0.063460000;1.080e+00;4.167e-01;2.870e-01;3.859e-01;2.658e-01;1.087e+00;1.080e+00;3.750e-01;2.583e-01;5.000e+01;1.000e+01;4.168e-01;4.520e-01;4.520e-01;3.836e-01;2.691e-01;5.000e+01
29.989994000;1.080e+00;4.167e-01;2.870e-01;3.859e-01;2.658e-01;1.087e+00;1.080e+00;3.750e-01;2.583e-01;5.000e+01;1.000e+01;4.168e-01;4.520e-01;4.520e-01;3.836e-01;2.691e-01;5.000e+01
29.990002000;1.080e+00;4.167e-01;2.870e-01;3.859e-01;2.658e-01;1.087e+00;1.080e+00;3.750e-01;2.583e-01;5.000e+01;1.000e+01;4.168e-01;4.520e-01;4.520e-01;3.836e-01;2.691e-01;5.000e+01
29.990010000;1.080e+00;4.167e-01;2.870e-01;3.859e-01;2.658e-01;1.086e+00;1.080e+00;3.750e-01;2.583e-01;5.000e+01;1.000e+01;4.168e-01;4.520e-01;4.520e-01;3.836e-01;2.691e-01;5.000e+01
29.990026000;1.080e+00;4.166e-01;2.870e-01;3.859e-01;2.658e-01;1.086e+00;1.080e+00;3.750e-01;2.583e-01;5.000e+01;1.000e+01;4.168e-01;4.520e-01;4.520e-01;3.836e-01;2.691e-01;5.000e+01
29.990058000;1.080e+00;4.166e-01;2.870e-01;3.859e-01;2.658e-01;1.086e+00;1.080e+00;3.749e-01;2.583e-01;5.000e+01;1.000e+01;4.168e-01;4.520e-01;4.520e-01;3.836e-01;2.691e-01;5.000e+01
29.990122000;1.079e+00;4.165e-01;2.869e-01;3.859e-01;2.659e-01;1.086e+00;1.079e+00;3.748e-01;2.582e-01;5.000e+01;1.000e+01;4.168e-01;4.520e-01;4.520e-01;3.836e-01;2.692e-01;5.000e+01
29.990186000;1.079e+00;4.163e-01;2.870e-01;3.859e-01;2.660e-01;1.086e+00;1.079e+00;3.747e-01;2.583e-01;5.000e+01;1.000e+01;4.168e-01;4.520e-01;4.520e-01;3.836e-01;2.693e-01;5.000e+01
29.990250000;1.079e+00;4.162e-01;2.870e-01;3.859e-01;2.661e-01;1.085e+00;1.079e+00;3.746e-01;2.583e-01;5.000e+01;1.000e+01;4.168e-01;4.520e-01;4.520e-01;3.836e-01;2.694e-01;5.000e+01
29.990314000;1.078e+00;4.161e-01;2.871e-01;3.859e-01;2.663e-01;1.085e+00;1.078e+00;3.745e-01;2.584e-01;5.000e+01;1.000e+01;4.168e-01;4.520e-01;4.520e-01;3.836e-01;2.696e-01;5.000e+01
29.990378000;1.078e+00;4.160e-01;2.873e-01;3.858e-01;2.665e-01;1.085e+00;1.078e+00;3.744e-01;2.586e-01;5.000e+01;1.000e+01;4.168e-01;4.520e-01;4.520e-01;3.836e-01;2.698e-01;5.000e+01
29.990442000;1.078e+00;4.159e-01;2.875e-01;3.859e-01;2.667e-01;1.084e+00;1.078e+00;3.743e-01;2.587e-01;5.000e+01;1.000e+01;4.168e-01;4.520e-01;4.520e-01;3.836e-01;2.700e-01;5.000e+01
29.990506000;1.078e+00;4.158e-01;2.877e-01;3.859e-01;2.670e-01;1.084e+00;1.078e+00;3.742e-01;2.589e-01;5.000e+01;1.000e+01;4.168e-01;4.520e-01;4.520e-01;3.836e-01;2.703e-01;5.000e+01
29.990570000;1.077e+00;4.157e-01;2.880e-01;3.859e-01;2.673e-01;1.084e+00;1.077e+00;3.741e-01;2.592e-01;5.000e+01;1.000e+01;4.168e-01;4.520e-01;4.520e-01;3.836e-01;2.706e-01;5.000e+01
29.990634000;1.077e+00;4.155e-01;2.883e-01;3.859e-01;2.677e-01;1.084e+00;1.077e+00;3.740e-01;2.594e-01;5.000e+01;1.000e+01;4.168e-01;4.520e-01;4.520e-01;3.836e-01;2.709e-01;5.000e+01
29.990698000;1.077e+00;4.154e-01;2.886e-01;3.859e-01;2.680e-01;1.083e+00;1.077e+00;3.739e-01;2.597e-01;5.000e+01;1.000e+01;4.168e-01;4.520e-01;4.520e-01;3.836e-01;2.713e-01;5.000e+01
29.990762000;1.076e+00;4.153e-01;2.890e-01;3.859e-01;2.684e-01;1.083e+00;1.076e+00;3.738e-01;2.601e-01;5.000e+01;1.000e+01;4.168e-01;4.520e-01;4.520e-01;3.836e-01;2.717e-01;5.000e+01
29.990890000;1.076e+00;4.151e-01;2.898e-01;3.859e-01;2.694e-01;1.083e+00;1.076e+00;3.736e-01;2.608e-01;5.000e+01;1.000e+01;4.168e-01;4.520e-01;4.520e-01;3.836e-01;2.726e-01;5.000e+01
29.991018000;1.075e+00;4.149e-01;2.908e-01;3.859e-01;2.704e-01;1.082e+00;1.075e+00;3.735e-01;2.617e-01;5.000e+01;1.000e+01;4.168e-01;4.520e-01;4.520e-01;3.836e-01;2.736e-01;5.000e+01
29.991146000;1.075e+00;4.148e-01;2.918e-01;3.859e-01;2.715e-01;1.082e+00;1.075e+00;3.733e-01;2.627e-01;5.000e+01;1.000e+01;4.168e-01;4.520e-01;4.520e-01;3.836e-01;2.748e-01;5.000e+01
29.991274000;1.074e+00;4.146e-01;2.930e-01;3.859e-01;2.727e-01;1.081e+00;1.074e+00;3.731e-01;2.637e-01;5.000e+01;1.000e+01;4.168e-01;4.520e-01;4.520e-01;3.836e-01;2.760e-01;5.000e+01
29.991402000;1.074e+00;4.144e-01;2.943e-01;3.859e-01;2.741e-01;1.081e+00;1.074e+00;3.730e-01;2.649e-01;5.000e+01;1.000e+01;4.168e-01;4.520e-01;4.520e-01;3.836e-01;2.773e-01;5.000e+01
29.991530000;1.073e+00;4.142e-01;2.957e-01;3.859e-01;2.755e-01;1.080e+00;1.073e+00;3.728e-01;2.662e-01;5.000e+01;1.000e+01;4.168e-01;4.520e-01;4.520e-01;3.836e-01;2.788e-01;5.000e+01
29.991658000;1.073e+00;4.141e-01;2.972e-01;3.859e-01;2.770e-01;1.080e+00;1.073e+00;3.727e-01;2.675e-01;5.000e+01;1.000e+01;4.168e-01;4.520e-01;4.520e-01;3.836e-01;2.803e-01;5.000e+01
29.991786000;1.073e+00;4.139e-01;2.988e-01;3.859e-01;2.786e-01;1.079e+00;1.073e+00;3.725e-01;2.690e-01;5.000e+01;1.000e+01;4.168e-01;4.520e-01;4.520e-01;3.836e-01;2.819e-01;5.000e+01
29.991914000;1.072e+00;4.138e-01;3.005e-01;3.859e-01;2.803e-01;1.079e+00;1.072e+00;3.724e-01;2.705e-01;5.000e+01;1.000e+01;4.168e-01;4.520e-01;4.520e-01;3.836e-01;2.836e-01;5.000e+01
29.992042000;1.072e+00;4.136e-01;3.023e-01;3.860e-01;2.821e-01;1.079e+00;1.072e+00;3.723e-01;2.721e-01;5.000e+01;1.000e+01;4.168e-01;4.520e-01;4.520e-01;3.836e-01;2.853e-01;5.000e+01
29.992170000;1.071e+00;4.135e-01;3.042e-01;3.860e-01;2.839e-01;1.078e+00;1.071e+00;3.721e-01;2.737e-01;5.000e+01;1.000e+01;4.168e-01;4.520e-01;4.520e-01;3.836e-01;2.872e-01;5.000e+01
29.992298000;1.071e+00;4.133e-01;3.061e-01;3.860e-01;2.858e-01;1.078e+00;1.071e+00;3.720e-01;2.755e-01;5.000e+01;1.000e+01;4.168e-01;4.520e-01;4.520e-01;3.836e-01;2.891e-01;5.000e+01
29.992426000;1.070e+00;4.132e-01;3.081e-01;3.860e-01;2.878e-01;1.078e+00;1.070e+00;3.719e-01;2.773e-01;5.000e+01;1.000e+01;4.168e-01;4.520e-01;4.520e-01;3.836e-01;2.910e-01;5.000e+01
29.992554000;1.070e+00;4.131e-01;3.102e-01;3.860e-01;2.899e-01;1.077e+00;1.070e+00;3.718e-01;2.791e-01;5.000e+01;1.000e+01;4.168e-01;4.520e-01;4.520e-01;3.836e-01;2.931e-01;5.000e+01
29.992682000;1.070e+00;4.130e-01;3.123e-01;3.861e-01;2.920e-01;1.077e+00;1.070e+00;3.717e-01;2.811e-01;5.000e+01;1.000e+01;4.168e-01;4.520e-01;4.520e-01;3.836e-01;2.952e-01;5.000e+01
29.992810000;1.069e+00;4.128e-01;3.145e-01;3.861e-01;2.941e-01;1.077e+00;1.069e+00;3.715e-01;2.830e-01;5.000e+01;1.000e+01;4.168e-01;4.520e-01;4.520e-01;3.836e-01;2.973e-01;5.000e+01
29.992938000;1.069e+00;4.127e-01;3.167e-01;3.861e-01;2.963e-01;1.076e+00;1.069e+00;3.714e-01;2.851e-01;5.000e+01;1.000e+01;4.168e-01;4.520e-01;4.520e-01;3.836e-01;2.996e-01;5.000e+01
29.993066000;1.069e+00;4.126e-01;3.190e-01;3.861e-01;2.986e-01;1.076e+00;1.069e+00;3.713e-01;2.871e-01;5.000e+01;1.000e+01;4.168e-01;4.520e-01;4.520e-01;3.836e-01;3.018e-01;5.000e+01
29.993322000;1.068e+00;4.124e-01;3.238e-01;3.862e-01;3.033e-01;1.075e+00;1.068e+00;3.711e-01;2.914e-01;5.000e+01;1.000e+01;4.168e-01;4.520e-01;4.520e-01;3.836e-01;3.065e-01;5.000e+01
29.993552000;1.067e+00;4.122e-01;3.283e-01;3.862e-01;3.076e-01;1.075e+00;1.067e+00;3.710e-01;2.954e-01;5.000e+01;1.000e+01;4.168e-01;4.520e-01;4.520e-01;3.836e-01;3.109e-01;5.000e+01
29.993783000;1.067e+00;4.120e-01;3.329e-01;3.863e-01;3.121e-01;1.074e+00;1.067e+00;3.708e-01;2.996e-01;5.000e+01;1.000e+01;4.168e-01;4.520e-01;4.520e-01;3.837e-01;3.154e-01;5.000e+01
29.994013000;1.066e+00;4.118e-01;3.376e-01;3.864e-01;3.167e-01;1.074e+00;1.066e+00;3.707e-01;3.039e-01;5.000e+01;1.000e+01;4.168e-01;4.520e-01;4.520e-01;3.837e-01;3.200e-01;5.000e+01
29.994244000;1.065e+00;4.117e-01;3.425e-01;3.864e-01;3.214e-01;1.073e+00;1.065e+00;3.705e-01;3.082e-01;5.000e+01;1.000e+01;4.168e-01;4.520e-01;4.520e-01;3.837e-01;3.247e-01;5.000e+01
29.994474000;1.065e+00;4.115e-01;3.474e-01;3.865e-01;3.263e-01;1.073e+00;1.065e+00;3.704e-01;3.127e-01;5.000e+01;1.000e+01;4.168e-01;4.520e-01;4.520e-01;3.837e-01;3.295e-01;5.000e+01
29.994704000;1.064e+00;4.114e-01;3.525e-01;3.866e-01;3.312e-01;1.072e+00;1.064e+00;3.703e-01;3.172e-01;5.000e+01;1.000e+01;4.168e-01;4.520e-01;4.520e-01;3.837e-01;3.344e-01;5.000e+01
29.994935000;1.064e+00;4.113e-01;3.576e-01;3.866e-01;3.362e-01;1.072e+00;1.064e+00;3.701e-01;3.219e-01;5.000e+01;1.000e+01;4.168e-01;4.520e-01;4.520e-01;3.838e-01;3.395e-01;5.000e+01
29.995396000;1.063e+00;4.110e-01;3.681e-01;3.868e-01;3.464e-01;1.071e+00;1.063e+00;3.699e-01;3.313e-01;5.000e+01;1.000e+01;4.168e-01;4.520e-01;4.520e-01;3.838e-01;3.497e-01;5.000e+01
29.995856000;1.062e+00;4.108e-01;3.789e-01;3.869e-01;3.569e-01;1.070e+00;1.062e+00;3.697e-01;3.410e-01;5.000e+01;1.000e+01;4.168e-01;4.520e-01;4.520e-01;3.839e-01;3.602e-01;5.000e+01
29.996317000;1.061e+00;4.105e-01;3.899e-01;3.871e-01;3.676e-01;1.070e+00;1.061e+00;3.695e-01;3.509e-01;5.000e+01;1.000e+01;4.168e-01;4.520e-01;4.520e-01;3.839e-01;3.709e-01;5.000e+01
29.996778000;1.060e+00;4.103e-01;4.011e-01;3.873e-01;3.785e-01;1.069e+00;1.060e+00;3.693e-01;3.610e-01;5.000e+01;1.000e+01;4.168e-01;4.520e-01;4.520e-01;3.840e-01;3.818e-01;5.000e+01
29.997239000;1.059e+00;4.101e-01;4.124e-01;3.874e-01;3.896e-01;1.068e+00;1.059e+00;3.691e-01;3.712e-01;5.000e+01;1.000e+01;4.168e-01;4.520e-01;4.520e-01;3.841e-01;3.929e-01;5.000e+01
29.997654000;1.058e+00;4.100e-01;4.227e-01;3.876e-01;3.996e-01;1.068e+00;1.058e+00;3.690e-01;3.804e-01;5.000e+01;1.000e+01;4.168e-01;4.520e-01;4.520e-01;3.841e-01;4.029e-01;5.000e+01
29.998068000;1.057e+00;4.098e-01;4.331e-01;3.878e-01;4.098e-01;1.067e+00;1.057e+00;3.689e-01;3.898e-01;5.000e+01;1.000e+01;4.168e-01;4.520e-01;4.520e-01;3.842e-01;4.131e-01;5.000e+01
29.998483000;1.056e+00;4.097e-01;4.435e-01;3.880e-01;4.200e-01;1.066e+00;1.056e+00;3.687e-01;3.992e-01;5.000e+01;1.000e+01;4.168e-01;4.520e-01;4.520e-01;3.843e-01;4.233e-01;5.000e+01
29.998646000;1.056e+00;4.096e-01;4.476e-01;3.880e-01;4.240e-01;1.066e+00;1.056e+00;3.687e-01;4.029e-01;5.000e+01;1.000e+01;4.168e-01;4.520e-01;4.520e-01;3.843e-01;4.274e-01;5.000e+01
29.998654000;1.056e+00;4.096e-01;4.473e-01;3.880e-01;4.237e-01;1.066e+00;1.056e+00;3.687e-01;4.026e-01;5.000e+01;1.000e+01;4.168e-01;4.520e-01;4.520e-01;3.843e-01;4.271e-01;5.000e+01
29.998662000;1.056e+00;4.096e-01;4.470e-01;3.880e-01;4.235e-01;1.066e+00;1.056e+00;3.686e-01;4.023e-01;5.000e+01;1.000e+01;4.168e-01;4.520e-01;4.520e-01;3.843e-01;4.268e-01;5.000e+01
29.998678000;1.055e+00;4.095e-01;4.464e-01;3.880e-01;4.229e-01;1.066e+00;1.055e+00;3.686e-01;4.017e-01;5.000e+01;1.000e+01;4.168e-01;4.520e-01;4.520e-01;3.843e-01;4.263e-01;5.000e+01
29.998710000;1.055e+00;4.094e-01;4.451e-01;3.880e-01;4.218e-01;1.066e+00;1.055e+00;3.685e-01;4.006e-01;5.000e+01;1.000e+01;4.168e-01;4.520e-01;4.520e-01;3.844e-01;4.252e-01;5.000e+01
29.998838000;1.054e+00;4.089e-01;4.397e-01;3.880e-01;4.172e-01;1.064e+00;1.054e+00;3.680e-01;3.958e-01;5.000e+01;1.000e+01;4.168e-01;4.520e-01;4.520e-01;3.844e-01;4.205e-01;5.000e+01
29.998870000;1.054e+00;4.088e-01;4.383e-01;3.879e-01;4.160e-01;1.064e+00;1.054e+00;3.679e-01;3.945e-01;5.000e+01;1.000e+01;4.168e-01;4.520e-01;4.520e-01;3.844e-01;4.193e-01;5.000e+01
29.999085000;1.051e+00;4.078e-01;4.282e-01;3.879e-01;4.072e-01;1.062e+00;1.051e+00;3.670e-01;3.853e-01;5.000e+01;1.000e+01;4.168e-01;4.520e-01;4.520e-01;3.844e-01;4.104e-01;5.000e+01
29.999149000;1.051e+00;4.075e-01;4.249e-01;3.878e-01;4.043e-01;1.061e+00;1.051e+00;3.668e-01;3.824e-01;5.000e+01;1.000e+01;4.168e-01;4.520e-01;4.520e-01;3.844e-01;4.076e-01;5.000e+01
29.999213000;1.050e+00;4.073e-01;4.215e-01;3.878e-01;4.014e-01;1.060e+00;1.050e+00;3.665e-01;3.794e-01;5.000e+01;1.000e+01;4.168e-01;4.520e-01;4.520e-01;3.845e-01;4.046e-01;5.000e+01
29.999341000;1.049e+00;4.067e-01;4.144e-01;3.877e-01;3.951e-01;1.059e+00;1.049e+00;3.660e-01;3.730e-01;5.000e+01;1.000e+01;4.168e-01;4.520e-01;4.520e-01;3.845e-01;3.983e-01;5.000e+01
29.999597000;1.046e+00;4.054e-01;3.987e-01;3.876e-01;3.812e-01;1.055e+00;1.046e+00;3.648e-01;3.588e-01;5.000e+01;1.000e+01;4.168e-01;4.520e-01;4.520e-01;3.845e-01;3.843e-01;5.000e+01
29.999725000;1.044e+00;4.047e-01;3.901e-01;3.876e-01;3.735e-01;1.054e+00;1.044e+00;3.642e-01;3.511e-01;5.000e+01;1.000e+01;4.168e-01;4.520e-01;4.520e-01;3.846e-01;3.766e-01;5.000e+01
29.999853000;1.043e+00;4.040e-01;3.809e-01;3.875e-01;3.653e-01;1.052e+00;1.043e+00;3.636e-01;3.428e-01;5.000e+01;1.000e+01;4.168e-01;4.520e-01;4.520e-01;3.846e-01;3.684e-01;5.000e+01
29.999981000;1.041e+00;4.033e-01;3.712e-01;3.874e-01;3.566e-01;1.050e+00;1.041e+00;3.629e-01;3.341e-01;5.000e+01;1.000e+01;4.168e-01;4.520e-01;4.520e-01;3.846e-01;3.596e-01;5.000e+01
29.999996000;1.041e+00;4.032e-01;3.701e-01;3.874e-01;3.556e-01;1.050e+00;1.041e+00;3.629e-01;3.331e-01;5.000e+01;1.000e+01;4.168e-01;4.520e-01;4.520e-01;3.846e-01;3.586e-01;5.000e+01
30.000002000;1.041e+00;4.031e-01;3.696e-01;3.874e-01;3.552e-01;1.049e+00;1.041e+00;3.628e-01;3.326e-01;5.000e+01;1.000e+01;4.168e-01;4.520e-01;4.520e-01;3.846e-01;3.581e-01;5.000e+01
30.000010000;1.041e+00;4.031e-01;3.690e-01;3.874e-01;3.546e-01;1.049e+00;1.041e+00;3.628e-01;3.321e-01;5.000e+01;1.000e+01;4.168e-01;4.520e-01;4.520e-01;3.847e-01;3.576e-01;5.000e+01
30.000058000;1.040e+00;4.028e-01;3.651e-01;3.874e-01;3.511e-01;1.049e+00;1.040e+00;3.625e-01;3.286e-01;5.000e+01;1.000e+01;4.168e-01;4.520e-01;4.520e-01;3.847e-01;3.541e-01;5.000e+01
30.000250000;1.037e+00;4.016e-01;3.490e-01;3.872e-01;3.365e-01;1.046e+00;1.037e+00;3.615e-01;3.141e-01;5.000e+01;1.000e+01;4.168e-01;4.520e-01;4.520e-01;3.847e-01;3.394e-01;5.000e+01
30.000378000;1.035e+00;4.009e-01;3.387e-01;3.872e-01;3.272e-01;1.044e+00;1.035e+00;3.608e-01;3.049e-01;5.000e+01;1.000e+01;4.168e-01;4.520e-01;4.520e-01;3.848e-01;3.300e-01;5.000e+01
30.000427000;1.035e+00;4.008e-01;3.387e-01;3.872e-01;3.272e-01;1.043e+00;1.035e+00;3.607e-01;3.048e-01;5.000e+01;1.000e+01;4.168e-01;4.520e-01;4.520e-01;3.848e-01;3.300e-01;5.000e+01
30.000476000;1.035e+00;4.007e-01;3.386e-01;3.872e-01;3.272e-01;1.043e+00;1.035e+00;3.606e-01;3.047e-01;5.000e+01;1.000e+01;4.168e-01;4.520e-01;4.520e-01;3.848e-01;3.300e-01;5.000e+01
30.000525000;1.035e+00;4.006e-01;3.385e-01;3.872e-01;3.272e-01;1.043e+00;1.035e+00;3.606e-01;3.046e-01;5.000e+01;1.000e+01;4.168e-01;4.520e-01;4.520e-01;3.848e-01;3.300e-01;5.000e+01
30.000544000;1.035e+00;4.006e-01;3.385e-01;3.872e-01;3.272e-01;1.043e+00;1.035e+00;3.605e-01;3.046e-01;5.000e+01;1.000e+01;4.168e-01;4.520e-01;4.520e-01;3.848e-01;3.300e-01;5.000e+01
30.000552000;1.035e+00;4.006e-01;3.385e-01;3.872e-01;3.272e-01;1.043e+00;1.035e+00;3.605e-01;3.046e-01;5.000e+01;1.000e+01;4.168e-01;4.520e-01;4.520e-01;3.848e-01;3.300e-01;5.000e+01
30.000560000;1.034e+00;4.006e-01;3.384e-01;3.872e-01;3.272e-01;1.043e+00;1.034e+00;3.605e-01;3.046e-01;5.000e+01;1.000e+01;4.168e-01;4.520e-01;4.520e-01;3.848e-01;3.300e-01;5.000e+01
30.000576000;1.034e+00;4.005e-01;3.384e-01;3.872e-01;3.272e-01;1.043e+00;1.034e+00;3.605e-01;3.046e-01;5.000e+01;1.000e+01;4.168e-01;4.520e-01;4.520e-01;3.848e-01;3.300e-01;5.000e+01
30.000608000;1.034e+00;4.005e-01;3.384e-01;3.872e-01;3.272e-01;1.042e+00;1.034e+00;3.604e-01;3.045e-01;5.000e+01;1.000e+01;4.168e-01;4.520e-01;4.520e-01;3.848e-01;3.300e-01;5.000e+01
30.000640000;1.034e+00;4.004e-01;3.383e-01;3.872e-01;3.272e-01;1.042e+00;1.034e+00;3.604e-01;3.045e-01;5.000e+01;1.000e+01;4.168e-01;4.520e-01;4.520e-01;3.848e-01;3.300e-01;5.000e+01
30.000672000;1.034e+00;4.004e-01;3.383e-01;3.873e-01;3.272e-01;1.042e+00;1.034e+00;3.603e-01;3.044e-01;5.000e+01;1.000e+01;4.168e-01;4.520e-01;4.520e-01;3.848e-01;3.300e-01;5.000e+01
30.000704000;1.034e+00;4.003e-01;3.382e-01;3.873e-01;3.272e-01;1.042e+00;1.034e+00;3.603e-01;3.044e-01;5.000e+01;1.000e+01;4.168e-01;4.520e-01;4.520e-01;3.849e-01;3.300e-01;5.000e+01
30.000736000;1.034e+00;4.003e-01;3.382e-01;3.873e-01;3.272e-01;1.042e+00;1.034e+00;3.603e-01;3.043e-01;5.000e+01;1.000e+01;4.168e-01;4.520e-01;4.520e-01;3.849e-01;3.300e-01;5.000e+01
30.000768000;1.033e+00;4.002e-01;3.381e-01;3.873e-01;3.272e-01;1.042e+00;1.033e+00;3.602e-01;3.043e-01;5.000e+01;1.000e+01;4.168e-01;4.520e-01;4.520e-01;3.849e-01;3.300e-01;5.000e+01
30.000800000;1.033e+00;4.002e-01;3.381e-01;3.873e-01;3.272e-01;1.041e+00;1.033e+00;3.602e-01;3.042e-01;5.000e+01;1.000e+01;4.168e-01;4.520e-01;4.520e-01;3.849e-01;3.300e-01;5.000e+01
30.000953000;1.032e+00;3.999e-01;3.378e-01;3.873e-01;3.272e-01;1.041e+00;1.032e+00;3.599e-01;3.040e-01;5.000e+01;1.000e+01;4.168e-01;4.520e-01;4.520e-01;3.849e-01;3.300e-01;5.000e+01
30.001011000;1.032e+00;3.998e-01;3.377e-01;3.874e-01;3.272e-01;1.040e+00;1.032e+00;3.599e-01;3.039e-01;5.000e+01;1.000e+01;4.168e-01;4.520e-01;4.520e-01;3.850e-01;3.300e-01;5.000e+01
30.001069000;1.032e+00;3.997e-01;3.376e-01;3.874e-01;3.272e-01;1.040e+00;1.032e+00;3.598e-01;3.039e-01;5.000e+01;1.000e+01;4.168e-01;4.520e-01;4.520e-01;3.850e-01;3.300e-01;5.000e+01
30.001126000;1.032e+00;3.997e-01;3.375e-01;3.874e-01;3.272e-01;1.040e+00;1.032e+00;3.597e-01;3.038e-01;5.000e+01;1.000e+01;4.168e-01;4.520e-01;4.520e-01;3.850e-01;3.300e-01;5.000e+01
30.001184000;1.031e+00;3.996e-01;3.374e-01;3.874e-01;3.272e-01;1.039e+00;1.031e+00;3.596e-01;3.037e-01;5.000e+01;1.000e+01;4.168e-01;4.520e-01;4.520e-01;3.850e-01;3.300e-01;5.000e+01
30.001241000;1.031e+00;3.995e-01;3.373e-01;3.874e-01;3.272e-01;1.039e+00;1.031e+00;3.595e-01;3.036e-01;5.000e+01;1.000e+01;4.168e-01;4.520e-01;4.520e-01;3.850e-01;3.300e-01;5.000e+01
30.001299000;1.031e+00;3.994e-01;3.373e-01;3.875e-01;3.272e-01;1.039e+00;1.031e+00;3.594e-01;3.035e-01;5.000e+01;1.000e+01;4.168e-01;4.520e-01;4.520e-01;3.851e-01;3.300e-01;5.000e+01
30.001357000;1.030e+00;3.993e-01;3.372e-01;3.875e-01;3.272e-01;1.039e+00;1.030e+00;3.594e-01;3.034e-01;5.000e+01;1.000e+01;4.168e-01;4.520e-01;4.520e-01;3.851e-01;3.300e-01;5.000e+01
30.001529000;1.030e+00;3.990e-01;3.369e-01;3.875e-01;3.272e-01;1.038e+00;1.030e+00;3.591e-01;3.032e-01;5.000e+01;1.000e+01;4.168e-01;4.520e-01;4.520e-01;3.851e-01;3.300e-01;5.000e+01
30.001587000;1.029e+00;3.989e-01;3.368e-01;3.876e-01;3.272e-01;1.037e+00;1.029e+00;3.590e-01;3.031e-01;5.000e+01;1.000e+01;4.168e-01;4.520e-01;4.520e-01;3.852e-01;3.300e-01;5.000e+01
30.001702000;1.029e+00;3.987e-01;3.366e-01;3.876e-01;3.272e-01;1.037e+00;1.029e+00;3.589e-01;3.029e-01;5.000e+01;1.000e+01;4.168e-01;4.520e-01;4.520e-01;3.852e-01;3.300e-01;5.000e+01
30.001817000;1.028e+00;3.986e-01;3.364e-01;3.876e-01;3.272e-01;1.036e+00;1.028e+00;3.587e-01;3.028e-01;5.000e+01;1.000e+01;4.168e-01;4.520e-01;4.520e-01;3.853e-01;3.300e-01;5.000e+01
30.001933000;1.028e+00;3.984e-01;3.362e-01;3.877e-01;3.272e-01;1.036e+00;1.028e+00;3.585e-01;3.026e-01;5.000e+01;1.000e+01;4.168e-01;4.520e-01;4.520e-01;3.853e-01;3.300e-01;5.000e+01
30.002048000;1.027e+00;3.982e-01;3.361e-01;3.877e-01;3.272e-01;1.035e+00;1.027e+00;3.584e-01;3.024e-01;5.000e+01;1.000e+01;4.168e-01;4.520e-01;4.520e-01;3.854e-01;3.300e-01;5.000e+01
30.002163000;1.026e+00;3.980e-01;3.359e-01;3.878e-01;3.272e-01;1.035e+00;1.026e+00;3.582e-01;3.023e-01;5.000e+01;1.000e+01;4.168e-01;4.520e-01;4.520e-01;3.854e-01;3.300e-01;5.000e+01
30.002278000;1.026e+00;3.979e-01;3.357e-01;3.878e-01;3.272e-01;1.034e+00;1.026e+00;3.581e-01;3.021e-01;5.000e+01;1.000e+01;4.168e-01;4.520e-01;4.520e-01;3.855e-01;3.300e-01;5.000e+01
30.002739000;1.024e+00;3.972e-01;3.349e-01;3.880e-01;3.272e-01;1.032e+00;1.024e+00;3.575e-01;3.014e-01;5.000e+01;1.000e+01;4.168e-01;4.520e-01;4.520e-01;3.857e-01;3.300e-01;5.000e+01
30.002969000;1.022e+00;3.968e-01;3.346e-01;3.881e-01;3.272e-01;1.031e+00;1.022e+00;3.572e-01;3.011e-01;5.000e+01;1.000e+01;4.168e-01;4.520e-01;4.520e-01;3.858e-01;3.300e-01;5.000e+01
30.003200000;1.021e+00;3.965e-01;3.342e-01;3.883e-01;3.272e-01;1.029e+00;1.021e+00;3.569e-01;3.008e-01;5.000e+01;1.000e+01;4.168e-01;4.520e-01;4.520e-01;3.859e-01;3.300e-01;5.000e+01
30.003430000;1.020e+00;3.962e-01;3.338e-01;3.884e-01;3.272e-01;1.028e+00;1.020e+00;3.566e-01;3.004e-01;5.000e+01;1.000e+01;4.168e-01;4.520e-01;4.520e-01;3.860e-01;3.300e-01;5.000e+01
30.003661000;1.019e+00;3.959e-01;3.335e-01;3.885e-01;3.273e-01;1.027e+00;1.019e+00;3.563e-01;3.001e-01;5.000e+01;1.000e+01;4.168e-01;4.520e-01;4.520e-01;3.862e-01;3.300e-01;5.000e+01
30.003891000;1.018e+00;3.955e-01;3.331e-01;3.886e-01;3.273e-01;1.026e+00;1.018e+00;3.560e-01;2.998e-01;5.000e+01;1.000e+01;4.168e-01;4.520e-01;4.520e-01;3.863e-01;3.300e-01;5.000e+01
30.004121000;1.017e+00;3.952e-01;3.327e-01;3.887e-01;3.273e-01;1.025e+00;1.017e+00;3.557e-01;2.994e-01;5.000e+01;1.000e+01;4.168e-01;4.520e-01;4.520e-01;3.864e-01;3.300e-01;5.000e+01
30.004352000;1.016e+00;3.949e-01;3.324e-01;3.889e-01;3.273e-01;1.024e+00;1.016e+00;3.554e-01;2.991e-01;5.000e+01;1.000e+01;4.168e-01;4.520e-01;4.520e-01;3.866e-01;3.300e-01;5.000e+01
30.004582000;1.014e+00;3.946e-01;3.320e-01;3.890e-01;3.273e-01;1.023e+00;1.014e+00;3.551e-01;2.988e-01;5.000e+01;1.000e+01;4.168e-01;4.520e-01;4.520e-01;3.867e-01;3.300e-01;5.000e+01
30.004813000;1.013e+00;3.943e-01;3.316e-01;3.892e-01;3.273e-01;1.021e+00;1.013e+00;3.549e-01;2.984e-01;5.000e+01;1.000e+01;4.168e-01;4.520e-01;4.520e-01;3.869e-01;3.300e-01;5.000e+01
30.005273000;1.011e+00;3.937e-01;3.309e-01;3.895e-01;3.273e-01;1.019e+00;1.011e+00;3.543e-01;2.978e-01;5.000e+01;1.000e+01;4.168e-01;4.520e-01;4.520e-01;3.872e-01;3.300e-01;5.000e+01
30.005504000;1.010e+00;3.934e-01;3.305e-01;3.896e-01;3.273e-01;1.018e+00;1.010e+00;3.541e-01;2.974e-01;5.000e+01;1.000e+01;4.168e-01;4.520e-01;4.520e-01;3.873e-01;3.300e-01;5.000e+01
30.005734000;1.009e+00;3.931e-01;3.301e-01;3.898e-01;3.273e-01;1.017e+00;1.009e+00;3.538e-01;2.971e-01;5.000e+01;1.000e+01;4.168e-01;4.520e-01;4.520e-01;3.875e-01;3.300e-01;5.000e+01
30.005965000;1.007e+00;3.928e-01;3.298e-01;3.899e-01;3.273e-01;1.016e+00;1.007e+00;3.536e-01;2.968e-01;5.000e+01;1.000e+01;4.168e-01;4.520e-01;4.520e-01;3.877e-01;3.300e-01;5.000e+01
30.006425000;1.005e+00;3.923e-01;3.290e-01;3.903e-01;3.273e-01;1.013e+00;1.005e+00;3.530e-01;2.961e-01;5.000e+01;1.000e+01;4.168e-01;4.520e-01;4.520e-01;3.880e-01;3.300e-01;5.000e+01
30.006886000;1.003e+00;3.917e-01;3.283e-01;3.906e-01;3.273e-01;1.011e+00;1.003e+00;3.526e-01;2.954e-01;5.000e+01;1.000e+01;4.168e-01;4.520e-01;4.520e-01;3.884e-01;3.300e-01;5.000e+01
30.007347000;1.001e+00;3.912e-01;3.275e-01;3.910e-01;3.274e-01;1.009e+00;1.001e+00;3.521e-01;2.948e-01;5.000e+01;1.000e+01;4.168e-01;4.520e-01;4.520e-01;3.888e-01;3.300e-01;5.000e+01
30.007808000;9.982e-01;3.907e-01;3.268e-01;3.914e-01;3.274e-01;1.006e+00;9.982e-01;3.516e-01;2.941e-01;5.000e+01;1.000e+01;4.168e-01;4.520e-01;4.520e-01;3.891e-01;3.300e-01;5.000e+01
30.008269000;9.959e-01;3.902e-01;3.260e-01;3.918e-01;3.274e-01;1.004e+00;9.959e-01;3.512e-01;2.934e-01;5.000e+01;1.000e+01;4.168e-01;4.520e-01;4.520e-01;3.896e-01;3.300e-01;5.000e+01
30.008729000;9.936e-01;3.897e-01;3.253e-01;3.922e-01;3.274e-01;1.002e+00;9.936e-01;3.507e-01;2.928e-01;5.000e+01;1.000e+01;4.168e-01;4.520e-01;4.520e-01;3.900e-01;3.300e-01;5.000e+01
30.009651000;9.890e-01;3.887e-01;3.238e-01;3.930e-01;3.274e-01;9.972e-01;9.890e-01;3.499e-01;2.914e-01;5.000e+01;1.000e+01;4.168e-01;4.520e-01;4.520e-01;3.909e-01;3.300e-01;5.000e+01
30.009751000;9.885e-01;3.886e-01;3.237e-01;3.931e-01;3.274e-01;9.967e-01;9.885e-01;3.498e-01;2.913e-01;5.000e+01;1.000e+01;4.168e-01;4.520e-01;4.520e-01;3.910e-01;3.300e-01;5.000e+01
30.009759000;9.885e-01;3.886e-01;3.236e-01;3.931e-01;3.274e-01;9.966e-01;9.885e-01;3.498e-01;2.913e-01;5.000e+01;1.000e+01;4.168e-01;4.520e-01;4.520e-01;3.910e-01;3.300e-01;5.000e+01
30.009767000;9.885e-01;3.886e-01;3.236e-01;3.932e-01;3.274e-01;9.966e-01;9.885e-01;3.498e-01;2.913e-01;5.000e+01;1.000e+01;4.168e-01;4.520e-01;4.520e-01;3.910e-01;3.300e-01;5.000e+01
30.009783000;9.884e-01;3.886e-01;3.236e-01;3.932e-01;3.274e-01;9.965e-01;9.884e-01;3.497e-01;2.912e-01;5.000e+01;1.000e+01;4.168e-01;4.520e-01;4.520e-01;3.910e-01;3.300e-01;5.000e+01
30.009815000;9.882e-01;3.886e-01;3.235e-01;3.932e-01;3.274e-01;9.964e-01;9.882e-01;3.497e-01;2.912e-01;5.000e+01;1.000e+01;4.168e-01;4.520e-01;4.520e-01;3.910e-01;3.300e-01;5.000e+01
30.009879000;9.879e-01;3.885e-01;3.234e-01;3.933e-01;3.274e-01;9.960e-01;9.879e-01;3.497e-01;2.911e-01;5.000e+01;1.000e+01;4.168e-01;4.520e-01;4.520e-01;3.911e-01;3.300e-01;5.000e+01
30.009994000;9.873e-01;3.884e-01;3.233e-01;3.934e-01;3.274e-01;9.955e-01;9.873e-01;3.496e-01;2.909e-01;5.000e+01;1.000e+01;4.168e-01;4.520e-01;4.520e-01;3.912e-01;3.300e-01;5.000e+01
30.009994000;9.873e-01;3.884e-01;3.232e-01;3.934e-01;3.274e-01;9.954e-01;9.873e-01;3.495e-01;2.909e-01;5.000e+01;1.000e+01;4.168e-01;4.520e-01;4.520e-01;3.912e-01;3.300e-01;5.000e+01
30.010010000;9.873e-01;3.884e-01;3.232e-01;3.934e-01;3.274e-01;9.954e-01;9.873e-01;3.496e-01;2.909e-01;5.000e+01;1.000e+01;4.168e-01;4.520e-01;4.520e-01;3.912e-01;3.300e-01;5.000e+01
30.010026000;9.873e-01;3.884e-01;3.232e-01;3.934e-01;3.274e-01;9.954e-01;9.873e-01;3.496e-01;2.909e-01;5.000e+01;1.000e+01;4.168e-01;4.520e-01;4.520e-01;3.912e-01;3.300e-01;5.000e+01
30.010058000;9.873e-01;3.884e-01;3.232e-01;3.934e-01;3.274e-01;9.954e-01;9.873e-01;3.496e-01;2.909e-01;5.000e+01;1.000e+01;4.168e-01;4.520e-01;4.520e-01;3.913e-01;3.300e-01;5.000e+01
30.010122000;9.873e-01;3.885e-01;3.232e-01;3.935e-01;3.274e-01;9.954e-01;9.873e-01;3.497e-01;2.909e-01;5.000e+01;1.000e+01;4.168e-01;4.520e-01;4.520e-01;3.913e-01;3.300e-01;5.000e+01
30.010186000;9.873e-01;3.886e-01;3.232e-01;3.936e-01;3.274e-01;9.954e-01;9.873e-01;3.497e-01;2.909e-01;5.000e+01;1.000e+01;4.168e-01;4.520e-01;4.520e-01;3.914e-01;3.300e-01;5.000e+01
30.010250000;9.873e-01;3.886e-01;3.232e-01;3.936e-01;3.274e-01;9.954e-01;9.873e-01;3.498e-01;2.909e-01;5.000e+01;1.000e+01;4.168e-01;4.520e-01;4.520e-01;3.915e-01;3.300e-01;5.000e+01
30.010314000;9.873e-01;3.887e-01;3.232e-01;3.937e-01;3.274e-01;9.954e-01;9.873e-01;3.498e-01;2.909e-01;5.000e+01;1.000e+01;4.168e-01;4.520e-01;4.520e-01;3.915e-01;3.300e-01;5.000e+01
30.010378000;9.873e-01;3.888e-01;3.232e-01;3.938e-01;3.274e-01;9.954e-01;9.873e-01;3.499e-01;2.909e-01;5.000e+01;1.000e+01;4.168e-01;4.520e-01;4.520e-01;3.916e-01;3.300e-01;5.000e+01
30.010442000;9.873e-01;3.888e-01;3.232e-01;3.938e-01;3.274e-01;9.954e-01;9.873e-01;3.500e-01;2.909e-01;5.000e+01;1.000e+01;4.168e-01;4.520e-01;4.520e-01;3.917e-01;3.300e-01;5.000e+01
30.010506000;9.873e-01;3.889e-01;3.232e-01;3.939e-01;3.274e-01;9.954e-01;9.873e-01;3.500e-01;2.909e-01;5.000e+01;1.000e+01;4.168e-01;4.520e-01;4.520e-01;3.917e-01;3.300e-01;5.000e+01
30.010570000;9.873e-01;3.890e-01;3.232e-01;3.940e-01;3.274e-01;9.954e-01;9.873e-01;3.501e-01;2.909e-01;5.000e+01;1.000e+01;4.168e-01;4.520e-01;4.520e-01;3.918e-01;3.300e-01;5.000e+01
30.010634000;9.873e-01;3.890e-01;3.232e-01;3.940e-01;3.274e-01;9.954e-01;9.873e-01;3.501e-01;2.909e-01;5.000e+01;1.000e+01;4.168e-01;4.520e-01;4.520e-01;3.918e-01;3.300e-01;5.000e+01
30.010762000;9.873e-01;3.892e-01;3.232e-01;3.942e-01;3.274e-01;9.954e-01;9.873e-01;3.503e-01;2.909e-01;5.000e+01;1.000e+01;4.168e-01;4.520e-01;4.520e-01;3.920e-01;3.300e-01;5.000e+01
30.010826000;9.873e-01;3.892e-01;3.232e-01;3.942e-01;3.274e-01;9.954e-01;9.873e-01;3.503e-01;2.909e-01;5.000e+01;1.000e+01;4.168e-01;4.520e-01;4.520e-01;3.920e-01;3.300e-01;5.000e+01
30.010954000;9.873e-01;3.894e-01;3.232e-01;3.944e-01;3.273e-01;9.954e-01;9.873e-01;3.504e-01;2.909e-01;5.000e+01;1.000e+01;4.168e-01;4.520e-01;4.520e-01;3.922e-01;3.300e-01;5.000e+01
30.011082000;9.873e-01;3.895e-01;3.232e-01;3.945e-01;3.273e-01;9.954e-01;9.873e-01;3.506e-01;2.909e-01;5.000e+01;1.000e+01;4.168e-01;4.520e-01;4.520e-01;3.923e-01;3.300e-01;5.000e+01
30.011210000;9.873e-01;3.896e-01;3.232e-01;3.947e-01;3.273e-01;9.954e-01;9.873e-01;3.507e-01;2.909e-01;5.000e+01;1.000e+01;4.168e-01;4.520e-01;4.520e-01;3.924e-01;3.300e-01;5.000e+01
30.011338000;9.873e-01;3.898e-01;3.232e-01;3.948e-01;3.273e-01;9.954e-01;9.873e-01;3.508e-01;2.908e-01;5.000e+01;1.000e+01;4.168e-01;4.520e-01;4.520e-01;3.925e-01;3.300e-01;5.000e+01
30.011466000;9.873e-01;3.899e-01;3.232e-01;3.949e-01;3.273e-01;9.954e-01;9.873e-01;3.509e-01;2.908e-01;5.000e+01;1.000e+01;4.168e-01;4.520e-01;4.520e-01;3.927e-01;3.300e-01;5.000e+01
30.011722000;9.873e-01;3.902e-01;3.231e-01;3.952e-01;3.273e-01;9.954e-01;9.873e-01;3.511e-01;2.908e-01;5.000e+01;1.000e+01;4.168e-01;4.520e-01;4.520e-01;3.929e-01;3.300e-01;5.000e+01
30.011978000;9.873e-01;3.904e-01;3.231e-01;3.955e-01;3.273e-01;9.954e-01;9.873e-01;3.514e-01;2.908e-01;5.000e+01;1.000e+01;4.168e-01;4.520e-01;4.520e-01;3.932e-01;3.300e-01;5.000e+01
30.012234000;9.873e-01;3.907e-01;3.231e-01;3.957e-01;3.273e-01;9.954e-01;9.873e-01;3.516e-01;2.908e-01;5.000e+01;1.000e+01;4.168e-01;4.520e-01;4.520e-01;3.934e-01;3.300e-01;5.000e+01
30.012490000;9.873e-01;3.910e-01;3.231e-01;3.960e-01;3.272e-01;9.954e-01;9.873e-01;3.519e-01;2.908e-01;5.000e+01;1.000e+01;4.168e-01;4.520e-01;4.520e-01;3.937e-01;3.300e-01;5.000e+01
30.012746000;9.873e-01;3.912e-01;3.231e-01;3.963e-01;3.272e-01;9.954e-01;9.873e-01;3.521e-01;2.908e-01;5.000e+01;1.000e+01;4.168e-01;4.520e-01;4.520e-01;3.940e-01;3.300e-01;5.000e+01
30.013002000;9.873e-01;3.915e-01;3.231e-01;3.965e-01;3.272e-01;9.954e-01;9.873e-01;3.523e-01;2.908e-01;5.000e+01;1.000e+01;4.168e-01;4.520e-01;4.520e-01;3.942e-01;3.300e-01;5.000e+01
30.013258000;9.873e-01;3.917e-01;3.230e-01;3.968e-01;3.272e-01;9.954e-01;9.873e-01;3.526e-01;2.907e-01;5.000e+01;1.000e+01;4.168e-01;4.520e-01;4.520e-01;3.945e-01;3.300e-01;5.000e+01
30.013770000;9.873e-01;3.923e-01;3.230e-01;3.973e-01;3.272e-01;9.954e-01;9.873e-01;3.530e-01;2.907e-01;5.000e+01;1.000e+01;4.168e-01;4.520e-01;4.520e-01;3.950e-01;3.300e-01;5.000e+01
30.014538000;9.873e-01;3.931e-01;3.230e-01;3.981e-01;3.271e-01;9.954e-01;9.873e-01;3.538e-01;2.907e-01;5.000e+01;1.000e+01;4.168e-01;4.520e-01;4.520e-01;3.957e-01;3.300e-01;5.000e+01
30.015050000;9.873e-01;3.936e-01;3.230e-01;3.987e-01;3.271e-01;9.954e-01;9.873e-01;3.542e-01;2.907e-01;5.000e+01;1.000e+01;4.168e-01;4.520e-01;4.520e-01;3.963e-01;3.300e-01;5.000e+01
30.015306000;9.873e-01;3.938e-01;3.229e-01;3.989e-01;3.271e-01;9.954e-01;9.873e-01;3.545e-01;2.906e-01;5.000e+01;1.000e+01;4.168e-01;4.520e-01;4.520e-01;3.965e-01;3.300e-01;5.000e+01
30.015818000;9.873e-01;3.944e-01;3.229e-01;3.994e-01;3.271e-01;9.954e-01;9.873e-01;3.549e-01;2.906e-01;5.000e+01;1.000e+01;4.168e-01;4.520e-01;4.520e-01;3.970e-01;3.300e-01;5.000e+01
30.016330000;9.873e-01;3.949e-01;3.229e-01;4.000e-01;3.270e-01;9.954e-01;9.873e-01;3.554e-01;2.906e-01;5.000e+01;1.000e+01;4.168e-01;4.520e-01;4.520e-01;3.975e-01;3.300e-01;5.000e+01
30.016842000;9.873e-01;3.954e-01;3.229e-01;4.005e-01;3.270e-01;9.954e-01;9.873e-01;3.559e-01;2.906e-01;5.000e+01;1.000e+01;4.168e-01;4.520e-01;4.520e-01;3.981e-01;3.300e-01;5.000e+01
30.017354000;9.873e-01;3.959e-01;3.228e-01;4.010e-01;3.270e-01;9.954e-01;9.873e-01;3.563e-01;2.906e-01;5.000e+01;1.000e+01;4.168e-01;4.520e-01;4.520e-01;3.986e-01;3.300e-01;5.000e+01
30.017866000;9.873e-01;3.965e-01;3.228e-01;4.016e-01;3.270e-01;9.954e-01;9.873e-01;3.568e-01;2.905e-01;5.000e+01;1.000e+01;4.168e-01;4.520e-01;4.520e-01;3.991e-01;3.300e-01;5.000e+01
30.018378000;9.873e-01;3.970e-01;3.228e-01;4.021e-01;3.270e-01;9.954e-01;9.873e-01;3.573e-01;2.905e-01;5.000e+01;1.000e+01;4.168e-01;4.520e-01;4.520e-01;3.996e-01;3.300e-01;5.000e+01
30.018890000;9.873e-01;3.975e-01;3.228e-01;4.026e-01;3.269e-01;9.954e-01;9.873e-01;3.577e-01;2.905e-01;5.000e+01;1.000e+01;4.168e-01;4.520e-01;4.520e-01;4.001e-01;3.300e-01;5.000e+01
30.019914000;9.873e-01;3.985e-01;3.227e-01;4.037e-01;3.269e-01;9.954e-01;9.873e-01;3.587e-01;2.905e-01;5.000e+01;1.000e+01;4.168e-01;4.520e-01;4.520e-01;4.011e-01;3.300e-01;5.000e+01
30.020426000;9.873e-01;3.991e-01;3.227e-01;4.042e-01;3.269e-01;9.954e-01;9.873e-01;3.591e-01;2.904e-01;5.000e+01;1.000e+01;4.168e-01;4.520e-01;4.520e-01;4.016e-01;3.300e-01;5.000e+01
30.020938000;9.873e-01;3.996e-01;3.227e-01;4.047e-01;3.269e-01;9.954e-01;9.873e-01;3.596e-01;2.904e-01;5.000e+01;1.000e+01;4.168e-01;4.520e-01;4.520e-01;4.021e-01;3.300e-01;5.000e+01
30.021450000;9.873e-01;4.001e-01;3.227e-01;4.052e-01;3.268e-01;9.954e-01;9.873e-01;3.601e-01;2.904e-01;5.000e+01;1.000e+01;4.168e-01;4.520e-01;4.520e-01;4.027e-01;3.300e-01;5.000e+01
30.021962000;9.873e-01;4.006e-01;3.227e-01;4.058e-01;3.268e-01;9.954e-01;9.873e-01;3.605e-01;2.904e-01;5.000e+01;1.000e+01;4.168e-01;4.520e-01;4.520e-01;4.032e-01;3.300e-01;5.000e+01
30.022238000;9.873e-01;4.009e-01;3.227e-01;4.060e-01;3.268e-01;9.954e-01;9.873e-01;3.608e-01;2.904e-01;5.000e+01;1.000e+01;4.168e-01;4.520e-01;4.520e-01;4.034e-01;3.300e-01;5.000e+01
30.022239000;9.873e-01;4.009e-01;3.227e-01;4.060e-01;3.268e-01;9.954e-01;9.873e-01;3.608e-01;2.904e-01;5.000e+01;1.000e+01;4.168e-01;4.520e-01;4.520e-01;4.034e-01;3.300e-01;5.000e+01
30.022240000;9.873e-01;4.009e-01;3.227e-01;4.060e-01;3.268e-01;9.954e-01;9.873e-01;3.608e-01;2.904e-01;5.000e+01;1.000e+01;4.168e-01;4.520e-01;4.520e-01;4.035e-01;3.300e-01;5.000e+01
30.022242000;9.873e-01;4.009e-01;3.227e-01;4.060e-01;3.268e-01;9.954e-01;9.873e-01;3.608e-01;2.904e-01;5.000e+01;1.000e+01;4.168e-01;4.520e-01;4.520e-01;4.035e-01;3.300e-01;5.000e+01
30.022246000;9.873e-01;4.009e-01;3.227e-01;4.061e-01;3.268e-01;9.954e-01;9.873e-01;3.608e-01;2.904e-01;5.000e+01;1.000e+01;4.168e-01;4.520e-01;4.520e-01;4.035e-01;3.300e-01;5.000e+01
30.022270000;9.873e-01;4.009e-01;3.226e-01;4.061e-01;3.268e-01;9.954e-01;9.873e-01;3.608e-01;2.904e-01;5.000e+01;1.000e+01;4.168e-01;4.520e-01;4.520e-01;4.035e-01;3.300e-01;5.000e+01
30.022302000;9.873e-01;4.009e-01;3.226e-01;4.061e-01;3.268e-01;9.954e-01;9.873e-01;3.609e-01;2.904e-01;5.000e+01;1.000e+01;4.168e-01;4.520e-01;4.520e-01;4.035e-01;3.300e-01;5.000e+01
30.022366000;9.873e-01;4.010e-01;3.226e-01;4.062e-01;3.268e-01;9.954e-01;9.873e-01;3.609e-01;2.904e-01;5.000e+01;1.000e+01;4.168e-01;4.520e-01;4.520e-01;4.036e-01;3.300e-01;5.000e+01
30.022494000;9.873e-01;4.011e-01;3.226e-01;4.063e-01;3.268e-01;9.954e-01;9.873e-01;3.610e-01;2.904e-01;5.000e+01;1.000e+01;4.168e-01;4.520e-01;4.520e-01;4.037e-01;3.300e-01;5.000e+01
30.022750000;9.873e-01;4.014e-01;3.226e-01;4.066e-01;3.268e-01;9.954e-01;9.873e-01;3.613e-01;2.904e-01;5.000e+01;1.000e+01;4.168e-01;4.520e-01;4.520e-01;4.040e-01;3.300e-01;5.000e+01
30.023006000;9.873e-01;4.016e-01;3.226e-01;4.068e-01;3.268e-01;9.954e-01;9.873e-01;3.615e-01;2.904e-01;5.000e+01;1.000e+01;4.168e-01;4.520e-01;4.520e-01;4.042e-01;3.300e-01;5.000e+01
30.023518000;9.873e-01;4.021e-01;3.226e-01;4.073e-01;3.268e-01;9.954e-01;9.873e-01;3.619e-01;2.903e-01;5.000e+01;1.000e+01;4.168e-01;4.520e-01;4.520e-01;4.047e-01;3.300e-01;5.000e+01
30.024030000;9.873e-01;4.026e-01;3.226e-01;4.078e-01;3.267e-01;9.954e-01;9.873e-01;3.624e-01;2.903e-01;5.000e+01;1.000e+01;4.168e-01;4.520e-01;4.520e-01;4.052e-01;3.300e-01;5.000e+01
30.024542000;9.873e-01;4.031e-01;3.226e-01;4.083e-01;3.267e-01;9.954e-01;9.873e-01;3.628e-01;2.903e-01;5.000e+01;1.000e+01;4.168e-01;4.520e-01;4.520e-01;4.056e-01;3.300e-01;5.000e+01
30.025054000;9.873e-01;4.035e-01;3.226e-01;4.087e-01;3.267e-01;9.954e-01;9.873e-01;3.632e-01;2.903e-01;5.000e+01;1.000e+01;4.168e-01;4.520e-01;4.520e-01;4.061e-01;3.300e-01;5.000e+01
30.025566000;9.873e-01;4.040e-01;3.225e-01;4.092e-01;3.267e-01;9.954e-01;9.873e-01;3.636e-01;2.903e-01;5.000e+01;1.000e+01;4.168e-01;4.520e-01;4.520e-01;4.065e-01;3.300e-01;5.000e+01
30.026590000;9.873e-01;4.048e-01;3.225e-01;4.100e-01;3.266e-01;9.954e-01;9.873e-01;3.644e-01;2.902e-01;5.000e+01;1.000e+01;4.168e-01;4.520e-01;4.520e-01;4.073e-01;3.300e-01;5.000e+01
30.027102000;9.873e-01;4.052e-01;3.225e-01;4.105e-01;3.266e-01;9.954e-01;9.873e-01;3.647e-01;2.902e-01;5.000e+01;1.000e+01;4.168e-01;4.520e-01;4.520e-01;4.077e-01;3.300e-01;5.000e+01
30.027614000;9.873e-01;4.056e-01;3.225e-01;4.109e-01;3.266e-01;9.954e-01;9.873e-01;3.651e-01;2.902e-01;5.000e+01;1.000e+01;4.168e-01;4.520e-01;4.520e-01;4.081e-01;3.300e-01;5.000e+01
30.028126000;9.873e-01;4.060e-01;3.224e-01;4.112e-01;3.266e-01;9.954e-01;9.873e-01;3.654e-01;2.902e-01;5.000e+01;1.000e+01;4.168e-01;4.520e-01;4.520e-01;4.085e-01;3.300e-01;5.000e+01
30.028638000;9.873e-01;4.064e-01;3.224e-01;4.116e-01;3.266e-01;9.954e-01;9.873e-01;3.658e-01;2.902e-01;5.000e+01;1.000e+01;4.168e-01;4.520e-01;4.520e-01;4.089e-01;3.300e-01;5.000e+01
30.029150000;9.873e-01;4.068e-01;3.224e-01;4.120e-01;3.266e-01;9.954e-01;9.873e-01;3.661e-01;2.902e-01;5.000e+01;1.000e+01;4.168e-01;4.520e-01;4.520e-01;4.092e-01;3.300e-01;5.000e+01
30.029662000;9.873e-01;4.071e-01;3.224e-01;4.123e-01;3.265e-01;9.954e-01;9.873e-01;3.664e-01;2.902e-01;5.000e+01;1.000e+01;4.168e-01;4.520e-01;4.520e-01;4.096e-01;3.300e-01;5.000e+01
30.030174000;9.873e-01;4.075e-01;3.224e-01;4.127e-01;3.265e-01;9.954e-01;9.873e-01;3.667e-01;2.901e-01;5.000e+01;1.000e+01;4.168e-01;4.520e-01;4.520e-01;4.099e-01;3.300e-01;5.000e+01
30.031174000;9.873e-01;4.081e-01;3.223e-01;4.133e-01;3.265e-01;9.954e-01;9.873e-01;3.673e-01;2.901e-01;5.000e+01;1.000e+01;4.168e-01;4.520e-01;4.520e-01;4.105e-01;3.300e-01;5.000e+01
30.032074000;9.873e-01;4.086e-01;3.223e-01;4.139e-01;3.265e-01;9.954e-01;9.873e-01;3.678e-01;2.901e-01;5.000e+01;1.000e+01;4.168e-01;4.520e-01;4.520e-01;4.111e-01;3.300e-01;5.000e+01
30.032974000;9.873e-01;4.091e-01;3.223e-01;4.144e-01;3.264e-01;9.954e-01;9.873e-01;3.682e-01;2.900e-01;5.000e+01;1.000e+01;4.168e-01;4.520e-01;4.520e-01;4.116e-01;3.300e-01;5.000e+01
30.033874000;9.873e-01;4.096e-01;3.222e-01;4.149e-01;3.264e-01;9.954e-01;9.873e-01;3.687e-01;2.900e-01;5.000e+01;1.000e+01;4.168e-01;4.520e-01;4.520e-01;4.120e-01;3.300e-01;5.000e+01
30.034774000;9.873e-01;4.101e-01;3.222e-01;4.153e-01;3.264e-01;9.954e-01;9.873e-01;3.691e-01;2.900e-01;5.000e+01;1.000e+01;4.168e-01;4.520e-01;4.520e-01;4.125e-01;3.300e-01;5.000e+01
30.035674000;9.873e-01;4.105e-01;3.222e-01;4.158e-01;3.263e-01;9.954e-01;9.873e-01;3.695e-01;2.900e-01;5.000e+01;1.000e+01;4.168e-01;4.520e-01;4.520e-01;4.129e-01;3.300e-01;5.000e+01
30.036574000;9.873e-01;4.109e-01;3.222e-01;4.162e-01;3.263e-01;9.954e-01;9.873e-01;3.698e-01;2.899e-01;5.000e+01;1.000e+01;4.168e-01;4.520e-01;4.520e-01;4.133e-01;3.300e-01;5.000e+01
30.037474000;9.873e-01;4.113e-01;3.221e-01;4.166e-01;3.263e-01;9.954e-01;9.873e-01;3.702e-01;2.899e-01;5.000e+01;1.000e+01;4.168e-01;4.520e-01;4.520e-01;4.136e-01;3.300e-01;5.000e+01
30.038374000;9.873e-01;4.116e-01;3.221e-01;4.169e-01;3.262e-01;9.954e-01;9.873e-01;3.705e-01;2.899e-01;5.000e+01;1.000e+01;4.168e-01;4.520e-01;4.520e-01;4.140e-01;3.300e-01;5.000e+01
30.039274000;9.873e-01;4.120e-01;3.221e-01;4.173e-01;3.262e-01;9.954e-01;9.873e-01;3.708e-01;2.899e-01;5.000e+01;1.000e+01;4.168e-01;4.520e-01;4.520e-01;4.143e-01;3.300e-01;5.000e+01
30.040174000;9.873e-01;4.123e-01;3.221e-01;4.176e-01;3.262e-01;9.954e-01;9.873e-01;3.711e-01;2.898e-01;5.000e+01;1.000e+01;4.168e-01;4.520e-01;4.520e-01;4.146e-01;3.300e-01;5.000e+01
30.041074000;9.873e-01;4.126e-01;3.220e-01;4.179e-01;3.262e-01;9.954e-01;9.873e-01;3.713e-01;2.898e-01;5.000e+01;1.000e+01;4.168e-01;4.520e-01;4.520e-01;4.149e-01;3.300e-01;5.000e+01
30.041974000;9.873e-01;4.129e-01;3.220e-01;4.182e-01;3.262e-01;9.954e-01;9.873e-01;3.716e-01;2.898e-01;5.000e+01;1.000e+01;4.168e-01;4.520e-01;4.520e-01;4.151e-01;3.300e-01;5.000e+01
30.042874000;9.873e-01;4.131e-01;3.220e-01;4.184e-01;3.261e-01;9.954e-01;9.873e-01;3.718e-01;2.898e-01;5.000e+01;1.000e+01;4.168e-01;4.520e-01;4.520e-01;4.154e-01;3.300e-01;5.000e+01
30.043774000;9.873e-01;4.134e-01;3.220e-01;4.187e-01;3.261e-01;9.954e-01;9.873e-01;3.720e-01;2.898e-01;5.000e+01;1.000e+01;4.168e-01;4.520e-01;4.520e-01;4.156e-01;3.300e-01;5.000e+01
30.047374000;9.873e-01;4.142e-01;3.219e-01;4.195e-01;3.260e-01;9.954e-01;9.873e-01;3.728e-01;2.897e-01;5.000e+01;1.000e+01;4.168e-01;4.520e-01;4.520e-01;4.164e-01;3.300e-01;5.000e+01
30.048274000;9.873e-01;4.144e-01;3.219e-01;4.197e-01;3.260e-01;9.954e-01;9.873e-01;3.729e-01;2.897e-01;5.000e+01;1.000e+01;4.168e-01;4.520e-01;4.520e-01;4.166e-01;3.300e-01;5.000e+01
30.049174000;9.873e-01;4.145e-01;3.218e-01;4.199e-01;3.260e-01;9.954e-01;9.873e-01;3.731e-01;2.897e-01;5.000e+01;1.000e+01;4.168e-01;4.520e-01;4.520e-01;4.167e-01;3.300e-01;5.000e+01
30.050074000;9.873e-01;4.147e-01;3.218e-01;4.200e-01;3.260e-01;9.954e-01;9.873e-01;3.732e-01;2.896e-01;5.000e+01;1.000e+01;4.168e-01;4.520e-01;4.520e-01;4.169e-01;3.300e-01;5.000e+01
30.050974000;9.873e-01;4.148e-01;3.218e-01;4.202e-01;3.260e-01;9.954e-01;9.873e-01;3.733e-01;2.896e-01;5.000e+01;1.000e+01;4.168e-01;4.520e-01;4.520e-01;4.170e-01;3.300e-01;5.000e+01
30.051874000;9.873e-01;4.150e-01;3.218e-01;4.203e-01;3.259e-01;9.954e-01;9.873e-01;3.735e-01;2.896e-01;5.000e+01;1.000e+01;4.168e-01;4.520e-01;4.520e-01;4.171e-01;3.300e-01;5.000e+01
30.052874000;9.873e-01;4.151e-01;3.218e-01;4.204e-01;3.259e-01;9.954e-01;9.873e-01;3.736e-01;2.896e-01;5.000e+01;1.000e+01;4.168e-01;4.520e-01;4.520e-01;4.173e-01;3.300e-01;5.000e+01
30.053874000;9.873e-01;4.152e-01;3.218e-01;4.206e-01;3.259e-01;9.954e-01;9.873e-01;3.737e-01;2.896e-01;5.000e+01;1.000e+01;4.168e-01;4.520e-01;4.520e-01;4.174e-01;3.300e-01;5.000e+01
30.057874000;9.873e-01;4.156e-01;3.217e-01;4.210e-01;3.259e-01;9.954e-01;9.873e-01;3.741e-01;2.895e-01;5.000e+01;1.000e+01;4.168e-01;4.520e-01;4.520e-01;4.178e-01;3.300e-01;5.000e+01
30.058874000;9.873e-01;4.157e-01;3.217e-01;4.211e-01;3.258e-01;9.954e-01;9.873e-01;3.742e-01;2.895e-01;5.000e+01;1.000e+01;4.168e-01;4.520e-01;4.520e-01;4.178e-01;3.300e-01;5.000e+01
30.059874000;9.873e-01;4.158e-01;3.217e-01;4.212e-01;3.258e-01;9.954e-01;9.873e-01;3.742e-01;2.895e-01;5.000e+01;1.000e+01;4.168e-01;4.520e-01;4.520e-01;4.179e-01;3.300e-01;5.000e+01
30.060874000;9.873e-01;4.159e-01;3.217e-01;4.212e-01;3.258e-01;9.954e-01;9.873e-01;3.743e-01;2.895e-01;5.000e+01;1.000e+01;4.168e-01;4.520e-01;4.520e-01;4.180e-01;3.300e-01;5.000e+01
30.061874000;9.873e-01;4.159e-01;3.217e-01;4.213e-01;3.258e-01;9.954e-01;9.873e-01;3.744e-01;2.895e-01;5.000e+01;1.000e+01;4.168e-01;4.520e-01;4.520e-01;4.180e-01;3.300e-01;5.000e+01
30.062874000;9.873e-01;4.160e-01;3.217e-01;4.214e-01;3.258e-01;9.954e-01;9.873e-01;3.744e-01;2.895e-01;5.000e+01;1.000e+01;4.168e-01;4.520e-01;4.520e-01;4.181e-01;3.300e-01;5.000e+01
30.063874000;9.873e-01;4.161e-01;3.217e-01;4.214e-01;3.258e-01;9.954e-01;9.873e-01;3.745e-01;2.895e-01;5.000e+01;1.000e+01;4.168e-01;4.520e-01;4.520e-01;4.182e-01;3.300e-01;5.000e+01
30.064874000;9.873e-01;4.161e-01;3.216e-01;4.215e-01;3.258e-01;9.954e-01;9.873e-01;3.745e-01;2.895e-01;5.000e+01;1.000e+01;4.168e-01;4.520e-01;4.520e-01;4.182e-01;3.300e-01;5.000e+01
30.065874000;9.873e-01;4.162e-01;3.216e-01;4.215e-01;3.258e-01;9.954e-01;9.873e-01;3.746e-01;2.895e-01;5.000e+01;1.000e+01;4.168e-01;4.520e-01;4.520e-01;4.182e-01;3.300e-01;5.000e+01
30.066874000;9.873e-01;4.162e-01;3.216e-01;4.216e-01;3.258e-01;9.954e-01;9.873e-01;3.746e-01;2.895e-01;5.000e+01;1.000e+01;4.168e-01;4.520e-01;4.520e-01;4.183e-01;3.300e-01;5.000e+01
30.067874000;9.873e-01;4.163e-01;3.216e-01;4.216e-01;3.258e-01;9.954e-01;9.873e-01;3.746e-01;2.895e-01;5.000e+01;1.000e+01;4.168e-01;4.520e-01;4.520e-01;4.183e-01;3.300e-01;5.000e+01
30.068874000;9.873e-01;4.163e-01;3.216e-01;4.217e-01;3.258e-01;9.954e-01;9.873e-01;3.747e-01;2.895e-01;5.000e+01;1.000e+01;4.168e-01;4.520e-01;4.520e-01;4.184e-01;3.300e-01;5.000e+01
30.069874000;9.873e-01;4.163e-01;3.216e-01;4.217e-01;3.258e-01;9.954e-01;9.873e-01;3.747e-01;2.894e-01;5.000e+01;1.000e+01;4.168e-01;4.520e-01;4.520e-01;4.184e-01;3.300e-01;5.000e+01
30.070874000;9.873e-01;4.164e-01;3.216e-01;4.217e-01;3.258e-01;9.954e-01;9.873e-01;3.747e-01;2.894e-01;5.000e+01;1.000e+01;4.168e-01;4.520e-01;4.520e-01;4.184e-01;3.300e-01;5.000e+01
30.071874000;9.873e-01;4.164e-01;3.216e-01;4.218e-01;3.257e-01;9.954e-01;9.873e-01;3.748e-01;2.894e-01;5.000e+01;1.000e+01;4.168e-01;4.520e-01;4.520e-01;4.184e-01;3.300e-01;5.000e+01
30.072874000;9.873e-01;4.164e-01;3.216e-01;4.218e-01;3.257e-01;9.954e-01;9.873e-01;3.748e-01;2.894e-01;5.000e+01;1.000e+01;4.168e-01;4.520e-01;4.520e-01;4.185e-01;3.300e-01;5.000e+01
30.073874000;9.873e-01;4.165e-01;3.216e-01;4.218e-01;3.257e-01;9.954e-01;9.873e-01;3.748e-01;2.894e-01;5.000e+01;1.000e+01;4.168e-01;4.520e-01;4.520e-01;4.185e-01;3.300e-01;5.000e+01
30.074874000;9.873e-01;4.165e-01;3.216e-01;4.218e-01;3.257e-01;9.954e-01;9.873e-01;3.748e-01;2.894e-01;5.000e+01;1.000e+01;4.168e-01;4.520e-01;4.520e-01;4.185e-01;3.300e-01;5.000e+01
30.075874000;9.873e-01;4.165e-01;3.216e-01;4.219e-01;3.257e-01;9.954e-01;9.873e-01;3.748e-01;2.894e-01;5.000e+01;1.000e+01;4.168e-01;4.520e-01;4.520e-01;4.185e-01;3.300e-01;5.000e+01
30.076874000;9.873e-01;4.165e-01;3.216e-01;4.219e-01;3.257e-01;9.954e-01;9.873e-01;3.749e-01;2.894e-01;5.000e+01;1.000e+01;4.168e-01;4.520e-01;4.520e-01;4.186e-01;3.300e-01;5.000e+01
30.077874000;9.873e-01;4.165e-01;3.216e-01;4.219e-01;3.257e-01;9.954e-01;9.873e-01;3.749e-01;2.894e-01;5.000e+01;1.000e+01;4.168e-01;4.520e-01;4.520e-01;4.186e-01;3.300e-01;5.000e+01
30.078874000;9.873e-01;4.166e-01;3.216e-01;4.219e-01;3.257e-01;9.954e-01;9.873e-01;3.749e-01;2.894e-01;5.000e+01;1.000e+01;4.168e-01;4.520e-01;4.520e-01;4.186e-01;3.300e-01;5.000e+01
30.079874000;9.873e-01;4.166e-01;3.216e-01;4.219e-01;3.257e-01;9.954e-01;9.873e-01;3.749e-01;2.894e-01;5.000e+01;1.000e+01;4.168e-01;4.520e-01;4.520e-01;4.186e-01;3.300e-01;5.000e+01
30.080874000;9.873e-01;4.166e-01;3.216e-01;4.220e-01;3.257e-01;9.954e-01;9.873e-01;3.749e-01;2.894e-01;5.000e+01;1.000e+01;4.168e-01;4.520e-01;4.520e-01;4.186e-01;3.300e-01;5.000e+01
30.082874000;9.873e-01;4.166e-01;3.216e-01;4.220e-01;3.257e-01;9.954e-01;9.873e-01;3.749e-01;2.894e-01;5.000e+01;1.000e+01;4.168e-01;4.520e-01;4.520e-01;4.186e-01;3.300e-01;5.000e+01
30.083874000;9.873e-01;4.166e-01;3.216e-01;4.220e-01;3.257e-01;9.954e-01;9.873e-01;3.750e-01;2.894e-01;5.000e+01;1.000e+01;4.168e-01;4.520e-01;4.520e-01;4.186e-01;3.300e-01;5.000e+01
30.084874000;9.873e-01;4.166e-01;3.216e-01;4.220e-01;3.257e-01;9.954e-01;9.873e-01;3.750e-01;2.894e-01;5.000e+01;1.000e+01;4.168e-01;4.520e-01;4.520e-01;4.187e-01;3.300e-01;5.000e+01
30.086874000;9.873e-01;4.166e-01;3.216e-01;4.220e-01;3.257e-01;9.954e-01;9.873e-01;3.750e-01;2.894e-01;5.000e+01;1.000e+01;4.168e-01;4.520e-01;4.520e-01;4.187e-01;3.300e-01;5.000e+01
30.087874000;9.873e-01;4.167e-01;3.216e-01;4.220e-01;3.257e-01;9.954e-01;9.873e-01;3.750e-01;2.894e-01;5.000e+01;1.000e+01;4.168e-01;4.520e-01;4.520e-01;4.187e-01;3.300e-01;5.000e+01
30.089874000;9.873e-01;4.167e-01;3.215e-01;4.220e-01;3.257e-01;9.954e-01;9.873e-01;3.750e-01;2.894e-01;5.000e+01;1.000e+01;4.168e-01;4.520e-01;4.520e-01;4.187e-01;3.300e-01;5.000e+01
30.090874000;9.873e-01;4.167e-01;3.215e-01;4.220e-01;3.257e-01;9.954e-01;9.873e-01;3.750e-01;2.894e-01;5.000e+01;1.000e+01;4.168e-01;4.520e-01;4.520e-01;4.187e-01;3.300e-01;5.000e+01
30.091874000;9.873e-01;4.167e-01;3.215e-01;4.221e-01;3.257e-01;9.954e-01;9.873e-01;3.750e-01;2.894e-01;5.000e+01;1.000e+01;4.168e-01;4.520e-01;4.520e-01;4.187e-01;3.300e-01;5.000e+01
30.178874000;9.873e-01;4.167e-01;3.215e-01;4.221e-01;3.257e-01;9.954e-01;9.873e-01;3.750e-01;2.894e-01;5.000e+01;1.000e+01;4.168e-01;4.520e-01;4.520e-01;4.187e-01;3.300e-01;5.000e+01
30.179874000;9.873e-01;4.167e-01;3.215e-01;4.220e-01;3.257e-01;9.954e-01;9.873e-01;3.750e-01;2.894e-01;5.000e+01;1.000e+01;4.168e-01;4.520e-01;4.520e-01;4.187e-01;3.300e-01;5.000e+01
30.288874000;9.873e-01;4.167e-01;3.215e-01;4.220e-01;3.257e-01;9.954e-01;9.873e-01;3.750e-01;2.894e-01;5.000e+01;1.000e+01;4.168e-01;4.520e-01;4.520e-01;4.187e-01;3.300e-01;5.000e+01
30.289874000;9.873e-01;4.167e-01;3.215e-01;4.221e-01;3.257e-01;9.954e-01;9.873e-01;3.750e-01;2.894e-01;5.000e+01;1.000e+01;4.168e-01;4.520e-01;4.520e-01;4.187e-01;3.300e-01;5.000e+01
100.000000000;9.873e-01;4.167e-01;3.215e-01;4.221e-01;3.257e-01;9.954e-01;9.873e-01;3.750e-01;2.894e-01;5.000e+01;1.000e+01;4.168e-01;4.520e-01;4.520e-01;4.187e-01;3.300e-01;5.000e+01
