time;BusPDR_BUS_Voltage;BusPDR_BUS_ActivePower;BusPDR_BUS_ReactivePower;BusPDR_BUS_ActiveCurrent;BusPDR_BUS_ReactiveCurrent;Wind_Turbine_GEN_UPuInjTerminal;Wind_Turbine_GEN_IpInjTerminal;Wind_Turbine_GEN_IqInjTerminal;Measurements_BUS_Voltage;Measurements_BUS_ActivePower;Measurements_BUS_ReactivePower;StepUp_Xfmr_XFMR_Tap;Wind_Turbine_GEN_ActivePowerSetpointPu;Wind_Turbine_GEN_ReactivePowerSetpointPu;Wind_Turbine_GEN_NetworkFrequencyPu;NetworkFrequencyPu
0.000000000;1.000e+00;8.332e-01;-4.445e-01;8.332e-01;-4.445e-01;9.870e-01;8.578e-01;-3.951e-01;1.000e+00;3.333e-02;-1.778e-02;1.000e+01;8.333e-01;-4.435e-01;5.000e+01;5.000e+01
19.999996000;1.000e+00;8.332e-01;-4.445e-01;8.332e-01;-4.445e-01;9.870e-01;8.578e-01;-3.951e-01;1.000e+00;3.333e-02;-1.778e-02;1.000e+01;8.333e-01;-4.435e-01;5.000e+01;5.000e+01
19.999996000;1.000e+00;8.332e-01;-4.445e-01;8.332e-01;-4.445e-01;9.870e-01;8.578e-01;-3.951e-01;1.000e+00;3.333e-02;-1.778e-02;1.000e+01;7.916e-01;-4.435e-01;5.000e+01;5.000e+01
20.001552000;1.000e+00;8.332e-01;-4.445e-01;8.332e-01;-4.445e-01;9.870e-01;8.578e-01;-3.951e-01;1.000e+00;3.333e-02;-1.778e-02;1.000e+01;7.916e-01;-4.435e-01;5.000e+01;5.000e+01
20.003368000;1.000e+00;8.332e-01;-4.445e-01;8.332e-01;-4.445e-01;9.870e-01;8.577e-01;-3.951e-01;1.000e+00;3.333e-02;-1.778e-02;1.000e+01;7.916e-01;-4.435e-01;5.000e+01;5.000e+01
20.004094000;1.000e+00;8.332e-01;-4.445e-01;8.331e-01;-4.445e-01;9.870e-01;8.577e-01;-3.951e-01;1.000e+00;3.333e-02;-1.778e-02;1.000e+01;7.916e-01;-4.435e-01;5.000e+01;5.000e+01
20.004820000;1.000e+00;8.331e-01;-4.445e-01;8.331e-01;-4.445e-01;9.870e-01;8.576e-01;-3.951e-01;1.000e+00;3.332e-02;-1.778e-02;1.000e+01;7.916e-01;-4.435e-01;5.000e+01;5.000e+01
20.005546000;1.000e+00;8.330e-01;-4.445e-01;8.330e-01;-4.445e-01;9.871e-01;8.575e-01;-3.952e-01;1.000e+00;3.332e-02;-1.778e-02;1.000e+01;7.916e-01;-4.435e-01;4.999e+01;4.999e+01
20.008451000;1.000e+00;8.325e-01;-4.445e-01;8.325e-01;-4.445e-01;9.871e-01;8.570e-01;-3.952e-01;1.000e+00;3.330e-02;-1.778e-02;1.000e+01;7.916e-01;-4.435e-01;4.999e+01;4.999e+01
20.009177000;1.000e+00;8.323e-01;-4.445e-01;8.323e-01;-4.444e-01;9.871e-01;8.568e-01;-3.952e-01;1.000e+00;3.329e-02;-1.778e-02;1.000e+01;7.916e-01;-4.435e-01;4.999e+01;4.999e+01
20.009903000;1.000e+00;8.322e-01;-4.445e-01;8.321e-01;-4.444e-01;9.871e-01;8.566e-01;-3.952e-01;1.000e+00;3.329e-02;-1.778e-02;1.000e+01;7.916e-01;-4.435e-01;4.998e+01;4.998e+01
20.010630000;1.000e+00;8.319e-01;-4.445e-01;8.318e-01;-4.444e-01;9.871e-01;8.563e-01;-3.952e-01;1.000e+00;3.328e-02;-1.778e-02;1.000e+01;7.916e-01;-4.435e-01;4.998e+01;4.998e+01
20.011356000;1.000e+00;8.317e-01;-4.444e-01;8.316e-01;-4.444e-01;9.871e-01;8.561e-01;-3.952e-01;1.000e+00;3.327e-02;-1.778e-02;1.000e+01;7.916e-01;-4.435e-01;4.998e+01;4.998e+01
20.012082000;1.000e+00;8.314e-01;-4.444e-01;8.313e-01;-4.444e-01;9.872e-01;8.558e-01;-3.952e-01;1.000e+00;3.326e-02;-1.778e-02;1.000e+01;7.916e-01;-4.435e-01;4.998e+01;4.998e+01
20.012808000;1.000e+00;8.311e-01;-4.444e-01;8.310e-01;-4.443e-01;9.872e-01;8.554e-01;-3.952e-01;1.000e+00;3.324e-02;-1.778e-02;1.000e+01;7.916e-01;-4.435e-01;4.998e+01;4.998e+01
20.013534000;1.000e+00;8.308e-01;-4.444e-01;8.307e-01;-4.443e-01;9.872e-01;8.551e-01;-3.952e-01;1.000e+00;3.323e-02;-1.778e-02;1.000e+01;7.916e-01;-4.435e-01;4.997e+01;4.997e+01
20.014261000;1.000e+00;8.305e-01;-4.444e-01;8.303e-01;-4.443e-01;9.872e-01;8.547e-01;-3.952e-01;1.000e+00;3.322e-02;-1.777e-02;1.000e+01;7.916e-01;-4.435e-01;4.997e+01;4.997e+01
20.015261000;1.000e+00;8.300e-01;-4.444e-01;8.297e-01;-4.442e-01;9.873e-01;8.541e-01;-3.953e-01;1.000e+00;3.320e-02;-1.777e-02;1.000e+01;7.916e-01;-4.435e-01;4.997e+01;4.997e+01
20.016261000;1.000e+00;8.294e-01;-4.443e-01;8.292e-01;-4.442e-01;9.873e-01;8.536e-01;-3.953e-01;1.000e+00;3.318e-02;-1.777e-02;1.000e+01;7.916e-01;-4.435e-01;4.997e+01;4.997e+01
20.017261000;1.000e+00;8.288e-01;-4.443e-01;8.285e-01;-4.441e-01;9.874e-01;8.529e-01;-3.953e-01;1.000e+00;3.315e-02;-1.777e-02;1.000e+01;7.916e-01;-4.435e-01;4.996e+01;4.996e+01
20.018261000;1.000e+00;8.282e-01;-4.442e-01;8.278e-01;-4.440e-01;9.874e-01;8.522e-01;-3.953e-01;1.000e+00;3.313e-02;-1.777e-02;1.000e+01;7.916e-01;-4.435e-01;4.996e+01;4.996e+01
20.019261000;1.001e+00;8.275e-01;-4.442e-01;8.271e-01;-4.439e-01;9.875e-01;8.514e-01;-3.953e-01;1.001e+00;3.310e-02;-1.777e-02;1.000e+01;7.916e-01;-4.435e-01;4.996e+01;4.996e+01
20.019589000;1.001e+00;8.273e-01;-4.441e-01;8.268e-01;-4.439e-01;9.875e-01;8.511e-01;-3.953e-01;1.001e+00;3.309e-02;-1.777e-02;1.000e+01;7.916e-01;-4.435e-01;4.996e+01;4.996e+01
20.019621000;1.001e+00;8.273e-01;-4.441e-01;8.268e-01;-4.439e-01;9.875e-01;8.511e-01;-3.953e-01;1.001e+00;3.309e-02;-1.777e-02;1.000e+01;7.916e-01;-4.435e-01;4.996e+01;4.996e+01
20.019653000;1.001e+00;8.272e-01;-4.441e-01;8.268e-01;-4.439e-01;9.875e-01;8.511e-01;-3.953e-01;1.001e+00;3.309e-02;-1.777e-02;1.000e+01;7.916e-01;-4.435e-01;4.996e+01;4.996e+01
20.019973000;1.001e+00;8.270e-01;-4.441e-01;8.265e-01;-4.439e-01;9.875e-01;8.508e-01;-3.953e-01;1.001e+00;3.308e-02;-1.777e-02;1.000e+01;7.916e-01;-4.435e-01;4.996e+01;4.996e+01
20.020101000;1.001e+00;8.269e-01;-4.441e-01;8.264e-01;-4.439e-01;9.875e-01;8.507e-01;-3.953e-01;1.001e+00;3.308e-02;-1.776e-02;1.000e+01;7.916e-01;-4.435e-01;4.996e+01;4.996e+01
20.020357000;1.001e+00;8.267e-01;-4.441e-01;8.262e-01;-4.439e-01;9.875e-01;8.505e-01;-3.953e-01;1.001e+00;3.307e-02;-1.776e-02;1.000e+01;7.916e-01;-4.435e-01;4.996e+01;4.996e+01
20.020613000;1.001e+00;8.265e-01;-4.441e-01;8.260e-01;-4.438e-01;9.876e-01;8.503e-01;-3.953e-01;1.001e+00;3.306e-02;-1.776e-02;1.000e+01;7.916e-01;-4.435e-01;4.995e+01;4.995e+01
20.021074000;1.001e+00;8.261e-01;-4.441e-01;8.256e-01;-4.438e-01;9.876e-01;8.499e-01;-3.953e-01;1.001e+00;3.305e-02;-1.776e-02;1.000e+01;7.916e-01;-4.435e-01;4.995e+01;4.995e+01
20.021535000;1.001e+00;8.258e-01;-4.441e-01;8.252e-01;-4.438e-01;9.876e-01;8.495e-01;-3.953e-01;1.001e+00;3.303e-02;-1.776e-02;1.000e+01;7.916e-01;-4.435e-01;4.995e+01;4.995e+01
20.021765000;1.001e+00;8.256e-01;-4.441e-01;8.250e-01;-4.437e-01;9.876e-01;8.493e-01;-3.953e-01;1.001e+00;3.302e-02;-1.776e-02;1.000e+01;7.916e-01;-4.435e-01;4.995e+01;4.995e+01
20.021996000;1.001e+00;8.254e-01;-4.440e-01;8.248e-01;-4.437e-01;9.876e-01;8.491e-01;-3.953e-01;1.001e+00;3.302e-02;-1.776e-02;1.000e+01;7.916e-01;-4.435e-01;4.995e+01;4.995e+01
20.022226000;1.001e+00;8.252e-01;-4.440e-01;8.246e-01;-4.437e-01;9.877e-01;8.489e-01;-3.953e-01;1.001e+00;3.301e-02;-1.776e-02;1.000e+01;7.916e-01;-4.435e-01;4.995e+01;4.995e+01
20.022493000;1.001e+00;8.250e-01;-4.440e-01;8.244e-01;-4.437e-01;9.877e-01;8.486e-01;-3.953e-01;1.001e+00;3.300e-02;-1.776e-02;1.000e+01;7.916e-01;-4.435e-01;4.995e+01;4.995e+01
20.022597000;1.001e+00;8.249e-01;-4.440e-01;8.243e-01;-4.437e-01;9.877e-01;8.486e-01;-3.953e-01;1.001e+00;3.300e-02;-1.776e-02;1.000e+01;7.916e-01;-4.435e-01;4.995e+01;4.995e+01
20.022629000;1.001e+00;8.249e-01;-4.440e-01;8.243e-01;-4.436e-01;9.877e-01;8.485e-01;-3.953e-01;1.001e+00;3.300e-02;-1.776e-02;1.000e+01;7.916e-01;-4.435e-01;4.995e+01;4.995e+01
20.023304000;1.001e+00;8.243e-01;-4.440e-01;8.237e-01;-4.436e-01;9.877e-01;8.479e-01;-3.953e-01;1.001e+00;3.297e-02;-1.776e-02;1.000e+01;7.916e-01;-4.435e-01;4.995e+01;4.995e+01
20.023432000;1.001e+00;8.242e-01;-4.439e-01;8.235e-01;-4.436e-01;9.877e-01;8.478e-01;-3.953e-01;1.001e+00;3.297e-02;-1.776e-02;1.000e+01;7.916e-01;-4.435e-01;4.995e+01;4.995e+01
20.023688000;1.001e+00;8.240e-01;-4.439e-01;8.233e-01;-4.435e-01;9.878e-01;8.475e-01;-3.953e-01;1.001e+00;3.296e-02;-1.776e-02;1.000e+01;7.916e-01;-4.435e-01;4.995e+01;4.995e+01
20.023944000;1.001e+00;8.238e-01;-4.439e-01;8.231e-01;-4.435e-01;9.878e-01;8.473e-01;-3.953e-01;1.001e+00;3.295e-02;-1.776e-02;1.000e+01;7.916e-01;-4.435e-01;4.995e+01;4.995e+01
20.024200000;1.001e+00;8.236e-01;-4.439e-01;8.228e-01;-4.435e-01;9.878e-01;8.470e-01;-3.953e-01;1.001e+00;3.294e-02;-1.775e-02;1.000e+01;7.916e-01;-4.435e-01;4.995e+01;4.995e+01
20.024456000;1.001e+00;8.234e-01;-4.439e-01;8.226e-01;-4.435e-01;9.878e-01;8.468e-01;-3.953e-01;1.001e+00;3.293e-02;-1.775e-02;1.000e+01;7.916e-01;-4.435e-01;4.995e+01;4.995e+01
20.024712000;1.001e+00;8.231e-01;-4.438e-01;8.224e-01;-4.434e-01;9.878e-01;8.466e-01;-3.953e-01;1.001e+00;3.293e-02;-1.775e-02;1.000e+01;7.916e-01;-4.435e-01;4.995e+01;4.995e+01
20.025224000;1.001e+00;8.227e-01;-4.438e-01;8.219e-01;-4.434e-01;9.879e-01;8.461e-01;-3.953e-01;1.001e+00;3.291e-02;-1.775e-02;1.000e+01;7.916e-01;-4.435e-01;4.995e+01;4.995e+01
20.025499000;1.001e+00;8.225e-01;-4.438e-01;8.217e-01;-4.434e-01;9.879e-01;8.458e-01;-3.953e-01;1.001e+00;3.290e-02;-1.775e-02;1.000e+01;7.916e-01;-4.435e-01;4.995e+01;4.995e+01
20.025755000;1.001e+00;8.223e-01;-4.438e-01;8.215e-01;-4.433e-01;9.879e-01;8.456e-01;-3.953e-01;1.001e+00;3.289e-02;-1.775e-02;1.000e+01;7.916e-01;-4.435e-01;4.995e+01;4.995e+01
20.026011000;1.001e+00;8.221e-01;-4.437e-01;8.212e-01;-4.433e-01;9.879e-01;8.454e-01;-3.953e-01;1.001e+00;3.288e-02;-1.775e-02;1.000e+01;7.916e-01;-4.435e-01;4.995e+01;4.995e+01
20.026267000;1.001e+00;8.219e-01;-4.437e-01;8.210e-01;-4.433e-01;9.879e-01;8.451e-01;-3.953e-01;1.001e+00;3.288e-02;-1.775e-02;1.000e+01;7.916e-01;-4.435e-01;4.995e+01;4.995e+01
20.026523000;1.001e+00;8.217e-01;-4.437e-01;8.208e-01;-4.432e-01;9.880e-01;8.449e-01;-3.953e-01;1.001e+00;3.287e-02;-1.775e-02;1.000e+01;7.916e-01;-4.435e-01;4.995e+01;4.995e+01
20.027035000;1.001e+00;8.212e-01;-4.437e-01;8.203e-01;-4.432e-01;9.880e-01;8.445e-01;-3.953e-01;1.001e+00;3.285e-02;-1.775e-02;1.000e+01;7.916e-01;-4.435e-01;4.995e+01;4.995e+01
20.027291000;1.001e+00;8.211e-01;-4.437e-01;8.201e-01;-4.431e-01;9.880e-01;8.442e-01;-3.953e-01;1.001e+00;3.284e-02;-1.775e-02;1.000e+01;7.916e-01;-4.435e-01;4.995e+01;4.995e+01
20.027547000;1.001e+00;8.209e-01;-4.437e-01;8.199e-01;-4.431e-01;9.880e-01;8.440e-01;-3.953e-01;1.001e+00;3.283e-02;-1.775e-02;1.000e+01;7.916e-01;-4.435e-01;4.995e+01;4.995e+01
20.027803000;1.001e+00;8.206e-01;-4.436e-01;8.197e-01;-4.431e-01;9.881e-01;8.438e-01;-3.953e-01;1.001e+00;3.283e-02;-1.775e-02;1.000e+01;7.916e-01;-4.435e-01;4.995e+01;4.995e+01
20.028059000;1.001e+00;8.205e-01;-4.436e-01;8.195e-01;-4.431e-01;9.881e-01;8.435e-01;-3.953e-01;1.001e+00;3.282e-02;-1.774e-02;1.000e+01;7.916e-01;-4.435e-01;4.995e+01;4.995e+01
20.028315000;1.001e+00;8.202e-01;-4.436e-01;8.192e-01;-4.431e-01;9.881e-01;8.433e-01;-3.953e-01;1.001e+00;3.281e-02;-1.774e-02;1.000e+01;7.916e-01;-4.435e-01;4.995e+01;4.995e+01
20.028571000;1.001e+00;8.200e-01;-4.436e-01;8.190e-01;-4.430e-01;9.881e-01;8.431e-01;-3.953e-01;1.001e+00;3.280e-02;-1.774e-02;1.000e+01;7.916e-01;-4.435e-01;4.995e+01;4.995e+01
20.028827000;1.001e+00;8.198e-01;-4.435e-01;8.188e-01;-4.430e-01;9.881e-01;8.429e-01;-3.953e-01;1.001e+00;3.279e-02;-1.774e-02;1.000e+01;7.916e-01;-4.435e-01;4.995e+01;4.995e+01
20.029104000;1.001e+00;8.197e-01;-4.435e-01;8.186e-01;-4.430e-01;9.881e-01;8.426e-01;-3.953e-01;1.001e+00;3.279e-02;-1.774e-02;1.000e+01;7.916e-01;-4.435e-01;4.995e+01;4.995e+01
20.029168000;1.001e+00;8.196e-01;-4.435e-01;8.185e-01;-4.430e-01;9.882e-01;8.426e-01;-3.953e-01;1.001e+00;3.278e-02;-1.774e-02;1.000e+01;7.916e-01;-4.435e-01;4.995e+01;4.995e+01
20.029232000;1.001e+00;8.196e-01;-4.435e-01;8.185e-01;-4.429e-01;9.882e-01;8.425e-01;-3.953e-01;1.001e+00;3.278e-02;-1.774e-02;1.000e+01;7.916e-01;-4.435e-01;4.995e+01;4.995e+01
20.030128000;1.001e+00;8.188e-01;-4.435e-01;8.177e-01;-4.429e-01;9.882e-01;8.418e-01;-3.953e-01;1.001e+00;3.275e-02;-1.774e-02;1.000e+01;7.916e-01;-4.435e-01;4.995e+01;4.995e+01
20.030384000;1.001e+00;8.187e-01;-4.435e-01;8.175e-01;-4.428e-01;9.882e-01;8.416e-01;-3.953e-01;1.001e+00;3.275e-02;-1.774e-02;1.000e+01;7.916e-01;-4.435e-01;4.995e+01;4.995e+01
20.030640000;1.001e+00;8.185e-01;-4.435e-01;8.173e-01;-4.428e-01;9.882e-01;8.413e-01;-3.953e-01;1.001e+00;3.274e-02;-1.774e-02;1.000e+01;7.916e-01;-4.435e-01;4.995e+01;4.995e+01
20.030896000;1.001e+00;8.183e-01;-4.434e-01;8.171e-01;-4.428e-01;9.883e-01;8.411e-01;-3.953e-01;1.001e+00;3.273e-02;-1.774e-02;1.000e+01;7.916e-01;-4.435e-01;4.995e+01;4.995e+01
20.031408000;1.001e+00;8.179e-01;-4.434e-01;8.167e-01;-4.428e-01;9.883e-01;8.407e-01;-3.953e-01;1.001e+00;3.272e-02;-1.774e-02;1.000e+01;7.916e-01;-4.435e-01;4.995e+01;4.995e+01
20.031664000;1.001e+00;8.177e-01;-4.434e-01;8.165e-01;-4.427e-01;9.883e-01;8.405e-01;-3.953e-01;1.001e+00;3.271e-02;-1.774e-02;1.000e+01;7.916e-01;-4.435e-01;4.995e+01;4.995e+01
20.031920000;1.001e+00;8.175e-01;-4.434e-01;8.163e-01;-4.427e-01;9.883e-01;8.403e-01;-3.953e-01;1.001e+00;3.270e-02;-1.773e-02;1.000e+01;7.916e-01;-4.435e-01;4.995e+01;4.995e+01
20.032432000;1.002e+00;8.172e-01;-4.433e-01;8.159e-01;-4.426e-01;9.884e-01;8.398e-01;-3.953e-01;1.002e+00;3.269e-02;-1.773e-02;1.000e+01;7.916e-01;-4.435e-01;4.995e+01;4.995e+01
20.033456000;1.002e+00;8.164e-01;-4.433e-01;8.151e-01;-4.426e-01;9.884e-01;8.390e-01;-3.953e-01;1.002e+00;3.266e-02;-1.773e-02;1.000e+01;7.916e-01;-4.435e-01;4.995e+01;4.995e+01
20.033968000;1.002e+00;8.160e-01;-4.432e-01;8.147e-01;-4.425e-01;9.885e-01;8.386e-01;-3.953e-01;1.002e+00;3.264e-02;-1.773e-02;1.000e+01;7.916e-01;-4.435e-01;4.995e+01;4.995e+01
20.034480000;1.002e+00;8.157e-01;-4.432e-01;8.143e-01;-4.425e-01;9.885e-01;8.382e-01;-3.953e-01;1.002e+00;3.263e-02;-1.773e-02;1.000e+01;7.916e-01;-4.435e-01;4.995e+01;4.995e+01
20.034992000;1.002e+00;8.153e-01;-4.432e-01;8.139e-01;-4.424e-01;9.885e-01;8.378e-01;-3.953e-01;1.002e+00;3.261e-02;-1.773e-02;1.000e+01;7.916e-01;-4.435e-01;4.996e+01;4.996e+01
20.035992000;1.002e+00;8.147e-01;-4.431e-01;8.132e-01;-4.423e-01;9.886e-01;8.371e-01;-3.953e-01;1.002e+00;3.259e-02;-1.773e-02;1.000e+01;7.916e-01;-4.435e-01;4.996e+01;4.996e+01
20.036992000;1.002e+00;8.140e-01;-4.431e-01;8.125e-01;-4.423e-01;9.886e-01;8.364e-01;-3.953e-01;1.002e+00;3.256e-02;-1.772e-02;1.000e+01;7.916e-01;-4.435e-01;4.996e+01;4.996e+01
20.037992000;1.002e+00;8.134e-01;-4.430e-01;8.119e-01;-4.422e-01;9.887e-01;8.357e-01;-3.953e-01;1.002e+00;3.254e-02;-1.772e-02;1.000e+01;7.916e-01;-4.435e-01;4.996e+01;4.996e+01
20.038992000;1.002e+00;8.128e-01;-4.430e-01;8.112e-01;-4.421e-01;9.887e-01;8.350e-01;-3.953e-01;1.002e+00;3.251e-02;-1.772e-02;1.000e+01;7.916e-01;-4.435e-01;4.996e+01;4.996e+01
20.039992000;1.002e+00;8.122e-01;-4.430e-01;8.106e-01;-4.421e-01;9.888e-01;8.344e-01;-3.953e-01;1.002e+00;3.249e-02;-1.772e-02;1.000e+01;7.916e-01;-4.435e-01;4.996e+01;4.996e+01
20.040992000;1.002e+00;8.117e-01;-4.429e-01;8.101e-01;-4.420e-01;9.888e-01;8.339e-01;-3.953e-01;1.002e+00;3.247e-02;-1.772e-02;1.000e+01;7.916e-01;-4.435e-01;4.997e+01;4.997e+01
20.041992000;1.002e+00;8.112e-01;-4.429e-01;8.095e-01;-4.419e-01;9.888e-01;8.333e-01;-3.953e-01;1.002e+00;3.245e-02;-1.772e-02;1.000e+01;7.916e-01;-4.435e-01;4.997e+01;4.997e+01
20.042992000;1.002e+00;8.107e-01;-4.429e-01;8.090e-01;-4.419e-01;9.889e-01;8.328e-01;-3.953e-01;1.002e+00;3.243e-02;-1.771e-02;1.000e+01;7.916e-01;-4.435e-01;4.997e+01;4.997e+01
20.043992000;1.002e+00;8.103e-01;-4.428e-01;8.086e-01;-4.419e-01;9.889e-01;8.323e-01;-3.953e-01;1.002e+00;3.241e-02;-1.771e-02;1.000e+01;7.916e-01;-4.435e-01;4.997e+01;4.997e+01
20.044992000;1.002e+00;8.099e-01;-4.428e-01;8.081e-01;-4.418e-01;9.889e-01;8.318e-01;-3.953e-01;1.002e+00;3.240e-02;-1.771e-02;1.000e+01;7.916e-01;-4.435e-01;4.997e+01;4.997e+01
20.045992000;1.002e+00;8.095e-01;-4.428e-01;8.077e-01;-4.418e-01;9.890e-01;8.314e-01;-3.953e-01;1.002e+00;3.238e-02;-1.771e-02;1.000e+01;7.916e-01;-4.435e-01;4.998e+01;4.998e+01
20.046992000;1.002e+00;8.092e-01;-4.427e-01;8.074e-01;-4.417e-01;9.890e-01;8.311e-01;-3.953e-01;1.002e+00;3.237e-02;-1.771e-02;1.000e+01;7.916e-01;-4.435e-01;4.998e+01;4.998e+01
20.047992000;1.002e+00;8.089e-01;-4.427e-01;8.070e-01;-4.417e-01;9.890e-01;8.307e-01;-3.954e-01;1.002e+00;3.236e-02;-1.771e-02;1.000e+01;7.916e-01;-4.435e-01;4.998e+01;4.998e+01
20.048992000;1.002e+00;8.086e-01;-4.427e-01;8.067e-01;-4.417e-01;9.890e-01;8.304e-01;-3.954e-01;1.002e+00;3.234e-02;-1.771e-02;1.000e+01;7.916e-01;-4.435e-01;4.998e+01;4.998e+01
20.049992000;1.002e+00;8.084e-01;-4.427e-01;8.065e-01;-4.417e-01;9.891e-01;8.301e-01;-3.954e-01;1.002e+00;3.233e-02;-1.771e-02;1.000e+01;7.916e-01;-4.435e-01;4.998e+01;4.998e+01
20.050992000;1.002e+00;8.082e-01;-4.427e-01;8.062e-01;-4.417e-01;9.891e-01;8.299e-01;-3.954e-01;1.002e+00;3.233e-02;-1.771e-02;1.000e+01;7.916e-01;-4.435e-01;4.999e+01;4.999e+01
20.051992000;1.002e+00;8.079e-01;-4.427e-01;8.060e-01;-4.416e-01;9.891e-01;8.297e-01;-3.954e-01;1.002e+00;3.232e-02;-1.771e-02;1.000e+01;7.916e-01;-4.435e-01;4.999e+01;4.999e+01
20.054992000;1.002e+00;8.076e-01;-4.427e-01;8.056e-01;-4.416e-01;9.891e-01;8.293e-01;-3.954e-01;1.002e+00;3.230e-02;-1.771e-02;1.000e+01;7.916e-01;-4.435e-01;4.999e+01;4.999e+01
20.055992000;1.002e+00;8.075e-01;-4.427e-01;8.056e-01;-4.416e-01;9.891e-01;8.292e-01;-3.954e-01;1.002e+00;3.230e-02;-1.771e-02;1.000e+01;7.916e-01;-4.435e-01;4.999e+01;4.999e+01
20.056992000;1.002e+00;8.075e-01;-4.427e-01;8.055e-01;-4.416e-01;9.891e-01;8.292e-01;-3.954e-01;1.002e+00;3.230e-02;-1.771e-02;1.000e+01;7.916e-01;-4.435e-01;5.000e+01;5.000e+01
20.057992000;1.002e+00;8.074e-01;-4.427e-01;8.055e-01;-4.416e-01;9.891e-01;8.291e-01;-3.955e-01;1.002e+00;3.230e-02;-1.771e-02;1.000e+01;7.916e-01;-4.435e-01;5.000e+01;5.000e+01
20.058992000;1.002e+00;8.074e-01;-4.427e-01;8.055e-01;-4.416e-01;9.891e-01;8.291e-01;-3.955e-01;1.002e+00;3.230e-02;-1.771e-02;1.000e+01;7.916e-01;-4.435e-01;5.000e+01;5.000e+01
20.059992000;1.002e+00;8.075e-01;-4.427e-01;8.055e-01;-4.417e-01;9.891e-01;8.292e-01;-3.955e-01;1.002e+00;3.230e-02;-1.771e-02;1.000e+01;7.916e-01;-4.435e-01;5.000e+01;5.000e+01
20.061992000;1.002e+00;8.076e-01;-4.427e-01;8.057e-01;-4.417e-01;9.891e-01;8.293e-01;-3.955e-01;1.002e+00;3.230e-02;-1.771e-02;1.000e+01;7.916e-01;-4.435e-01;5.000e+01;5.000e+01
20.062992000;1.002e+00;8.076e-01;-4.427e-01;8.057e-01;-4.417e-01;9.891e-01;8.294e-01;-3.955e-01;1.002e+00;3.231e-02;-1.771e-02;1.000e+01;7.916e-01;-4.435e-01;5.001e+01;5.001e+01
20.063992000;1.002e+00;8.078e-01;-4.428e-01;8.059e-01;-4.417e-01;9.891e-01;8.295e-01;-3.955e-01;1.002e+00;3.231e-02;-1.771e-02;1.000e+01;7.916e-01;-4.435e-01;5.001e+01;5.001e+01
20.064992000;1.002e+00;8.079e-01;-4.428e-01;8.060e-01;-4.418e-01;9.890e-01;8.297e-01;-3.955e-01;1.002e+00;3.232e-02;-1.771e-02;1.000e+01;7.916e-01;-4.435e-01;5.001e+01;5.001e+01
20.066992000;1.002e+00;8.082e-01;-4.428e-01;8.064e-01;-4.418e-01;9.890e-01;8.301e-01;-3.955e-01;1.002e+00;3.233e-02;-1.771e-02;1.000e+01;7.916e-01;-4.435e-01;5.001e+01;5.001e+01
20.067992000;1.002e+00;8.084e-01;-4.429e-01;8.066e-01;-4.418e-01;9.890e-01;8.302e-01;-3.955e-01;1.002e+00;3.234e-02;-1.771e-02;1.000e+01;7.916e-01;-4.435e-01;5.001e+01;5.001e+01
20.068992000;1.002e+00;8.086e-01;-4.429e-01;8.068e-01;-4.419e-01;9.890e-01;8.305e-01;-3.955e-01;1.002e+00;3.234e-02;-1.772e-02;1.000e+01;7.916e-01;-4.435e-01;5.001e+01;5.001e+01
20.069992000;1.002e+00;8.088e-01;-4.429e-01;8.070e-01;-4.419e-01;9.889e-01;8.307e-01;-3.955e-01;1.002e+00;3.235e-02;-1.772e-02;1.000e+01;7.916e-01;-4.435e-01;5.001e+01;5.001e+01
20.070992000;1.002e+00;8.090e-01;-4.429e-01;8.072e-01;-4.419e-01;9.889e-01;8.310e-01;-3.956e-01;1.002e+00;3.236e-02;-1.772e-02;1.000e+01;7.916e-01;-4.435e-01;5.001e+01;5.001e+01
20.071992000;1.002e+00;8.093e-01;-4.430e-01;8.075e-01;-4.420e-01;9.889e-01;8.312e-01;-3.956e-01;1.002e+00;3.237e-02;-1.772e-02;1.000e+01;7.916e-01;-4.435e-01;5.001e+01;5.001e+01
20.072992000;1.002e+00;8.095e-01;-4.430e-01;8.078e-01;-4.420e-01;9.889e-01;8.315e-01;-3.956e-01;1.002e+00;3.238e-02;-1.772e-02;1.000e+01;7.916e-01;-4.435e-01;5.002e+01;5.002e+01
20.073992000;1.002e+00;8.098e-01;-4.430e-01;8.081e-01;-4.421e-01;9.889e-01;8.318e-01;-3.956e-01;1.002e+00;3.239e-02;-1.772e-02;1.000e+01;7.916e-01;-4.435e-01;5.002e+01;5.002e+01
20.074992000;1.002e+00;8.101e-01;-4.430e-01;8.083e-01;-4.421e-01;9.888e-01;8.321e-01;-3.956e-01;1.002e+00;3.240e-02;-1.772e-02;1.000e+01;7.916e-01;-4.435e-01;5.002e+01;5.002e+01
20.075992000;1.002e+00;8.103e-01;-4.431e-01;8.086e-01;-4.421e-01;9.888e-01;8.324e-01;-3.956e-01;1.002e+00;3.241e-02;-1.772e-02;1.000e+01;7.916e-01;-4.435e-01;5.002e+01;5.002e+01
20.076992000;1.002e+00;8.106e-01;-4.431e-01;8.089e-01;-4.422e-01;9.888e-01;8.327e-01;-3.956e-01;1.002e+00;3.242e-02;-1.772e-02;1.000e+01;7.916e-01;-4.435e-01;5.002e+01;5.002e+01
20.077992000;1.002e+00;8.109e-01;-4.431e-01;8.092e-01;-4.422e-01;9.888e-01;8.330e-01;-3.956e-01;1.002e+00;3.243e-02;-1.772e-02;1.000e+01;7.916e-01;-4.435e-01;5.002e+01;5.002e+01
20.078992000;1.002e+00;8.112e-01;-4.431e-01;8.096e-01;-4.422e-01;9.887e-01;8.334e-01;-3.956e-01;1.002e+00;3.245e-02;-1.773e-02;1.000e+01;7.916e-01;-4.435e-01;5.002e+01;5.002e+01
20.079992000;1.002e+00;8.115e-01;-4.431e-01;8.099e-01;-4.423e-01;9.887e-01;8.337e-01;-3.956e-01;1.002e+00;3.246e-02;-1.773e-02;1.000e+01;7.916e-01;-4.435e-01;5.002e+01;5.002e+01
20.080992000;1.002e+00;8.118e-01;-4.432e-01;8.102e-01;-4.423e-01;9.887e-01;8.340e-01;-3.956e-01;1.002e+00;3.247e-02;-1.773e-02;1.000e+01;7.916e-01;-4.435e-01;5.002e+01;5.002e+01
20.081992000;1.002e+00;8.121e-01;-4.432e-01;8.106e-01;-4.424e-01;9.886e-01;8.344e-01;-3.956e-01;1.002e+00;3.248e-02;-1.773e-02;1.000e+01;7.916e-01;-4.435e-01;5.002e+01;5.002e+01
20.082992000;1.002e+00;8.124e-01;-4.432e-01;8.109e-01;-4.424e-01;9.886e-01;8.347e-01;-3.956e-01;1.002e+00;3.250e-02;-1.773e-02;1.000e+01;7.916e-01;-4.435e-01;5.002e+01;5.002e+01
20.083992000;1.002e+00;8.127e-01;-4.433e-01;8.112e-01;-4.425e-01;9.886e-01;8.351e-01;-3.956e-01;1.002e+00;3.251e-02;-1.773e-02;1.000e+01;7.916e-01;-4.435e-01;5.002e+01;5.002e+01
20.084992000;1.002e+00;8.130e-01;-4.433e-01;8.116e-01;-4.425e-01;9.886e-01;8.354e-01;-3.956e-01;1.002e+00;3.252e-02;-1.773e-02;1.000e+01;7.916e-01;-4.435e-01;5.002e+01;5.002e+01
20.085992000;1.002e+00;8.133e-01;-4.433e-01;8.119e-01;-4.425e-01;9.885e-01;8.358e-01;-3.956e-01;1.002e+00;3.253e-02;-1.773e-02;1.000e+01;7.916e-01;-4.435e-01;5.002e+01;5.002e+01
20.086992000;1.002e+00;8.136e-01;-4.434e-01;8.122e-01;-4.426e-01;9.885e-01;8.361e-01;-3.956e-01;1.002e+00;3.255e-02;-1.773e-02;1.000e+01;7.916e-01;-4.435e-01;5.002e+01;5.002e+01
20.087992000;1.002e+00;8.139e-01;-4.434e-01;8.126e-01;-4.426e-01;9.885e-01;8.365e-01;-3.956e-01;1.002e+00;3.256e-02;-1.774e-02;1.000e+01;7.916e-01;-4.435e-01;5.002e+01;5.002e+01
20.088992000;1.002e+00;8.143e-01;-4.434e-01;8.129e-01;-4.427e-01;9.885e-01;8.368e-01;-3.956e-01;1.002e+00;3.257e-02;-1.774e-02;1.000e+01;7.916e-01;-4.435e-01;5.002e+01;5.002e+01
20.089992000;1.002e+00;8.146e-01;-4.434e-01;8.132e-01;-4.427e-01;9.884e-01;8.371e-01;-3.956e-01;1.002e+00;3.258e-02;-1.774e-02;1.000e+01;7.916e-01;-4.435e-01;5.002e+01;5.002e+01
20.090992000;1.002e+00;8.149e-01;-4.435e-01;8.135e-01;-4.427e-01;9.884e-01;8.375e-01;-3.956e-01;1.002e+00;3.259e-02;-1.774e-02;1.000e+01;7.916e-01;-4.435e-01;5.002e+01;5.002e+01
20.091992000;1.002e+00;8.152e-01;-4.435e-01;8.139e-01;-4.428e-01;9.884e-01;8.378e-01;-3.956e-01;1.002e+00;3.261e-02;-1.774e-02;1.000e+01;7.916e-01;-4.435e-01;5.002e+01;5.002e+01
20.092992000;1.002e+00;8.155e-01;-4.435e-01;8.142e-01;-4.428e-01;9.884e-01;8.381e-01;-3.956e-01;1.002e+00;3.262e-02;-1.774e-02;1.000e+01;7.916e-01;-4.435e-01;5.002e+01;5.002e+01
20.093992000;1.002e+00;8.158e-01;-4.435e-01;8.145e-01;-4.428e-01;9.883e-01;8.385e-01;-3.956e-01;1.002e+00;3.263e-02;-1.774e-02;1.000e+01;7.916e-01;-4.435e-01;5.002e+01;5.002e+01
20.094992000;1.002e+00;8.160e-01;-4.435e-01;8.148e-01;-4.429e-01;9.883e-01;8.388e-01;-3.956e-01;1.002e+00;3.264e-02;-1.774e-02;1.000e+01;7.916e-01;-4.435e-01;5.002e+01;5.002e+01
20.095992000;1.001e+00;8.163e-01;-4.435e-01;8.151e-01;-4.429e-01;9.883e-01;8.391e-01;-3.956e-01;1.001e+00;3.265e-02;-1.774e-02;1.000e+01;7.916e-01;-4.435e-01;5.002e+01;5.002e+01
20.096992000;1.001e+00;8.166e-01;-4.436e-01;8.154e-01;-4.429e-01;9.883e-01;8.394e-01;-3.956e-01;1.001e+00;3.266e-02;-1.774e-02;1.000e+01;7.916e-01;-4.435e-01;5.002e+01;5.002e+01
20.097992000;1.001e+00;8.169e-01;-4.436e-01;8.157e-01;-4.430e-01;9.882e-01;8.397e-01;-3.956e-01;1.001e+00;3.268e-02;-1.774e-02;1.000e+01;7.916e-01;-4.435e-01;5.002e+01;5.002e+01
20.098992000;1.001e+00;8.172e-01;-4.436e-01;8.160e-01;-4.430e-01;9.882e-01;8.400e-01;-3.956e-01;1.001e+00;3.269e-02;-1.775e-02;1.000e+01;7.916e-01;-4.435e-01;5.002e+01;5.002e+01
20.099992000;1.001e+00;8.174e-01;-4.436e-01;8.163e-01;-4.430e-01;9.882e-01;8.403e-01;-3.956e-01;1.001e+00;3.270e-02;-1.775e-02;1.000e+01;7.916e-01;-4.435e-01;5.002e+01;5.002e+01
20.100992000;1.001e+00;8.176e-01;-4.437e-01;8.165e-01;-4.430e-01;9.882e-01;8.406e-01;-3.956e-01;1.001e+00;3.271e-02;-1.775e-02;1.000e+01;7.916e-01;-4.435e-01;5.002e+01;5.002e+01
20.101992000;1.001e+00;8.179e-01;-4.437e-01;8.168e-01;-4.431e-01;9.882e-01;8.408e-01;-3.956e-01;1.001e+00;3.272e-02;-1.775e-02;1.000e+01;7.916e-01;-4.435e-01;5.002e+01;5.002e+01
20.102992000;1.001e+00;8.181e-01;-4.437e-01;8.171e-01;-4.431e-01;9.881e-01;8.411e-01;-3.956e-01;1.001e+00;3.273e-02;-1.775e-02;1.000e+01;7.916e-01;-4.435e-01;5.002e+01;5.002e+01
20.103992000;1.001e+00;8.184e-01;-4.437e-01;8.173e-01;-4.431e-01;9.881e-01;8.413e-01;-3.956e-01;1.001e+00;3.274e-02;-1.775e-02;1.000e+01;7.916e-01;-4.435e-01;5.001e+01;5.001e+01
20.104992000;1.001e+00;8.186e-01;-4.437e-01;8.176e-01;-4.431e-01;9.881e-01;8.416e-01;-3.956e-01;1.001e+00;3.274e-02;-1.775e-02;1.000e+01;7.916e-01;-4.435e-01;5.001e+01;5.001e+01
20.105992000;1.001e+00;8.188e-01;-4.437e-01;8.178e-01;-4.432e-01;9.881e-01;8.418e-01;-3.956e-01;1.001e+00;3.275e-02;-1.775e-02;1.000e+01;7.916e-01;-4.435e-01;5.001e+01;5.001e+01
20.106992000;1.001e+00;8.190e-01;-4.437e-01;8.180e-01;-4.432e-01;9.881e-01;8.421e-01;-3.956e-01;1.001e+00;3.276e-02;-1.775e-02;1.000e+01;7.916e-01;-4.435e-01;5.001e+01;5.001e+01
20.108992000;1.001e+00;8.194e-01;-4.437e-01;8.184e-01;-4.432e-01;9.881e-01;8.425e-01;-3.956e-01;1.001e+00;3.278e-02;-1.775e-02;1.000e+01;7.916e-01;-4.435e-01;5.001e+01;5.001e+01
20.109992000;1.001e+00;8.196e-01;-4.438e-01;8.186e-01;-4.432e-01;9.880e-01;8.427e-01;-3.956e-01;1.001e+00;3.278e-02;-1.775e-02;1.000e+01;7.916e-01;-4.435e-01;5.001e+01;5.001e+01
20.110992000;1.001e+00;8.197e-01;-4.438e-01;8.188e-01;-4.433e-01;9.880e-01;8.429e-01;-3.956e-01;1.001e+00;3.279e-02;-1.775e-02;1.000e+01;7.916e-01;-4.435e-01;5.001e+01;5.001e+01
20.111992000;1.001e+00;8.199e-01;-4.438e-01;8.190e-01;-4.433e-01;9.880e-01;8.431e-01;-3.955e-01;1.001e+00;3.280e-02;-1.775e-02;1.000e+01;7.916e-01;-4.435e-01;5.001e+01;5.001e+01
20.112992000;1.001e+00;8.201e-01;-4.438e-01;8.191e-01;-4.433e-01;9.880e-01;8.432e-01;-3.955e-01;1.001e+00;3.280e-02;-1.775e-02;1.000e+01;7.916e-01;-4.435e-01;5.001e+01;5.001e+01
20.113992000;1.001e+00;8.202e-01;-4.438e-01;8.193e-01;-4.433e-01;9.880e-01;8.434e-01;-3.956e-01;1.001e+00;3.281e-02;-1.775e-02;1.000e+01;7.916e-01;-4.435e-01;5.001e+01;5.001e+01
20.114992000;1.001e+00;8.204e-01;-4.438e-01;8.194e-01;-4.433e-01;9.880e-01;8.435e-01;-3.955e-01;1.001e+00;3.281e-02;-1.775e-02;1.000e+01;7.916e-01;-4.435e-01;5.001e+01;5.001e+01
20.115992000;1.001e+00;8.205e-01;-4.438e-01;8.196e-01;-4.433e-01;9.880e-01;8.437e-01;-3.955e-01;1.001e+00;3.282e-02;-1.775e-02;1.000e+01;7.916e-01;-4.435e-01;5.001e+01;5.001e+01
20.117992000;1.001e+00;8.207e-01;-4.438e-01;8.198e-01;-4.433e-01;9.880e-01;8.439e-01;-3.955e-01;1.001e+00;3.283e-02;-1.775e-02;1.000e+01;7.916e-01;-4.435e-01;5.001e+01;5.001e+01
20.118992000;1.001e+00;8.208e-01;-4.438e-01;8.199e-01;-4.433e-01;9.879e-01;8.440e-01;-3.955e-01;1.001e+00;3.283e-02;-1.775e-02;1.000e+01;7.916e-01;-4.435e-01;5.001e+01;5.001e+01
20.119992000;1.001e+00;8.209e-01;-4.438e-01;8.200e-01;-4.434e-01;9.879e-01;8.442e-01;-3.955e-01;1.001e+00;3.284e-02;-1.775e-02;1.000e+01;7.916e-01;-4.435e-01;5.001e+01;5.001e+01
20.121992000;1.001e+00;8.211e-01;-4.438e-01;8.202e-01;-4.434e-01;9.879e-01;8.443e-01;-3.955e-01;1.001e+00;3.284e-02;-1.775e-02;1.000e+01;7.916e-01;-4.435e-01;5.001e+01;5.001e+01
20.122992000;1.001e+00;8.212e-01;-4.438e-01;8.203e-01;-4.434e-01;9.879e-01;8.444e-01;-3.955e-01;1.001e+00;3.285e-02;-1.775e-02;1.000e+01;7.916e-01;-4.435e-01;5.000e+01;5.000e+01
20.123992000;1.001e+00;8.212e-01;-4.438e-01;8.204e-01;-4.434e-01;9.879e-01;8.445e-01;-3.955e-01;1.001e+00;3.285e-02;-1.775e-02;1.000e+01;7.916e-01;-4.435e-01;5.000e+01;5.000e+01
20.126992000;1.001e+00;8.214e-01;-4.438e-01;8.205e-01;-4.434e-01;9.879e-01;8.447e-01;-3.955e-01;1.001e+00;3.286e-02;-1.775e-02;1.000e+01;7.916e-01;-4.435e-01;5.000e+01;5.000e+01
20.128992000;1.001e+00;8.215e-01;-4.438e-01;8.206e-01;-4.434e-01;9.879e-01;8.447e-01;-3.955e-01;1.001e+00;3.286e-02;-1.775e-02;1.000e+01;7.916e-01;-4.435e-01;5.000e+01;5.000e+01
20.129992000;1.001e+00;8.215e-01;-4.438e-01;8.206e-01;-4.434e-01;9.879e-01;8.448e-01;-3.955e-01;1.001e+00;3.286e-02;-1.775e-02;1.000e+01;7.916e-01;-4.435e-01;5.000e+01;5.000e+01
20.132992000;1.001e+00;8.215e-01;-4.438e-01;8.207e-01;-4.434e-01;9.879e-01;8.448e-01;-3.955e-01;1.001e+00;3.286e-02;-1.775e-02;1.000e+01;7.916e-01;-4.435e-01;5.000e+01;5.000e+01
20.134992000;1.001e+00;8.215e-01;-4.438e-01;8.206e-01;-4.434e-01;9.879e-01;8.448e-01;-3.955e-01;1.001e+00;3.286e-02;-1.775e-02;1.000e+01;7.916e-01;-4.435e-01;5.000e+01;5.000e+01
20.136992000;1.001e+00;8.215e-01;-4.438e-01;8.206e-01;-4.434e-01;9.879e-01;8.448e-01;-3.955e-01;1.001e+00;3.286e-02;-1.775e-02;1.000e+01;7.916e-01;-4.435e-01;5.000e+01;5.000e+01
20.137992000;1.001e+00;8.215e-01;-4.438e-01;8.206e-01;-4.434e-01;9.879e-01;8.447e-01;-3.954e-01;1.001e+00;3.286e-02;-1.775e-02;1.000e+01;7.916e-01;-4.435e-01;5.000e+01;5.000e+01
20.138992000;1.001e+00;8.214e-01;-4.438e-01;8.206e-01;-4.434e-01;9.879e-01;8.447e-01;-3.954e-01;1.001e+00;3.286e-02;-1.775e-02;1.000e+01;7.916e-01;-4.435e-01;5.000e+01;5.000e+01
20.139992000;1.001e+00;8.214e-01;-4.438e-01;8.205e-01;-4.433e-01;9.879e-01;8.447e-01;-3.954e-01;1.001e+00;3.286e-02;-1.775e-02;1.000e+01;7.916e-01;-4.435e-01;5.000e+01;5.000e+01
20.140992000;1.001e+00;8.214e-01;-4.438e-01;8.205e-01;-4.433e-01;9.879e-01;8.446e-01;-3.954e-01;1.001e+00;3.286e-02;-1.775e-02;1.000e+01;7.916e-01;-4.435e-01;5.000e+01;5.000e+01
20.142992000;1.001e+00;8.213e-01;-4.438e-01;8.204e-01;-4.433e-01;9.879e-01;8.445e-01;-3.954e-01;1.001e+00;3.285e-02;-1.775e-02;1.000e+01;7.916e-01;-4.435e-01;5.000e+01;5.000e+01
20.143992000;1.001e+00;8.212e-01;-4.438e-01;8.204e-01;-4.433e-01;9.880e-01;8.445e-01;-3.954e-01;1.001e+00;3.285e-02;-1.775e-02;1.000e+01;7.916e-01;-4.435e-01;5.000e+01;5.000e+01
20.145992000;1.001e+00;8.212e-01;-4.438e-01;8.203e-01;-4.433e-01;9.880e-01;8.444e-01;-3.954e-01;1.001e+00;3.285e-02;-1.775e-02;1.000e+01;7.916e-01;-4.435e-01;5.000e+01;5.000e+01
20.147992000;1.001e+00;8.210e-01;-4.438e-01;8.201e-01;-4.433e-01;9.880e-01;8.442e-01;-3.954e-01;1.001e+00;3.284e-02;-1.775e-02;1.000e+01;7.916e-01;-4.435e-01;5.000e+01;5.000e+01
20.148992000;1.001e+00;8.210e-01;-4.437e-01;8.201e-01;-4.433e-01;9.880e-01;8.442e-01;-3.954e-01;1.001e+00;3.284e-02;-1.775e-02;1.000e+01;7.916e-01;-4.435e-01;5.000e+01;5.000e+01
20.150992000;1.001e+00;8.209e-01;-4.437e-01;8.199e-01;-4.433e-01;9.880e-01;8.440e-01;-3.954e-01;1.001e+00;3.283e-02;-1.775e-02;1.000e+01;7.916e-01;-4.435e-01;5.000e+01;5.000e+01
20.151992000;1.001e+00;8.208e-01;-4.437e-01;8.198e-01;-4.432e-01;9.880e-01;8.440e-01;-3.954e-01;1.001e+00;3.283e-02;-1.775e-02;1.000e+01;7.916e-01;-4.435e-01;5.000e+01;5.000e+01
20.159992000;1.001e+00;8.202e-01;-4.437e-01;8.193e-01;-4.432e-01;9.880e-01;8.433e-01;-3.954e-01;1.001e+00;3.281e-02;-1.775e-02;1.000e+01;7.916e-01;-4.435e-01;5.000e+01;5.000e+01
20.160992000;1.001e+00;8.202e-01;-4.437e-01;8.192e-01;-4.431e-01;9.881e-01;8.432e-01;-3.954e-01;1.001e+00;3.281e-02;-1.775e-02;1.000e+01;7.916e-01;-4.435e-01;5.000e+01;5.000e+01
20.167992000;1.001e+00;8.196e-01;-4.437e-01;8.186e-01;-4.431e-01;9.881e-01;8.427e-01;-3.954e-01;1.001e+00;3.279e-02;-1.775e-02;1.000e+01;7.916e-01;-4.435e-01;5.000e+01;5.000e+01
20.168992000;1.001e+00;8.196e-01;-4.436e-01;8.185e-01;-4.431e-01;9.881e-01;8.426e-01;-3.954e-01;1.001e+00;3.278e-02;-1.775e-02;1.000e+01;7.916e-01;-4.435e-01;5.000e+01;5.000e+01
20.172992000;1.001e+00;8.193e-01;-4.436e-01;8.183e-01;-4.431e-01;9.881e-01;8.423e-01;-3.954e-01;1.001e+00;3.277e-02;-1.775e-02;1.000e+01;7.916e-01;-4.435e-01;5.000e+01;5.000e+01
20.173992000;1.001e+00;8.192e-01;-4.436e-01;8.182e-01;-4.430e-01;9.881e-01;8.422e-01;-3.954e-01;1.001e+00;3.277e-02;-1.774e-02;1.000e+01;7.916e-01;-4.435e-01;5.000e+01;5.000e+01
20.176992000;1.001e+00;8.190e-01;-4.436e-01;8.180e-01;-4.430e-01;9.881e-01;8.420e-01;-3.954e-01;1.001e+00;3.276e-02;-1.774e-02;1.000e+01;7.916e-01;-4.435e-01;5.000e+01;5.000e+01
20.177992000;1.001e+00;8.190e-01;-4.436e-01;8.179e-01;-4.430e-01;9.881e-01;8.420e-01;-3.954e-01;1.001e+00;3.276e-02;-1.774e-02;1.000e+01;7.916e-01;-4.435e-01;5.000e+01;5.000e+01
20.178992000;1.001e+00;8.189e-01;-4.436e-01;8.179e-01;-4.430e-01;9.882e-01;8.419e-01;-3.954e-01;1.001e+00;3.276e-02;-1.774e-02;1.000e+01;7.916e-01;-4.435e-01;5.000e+01;5.000e+01
20.179992000;1.001e+00;8.189e-01;-4.436e-01;8.178e-01;-4.430e-01;9.882e-01;8.418e-01;-3.954e-01;1.001e+00;3.275e-02;-1.774e-02;1.000e+01;7.916e-01;-4.435e-01;5.000e+01;5.000e+01
20.180992000;1.001e+00;8.188e-01;-4.436e-01;8.177e-01;-4.430e-01;9.882e-01;8.418e-01;-3.954e-01;1.001e+00;3.275e-02;-1.774e-02;1.000e+01;7.916e-01;-4.435e-01;5.000e+01;5.000e+01
20.184992000;1.001e+00;8.186e-01;-4.436e-01;8.175e-01;-4.430e-01;9.882e-01;8.415e-01;-3.954e-01;1.001e+00;3.275e-02;-1.774e-02;1.000e+01;7.916e-01;-4.435e-01;5.000e+01;5.000e+01
20.187992000;1.001e+00;8.185e-01;-4.436e-01;8.174e-01;-4.430e-01;9.882e-01;8.414e-01;-3.954e-01;1.001e+00;3.274e-02;-1.774e-02;1.000e+01;7.916e-01;-4.435e-01;5.000e+01;5.000e+01
20.188992000;1.001e+00;8.185e-01;-4.435e-01;8.173e-01;-4.430e-01;9.882e-01;8.414e-01;-3.954e-01;1.001e+00;3.274e-02;-1.774e-02;1.000e+01;7.916e-01;-4.435e-01;5.000e+01;5.000e+01
20.189992000;1.001e+00;8.184e-01;-4.435e-01;8.173e-01;-4.429e-01;9.882e-01;8.413e-01;-3.954e-01;1.001e+00;3.274e-02;-1.774e-02;1.000e+01;7.916e-01;-4.435e-01;5.000e+01;5.000e+01
20.199992000;1.001e+00;8.181e-01;-4.435e-01;8.170e-01;-4.429e-01;9.882e-01;8.410e-01;-3.954e-01;1.001e+00;3.272e-02;-1.774e-02;1.000e+01;7.916e-01;-4.435e-01;5.000e+01;5.000e+01
20.202992000;1.001e+00;8.181e-01;-4.435e-01;8.169e-01;-4.429e-01;9.882e-01;8.410e-01;-3.954e-01;1.001e+00;3.272e-02;-1.774e-02;1.000e+01;7.916e-01;-4.435e-01;5.000e+01;5.000e+01
20.204992000;1.001e+00;8.181e-01;-4.435e-01;8.169e-01;-4.429e-01;9.882e-01;8.409e-01;-3.954e-01;1.001e+00;3.272e-02;-1.774e-02;1.000e+01;7.916e-01;-4.435e-01;5.000e+01;5.000e+01
20.206992000;1.001e+00;8.180e-01;-4.435e-01;8.169e-01;-4.429e-01;9.882e-01;8.409e-01;-3.954e-01;1.001e+00;3.272e-02;-1.774e-02;1.000e+01;7.916e-01;-4.435e-01;5.000e+01;5.000e+01
20.207992000;1.001e+00;8.180e-01;-4.435e-01;8.169e-01;-4.429e-01;9.882e-01;8.409e-01;-3.955e-01;1.001e+00;3.272e-02;-1.774e-02;1.000e+01;7.916e-01;-4.435e-01;5.000e+01;5.000e+01
20.233992000;1.001e+00;8.181e-01;-4.435e-01;8.170e-01;-4.429e-01;9.882e-01;8.410e-01;-3.955e-01;1.001e+00;3.272e-02;-1.774e-02;1.000e+01;7.916e-01;-4.435e-01;5.000e+01;5.000e+01
20.234992000;1.001e+00;8.181e-01;-4.436e-01;8.170e-01;-4.430e-01;9.882e-01;8.410e-01;-3.955e-01;1.001e+00;3.272e-02;-1.774e-02;1.000e+01;7.916e-01;-4.435e-01;5.000e+01;5.000e+01
20.276992000;1.001e+00;8.183e-01;-4.436e-01;8.172e-01;-4.430e-01;9.882e-01;8.412e-01;-3.955e-01;1.001e+00;3.273e-02;-1.774e-02;1.000e+01;7.916e-01;-4.435e-01;5.000e+01;5.000e+01
20.282992000;1.001e+00;8.183e-01;-4.436e-01;8.171e-01;-4.430e-01;9.882e-01;8.412e-01;-3.955e-01;1.001e+00;3.273e-02;-1.774e-02;1.000e+01;7.916e-01;-4.435e-01;5.000e+01;5.000e+01
20.294992000;1.001e+00;8.181e-01;-4.436e-01;8.170e-01;-4.430e-01;9.882e-01;8.410e-01;-3.955e-01;1.001e+00;3.273e-02;-1.774e-02;1.000e+01;7.916e-01;-4.435e-01;5.000e+01;5.000e+01
20.295992000;1.001e+00;8.181e-01;-4.435e-01;8.170e-01;-4.429e-01;9.882e-01;8.410e-01;-3.955e-01;1.001e+00;3.273e-02;-1.774e-02;1.000e+01;7.916e-01;-4.435e-01;5.000e+01;5.000e+01
20.296992000;1.001e+00;8.181e-01;-4.435e-01;8.170e-01;-4.429e-01;9.882e-01;8.410e-01;-3.955e-01;1.001e+00;3.273e-02;-1.774e-02;1.000e+01;7.916e-01;-4.435e-01;5.000e+01;5.000e+01
20.350992000;1.001e+00;8.177e-01;-4.435e-01;8.166e-01;-4.429e-01;9.882e-01;8.406e-01;-3.955e-01;1.001e+00;3.271e-02;-1.774e-02;1.000e+01;7.916e-01;-4.435e-01;5.000e+01;5.000e+01
20.355992000;1.001e+00;8.177e-01;-4.435e-01;8.165e-01;-4.429e-01;9.882e-01;8.406e-01;-3.955e-01;1.001e+00;3.271e-02;-1.774e-02;1.000e+01;7.916e-01;-4.435e-01;5.000e+01;5.000e+01
20.356992000;1.001e+00;8.177e-01;-4.435e-01;8.165e-01;-4.429e-01;9.882e-01;8.405e-01;-3.954e-01;1.001e+00;3.271e-02;-1.774e-02;1.000e+01;7.916e-01;-4.435e-01;5.000e+01;5.000e+01
20.357992000;1.001e+00;8.177e-01;-4.435e-01;8.165e-01;-4.429e-01;9.882e-01;8.405e-01;-3.955e-01;1.001e+00;3.271e-02;-1.774e-02;1.000e+01;7.916e-01;-4.435e-01;5.000e+01;5.000e+01
20.358992000;1.001e+00;8.177e-01;-4.435e-01;8.165e-01;-4.429e-01;9.882e-01;8.405e-01;-3.954e-01;1.001e+00;3.271e-02;-1.774e-02;1.000e+01;7.916e-01;-4.435e-01;5.000e+01;5.000e+01
20.372992000;1.001e+00;8.176e-01;-4.435e-01;8.165e-01;-4.429e-01;9.882e-01;8.405e-01;-3.954e-01;1.001e+00;3.270e-02;-1.774e-02;1.000e+01;7.916e-01;-4.435e-01;5.000e+01;5.000e+01
20.380992000;1.001e+00;8.176e-01;-4.435e-01;8.164e-01;-4.429e-01;9.882e-01;8.405e-01;-3.954e-01;1.001e+00;3.270e-02;-1.774e-02;1.000e+01;7.916e-01;-4.435e-01;5.000e+01;5.000e+01
20.387992000;1.001e+00;8.176e-01;-4.435e-01;8.164e-01;-4.429e-01;9.882e-01;8.404e-01;-3.954e-01;1.001e+00;3.270e-02;-1.774e-02;1.000e+01;7.916e-01;-4.435e-01;5.000e+01;5.000e+01
20.388992000;1.001e+00;8.176e-01;-4.435e-01;8.164e-01;-4.429e-01;9.883e-01;8.404e-01;-3.954e-01;1.001e+00;3.270e-02;-1.774e-02;1.000e+01;7.916e-01;-4.435e-01;5.000e+01;5.000e+01
20.389992000;1.001e+00;8.176e-01;-4.435e-01;8.164e-01;-4.429e-01;9.883e-01;8.404e-01;-3.955e-01;1.001e+00;3.270e-02;-1.774e-02;1.000e+01;7.916e-01;-4.435e-01;5.000e+01;5.000e+01
20.399992000;1.001e+00;8.175e-01;-4.435e-01;8.164e-01;-4.429e-01;9.883e-01;8.404e-01;-3.955e-01;1.001e+00;3.270e-02;-1.774e-02;1.000e+01;7.916e-01;-4.435e-01;5.000e+01;5.000e+01
20.413992000;1.001e+00;8.175e-01;-4.435e-01;8.164e-01;-4.429e-01;9.883e-01;8.403e-01;-3.955e-01;1.001e+00;3.270e-02;-1.774e-02;1.000e+01;7.916e-01;-4.435e-01;5.000e+01;5.000e+01
20.507992000;1.001e+00;8.174e-01;-4.435e-01;8.162e-01;-4.429e-01;9.883e-01;8.402e-01;-3.955e-01;1.001e+00;3.270e-02;-1.774e-02;1.000e+01;7.916e-01;-4.435e-01;5.000e+01;5.000e+01
20.515992000;1.001e+00;8.174e-01;-4.435e-01;8.162e-01;-4.429e-01;9.883e-01;8.402e-01;-3.955e-01;1.001e+00;3.270e-02;-1.774e-02;1.000e+01;7.916e-01;-4.435e-01;5.000e+01;5.000e+01
20.516992000;1.001e+00;8.174e-01;-4.435e-01;8.162e-01;-4.429e-01;9.883e-01;8.402e-01;-3.954e-01;1.001e+00;3.270e-02;-1.774e-02;1.000e+01;7.916e-01;-4.435e-01;5.000e+01;5.000e+01
20.624992000;1.001e+00;8.174e-01;-4.435e-01;8.162e-01;-4.429e-01;9.883e-01;8.402e-01;-3.954e-01;1.001e+00;3.270e-02;-1.774e-02;1.000e+01;7.916e-01;-4.435e-01;5.000e+01;5.000e+01
20.625992000;1.001e+00;8.174e-01;-4.435e-01;8.162e-01;-4.428e-01;9.883e-01;8.402e-01;-3.954e-01;1.001e+00;3.270e-02;-1.774e-02;1.000e+01;7.916e-01;-4.435e-01;5.000e+01;5.000e+01
20.649992000;1.001e+00;8.174e-01;-4.435e-01;8.162e-01;-4.428e-01;9.883e-01;8.402e-01;-3.954e-01;1.001e+00;3.270e-02;-1.774e-02;1.000e+01;7.916e-01;-4.435e-01;5.000e+01;5.000e+01
20.665992000;1.001e+00;8.174e-01;-4.435e-01;8.162e-01;-4.428e-01;9.883e-01;8.401e-01;-3.954e-01;1.001e+00;3.269e-02;-1.774e-02;1.000e+01;7.916e-01;-4.435e-01;5.000e+01;5.000e+01
20.698992000;1.001e+00;8.173e-01;-4.435e-01;8.161e-01;-4.428e-01;9.883e-01;8.401e-01;-3.954e-01;1.001e+00;3.269e-02;-1.774e-02;1.000e+01;7.916e-01;-4.435e-01;5.000e+01;5.000e+01
20.745992000;1.001e+00;8.171e-01;-4.435e-01;8.159e-01;-4.428e-01;9.883e-01;8.399e-01;-3.954e-01;1.001e+00;3.268e-02;-1.774e-02;1.000e+01;7.916e-01;-4.435e-01;5.000e+01;5.000e+01
20.784992000;1.001e+00;8.169e-01;-4.435e-01;8.157e-01;-4.428e-01;9.883e-01;8.397e-01;-3.954e-01;1.001e+00;3.268e-02;-1.774e-02;1.000e+01;7.916e-01;-4.435e-01;5.000e+01;5.000e+01
20.785992000;1.002e+00;8.169e-01;-4.435e-01;8.157e-01;-4.428e-01;9.883e-01;8.397e-01;-3.954e-01;1.002e+00;3.268e-02;-1.774e-02;1.000e+01;7.916e-01;-4.435e-01;5.000e+01;5.000e+01
20.796992000;1.002e+00;8.169e-01;-4.435e-01;8.157e-01;-4.428e-01;9.883e-01;8.396e-01;-3.954e-01;1.002e+00;3.268e-02;-1.774e-02;1.000e+01;7.916e-01;-4.435e-01;5.000e+01;5.000e+01
20.797992000;1.002e+00;8.169e-01;-4.434e-01;8.157e-01;-4.428e-01;9.883e-01;8.396e-01;-3.954e-01;1.002e+00;3.268e-02;-1.774e-02;1.000e+01;7.916e-01;-4.435e-01;5.000e+01;5.000e+01
20.839992000;1.002e+00;8.167e-01;-4.434e-01;8.155e-01;-4.428e-01;9.883e-01;8.394e-01;-3.954e-01;1.002e+00;3.267e-02;-1.774e-02;1.000e+01;7.916e-01;-4.435e-01;5.000e+01;5.000e+01
20.840992000;1.002e+00;8.167e-01;-4.434e-01;8.155e-01;-4.427e-01;9.883e-01;8.394e-01;-3.954e-01;1.002e+00;3.267e-02;-1.774e-02;1.000e+01;7.916e-01;-4.435e-01;5.000e+01;5.000e+01
20.868992000;1.002e+00;8.166e-01;-4.434e-01;8.153e-01;-4.427e-01;9.883e-01;8.393e-01;-3.954e-01;1.002e+00;3.266e-02;-1.774e-02;1.000e+01;7.916e-01;-4.435e-01;5.000e+01;5.000e+01
20.869992000;1.002e+00;8.166e-01;-4.434e-01;8.153e-01;-4.427e-01;9.884e-01;8.393e-01;-3.954e-01;1.002e+00;3.266e-02;-1.774e-02;1.000e+01;7.916e-01;-4.435e-01;5.000e+01;5.000e+01
20.921992000;1.002e+00;8.164e-01;-4.434e-01;8.151e-01;-4.427e-01;9.884e-01;8.390e-01;-3.954e-01;1.002e+00;3.265e-02;-1.774e-02;1.000e+01;7.916e-01;-4.435e-01;5.000e+01;5.000e+01
20.955992000;1.002e+00;8.162e-01;-4.434e-01;8.150e-01;-4.427e-01;9.884e-01;8.389e-01;-3.954e-01;1.002e+00;3.265e-02;-1.774e-02;1.000e+01;7.916e-01;-4.435e-01;5.000e+01;5.000e+01
20.966992000;1.002e+00;8.162e-01;-4.434e-01;8.149e-01;-4.427e-01;9.884e-01;8.389e-01;-3.954e-01;1.002e+00;3.265e-02;-1.774e-02;1.000e+01;7.916e-01;-4.435e-01;5.000e+01;5.000e+01
20.989992000;1.002e+00;8.162e-01;-4.434e-01;8.149e-01;-4.427e-01;9.884e-01;8.388e-01;-3.954e-01;1.002e+00;3.265e-02;-1.774e-02;1.000e+01;7.916e-01;-4.435e-01;5.000e+01;5.000e+01
21.047992000;1.002e+00;8.162e-01;-4.434e-01;8.149e-01;-4.427e-01;9.884e-01;8.388e-01;-3.954e-01;1.002e+00;3.265e-02;-1.774e-02;1.000e+01;7.916e-01;-4.435e-01;5.000e+01;5.000e+01
21.048992000;1.002e+00;8.162e-01;-4.434e-01;8.149e-01;-4.426e-01;9.884e-01;8.388e-01;-3.954e-01;1.002e+00;3.265e-02;-1.773e-02;1.000e+01;7.916e-01;-4.435e-01;5.000e+01;5.000e+01
21.240992000;1.002e+00;8.162e-01;-4.434e-01;8.149e-01;-4.426e-01;9.884e-01;8.388e-01;-3.954e-01;1.002e+00;3.265e-02;-1.773e-02;1.000e+01;7.916e-01;-4.435e-01;5.000e+01;5.000e+01
21.241992000;1.002e+00;8.162e-01;-4.433e-01;8.149e-01;-4.426e-01;9.884e-01;8.388e-01;-3.954e-01;1.002e+00;3.265e-02;-1.773e-02;1.000e+01;7.916e-01;-4.435e-01;5.000e+01;5.000e+01
21.248992000;1.002e+00;8.162e-01;-4.433e-01;8.149e-01;-4.426e-01;9.884e-01;8.388e-01;-3.954e-01;1.002e+00;3.265e-02;-1.773e-02;1.000e+01;7.916e-01;-4.435e-01;5.000e+01;5.000e+01
21.260992000;1.002e+00;8.161e-01;-4.433e-01;8.148e-01;-4.426e-01;9.884e-01;8.388e-01;-3.954e-01;1.002e+00;3.265e-02;-1.773e-02;1.000e+01;7.916e-01;-4.435e-01;5.000e+01;5.000e+01
21.265992000;1.002e+00;8.161e-01;-4.433e-01;8.148e-01;-4.426e-01;9.884e-01;8.387e-01;-3.954e-01;1.002e+00;3.265e-02;-1.773e-02;1.000e+01;7.916e-01;-4.435e-01;5.000e+01;5.000e+01
21.404992000;1.002e+00;8.157e-01;-4.433e-01;8.144e-01;-4.426e-01;9.884e-01;8.383e-01;-3.954e-01;1.002e+00;3.263e-02;-1.773e-02;1.000e+01;7.916e-01;-4.435e-01;5.000e+01;5.000e+01
21.405992000;1.002e+00;8.157e-01;-4.433e-01;8.144e-01;-4.425e-01;9.884e-01;8.383e-01;-3.954e-01;1.002e+00;3.263e-02;-1.773e-02;1.000e+01;7.916e-01;-4.435e-01;5.000e+01;5.000e+01
21.410992000;1.002e+00;8.157e-01;-4.433e-01;8.144e-01;-4.425e-01;9.884e-01;8.383e-01;-3.954e-01;1.002e+00;3.263e-02;-1.773e-02;1.000e+01;7.916e-01;-4.435e-01;5.000e+01;5.000e+01
21.411992000;1.002e+00;8.157e-01;-4.433e-01;8.144e-01;-4.425e-01;9.885e-01;8.383e-01;-3.954e-01;1.002e+00;3.263e-02;-1.773e-02;1.000e+01;7.916e-01;-4.435e-01;5.000e+01;5.000e+01
21.478992000;1.002e+00;8.155e-01;-4.433e-01;8.141e-01;-4.425e-01;9.885e-01;8.380e-01;-3.954e-01;1.002e+00;3.262e-02;-1.773e-02;1.000e+01;7.916e-01;-4.435e-01;5.000e+01;5.000e+01
21.479992000;1.002e+00;8.155e-01;-4.432e-01;8.141e-01;-4.425e-01;9.885e-01;8.380e-01;-3.954e-01;1.002e+00;3.262e-02;-1.773e-02;1.000e+01;7.916e-01;-4.435e-01;5.000e+01;5.000e+01
21.516992000;1.002e+00;8.154e-01;-4.432e-01;8.140e-01;-4.425e-01;9.885e-01;8.379e-01;-3.954e-01;1.002e+00;3.261e-02;-1.773e-02;1.000e+01;7.916e-01;-4.435e-01;5.000e+01;5.000e+01
21.528992000;1.002e+00;8.153e-01;-4.432e-01;8.140e-01;-4.425e-01;9.885e-01;8.379e-01;-3.954e-01;1.002e+00;3.261e-02;-1.773e-02;1.000e+01;7.916e-01;-4.435e-01;5.000e+01;5.000e+01
21.558992000;1.002e+00;8.153e-01;-4.432e-01;8.140e-01;-4.425e-01;9.885e-01;8.378e-01;-3.954e-01;1.002e+00;3.261e-02;-1.773e-02;1.000e+01;7.916e-01;-4.435e-01;5.000e+01;5.000e+01
21.564992000;1.002e+00;8.153e-01;-4.432e-01;8.139e-01;-4.425e-01;9.885e-01;8.378e-01;-3.954e-01;1.002e+00;3.261e-02;-1.773e-02;1.000e+01;7.916e-01;-4.435e-01;5.000e+01;5.000e+01
21.585992000;1.002e+00;8.153e-01;-4.432e-01;8.139e-01;-4.425e-01;9.885e-01;8.378e-01;-3.954e-01;1.002e+00;3.261e-02;-1.773e-02;1.000e+01;7.916e-01;-4.435e-01;5.000e+01;5.000e+01
21.586992000;1.002e+00;8.153e-01;-4.432e-01;8.139e-01;-4.425e-01;9.885e-01;8.378e-01;-3.953e-01;1.002e+00;3.261e-02;-1.773e-02;1.000e+01;7.916e-01;-4.435e-01;5.000e+01;5.000e+01
21.772992000;1.002e+00;8.153e-01;-4.432e-01;8.140e-01;-4.425e-01;9.885e-01;8.379e-01;-3.953e-01;1.002e+00;3.261e-02;-1.773e-02;1.000e+01;7.916e-01;-4.435e-01;5.000e+01;5.000e+01
21.773992000;1.002e+00;8.153e-01;-4.432e-01;8.140e-01;-4.424e-01;9.885e-01;8.379e-01;-3.953e-01;1.002e+00;3.261e-02;-1.773e-02;1.000e+01;7.916e-01;-4.435e-01;5.000e+01;5.000e+01
21.829992000;1.002e+00;8.153e-01;-4.432e-01;8.140e-01;-4.424e-01;9.885e-01;8.379e-01;-3.953e-01;1.002e+00;3.261e-02;-1.773e-02;1.000e+01;7.916e-01;-4.435e-01;5.000e+01;5.000e+01
21.846992000;1.002e+00;8.153e-01;-4.432e-01;8.139e-01;-4.424e-01;9.885e-01;8.379e-01;-3.953e-01;1.002e+00;3.261e-02;-1.773e-02;1.000e+01;7.916e-01;-4.435e-01;5.000e+01;5.000e+01
21.896619000;1.002e+00;8.153e-01;-4.432e-01;8.139e-01;-4.424e-01;9.885e-01;8.377e-01;-3.953e-01;1.002e+00;3.261e-02;-1.773e-02;1.000e+01;7.916e-01;-4.435e-01;5.000e+01;5.000e+01
21.969619000;1.002e+00;8.150e-01;-4.432e-01;8.136e-01;-4.424e-01;9.885e-01;8.376e-01;-3.953e-01;1.002e+00;3.260e-02;-1.773e-02;1.000e+01;7.916e-01;-4.435e-01;5.000e+01;5.000e+01
21.970619000;1.002e+00;8.150e-01;-4.431e-01;8.136e-01;-4.424e-01;9.885e-01;8.376e-01;-3.953e-01;1.002e+00;3.260e-02;-1.773e-02;1.000e+01;7.916e-01;-4.435e-01;5.000e+01;5.000e+01
22.014619000;1.002e+00;8.150e-01;-4.431e-01;8.135e-01;-4.424e-01;9.885e-01;8.374e-01;-3.953e-01;1.002e+00;3.260e-02;-1.773e-02;1.000e+01;7.916e-01;-4.435e-01;5.000e+01;5.000e+01
22.015619000;1.002e+00;8.150e-01;-4.431e-01;8.135e-01;-4.424e-01;9.886e-01;8.374e-01;-3.953e-01;1.002e+00;3.260e-02;-1.773e-02;1.000e+01;7.916e-01;-4.435e-01;5.000e+01;5.000e+01
22.016619000;1.002e+00;8.150e-01;-4.431e-01;8.135e-01;-4.424e-01;9.885e-01;8.374e-01;-3.953e-01;1.002e+00;3.260e-02;-1.773e-02;1.000e+01;7.916e-01;-4.435e-01;5.000e+01;5.000e+01
22.017619000;1.002e+00;8.149e-01;-4.431e-01;8.135e-01;-4.424e-01;9.886e-01;8.374e-01;-3.953e-01;1.002e+00;3.260e-02;-1.773e-02;1.000e+01;7.916e-01;-4.435e-01;5.000e+01;5.000e+01
22.050619000;1.002e+00;8.148e-01;-4.431e-01;8.134e-01;-4.424e-01;9.886e-01;8.373e-01;-3.953e-01;1.002e+00;3.259e-02;-1.773e-02;1.000e+01;7.916e-01;-4.435e-01;5.000e+01;5.000e+01
22.051619000;1.002e+00;8.148e-01;-4.431e-01;8.134e-01;-4.423e-01;9.886e-01;8.373e-01;-3.953e-01;1.002e+00;3.259e-02;-1.773e-02;1.000e+01;7.916e-01;-4.435e-01;5.000e+01;5.000e+01
22.075619000;1.002e+00;8.148e-01;-4.431e-01;8.134e-01;-4.423e-01;9.886e-01;8.372e-01;-3.953e-01;1.002e+00;3.259e-02;-1.773e-02;1.000e+01;7.916e-01;-4.435e-01;5.000e+01;5.000e+01
22.089619000;1.002e+00;8.148e-01;-4.431e-01;8.133e-01;-4.423e-01;9.886e-01;8.372e-01;-3.953e-01;1.002e+00;3.259e-02;-1.773e-02;1.000e+01;7.916e-01;-4.435e-01;5.000e+01;5.000e+01
22.106619000;1.002e+00;8.147e-01;-4.431e-01;8.133e-01;-4.423e-01;9.886e-01;8.372e-01;-3.953e-01;1.002e+00;3.259e-02;-1.773e-02;1.000e+01;7.916e-01;-4.435e-01;5.000e+01;5.000e+01
22.159619000;1.002e+00;8.147e-01;-4.431e-01;8.133e-01;-4.423e-01;9.886e-01;8.372e-01;-3.953e-01;1.002e+00;3.259e-02;-1.773e-02;1.000e+01;7.916e-01;-4.435e-01;5.000e+01;5.000e+01
22.160619000;1.002e+00;8.147e-01;-4.431e-01;8.133e-01;-4.423e-01;9.886e-01;8.372e-01;-3.953e-01;1.002e+00;3.259e-02;-1.772e-02;1.000e+01;7.916e-01;-4.435e-01;5.000e+01;5.000e+01
22.231619000;1.002e+00;8.147e-01;-4.431e-01;8.133e-01;-4.423e-01;9.886e-01;8.372e-01;-3.953e-01;1.002e+00;3.259e-02;-1.772e-02;1.000e+01;7.916e-01;-4.435e-01;5.000e+01;5.000e+01
22.232619000;1.002e+00;8.147e-01;-4.431e-01;8.133e-01;-4.423e-01;9.886e-01;8.372e-01;-3.952e-01;1.002e+00;3.259e-02;-1.772e-02;1.000e+01;7.916e-01;-4.435e-01;5.000e+01;5.000e+01
22.385619000;1.002e+00;8.148e-01;-4.431e-01;8.134e-01;-4.423e-01;9.886e-01;8.373e-01;-3.952e-01;1.002e+00;3.259e-02;-1.772e-02;1.000e+01;7.916e-01;-4.435e-01;5.000e+01;5.000e+01
22.390619000;1.002e+00;8.148e-01;-4.431e-01;8.133e-01;-4.423e-01;9.886e-01;8.373e-01;-3.952e-01;1.002e+00;3.259e-02;-1.772e-02;1.000e+01;7.916e-01;-4.435e-01;5.000e+01;5.000e+01
22.514619000;1.002e+00;8.146e-01;-4.431e-01;8.132e-01;-4.423e-01;9.886e-01;8.371e-01;-3.952e-01;1.002e+00;3.259e-02;-1.772e-02;1.000e+01;7.916e-01;-4.435e-01;5.000e+01;5.000e+01
22.515619000;1.002e+00;8.146e-01;-4.431e-01;8.132e-01;-4.422e-01;9.886e-01;8.371e-01;-3.952e-01;1.002e+00;3.259e-02;-1.772e-02;1.000e+01;7.916e-01;-4.435e-01;5.000e+01;5.000e+01
22.536619000;1.002e+00;8.146e-01;-4.431e-01;8.131e-01;-4.422e-01;9.886e-01;8.370e-01;-3.952e-01;1.002e+00;3.259e-02;-1.772e-02;1.000e+01;7.916e-01;-4.435e-01;5.000e+01;5.000e+01
22.558619000;1.002e+00;8.146e-01;-4.431e-01;8.131e-01;-4.422e-01;9.886e-01;8.370e-01;-3.952e-01;1.002e+00;3.258e-02;-1.772e-02;1.000e+01;7.916e-01;-4.435e-01;5.000e+01;5.000e+01
22.559619000;1.002e+00;8.146e-01;-4.430e-01;8.131e-01;-4.422e-01;9.886e-01;8.369e-01;-3.952e-01;1.002e+00;3.258e-02;-1.772e-02;1.000e+01;7.916e-01;-4.435e-01;5.000e+01;5.000e+01
22.664619000;1.002e+00;8.144e-01;-4.430e-01;8.129e-01;-4.422e-01;9.886e-01;8.368e-01;-3.952e-01;1.002e+00;3.257e-02;-1.772e-02;1.000e+01;7.916e-01;-4.435e-01;5.000e+01;5.000e+01
22.691619000;1.002e+00;8.144e-01;-4.430e-01;8.128e-01;-4.422e-01;9.886e-01;8.367e-01;-3.952e-01;1.002e+00;3.257e-02;-1.772e-02;1.000e+01;7.916e-01;-4.435e-01;5.000e+01;5.000e+01
22.726619000;1.002e+00;8.144e-01;-4.430e-01;8.128e-01;-4.422e-01;9.886e-01;8.367e-01;-3.952e-01;1.002e+00;3.257e-02;-1.772e-02;1.000e+01;7.916e-01;-4.435e-01;5.000e+01;5.000e+01
22.727619000;1.002e+00;8.144e-01;-4.430e-01;8.128e-01;-4.422e-01;9.887e-01;8.367e-01;-3.952e-01;1.002e+00;3.257e-02;-1.772e-02;1.000e+01;7.916e-01;-4.435e-01;5.000e+01;5.000e+01
22.852619000;1.002e+00;8.144e-01;-4.430e-01;8.129e-01;-4.422e-01;9.887e-01;8.368e-01;-3.952e-01;1.002e+00;3.258e-02;-1.772e-02;1.000e+01;7.916e-01;-4.435e-01;5.000e+01;5.000e+01
22.853619000;1.002e+00;8.144e-01;-4.430e-01;8.129e-01;-4.422e-01;9.887e-01;8.368e-01;-3.951e-01;1.002e+00;3.258e-02;-1.772e-02;1.000e+01;7.916e-01;-4.435e-01;5.000e+01;5.000e+01
22.970619000;1.002e+00;8.145e-01;-4.430e-01;8.129e-01;-4.422e-01;9.887e-01;8.368e-01;-3.951e-01;1.002e+00;3.258e-02;-1.772e-02;1.000e+01;7.916e-01;-4.435e-01;5.000e+01;5.000e+01
22.971619000;1.002e+00;8.145e-01;-4.430e-01;8.129e-01;-4.421e-01;9.887e-01;8.368e-01;-3.951e-01;1.002e+00;3.258e-02;-1.772e-02;1.000e+01;7.916e-01;-4.435e-01;5.000e+01;5.000e+01
23.050619000;1.002e+00;8.144e-01;-4.430e-01;8.129e-01;-4.421e-01;9.887e-01;8.367e-01;-3.951e-01;1.002e+00;3.258e-02;-1.772e-02;1.000e+01;7.916e-01;-4.435e-01;5.000e+01;5.000e+01
23.070619000;1.002e+00;8.144e-01;-4.430e-01;8.129e-01;-4.421e-01;9.887e-01;8.367e-01;-3.951e-01;1.002e+00;3.257e-02;-1.772e-02;1.000e+01;7.916e-01;-4.435e-01;5.000e+01;5.000e+01
23.081619000;1.002e+00;8.144e-01;-4.430e-01;8.128e-01;-4.421e-01;9.887e-01;8.367e-01;-3.951e-01;1.002e+00;3.257e-02;-1.772e-02;1.000e+01;7.916e-01;-4.435e-01;5.000e+01;5.000e+01
23.082619000;1.002e+00;8.144e-01;-4.429e-01;8.128e-01;-4.421e-01;9.887e-01;8.367e-01;-3.951e-01;1.002e+00;3.257e-02;-1.772e-02;1.000e+01;7.916e-01;-4.435e-01;5.000e+01;5.000e+01
23.208619000;1.002e+00;8.141e-01;-4.429e-01;8.126e-01;-4.421e-01;9.887e-01;8.364e-01;-3.951e-01;1.002e+00;3.257e-02;-1.772e-02;1.000e+01;7.916e-01;-4.435e-01;5.000e+01;5.000e+01
23.226619000;1.002e+00;8.141e-01;-4.429e-01;8.126e-01;-4.421e-01;9.887e-01;8.364e-01;-3.951e-01;1.002e+00;3.256e-02;-1.772e-02;1.000e+01;7.916e-01;-4.435e-01;5.000e+01;5.000e+01
23.257619000;1.002e+00;8.141e-01;-4.429e-01;8.125e-01;-4.421e-01;9.887e-01;8.364e-01;-3.951e-01;1.002e+00;3.256e-02;-1.772e-02;1.000e+01;7.916e-01;-4.435e-01;5.000e+01;5.000e+01
23.295619000;1.002e+00;8.141e-01;-4.429e-01;8.125e-01;-4.421e-01;9.887e-01;8.364e-01;-3.951e-01;1.002e+00;3.256e-02;-1.772e-02;1.000e+01;7.916e-01;-4.435e-01;5.000e+01;5.000e+01
23.296619000;1.002e+00;8.141e-01;-4.429e-01;8.125e-01;-4.420e-01;9.887e-01;8.364e-01;-3.951e-01;1.002e+00;3.256e-02;-1.772e-02;1.000e+01;7.916e-01;-4.435e-01;5.000e+01;5.000e+01
23.439619000;1.002e+00;8.141e-01;-4.429e-01;8.126e-01;-4.420e-01;9.887e-01;8.365e-01;-3.951e-01;1.002e+00;3.257e-02;-1.772e-02;1.000e+01;7.916e-01;-4.435e-01;5.000e+01;5.000e+01
23.440619000;1.002e+00;8.142e-01;-4.429e-01;8.126e-01;-4.420e-01;9.887e-01;8.365e-01;-3.950e-01;1.002e+00;3.257e-02;-1.772e-02;1.000e+01;7.916e-01;-4.435e-01;5.000e+01;5.000e+01
23.486619000;1.002e+00;8.142e-01;-4.429e-01;8.126e-01;-4.420e-01;9.887e-01;8.365e-01;-3.950e-01;1.002e+00;3.257e-02;-1.772e-02;1.000e+01;7.916e-01;-4.435e-01;5.000e+01;5.000e+01
23.487619000;1.002e+00;8.142e-01;-4.429e-01;8.126e-01;-4.420e-01;9.887e-01;8.365e-01;-3.950e-01;1.002e+00;3.257e-02;-1.771e-02;1.000e+01;7.916e-01;-4.435e-01;5.000e+01;5.000e+01
23.626619000;1.002e+00;8.141e-01;-4.429e-01;8.126e-01;-4.420e-01;9.887e-01;8.364e-01;-3.950e-01;1.002e+00;3.257e-02;-1.771e-02;1.000e+01;7.916e-01;-4.435e-01;5.000e+01;5.000e+01
23.627619000;1.002e+00;8.141e-01;-4.428e-01;8.126e-01;-4.420e-01;9.887e-01;8.364e-01;-3.950e-01;1.002e+00;3.257e-02;-1.771e-02;1.000e+01;7.916e-01;-4.435e-01;5.000e+01;5.000e+01
23.646619000;1.002e+00;8.141e-01;-4.428e-01;8.126e-01;-4.420e-01;9.887e-01;8.364e-01;-3.950e-01;1.002e+00;3.257e-02;-1.771e-02;1.000e+01;7.916e-01;-4.435e-01;5.000e+01;5.000e+01
23.711619000;1.002e+00;8.141e-01;-4.428e-01;8.125e-01;-4.420e-01;9.887e-01;8.363e-01;-3.950e-01;1.002e+00;3.256e-02;-1.771e-02;1.000e+01;7.916e-01;-4.435e-01;5.000e+01;5.000e+01
23.712619000;1.002e+00;8.141e-01;-4.428e-01;8.125e-01;-4.420e-01;9.888e-01;8.363e-01;-3.950e-01;1.002e+00;3.256e-02;-1.771e-02;1.000e+01;7.916e-01;-4.435e-01;5.000e+01;5.000e+01
23.733619000;1.002e+00;8.140e-01;-4.428e-01;8.124e-01;-4.420e-01;9.888e-01;8.363e-01;-3.950e-01;1.002e+00;3.256e-02;-1.771e-02;1.000e+01;7.916e-01;-4.435e-01;5.000e+01;5.000e+01
23.734619000;1.002e+00;8.140e-01;-4.428e-01;8.124e-01;-4.419e-01;9.888e-01;8.363e-01;-3.950e-01;1.002e+00;3.256e-02;-1.771e-02;1.000e+01;7.916e-01;-4.435e-01;5.000e+01;5.000e+01
24.020619000;1.002e+00;8.140e-01;-4.428e-01;8.124e-01;-4.419e-01;9.888e-01;8.362e-01;-3.950e-01;1.002e+00;3.256e-02;-1.771e-02;1.000e+01;7.916e-01;-4.435e-01;5.000e+01;5.000e+01
24.021619000;1.002e+00;8.140e-01;-4.428e-01;8.124e-01;-4.419e-01;9.888e-01;8.362e-01;-3.949e-01;1.002e+00;3.256e-02;-1.771e-02;1.000e+01;7.916e-01;-4.435e-01;5.000e+01;5.000e+01
24.051619000;1.002e+00;8.140e-01;-4.428e-01;8.124e-01;-4.419e-01;9.888e-01;8.363e-01;-3.949e-01;1.002e+00;3.256e-02;-1.771e-02;1.000e+01;7.916e-01;-4.435e-01;5.000e+01;5.000e+01
24.052619000;1.002e+00;8.140e-01;-4.427e-01;8.124e-01;-4.419e-01;9.888e-01;8.363e-01;-3.949e-01;1.002e+00;3.256e-02;-1.771e-02;1.000e+01;7.916e-01;-4.435e-01;5.000e+01;5.000e+01
24.205619000;1.002e+00;8.140e-01;-4.427e-01;8.124e-01;-4.419e-01;9.888e-01;8.362e-01;-3.949e-01;1.002e+00;3.256e-02;-1.771e-02;1.000e+01;7.916e-01;-4.435e-01;5.000e+01;5.000e+01
24.206619000;1.002e+00;8.140e-01;-4.427e-01;8.124e-01;-4.418e-01;9.888e-01;8.362e-01;-3.949e-01;1.002e+00;3.256e-02;-1.771e-02;1.000e+01;7.916e-01;-4.435e-01;5.000e+01;5.000e+01
24.355619000;1.002e+00;8.138e-01;-4.427e-01;8.122e-01;-4.418e-01;9.888e-01;8.361e-01;-3.949e-01;1.002e+00;3.255e-02;-1.771e-02;1.000e+01;7.916e-01;-4.435e-01;5.000e+01;5.000e+01
24.615619000;1.002e+00;8.139e-01;-4.427e-01;8.123e-01;-4.418e-01;9.888e-01;8.361e-01;-3.949e-01;1.002e+00;3.256e-02;-1.771e-02;1.000e+01;7.916e-01;-4.435e-01;5.000e+01;5.000e+01
24.616619000;1.002e+00;8.139e-01;-4.427e-01;8.123e-01;-4.418e-01;9.888e-01;8.361e-01;-3.948e-01;1.002e+00;3.256e-02;-1.771e-02;1.000e+01;7.916e-01;-4.435e-01;5.000e+01;5.000e+01
24.685619000;1.002e+00;8.139e-01;-4.427e-01;8.123e-01;-4.418e-01;9.888e-01;8.361e-01;-3.948e-01;1.002e+00;3.256e-02;-1.771e-02;1.000e+01;7.916e-01;-4.435e-01;5.000e+01;5.000e+01
24.686619000;1.002e+00;8.139e-01;-4.426e-01;8.123e-01;-4.418e-01;9.888e-01;8.361e-01;-3.948e-01;1.002e+00;3.256e-02;-1.771e-02;1.000e+01;7.916e-01;-4.435e-01;5.000e+01;5.000e+01
24.833619000;1.002e+00;8.138e-01;-4.426e-01;8.122e-01;-4.418e-01;9.888e-01;8.360e-01;-3.948e-01;1.002e+00;3.255e-02;-1.771e-02;1.000e+01;7.916e-01;-4.435e-01;5.000e+01;5.000e+01
24.834619000;1.002e+00;8.138e-01;-4.426e-01;8.122e-01;-4.417e-01;9.888e-01;8.360e-01;-3.948e-01;1.002e+00;3.255e-02;-1.770e-02;1.000e+01;7.916e-01;-4.435e-01;5.000e+01;5.000e+01
24.863619000;1.002e+00;8.138e-01;-4.426e-01;8.122e-01;-4.417e-01;9.888e-01;8.360e-01;-3.948e-01;1.002e+00;3.255e-02;-1.770e-02;1.000e+01;7.916e-01;-4.435e-01;5.000e+01;5.000e+01
24.864619000;1.002e+00;8.138e-01;-4.426e-01;8.122e-01;-4.417e-01;9.889e-01;8.360e-01;-3.948e-01;1.002e+00;3.255e-02;-1.770e-02;1.000e+01;7.916e-01;-4.435e-01;5.000e+01;5.000e+01
25.248619000;1.002e+00;8.138e-01;-4.426e-01;8.122e-01;-4.417e-01;9.889e-01;8.360e-01;-3.948e-01;1.002e+00;3.255e-02;-1.770e-02;1.000e+01;7.916e-01;-4.435e-01;5.000e+01;5.000e+01
25.249619000;1.002e+00;8.138e-01;-4.426e-01;8.122e-01;-4.417e-01;9.889e-01;8.360e-01;-3.947e-01;1.002e+00;3.255e-02;-1.770e-02;1.000e+01;7.916e-01;-4.435e-01;5.000e+01;5.000e+01
25.379619000;1.002e+00;8.138e-01;-4.426e-01;8.121e-01;-4.417e-01;9.889e-01;8.359e-01;-3.947e-01;1.002e+00;3.255e-02;-1.770e-02;1.000e+01;7.916e-01;-4.435e-01;5.000e+01;5.000e+01
25.380619000;1.002e+00;8.138e-01;-4.425e-01;8.121e-01;-4.416e-01;9.889e-01;8.359e-01;-3.947e-01;1.002e+00;3.255e-02;-1.770e-02;1.000e+01;7.916e-01;-4.435e-01;5.000e+01;5.000e+01
25.497619000;1.002e+00;8.137e-01;-4.425e-01;8.120e-01;-4.416e-01;9.889e-01;8.359e-01;-3.947e-01;1.002e+00;3.255e-02;-1.770e-02;1.000e+01;7.916e-01;-4.435e-01;5.000e+01;5.000e+01
25.520619000;1.002e+00;8.137e-01;-4.425e-01;8.120e-01;-4.416e-01;9.889e-01;8.358e-01;-3.947e-01;1.002e+00;3.255e-02;-1.770e-02;1.000e+01;7.916e-01;-4.435e-01;5.000e+01;5.000e+01
25.978619000;1.002e+00;8.138e-01;-4.425e-01;8.120e-01;-4.416e-01;9.889e-01;8.358e-01;-3.947e-01;1.002e+00;3.255e-02;-1.770e-02;1.000e+01;7.916e-01;-4.435e-01;5.000e+01;5.000e+01
25.979619000;1.002e+00;8.138e-01;-4.425e-01;8.120e-01;-4.416e-01;9.889e-01;8.358e-01;-3.946e-01;1.002e+00;3.255e-02;-1.770e-02;1.000e+01;7.916e-01;-4.435e-01;5.000e+01;5.000e+01
25.980619000;1.002e+00;8.138e-01;-4.425e-01;8.120e-01;-4.415e-01;9.889e-01;8.358e-01;-3.946e-01;1.002e+00;3.255e-02;-1.770e-02;1.000e+01;7.916e-01;-4.435e-01;5.000e+01;5.000e+01
26.173619000;1.002e+00;8.137e-01;-4.425e-01;8.120e-01;-4.415e-01;9.889e-01;8.358e-01;-3.946e-01;1.002e+00;3.255e-02;-1.770e-02;1.000e+01;7.916e-01;-4.435e-01;5.000e+01;5.000e+01
26.174619000;1.002e+00;8.137e-01;-4.424e-01;8.120e-01;-4.415e-01;9.889e-01;8.358e-01;-3.946e-01;1.002e+00;3.255e-02;-1.770e-02;1.000e+01;7.916e-01;-4.435e-01;5.000e+01;5.000e+01
26.491619000;1.002e+00;8.138e-01;-4.424e-01;8.120e-01;-4.415e-01;9.889e-01;8.358e-01;-3.946e-01;1.002e+00;3.255e-02;-1.770e-02;1.000e+01;7.916e-01;-4.435e-01;5.000e+01;5.000e+01
26.492619000;1.002e+00;8.138e-01;-4.424e-01;8.120e-01;-4.415e-01;9.890e-01;8.358e-01;-3.946e-01;1.002e+00;3.255e-02;-1.770e-02;1.000e+01;7.916e-01;-4.435e-01;5.000e+01;5.000e+01
26.967619000;1.002e+00;8.137e-01;-4.424e-01;8.120e-01;-4.415e-01;9.890e-01;8.358e-01;-3.946e-01;1.002e+00;3.255e-02;-1.770e-02;1.000e+01;7.916e-01;-4.435e-01;5.000e+01;5.000e+01
26.968619000;1.002e+00;8.137e-01;-4.424e-01;8.120e-01;-4.414e-01;9.890e-01;8.358e-01;-3.946e-01;1.002e+00;3.255e-02;-1.769e-02;1.000e+01;7.916e-01;-4.435e-01;5.000e+01;5.000e+01
27.015619000;1.002e+00;8.137e-01;-4.424e-01;8.120e-01;-4.414e-01;9.890e-01;8.358e-01;-3.946e-01;1.002e+00;3.255e-02;-1.769e-02;1.000e+01;7.916e-01;-4.435e-01;5.000e+01;5.000e+01
27.016619000;1.002e+00;8.137e-01;-4.424e-01;8.120e-01;-4.414e-01;9.890e-01;8.358e-01;-3.945e-01;1.002e+00;3.255e-02;-1.769e-02;1.000e+01;7.916e-01;-4.435e-01;5.000e+01;5.000e+01
27.571619000;1.002e+00;8.137e-01;-4.424e-01;8.119e-01;-4.414e-01;9.890e-01;8.357e-01;-3.945e-01;1.002e+00;3.255e-02;-1.769e-02;1.000e+01;7.916e-01;-4.435e-01;5.000e+01;5.000e+01
27.572619000;1.002e+00;8.137e-01;-4.423e-01;8.119e-01;-4.414e-01;9.890e-01;8.357e-01;-3.945e-01;1.002e+00;3.255e-02;-1.769e-02;1.000e+01;7.916e-01;-4.435e-01;5.000e+01;5.000e+01
27.875619000;1.002e+00;8.136e-01;-4.423e-01;8.119e-01;-4.414e-01;9.890e-01;8.357e-01;-3.945e-01;1.002e+00;3.255e-02;-1.769e-02;1.000e+01;7.916e-01;-4.435e-01;5.000e+01;5.000e+01
27.876619000;1.002e+00;8.136e-01;-4.423e-01;8.119e-01;-4.413e-01;9.890e-01;8.357e-01;-3.945e-01;1.002e+00;3.255e-02;-1.769e-02;1.000e+01;7.916e-01;-4.435e-01;5.000e+01;5.000e+01
28.363619000;1.002e+00;8.136e-01;-4.423e-01;8.119e-01;-4.413e-01;9.890e-01;8.356e-01;-3.945e-01;1.002e+00;3.255e-02;-1.769e-02;1.000e+01;7.916e-01;-4.435e-01;5.000e+01;5.000e+01
28.364619000;1.002e+00;8.136e-01;-4.423e-01;8.119e-01;-4.413e-01;9.890e-01;8.356e-01;-3.944e-01;1.002e+00;3.255e-02;-1.769e-02;1.000e+01;7.916e-01;-4.435e-01;5.000e+01;5.000e+01
29.274619000;1.002e+00;8.137e-01;-4.423e-01;8.119e-01;-4.413e-01;9.890e-01;8.357e-01;-3.944e-01;1.002e+00;3.255e-02;-1.769e-02;1.000e+01;7.916e-01;-4.435e-01;5.000e+01;5.000e+01
29.275619000;1.002e+00;8.137e-01;-4.422e-01;8.119e-01;-4.412e-01;9.890e-01;8.357e-01;-3.944e-01;1.002e+00;3.255e-02;-1.769e-02;1.000e+01;7.916e-01;-4.435e-01;5.000e+01;5.000e+01
29.360619000;1.002e+00;8.137e-01;-4.422e-01;8.119e-01;-4.412e-01;9.890e-01;8.357e-01;-3.944e-01;1.002e+00;3.255e-02;-1.769e-02;1.000e+01;7.916e-01;-4.435e-01;5.000e+01;5.000e+01
29.361619000;1.002e+00;8.136e-01;-4.422e-01;8.119e-01;-4.412e-01;9.891e-01;8.356e-01;-3.944e-01;1.002e+00;3.255e-02;-1.769e-02;1.000e+01;7.916e-01;-4.435e-01;5.000e+01;5.000e+01
30.377619000;1.002e+00;8.136e-01;-4.422e-01;8.118e-01;-4.412e-01;9.891e-01;8.356e-01;-3.944e-01;1.002e+00;3.255e-02;-1.769e-02;1.000e+01;7.916e-01;-4.435e-01;5.000e+01;5.000e+01
30.378619000;1.002e+00;8.136e-01;-4.422e-01;8.118e-01;-4.412e-01;9.891e-01;8.356e-01;-3.943e-01;1.002e+00;3.255e-02;-1.769e-02;1.000e+01;7.916e-01;-4.435e-01;5.000e+01;5.000e+01
32.398619000;1.002e+00;8.136e-01;-4.422e-01;8.118e-01;-4.412e-01;9.891e-01;8.356e-01;-3.943e-01;1.002e+00;3.254e-02;-1.769e-02;1.000e+01;7.916e-01;-4.435e-01;5.000e+01;5.000e+01
32.399619000;1.002e+00;8.136e-01;-4.421e-01;8.118e-01;-4.412e-01;9.891e-01;8.356e-01;-3.943e-01;1.002e+00;3.254e-02;-1.769e-02;1.000e+01;7.916e-01;-4.435e-01;5.000e+01;5.000e+01
41.357619000;1.002e+00;8.136e-01;-4.421e-01;8.118e-01;-4.412e-01;9.891e-01;8.355e-01;-3.943e-01;1.002e+00;3.254e-02;-1.769e-02;1.000e+01;7.916e-01;-4.435e-01;5.000e+01;5.000e+01
41.358619000;1.002e+00;8.136e-01;-4.422e-01;8.118e-01;-4.412e-01;9.891e-01;8.355e-01;-3.943e-01;1.002e+00;3.254e-02;-1.769e-02;1.000e+01;7.916e-01;-4.435e-01;5.000e+01;5.000e+01
44.342619000;1.002e+00;8.136e-01;-4.422e-01;8.118e-01;-4.412e-01;9.891e-01;8.355e-01;-3.943e-01;1.002e+00;3.254e-02;-1.769e-02;1.000e+01;7.916e-01;-4.435e-01;5.000e+01;5.000e+01
52.783619000;1.002e+00;8.135e-01;-4.422e-01;8.117e-01;-4.412e-01;9.891e-01;8.355e-01;-3.943e-01;1.002e+00;3.254e-02;-1.769e-02;1.000e+01;7.916e-01;-4.435e-01;5.000e+01;5.000e+01
52.784619000;1.002e+00;8.135e-01;-4.421e-01;8.117e-01;-4.412e-01;9.891e-01;8.355e-01;-3.943e-01;1.002e+00;3.254e-02;-1.769e-02;1.000e+01;7.916e-01;-4.435e-01;5.000e+01;5.000e+01
77.110619000;1.002e+00;8.134e-01;-4.421e-01;8.115e-01;-4.412e-01;9.891e-01;8.353e-01;-3.943e-01;1.002e+00;3.254e-02;-1.769e-02;1.000e+01;7.916e-01;-4.435e-01;5.000e+01;5.000e+01
77.111619000;1.002e+00;8.134e-01;-4.421e-01;8.115e-01;-4.411e-01;9.891e-01;8.353e-01;-3.943e-01;1.002e+00;3.254e-02;-1.769e-02;1.000e+01;7.916e-01;-4.435e-01;5.000e+01;5.000e+01
95.148619000;1.002e+00;8.132e-01;-4.421e-01;8.114e-01;-4.411e-01;9.891e-01;8.351e-01;-3.943e-01;1.002e+00;3.253e-02;-1.769e-02;1.000e+01;7.916e-01;-4.435e-01;5.000e+01;5.000e+01
95.149619000;1.002e+00;8.132e-01;-4.421e-01;8.114e-01;-4.411e-01;9.891e-01;8.351e-01;-3.943e-01;1.002e+00;3.253e-02;-1.768e-02;1.000e+01;7.916e-01;-4.435e-01;5.000e+01;5.000e+01
100.000000000;1.002e+00;8.132e-01;-4.421e-01;8.113e-01;-4.411e-01;9.891e-01;8.351e-01;-3.943e-01;1.002e+00;3.253e-02;-1.768e-02;1.000e+01;7.916e-01;-4.435e-01;5.000e+01;5.000e+01
