time;BusPDR_BUS_Voltage;BusPDR_BUS_ActivePower;BusPDR_BUS_ActiveCurrent;BusPDR_BUS_ReactivePower;BusPDR_BUS_ReactiveCurrent;StepUp_Xfmr_XFMR_Tap;Wind_Turbine_GEN_ActivePowerSetpointPu;Wind_Turbine_GEN_ReactivePowerSetpointPu;Wind_Turbine_GEN_AVRSetpointPu;Wind_Turbine_GEN_InjectedActivePower;Wind_Turbine_GEN_InjectedReactivePower;Wind_Turbine_GEN_InjectedActiveCurrent;Wind_Turbine_GEN_InjectedReactiveCurrent;Wind_Turbine_GEN_ActivePowerPu;Wind_Turbine_GEN_ReactivePowerPu;Wind_Turbine_GEN_MagnitudeControlledByAVRPu;Wind_Turbine_GEN_InjectedCurrent
0.0;1.0444578278373777;0.7499451248296033;0.7181704396353406;-3.5497856812721833e-07;-4.1912607889484577e-07;10.000741599116612;0.7503659478037151;0.012605009672927702;0.012604985769783226;0.7501972220107025;0.013379480031653087;0.7181122527823672;-0.012802111175496856;0.750067682424496;0.012604595788635509;1.0451688973257571;0.7180957160004904
0.0;1.0444462797633483;0.7499449915778555;0.7181679958885074;-3.537187008825289e-07;-4.216636745659473e-07;10.00087464186453;0.7503657854034073;0.012605010870707435;0.012604986947616637;0.7501943114986236;0.013379491858480802;0.7181126838928661;-0.012802112935769208;0.7500734702252131;0.012604606027637048;1.0451673392316125;0.7180958748489795
6.3e-05;1.04443324622757;0.7499445522150316;0.7181661171117282;-2.8136957608651426e-06;-2.7808071330443295e-06;10.001010430193444;0.7503656509761398;0.012605012089813399;0.012604988135776828;0.7501902891924808;0.013376504035535195;0.718113156809208;-0.01279911478297538;0.750078339863179;0.012602616246302899;1.0451647779060038;0.718095970791041
0.000125;1.0444202828167124;0.7499432974656969;0.7181632481147944;-4.902754551744084e-06;-4.784921268119188e-06;10.001148974052231;0.7503655472934301;0.01260501333010138;0.012604989334020008;0.750186152129066;0.013374516572809062;0.7181136730828436;-0.012797116720074;0.7500832907384628;0.012600626437932637;1.0451622136316085;0.7180960753669459
0.000251;1.044406135388684;0.7499412666505869;0.7181602903384545;-1.0078273900636854e-05;-9.74428064846487e-06;10.001290284500318;0.7503654770679309;0.012605014591427556;0.012604990542175685;0.750181897573989;0.013369529479857608;0.7181142340318277;-0.012792118749938885;0.7500883225811008;0.012595636596620746;1.0451576465338521;0.7180961175527758
0.000502;1.044388595692528;0.7499371863435027;0.7181575438106135;-1.9589431640051462e-05;-1.8854985086203726e-05;10.00143437306201;0.7503654428589295;0.012605015873636681;0.01260499176017133;0.7501755230096361;0.013360542765822594;0.7181148407389784;-0.012783120875347644;0.7500904353557936;0.012585646716764548;1.0451520767445779;0.7180960797920115
0.001004;1.044367663267904;0.7499313147352019;0.7181552565267866;-3.773451559666652e-05;-3.623262821176029e-05;10.001581250989602;0.7503654470894053;0.012605017176569911;0.012604992988042619;0.7501650261125277;0.01334155643916948;0.7181154940179019;-0.012765123098976752;0.7500906291599463;0.012566656792637533;1.0451415044256513;0.7180958733685263
0.002007;1.0443404761787327;0.7499198092382243;0.718151717017121;-7.209397058909594e-05;-6.913582402562139e-05;10.001730928310186;0.7503654921209818;0.01260501850007911;0.012604994225906373;0.7501504047555557;0.013306570507454629;0.7181161943444646;-0.01273112542340091;0.7500859042158263;0.012532666818253508;1.045123929595588;0.7180953746969343
0.004015;1.0443007098369794;0.7499002713683579;0.7181489768181892;-0.00013301498143058056;-0.00012747391825768917;10.001883413006597;0.7503655802490249;0.012605019844020647;0.012604995473920298;0.7501276570073592;0.013246584977435855;0.7181179418290786;-0.01267412785108052;0.7500722609060471;0.012472676787399745;1.0450943519500568;0.7180954620830248
0.006022;1.044266079997679;0.7498840799211023;0.7181457497605988;-0.0001817449269463662;-0.0001741409586761823;10.002038711658312;0.7503657136445336;0.012605021208238268;0.012604996732271147;0.7501077811170732;0.013198599855344412;0.7181197362132111;-0.012628130384339778;0.75006369975786;0.012423686693900602;1.0450707708176017;0.7180957379537045
0.008029;1.0442353312509065;0.7498726387134695;0.7181442424261738;-0.00021912215798671413;-0.00020993851631495483;10.002196831119319;0.7503658943566762;0.012605022592555875;0.012604998001195118;0.7500927755070046;0.01315961514713949;0.7181215768570431;-0.012592133025362334;0.7500592214263149;0.012385696532076662;1.0450511851860604;0.718096182259661
0.010037;1.0442075087806948;0.7498635291995632;0.718142794562137;-0.0002498575614176781;-0.00023937674862896955;10.00235777943268;0.7503661243925775;0.012605023996774658;0.012604999280979143;0.7500816387668102;0.013129630858632852;0.7181254627731437;-0.012563135776203015;0.7500578266893403;0.012355706297137677;1.0450355937649127;0.7180987403115823
0.012044;1.0441835652399993;0.7498594268392527;0.7181433118450062;-0.00027353991010429065;-0.00026206112156440406;10.002521565596433;0.7503664058044196;0.012605025420666698;0.012605000571917307;0.7500723696436148;0.013106646995267694;0.7181293926775818;-0.012541138638787865;0.7500605163999045;0.012331715985267819;1.0450229951038004;0.7181014112649392
0.014051;1.0441603377087252;0.7498550716890907;0.7181429311111365;-0.00029114791191471937;-0.00027892919497799385;10.002688198745924;0.7503667407393042;0.012605026863973072;0.012605001874282472;0.750064967031152;0.013088663561897609;0.7181333649958447;-0.01252414161489825;0.7500642914446272;0.012313725593340317;1.0450123876714488;0.7181041593137142
0.016058;1.0441393802020096;0.7498545134256597;0.7181444600354916;-0.00030388845073728125;-0.0002911360204693279;10.002857687401779;0.750367131412893;0.012605028326404392;0.012605003188340846;0.7500604299404541;0.013075680563042851;0.7181383778658306;-0.012511144706167682;0.7500711527449;0.01230073511849589;1.0450037698290164;0.7181079662028411
0.018066;1.0441200905973063;0.7498543305796235;0.718145034470046;-0.0003140731314922826;-0.000300895132531378;10.003030039418922;0.7503675799910874;0.01260502980763991;0.012605004514358219;0.7500567574733444;0.013065698003140745;0.7181444291486468;-0.012502147914100967;0.7500791012691177;0.012290744557971042;1.044997139787678;0.7181128313337518
0.02208;1.0440980001586924;0.7498581239849781;0.7181511731442872;-0.00032764437814394366;-0.0003138981198482654;10.003205262320394;0.7503680884617455;0.012605031307335446;0.012605005852587801;0.7500569488637163;0.013052715886257532;0.7181545163842737;-0.012490151240092479;0.750090138038609;0.012277753909233385;1.0449884955933557;0.7181216319016028
0.026095;1.0440788307270283;0.7498642420063079;0.7181573574242218;-0.0003345753247212026;-0.000320541760128982;10.00338336304007;0.7503686585928478;0.012605032825132501;0.01260500720326475;0.7500590035527511;0.013046734215598087;0.7181656367319224;-0.012484154685426114;0.7501052641244543;0.012271763170163695;1.0449828351003747;0.7181315244883582
0.03011;1.0440616280011263;0.7498726269448588;0.7181641854725455;-0.0003366418753171163;-0.00032252679748604677;10.003564346938688;0.7503692919972719;0.012605034360647319;0.01260500856659903;0.7500619212010246;0.013044752993311825;0.718175786985972;-0.012482158251253563;0.7501204806543491;0.012269772339170863;1.0449791559839559;0.7181404740194314
0.034124;1.0440451370775186;0.7498800169573152;0.7181693938540187;-0.00033724653106911336;-0.00032311177265215775;10.00374821694985;0.7503699902239743;0.01260503591344857;0.012605009942771401;0.7500657016739558;0.013044772220727478;0.7181859636233655;-0.012482161938577553;0.7501357888539677;0.012269781415129395;1.0449764557845234;0.7181494449929613
0.038139;1.0440281031827205;0.7498865061311821;0.7181739327083171;-0.00033654395513942824;-0.00032244517191255183;10.0039349735142;0.7503707548064883;0.012605037483050734;0.012605011331947318;0.7500683450598944;0.013045791898836407;0.7181951628005059;-0.012483165748253257;0.7501521900855668;0.012270790397195702;1.04497473188638;0.7181574194609416
0.042153;1.044011780562356;0.7498936226067228;0.7181784001291661;-0.00033605752271020976;-0.00032198537211958737;10.004124614839993;0.7503715872999756;0.0126050390689167;0.012605012734278978;0.7500698516658277;0.013046812028625667;0.7182033803174146;-0.01248416968096856;0.7501666857867607;0.012271799284846837;1.0449729814880184;0.7181643791598306
0.050183;1.043994863231592;0.7499040442793199;0.7181862559753877;-0.0003350351029974915;-0.0003210125449861541;10.00431713678092;0.7503724893290393;0.012605040670450545;0.012605014149873951;0.7500762219617648;0.013047832611027219;0.7182166116211277;-0.012486173737212228;0.7501862773368881;0.012272808078018524;1.04497020164095;0.7181763395954669
0.058212;1.0439771026666742;0.7499116685176226;0.7181918248639706;-0.0003350142332651528;-0.0003209990941607268;10.004512532530065;0.750373462631363;0.01260504228699861;0.01260501557876212;0.7500784565170983;0.013048853646502517;0.7182268518543473;-0.012486177917276502;0.7502019660070092;0.012273816777170595;1.0449673893198217;0.7181852488284598
0.066241;1.043959100865306;0.7499159311295728;0.7181941500658153;-0.0003349392708252761;-0.00032093396358485077;10.004710792084817;0.7503745090529272;0.012605043917861773;0.012605017020900213;0.7500785559621342;0.013047875134480323;0.7182340958755827;-0.01248618222127139;0.7502157530075236;0.012272825383455345;1.044964541498995;0.7181911406211117
0.07427;1.0439415119445676;0.7499186100555791;0.7181944818442495;-0.00033639332206398224;-0.00032233291984098896;10.004911901330603;0.7503756304830489;0.012605045562283266;0.012605018476208632;0.7500765209758905;0.013046897073176354;0.7182393382419834;-0.01248518664911489;0.7502276395186607;0.01227183389883557;1.0449616552092744;0.7181949963949223
0.090329;1.0439217768892606;0.7499214823062863;0.7181962793222678;-0.0003390927574845849;-0.00032492515645361037;10.005115841699148;0.750376828832678;0.01260504721941748;0.012605019944597064;0.7500753523128061;0.013043919459881217;0.7182465732161416;-0.012483191200514877;0.7502406266765932;0.012269842326013232;1.044957727509777;0.7182008144645753
0.106387;1.043902457985892;0.7499224558520499;0.7181957744510277;-0.00034232526571388876;-0.00032802778348996306;10.005322590316103;0.7503781060863723;0.012605048888320463;0.012605021425966985;0.7500710509022748;0.01304094229121554;0.7182507947958789;-0.012480195874962382;0.7502507155625637;0.012265850668407692;1.0449547553724614;0.7182035944527191
0.138504;1.0438809967285512;0.7499222578264755;0.7181954204065112;-0.000349423019471582;-0.0003348324887052709;10.005532119104274;0.7503794643311112;0.01260505056797139;0.012605022920218607;0.750065618001449;0.013033965563084591;0.7182559966956722;-0.012473200671732826;0.7502599072059207;0.012259858930243778;1.044948735611398;0.7182072824448367
0.170621;1.0438599559448352;0.7499208420228487;0.7181934078069542;-0.0003557439035415611;-0.0003408932093330912;10.005744393069348;0.7503809057350262;0.012605052257295662;0.012605024427265257;0.7500590553193086;0.013027989270363296;0.7182591722468579;-0.012467205589896167;0.7502682025692571;0.012252867116455773;1.0449436649008284;0.7182089645293289
0.202738;1.043837731778541;0.7499179963709095;0.718190634337973;-0.00036315838676969085;-0.00034800162590728923;10.005959369330716;0.75038243253583;0.012605053955155644;0.012605025947033973;0.7500523650500742;0.013021013406648576;0.718262314283075;-0.012461210628333727;0.7502766024857696;0.012245875232321794;1.0449385397833717;0.7182106217982593
0.266972;1.043813374207674;0.7499169113293012;0.7181908066858919;-0.0003767978110842391;-0.00036107191008114665;10.006176997147842;0.7503840470681176;0.012605055660327845;0.012605027479441701;0.7500455498510225;0.013008037964458489;0.7182684150906236;-0.012448215785722028;0.7502851075751583;0.012233883283152142;1.0449293566811875;0.7182151312579077
0.395439;1.0437827205332335;0.749915482837822;0.718194771436765;-0.00040050022151983896;-0.000383781131923147;10.006397218168997;0.7503857517867688;0.012605057371498056;0.012605029024351835;0.7500386128609499;0.012984062935496057;0.7182774664166773;-0.012425221060477323;0.7502937181935508;0.012208891274249165;1.0449151119313949;0.7182224402224955
0.523907;1.0437525037337414;0.7499131487734716;0.7181973582456734;-0.0004244211782303222;-0.000406700002940522;10.00661996608643;0.7503875492393425;0.012605059087246942;0.012605030581536543;0.750031557738869;0.01296008831037184;0.7182864594754526;-0.012402226450738787;0.7503024344417711;0.012184899211040849;1.044900801778494;0.7182297215452312
0.780842;1.04371253937569;0.749912119675183;0.7182076875894157;-0.00046876929049360325;-0.00044918542520174106;10.006845165531985;0.7503894419887989;0.012605060806017924;0.012605032150676196;0.7500243886090979;0.012916114078106559;0.7183023849473852;-0.012361231954403496;0.7503112562296542;0.012141907099218613;1.0448764223592857;0.7182436629272229
1.037778;1.0436736254378898;0.749909675637022;0.7182157269870135;-0.0005089772807267036;-0.00048770717999228235;10.007072731020191;0.7503914325475092;0.012605062526123261;0.012605033731389034;0.7500171099687526;0.012877140226053314;0.7183172330248084;-0.012323237569121112;0.7503201833411077;0.012101914944808107;1.044853969764229;0.7182566272418545
1.294713;1.0436373756461768;0.7499079658684517;0.7182224236032732;-0.0005458493825177853;-0.0005230342995191233;10.007302566488937;0.7503935233891339;0.012605064245796996;0.01260503532325126;0.7500097267198896;0.0128411667401604;0.7183309934875799;-0.012289243292228264;0.7503292154343885;0.012065922754104667;1.0448334400934518;0.7182686295490371
1.808584;1.0435869317620958;0.7499061836438515;0.718238600927438;-0.0006106534956573357;-0.0005851208741873974;10.00753456522888;0.7503957169846;0.012605065963226638;0.012605036925800613;0.750003244267921;0.012776193605042827;0.7183536557316558;-0.012227249120698523;0.7503383519730367;0.01200093053360337;1.0447988293731396;0.718289120747464
2.322454;1.043540775494956;0.7499037769286646;0.7182510175557406;-0.0006652712131512339;-0.000637452543275934;10.007768609548588;0.7503980158113445;0.012605067676540021;0.012605038538542033;0.7499956685375114;0.012723220803613816;0.7183732087528054;-0.012177255051138222;0.7503485921120567;0.01194793829020507;1.0447691334335647;0.7183067852356749
2.836325;1.043501124864535;0.7499026996667729;0.7182600190676414;-0.0007071474102141572;-0.0006775792852095494;10.008004569604037;0.7504004223977323;0.012605069383776134;0.012605040160937228;0.7499880059927784;0.012681248316568108;0.7183886411248278;-0.012137261079783869;0.7503579346028558;0.011905946031395448;1.0447453479403506;0.7183205852342379
3.836325;1.0434527316730302;0.7499003650855852;0.7182736192210907;-0.0007663042542562949;-0.0007342644987240289;10.008242302296994;0.7504029393785374;0.012605071082839737;0.012605041792364796;0.749981263752922;0.01262327612211968;0.7184089409815734;-0.012082267202483005;0.7503673777877632;0.01184795376501707;1.0447134685205322;0.7183390953117347
4.729289;1.0434184970957177;0.7498985587906737;0.7182777740227546;-0.0007945403648846196;-0.0007613264187953391;10.00848165125457;0.7504055695233408;0.012605072771456574;0.012605043432088596;0.749973449673918;0.012594304196109542;0.7184190960167838;-0.012054273414677767;0.7503769196509849;0.011818961498993294;1.0446964908074583;0.7183480230732447
5.622254;1.0433911571810908;0.7498957140557078;0.7182759822848775;-0.0008102620949125462;-0.0007763975761558118;10.008722446904146;0.7504083158002954;0.012605074447170189;0.012605045079257618;0.7499655723200316;0.012580332512318654;0.7184240934708647;-0.012040279711388557;0.7503875578376187;0.011804969241255583;1.0446854103869676;0.7183521450187097
6.515218;1.0433678141845295;0.7498933035792338;0.718271651147028;-0.000814899034361075;-0.0007808488608870162;10.008964505806023;0.75041118141808;0.012605076107362135;0.012605046732907825;0.7499576409160256;0.012575361042647337;0.7184259200701381;-0.012036286087195645;0.7503972896000941;0.011799976999617086;1.0446802227155716;0.7183533912769845
7.408182;1.0433478826293694;0.7498911544720196;0.7182650214499947;-0.0008141179614522666;-0.0007801082050491473;10.00920762982173;0.7504141697644046;0.012605077749255483;0.012605048391956267;0.749949665348232;0.01257638975687557;0.7184255619901998;-0.012037292536215318;0.7504071117010577;0.011800984781630225;1.0446769230606183;0.7183526759140473
8.301147;1.043328518723968;0.7498881546446331;0.7182569889216096;-0.0008102556515962687;-0.0007764158956869429;10.009451605167582;0.7504172843290005;0.01260507936990899;0.012605050055214744;0.7499416561958215;0.012580418622168693;0.7184230048808813;-0.012041299052072017;0.7504170203866489;0.01180499259461758;1.044675506522008;0.7183499636179552
9.194111;1.0433103425574053;0.7498866759157237;0.7182494035759518;-0.0008046155273532331;-0.0007710199093769073;10.00969620082811;0.7504205286704371;0.012605080966216202;0.01260505172142008;0.7499336247756677;0.012585447602830186;0.7184202338759048;-0.01204630562788954;0.7504270114833941;0.011810000445714544;1.0446749681124488;0.7183472188792881
10.087076;1.043292119490377;0.7498838256977876;0.7182403499318801;-0.0007982936683907797;-0.0007649710014336329;10.009941166774933;0.7504239064073639;0.01260508253489638;0.012605053389259576;0.7499255832003117;0.01259147666036118;0.7184172335695137;-0.01205131225627738;0.7504370804710198;0.011816008341917011;1.0446743027648941;0.7183444232360582
10.98004;1.0432729169246653;0.7498808575078246;0.7182316763593877;-0.0007937464784788529;-0.0007606225747852183;10.01018623278951;0.7504274212493285;0.012605084072476805;0.012605055057377083;0.7499175444346089;0.01259650575349358;0.7184149879794933;-0.01205631892927508;0.7504472224124933;0.011821016290239083;1.044672505249437;0.7183425748466583
11.98004;1.0432537110532136;0.7498778288802546;0.7182227730674744;-0.0007891992925223592;-0.0007562741527609597;10.010431108037695;0.7504310770288749;0.01260508557527537;0.012605056724346225;0.7499095223435074;0.01260053483804425;0.7184114804678979;-0.01206032563829459;0.750457431865231;0.011825024297731895;1.0446705700869778;0.7183396555234843
12.98004;1.0432342251743851;0.749874837851233;0.7182139319092256;-0.0007863327036085626;-0.0007535355873550496;10.01067548117979;0.7504348776479816;0.012605087039369838;0.012605058388624909;0.7499015317069493;0.012603563866573698;0.7184086936582298;-0.012063332374101104;0.750467702911666;0.01182803237129511;1.0446684915046316;0.7183376633239661
13.98004;1.043214132905932;0.7498719479860605;0.7182054468982993;-0.0007845559890360581;-0.0007518413238611954;10.010919020239632;0.7504388269735192;0.012605088460569715;0.012605060048529071;0.7498935882158643;0.012605592788023373;0.7184056094229082;-0.012065339126800377;0.7504780292181662;0.011830040517554359;1.0446652634595226;0.7183355967396493
14.98004;1.0431941148834605;0.7498690003638595;0.718196707183691;-0.0007827793073184973;-0.000750147039755285;10.011161371409273;0.7504429288152027;0.012605089834436175;0.012605061702243714;0.7498857085436526;0.012607621547560774;0.7184032089170518;-0.01206634588580966;0.7504884039857592;0.011832048742821968;1.044661879703962;0.718334453904285
15.98004;1.0431732470245358;0.7498659393634597;0.7181883060293455;-0.0007827773791799937;-0.0007501532024135941;10.011402157137132;0.7504471869935447;0.012605091156325923;0.012605063347845318;0.7498779104695638;0.012607650086600142;0.7184004725728441;-0.012067352639836278;0.7504988198609306;0.011832057053068279;1.0446573338564416;0.7183332498576838
16.98004;1.0431525145516032;0.7498625091774431;0.7181793325007532;-0.0007817797605594725;-0.0007492056225170308;10.011640974552787;0.7504516053547171;0.012605092421393396;0.012605064983300749;0.7498702129024156;0.012607678342831786;0.718397380037226;-0.01206735937686874;0.7505092688973688;0.01183206545400445;1.0446526194650567;0.718331965687979
17.98004;1.0431319508676598;0.7498593393659999;0.7181703796811754;-0.0007817779306199779;-0.0007492116899903813;10.011877394334972;0.7504561876656736;0.012605093624555986;0.012605066606448065;0.7498626358061357;0.012607706250027535;0.7183939101258957;-0.012067366084154178;0.7505197424796539;0.011832073951175949;1.0446477300075268;0.7183306158942615
18.98004;1.0431115912659974;0.749856117667438;0.718161138429777;-0.0007817761577630898;-0.0007492176912580777;10.01211095955751;0.7504609374654193;0.012605094760458275;0.012605068214980721;0.7498552001722981;0.01260773373764947;0.7183900408296217;-0.012067372748150132;0.7505302312149752;0.011832082549971966;1.044642658856858;0.7183291980549997
19.98004;1.0430914730957428;0.7498531601198756;0.7181519012238867;-0.0007827701846665661;-0.0007501773138689694;10.012341184824432;0.7504658579903494;0.012605095823444526;0.01260506980644162;0.7498479280850614;0.01260776073063483;0.7183857493475162;-0.0120673793544746;0.7505407249497674;0.011832091255754733;1.0446373992815654;0.7183277096615023
19.999996;1.0430716360750885;0.7498498409668036;0.7181420583591124;-0.0007827685433450713;-0.0007501831418201303;10.012567555492828;0.7504709522278239;0.012605096807567074;0.012605071378222811;0.7498408428465856;0.012607787149442181;0.718381012106454;-0.012067385887881357;0.7505512128670091;0.011832100074093707;1.04463194443599;0.71832614809963
19.999996;1.043052122517789;0.7498464766861573;0.7181319024056576;-0.0007827669772014525;-0.0007501888610681167;10.012789526676652;0.7504762230082361;-0.007394902293375903;-0.007394927072442468;0.7498339691278262;0.012607812910175391;0.7183758047228087;-0.012067392332247786;0.7505616834919877;0.011832109010890123;1.0446262873299412;0.7183245106119177
19.999998;1.0430320236737538;0.7498420173841369;0.7181210731693061;-0.0007848542180639922;-0.0007521956898434681;10.013006522742481;0.7504816730418828;-0.007394901485843031;-0.00739492554849415;0.7498263330590036;0.01260583792469795;0.7183701019210496;-0.012064398670542684;0.7505711245986887;0.011830118072391349;1.0446194208490351;0.7183227439275475
20.000001;1.0430123408636391;0.7498375196420359;0.71810991419537;-0.0007869415438867765;-0.0007542023775401207;10.01321791466575;0.750487304910007;-0.007394900776234201;-0.007394924052629254;0.7498189615654507;0.012602862106779154;0.718363879376301;-0.012062404885482474;0.7505805225667824;0.011827127263046773;1.0446123395294775;0.7183209106209085
20.000006;1.0429918710286723;0.749833031640937;0.71809931807494;-0.0007924842444068304;-0.0007595192453973992;10.013422946207767;0.7504931212244689;-0.007394900169797843;-0.007394922586431443;0.7498118815463839;0.012597885394335782;0.718357118858544;-0.012057410962038509;0.7505888610551552;0.01182213658358586;1.0446030430913207;0.7183189324767677
20.000015;1.042969065628221;0.7498257335139344;0.7180876681184539;-0.0008019876322417428;-0.0007686314842494147;10.01362068560435;0.7504991255611498;-0.007394899669946148;-0.007394921150543332;0.7498021228009845;0.012587907770025013;0.7183498119972539;-0.01204741689043229;0.7505961220393969;0.01181214603662733;1.044592536490807;0.7183167570237166
20.000035;1.0429436901715161;0.7498159901255267;0.7180755004814219;-0.0008214290111533409;-0.0007872645020851542;10.013810108755438;0.7505053233988208;-0.00739489927892918;-0.007394919745989143;0.7497907223241121;0.012568929241993949;0.7183419602212907;-0.012028422666544076;0.7506002912749545;0.011793155630752486;1.0445768258767565;0.718314297163554
20.000074;1.0429100948155239;0.7497988496948566;0.7180619978036095;-0.0008607200794379848;-0.000824916736046642;10.013990231386122;0.7505117195527575;-0.007394898998024547;-0.0073949183747470705;0.7497727211218905;0.012528949793896384;0.7183335733309489;-0.011989428289509774;0.7505963640081109;0.011753165373441316;1.0445519113279236;0.7183113538334126
20.000151;1.042860478517256;0.7497700021805264;0.7180484514397795;-0.0009392621595245871;-0.0009001802220081627;10.014160158396557;0.7505183122381995;-0.00739489882688752;-0.007394917039489915;0.749742156244686;0.012450969357824726;0.7183246646893393;-0.011913433759056883;0.7505803476333779;0.01167517526497015;1.0445077768109117;0.7183076340568901
20.000306;1.0427771586778447;0.7497147338064774;0.7180329929895781;-0.0010934387154515508;-0.0010479315419932146;10.014319106553828;0.7505250919225952;-0.007394898764713821;-0.007394915743130918;0.7496860559431386;0.012295987824351122;0.7183152444190731;-0.011761439074559983;0.750539261497513;0.011520185298641648;1.0444293928393271;0.7183024939260454
20.000616;1.0426301607698891;0.749610232988543;0.7180144439033573;-0.0013983040569967092;-0.0013401405124289737;10.014466461942382;0.7505320483160952;-0.007394898813275689;-0.00739491448756702;0.7495814371972613;0.01199100505921316;0.7183053191157103;-0.011465444235058126;0.7504481337816004;0.011215195460376595;1.0442807346911733;0.7182948744072916
20.001237;1.0423609393478188;0.749411932538781;0.7179904133558203;-0.00198292802513742;-0.0019006997481519849;10.014601755152881;0.7505391758000531;-0.007394898978066089;-0.007394913272755994;0.7493843064112288;0.011406020928152079;0.7182948975217388;-0.010900449238966766;0.7502639971541787;0.010630205726932442;1.0440017887050785;0.7182830268109464
20.001857;1.042106719023106;0.7492265817642338;0.7179687170507264;-0.002536326199725395;-0.0024315714912823316;10.014724533182273;0.7505464720718219;-0.007394899265990917;-0.00739491209766811;0.7491986658120771;0.010853035333688343;0.7182849928685733;-0.010370454084625006;0.7500908844083024;0.0100772160685712;1.04373753968378;0.7182728950200609
20.002478;1.041868140261676;0.749052047504502;0.7179468266099005;-0.0030558136438562596;-0.002930138010236426;10.014834281690769;0.7505539372014018;-0.00739489968288149;-0.007394910961500618;0.749026520679754;0.010334048219432842;0.7182766205338703;-0.009873458771533243;0.7499298236178754;0.009558226461070607;1.0434879630962925;0.7182653670699246
20.003098;1.041644293572075;0.7488893295395814;0.7179262810895355;-0.00354289095128904;-0.0033977992906963073;10.014930429184664;0.7505615737749435;-0.007394900232954073;-0.00739490986376067;0.7488658822507643;0.009846059535231459;0.7182677970657406;-0.009408463299680824;0.7497808332977695;0.009070236898782167;1.0432530303936496;0.7182583643406755
20.003718;1.0414352430944562;0.7487398017660669;0.7179083282126726;-0.003998278171324619;-0.003835208589102032;10.015012398688746;0.7505693831455769;-0.007394900919248413;-0.007394908803847794;0.7487167669388024;0.009390069210616045;0.7182595427758756;-0.008973467667091452;0.7496439186965859;0.008614247394334622;1.0430327160903956;0.7182528110731914
20.004339;1.0412407729082176;0.7486006403576393;0.7178904064706204;-0.004424630639107773;-0.004244879706095081;10.01507968508675;0.7505773621758502;-0.00739490174456255;-0.007394907781699558;0.7485801931639913;0.008964077163666234;0.7182528836008994;-0.008567471868658761;0.7495180706539087;0.008188257965548304;1.0428239985757133;0.7182496604219164
20.004959;1.0410590707923273;0.7484731549219049;0.7178750342189927;-0.004822900780261926;-0.004627704270510027;10.015131862810055;0.7505855028824829;-0.00739490271248993;-0.007394906800344073;0.7484551772332176;0.008567083338457872;0.7182478503316551;-0.00818847589771856;0.7494022692563292;0.007791268628024385;1.0426288548149554;0.7182488681476681
20.00558;1.0408911855980942;0.7483570857345714;0.717861263633092;-0.005193650745617745;-0.004984191025292464;10.015168542238888;0.7505937901451273;-0.007394903827570985;-0.00739490586752595;0.7483407312331842;0.00819608772901608;0.718243478999977;-0.007835479747808296;0.7492984926248798;0.007420279404843731;1.0424452580875678;0.718249413919318
20.0062;1.0407356042592173;0.7482509575669487;0.7178487596725108;-0.005538082317044789;-0.005315476479433287;10.015189409750226;0.7506021989797834;-0.0073949050945390235;-0.007394904994461424;0.7482378649670313;0.007851090362508454;0.7182408094146222;-0.007506483412129052;0.7492037253403707;0.007075290334572816;1.0422731857032377;0.7182522744852676
20.00682;1.0405921167039849;0.7481555147766195;0.7178384405472819;-0.005859881701961771;-0.0056250791105027734;10.015194297678914;0.750610697860008;-0.007394906518126812;-0.0073949041936723185;0.7481445923853053;0.007530091275966152;0.7182388787059207;-0.007200486883593817;0.7491189621607971;0.0067543014639381855;1.042111626258251;0.7182564444987142
20.007441;1.040459551241686;0.7480695528367939;0.7178300322636687;-0.0061585361347036086;-0.005912495639914976;10.015183131316867;0.7506192569117219;-0.007394908104542728;-0.007394903476640993;0.7480609383308344;0.007232090502166226;0.7182387184694907;-0.006915490157637295;0.7490442054350385;0.006456312842441299;1.041959576739284;0.7182629099253631
20.008061;1.040338578829133;0.7479921662631542;0.717822274472904;-0.006435310090788006;-0.006178920403711634;10.01515580978706;0.750627852178925;-0.007394909862973318;-0.007394902851834528;0.7479869382950112;0.006955088059729517;0.7182413581879533;-0.0066514932337745115;0.7489774558266138;0.006179324535315823;1.0418160387775883;0.7182726741580262
20.008682;1.0402277014055008;0.7479248523368218;0.7178176995508025;-0.006692722381476634;-0.006426766561763402;10.01511218439256;0.7506364631074409;-0.007394911804136357;-0.007394902324976352;0.7479226288921124;0.00669908398264615;0.7182438260642174;-0.0064054961137561366;0.748918705193897;0.00592333664508342;1.0416820189126992;0.7182827170280452
20.009302;1.040126973407341;0.7478656303623316;0.7178144273837178;-0.0069314127241656325;-0.006656636403767573;10.015052157790322;0.75064506939729;-0.007394913936585955;-0.0073949018998582805;0.7478660375971032;0.00646107837516569;0.7182491467393298;-0.006178498799620832;0.7488689383794986;0.005685349305255247;1.0415555225958815;0.7182960677443528
20.009922;1.0400357976854087;0.7478136724892349;0.7178121368385209;-0.007152786503413455;-0.006869872952976716;10.014975773470866;0.7506536519323821;-0.007394916264819947;-0.007394901577555434;0.747818184766945;0.0062410714237200425;0.718255344784187;-0.005967501294446897;0.7488251385930322;0.005465362639167778;1.0414375459208833;0.7183107283136709
20.010543;1.0399542300823663;0.7477709583631803;0.7178127571230241;-0.0073562266631586205;-0.007065874158085208;10.014883223966676;0.7506621951743513;-0.007394918790312052;-0.00739490135599132;0.7477780918499692;0.00603706337516962;0.7182634540074759;-0.005773503604714205;0.7487892914412775;0.005261376728378147;1.0413260785949585;0.718327735656483
20.011163;1.0398807669019732;0.7477336824282743;0.7178137451096926;-0.007544818030127182;-0.007247605102892174;10.01477484060428;0.7506706876010711;-0.007394921513645189;-0.007394901230406096;0.7477447800184325;0.005849054526843359;0.7182725232739643;-0.005593505740296064;0.7487603866420486;0.005073391610733798;1.0412201121573135;0.7183460958445304
20.012404;1.0397430217062917;0.7476774137985557;0.717841671892283;-0.007880759815436693;-0.007571395307916166;10.014651075397955;0.7506791232590607;-0.00739492443645943;-0.007394901193733117;0.7476912645953732;0.005515045212631683;0.7183106143236733;-0.00527350771053372;0.7487094177010982;0.00473940729801521;1.0410436447310765;0.7183926990925485
20.013521;1.0396397288427568;0.7476447923348183;0.7178694435601902;-0.008139998253405632;-0.007821339692289153;10.014512436547015;0.7506875043486905;-0.007394927561668358;-0.007394901238110011;0.7476645546045145;0.005258035765200225;0.7183477923563336;-0.00502750951987404;0.7486833806922168;0.004482423802685849;1.0409026854890526;0.7184392499972025
20.014638;1.0395556176046845;0.7476300826753521;0.7179021539313813;-0.00836319163022795;-0.00803657437557418;10.014359387551357;0.7506958399252736;-0.0073949308915052065;-0.007394901357742;0.7476536530578834;0.005038026474868399;0.7183891139386167;-0.0048155111667157295;0.7486732724397246;0.004261441150755976;1.0407772587283242;0.7184904511800162
20.015754;1.0394865359983732;0.7476289370626067;0.7179385324565423;-0.008552759137464224;-0.00821943574676676;10.014192302266448;0.7507041428198064;-0.007394934425454681;-0.007394901550410875;0.747657555489306;0.004850017571507881;0.718433623010877;-0.0046355126455175895;0.7486770894250195;0.004073459382119091;1.0406664041196683;0.718545300759724
20.016871;1.0394318236426816;0.7476401389865194;0.7179778762836785;-0.008714678029963962;-0.008375657785697035;10.01401154455885;0.7507124273027116;-0.007394938159987778;-0.007394901816533407;0.7476742511693467;0.0046900092288540765;0.718481356329472;-0.004482513948799325;0.7486928289559744;0.003913478552332513;1.0405671741727684;0.7186037789654416
20.017988;1.0393898038333327;0.7476627726601495;0.7180204488384275;-0.008852111076017981;-0.008508281829717836;10.013817541099103;0.7507207058234971;-0.007394942089500108;-0.007394902158448086;0.7477027285422444;0.004555001565541071;0.718532348290193;-0.004353515066264871;0.7487194885804259;0.0037784987188211475;1.040479633258095;0.7186658826517619
20.019104;1.039359142194347;0.7476945402772796;0.7180649360878781;-0.008968136555054322;-0.008620268302780185;10.013610770566501;0.7507289865239539;-0.007394946205969962;-0.007394902581015286;0.7477399796135921;0.004441994647264253;0.7185846318240007;-0.0042445159834885145;0.7487550583937476;0.0036655199147216802;1.0404018541389255;0.7187295995514311
20.020221;1.0393375402932963;0.7477341313723097;0.7181116394480724;-0.009063986664171802;-0.008712813603181163;10.01339177617916;0.7507372735961793;-0.007394950498184181;-0.007394903091687683;0.7477869984233849;0.004346988512717886;0.7186392358997373;-0.004154516684135485;0.7487975138534265;0.0035705421439207715;1.0403319034723006;0.7187959244392051
20.021338;1.0393258569386696;0.7477807772574117;0.7181592188623463;-0.009145792072798446;-0.008791797921808982;10.013161191762968;0.7507455685684689;-0.007394954953791296;-0.007394903699921926;0.7478407758561555;0.004268983203291052;0.7186951832606868;-0.004080517153950775;0.7488478203938588;0.0034925653972187293;1.0402698279104465;0.718863833136608
20.022455;1.0393211387255683;0.747833050011315;0.7182083646464401;-0.009211576206131604;-0.008855342091217931;10.01291972375454;0.7507538722443965;-0.007394959561923433;-0.007394904417590195;0.7479012970561321;0.0042049787753240635;0.71875249562647;-0.004019517382536795;0.7489019424214877;0.0034285896529895736;1.0402146569561599;0.7189333077328892
20.023571;1.039322987710179;0.7478896138344633;0.7182581072868759;-0.0092656275887778;-0.008907568613103276;10.012668121448213;0.7507621880887887;-0.007394964311857268;-0.007394905259951527;0.7479665413751982;0.004153975299691486;0.7188102015571984;-0.003969517363628941;0.7489608453756147;0.0033766148612996163;1.0401644153128384;0.7190033487290607
20.024688;1.039331294084025;0.7479500385605931;0.7183081453310207;-0.009310245808720101;-0.008950686326425632;10.0124071322816;0.7507705203882783;-0.007394969189608831;-0.007394906244608126;0.7480364804768711;0.00411197285637108;0.7188683358000912;-0.003930517095066504;0.7490234981635926;0.0033346409426933303;1.0401181281117897;0.7190739764924732
20.025805;1.0393449843552631;0.7480135831450365;0.7183585341104975;-0.009345207337371642;-0.008984487246841567;10.012137463870872;0.7507788680748206;-0.007394974177003149;-0.007394907388510826;0.7481090776916559;0.00407897153891047;0.7189269313483514;-0.0038995165777710324;0.7490878821721874;0.0033016677920480017;1.0400768184001852;0.7191451995699376
20.026922;1.0393629894206875;0.748078157435302;0.7184080221876394;-0.009372898918497937;-0.009011273134071662;10.011859787972881;0.7507872264151065;-0.007394979253310331;-0.0073949087051351755;0.7481842884535292;0.004053971464654405;0.718986016205057;-0.003876515814355744;0.7491539950672683;0.003276695280519539;1.0400395132421205;0.7192170475790144
20.028038;1.039384603834926;0.7481445699494667;0.7184578901491363;-0.009395365944705148;-0.00903301496792816;10.011574725239264;0.7507955920099776;-0.007394984397826472;-0.007394910202683937;0.7482610556315988;0.004034972766276364;0.7190436203530867;-0.003858514808245248;0.7492208452375971;0.0032577232791266655;1.0400042568463208;0.719287536937339
20.029155;1.039409383653232;0.7482115520326564;0.7185072367655444;-0.009411331122761206;-0.009048487423892183;10.011282780943239;0.7508039601780505;-0.007394989593185398;-0.007394911883299762;0.7483403072873331;0.004020975556875028;0.7191017829145215;-0.003845513563203951;0.7492894448944772;0.0032437516835374944;1.0399721103657484;0.7193586968580467
20.030272;1.0394378864180918;0.7482788410687624;0.7185554263940102;-0.009423009264870434;-0.009059813773566924;10.010984309360287;0.7508123192589742;-0.007394994827614517;-0.007394913742891968;0.748418962703199;0.004011979889261425;0.7191595486419885;-0.0038375120824468345;0.7493568021653364;0.003233780411236323;1.0399421407346023;0.7194295460726571
20.032505;1.0394594320563697;0.7484050581259555;0.7186661968255837;-0.009438333617737531;-0.0090747130758004;10.01067956722773;0.7508206482175537;-0.0073950000944293165;-0.007394915772404453;0.7485589368310538;0.004001985752981055;0.71927895853561;-0.003829510367375223;0.749483916743776;0.003223809400596552;1.0399054125294487;0.7195620615023876
20.034739;1.0394867324984929;0.748528297808469;0.7187712234095874;-0.00944310679351676;-0.009079423958742247;10.01036879601217;0.7508289183225317;-0.007395005391114663;-0.007394917960566454;0.7486951408484831;0.004000993104570841;0.7193940462191587;-0.003829508417582831;0.7496087849184885;0.0032228386261810515;1.0398739836640685;0.7196902793326352
20.036972;1.039517098089964;0.7486472677806699;0.7188711055255056;-0.009441243230595373;-0.0090777317491665;10.010052261753849;0.7508370969561822;-0.007395010719026629;-0.007394920295553731;0.7488274825853248;0.004007001875770503;0.7195028397334851;-0.0038365062329275466;0.7497284053146737;0.0032278680903473156;1.0398459037508225;0.7198121857916098
20.039206;1.0395504490117107;0.7487595821740638;0.7189635810232035;-0.009437946784038058;-0.009074639043657655;10.009730273588058;0.7508451503594761;-0.007395016081765995;-0.0073949227649584;0.7489538661380504;0.004015011965954532;0.7196053624784915;-0.003845503815917621;0.7498417800557409;0.0032358977858216527;1.0398212158230886;0.7199277565610976
20.041439;1.0395853637868724;0.7488656003723689;0.7190499410981129;-0.009432078801651372;-0.009069062442840503;10.009403193121662;0.750853045935189;-0.007395021482740411;-0.007394925355545891;0.7490741913670665;0.004025023258797906;0.7197006346786601;-0.0038565011721404707;0.7499479145718669;0.003245927673040792;1.0397979595952993;0.7200360072305854
20.043672;1.0396214374785009;0.7489634202895843;0.7191285828446512;-0.009425944490942787;-0.009063220899095047;10.009071415269565;0.7508607554900172;-0.007395026923956969;-0.007394928054123238;0.7491873540707835;0.004034035653406989;0.7197906754251864;-0.003866498309318831;0.7500478176109827;0.0032549576830068093;1.0397761719001717;0.7201389432666312
20.045906;1.039657632515905;0.7490539957144023;0.719201080759249;-0.009420989016788122;-0.009058512194279632;10.008735338946368;0.7508682557064121;-0.007395032407014703;-0.007394930849446734;0.7492922510725205;0.004042049077590601;0.7198735002338322;-0.003875495236660766;0.7501405004371787;0.003262987717805785;1.0397548837998392;0.720234584947402
20.048139;1.0396938828797215;0.749137361295985;0.7192674625391235;-0.009417214015635602;-0.009054937917844558;10.008395368790758;0.750875523490541;-0.007395037933956813;-0.007394933732530811;0.7493907908677171;0.004049063472373597;0.7199501144461573;-0.0038834919644288907;0.7502249699674771;0.0032700176439877755;1.0397341185872295;0.7203239498623248
20.050373;1.039730136740048;0.7492135554638625;0.7193277683065846;-0.009414620999803834;-0.009052499536005704;10.0080519432271;0.750882530033563;-0.0073950435054102245;-0.0073949366950593716;0.7494808953298079;0.004055078761331106;0.7200215099169137;-0.0038894885029407827;0.7503032184212817;0.00327504730148504;1.0397138895682903;0.7204080467647078
20.052606;1.0397666512438513;0.7492831516302136;0.7193823527448876;-0.009413518766192336;-0.009051491331974576;10.007705529731926;0.7508892386089384;-0.007395049118879263;-0.007394939728154272;0.7495644886108571;0.004058094825390512;0.7200876694625354;-0.003894484861035409;0.7503742220594373;0.0032780765332189425;1.0396941980688759;0.7204868896944954
20.057073;1.0397966805066623;0.7494017791347042;0.7194893655309786;-0.009416981270356228;-0.009054927217119988;10.007356548313318;0.7508956058060827;-0.007395054768838913;-0.007394942821626682;0.7496964906422243;0.004060111500292368;0.7202055709703791;-0.003897481045713417;0.7504929515677903;0.003280105216838198;1.0396680361996051;0.7206174728557763
20.06154;1.039825071614266;0.7494980314047638;0.7195767912705537;-0.00942515995163427;-0.009062910400131003;10.007005274859722;0.7509015803328525;-0.007395060445955253;-0.007394945962537496;0.7498068226587239;0.004055128585513803;0.720305184171458;-0.0038944770638480253;0.7505913826294071;0.0032751332733252105;1.0396423898499458;0.7207297613730274
20.066007;1.0398527370520296;0.7495768814261572;0.7196487842615253;-0.009438020795342216;-0.009075400078030387;10.00665184641916;0.7509071001199458;-0.007395066135724033;-0.007394949132952683;0.7498984183555822;0.004045145850502101;0.7203884700651975;-0.0038864729230783956;0.7506724975089556;0.0032651606469645995;1.0396162358806675;0.7208257263892336
20.070474;1.0398805443164352;0.749641313840305;0.7197076201497387;-0.009453877390703136;-0.009090767006679903;10.006296374614433;0.7509120971349175;-0.007395071819547277;-0.007394952310271928;0.7499752342315165;0.00403216305802403;0.7204583894560482;-0.0038744686291842514;0.7507372843205902;0.0032511872857047394;1.0395905414521818;0.7209083232392961
20.074941;1.0399081513487354;0.7496930955810712;0.7197552351419915;-0.009472788195443527;-0.009109070146014728;10.005939024576156;0.7509165088724595;-0.0073950774781219595;-0.007394955472092176;0.7500392527675132;0.004015180006284971;0.7205179090487854;-0.003859464183277513;0.7507907406553649;0.0032342131434059404;1.0395642751738414;0.7209805007792683
20.079408;1.0399354713642008;0.7497358362924885;0.719795151622189;-0.009493515182430646;-0.00912911960164068;10.005580008426438;0.7509202829345981;-0.007395083094247752;-0.0073949586004232615;0.7500924758542954;0.003996196559784056;0.7205679975582295;-0.0038414595827830447;0.7508338741378979;0.003215238196451095;1.0395394197918242;0.7210431993897953
20.083875;1.0399621599672009;0.7497699996210329;0.7198280390546284;-0.009515438287166864;-0.009150321883767578;10.005219575828534;0.7509233723943916;-0.007395088653817613;-0.007394961681804825;0.7501369131916401;0.003976212650276577;0.7206106196498504;-0.0038224548235578086;0.7508686965298899;0.0031952624521295035;1.0395149751410513;0.7210983649615927
20.092808;1.0399765404535655;0.749820082257551;0.719885524209049;-0.009561074916342796;-0.009194432104851201;10.004858063896132;0.7509257341845077;-0.007395094145263272;-0.007394964706515183;0.7501965762656584;0.003933228247738067;0.7206797354528088;-0.0037824499006867316;0.7509192192694909;0.00315228592930627;1.0394779589728227;0.7211798237964359
20.101742;1.0399902204426026;0.7498531177229257;0.7199278220962964;-0.009607428970929944;-0.0092392361969666;10.004495963186262;0.7509273355267286;-0.007395099558504592;-0.007394967668177234;0.7502384818424885;0.0038882433188415473;0.7207313035814866;-0.003739444809821338;0.7509524531987872;0.003107308621312702;1.0394414047605454;0.7212436044683701
20.110676;1.04000498699085;0.7498757159452576;0.7199599967113901;-0.009655383627255905;-0.00928556694298846;10.004133902888736;0.7509281603423502;-0.007395104884919591;-0.007394970562526936;0.7502696551426066;0.003841257803873051;0.7207732842136481;-0.00369443954879993;0.7509754053317931;0.0030603304791522678;1.0394063471526385;0.7212976417133534
20.11961;1.040018860370372;0.7498895054881535;0.7199849290262704;-0.009703543605621767;-0.009332099562518535;10.003772583063164;0.7509282074082645;-0.007395110116967216;-0.007394973386614746;0.7502921248979972;0.003794271610786325;0.7208076426132383;-0.0036494341180144537;0.7509900738438184;0.003013351441250242;1.039372806112553;0.721343872918464
20.128544;1.040033636794003;0.749899787653998;0.7200064222146727;-0.009752113433537072;-0.009379014012885207;10.003412768604981;0.7509274827425519;-0.007395115246208042;-0.007394976139224203;0.7503089162609028;0.0037472846081299696;0.7208373527909115;-0.0036044285207307383;0.7509994501402855;0.0029663714693086733;1.0393397830516709;0.7213852259170165
20.137478;1.040047062107007;0.7499066403142778;0.7200260880907988;-0.009799704399003996;-0.009424994585567212;10.003055302865963;0.7509259936846187;-0.007395120261896628;-0.007394978821366474;0.7503230511042633;0.0037002966363282514;0.7208653979947132;-0.0035584227635942845;0.7510065241467575;0.0029183905351467822;1.0393072651079094;0.7214246241536104
20.155345;1.0400367947743232;0.7499149184817729;0.7200640947169645;-0.009896055011464839;-0.009518080293185445;10.002701035724998;0.7509237473714261;-0.007395125150783022;-0.007394981435666186;0.7503365530135953;0.0036053075336015803;0.7209107649971197;-0.0034674168556741484;0.7510132863659049;0.0028244085869380212;1.0392522332364886;0.7214807796296737
20.173213;1.0400260969138162;0.7499184449905187;0.7200983864016143;-0.009992274553672707;-0.009611044962491946;10.002350728881712;0.7509207534735053;-0.007395129897456736;-0.007394983984545432;0.7503464495947169;0.003510317138987399;0.7209524354850478;-0.003376410806309092;0.7510167307120671;0.0027294255484524043;1.0391976716307285;0.7215328433312848
20.191081;1.0400152562829594;0.7499210330183572;0.7201324448564014;-0.0100887181684519;-0.009704227239350088;10.002005031565808;0.7509170258849449;-0.0073951344859082965;-0.007394986469680411;0.7503537737699517;0.003416325279332231;0.7209923827806348;-0.003285404623831913;0.7510178556358336;0.002634441353435716;1.0391435756814047;0.7215827482135826
20.208948;1.040003590879268;0.7499228858072801;0.7201669394486495;-0.010183168927062667;-0.009795500695229038;10.001664528491261;0.7509125796879418;-0.007395138901189647;-0.007394988892839624;0.750359566124091;0.003322331777590825;0.7210315782691397;-0.003195398316790276;0.7510176553732553;0.0025404559701198565;1.0390899606687967;0.7216314417374967
20.226816;1.0399923127527237;0.7499245360987088;0.7202015345282416;-0.010277466319115698;-0.009886622554200726;10.001329829838827;0.7509074289568733;-0.007395143129700012;-0.007394991254292704;0.7503658746620365;0.0032293364919631826;0.7210709990352683;-0.003105391896407757;0.7510171095139614;0.0024474693778312553;1.0390378653574956;0.7216798677414227
20.262551;1.039935279949666;0.7499255257283044;0.7202678061682048;-0.01046541737631303;-0.010068276811645254;10.001001612952155;0.7509015851365213;-0.007395147159475178;-0.007394993548946992;0.7503707511657024;0.003043339338929813;0.72114362513255;-0.0029263853764819945;0.7510171848236122;0.0022614815333689173;1.0389393444377484;0.7217606116971063
20.298286;1.0398773077825392;0.749926723230386;0.7203354945641983;-0.010651031142902707;-0.0102477134006259;10.00068058819956;0.75089505484259;-0.007395150981019367;-0.007394995764017079;0.7503762491378956;0.002860340261943413;0.721215431463557;-0.0027503787708733625;0.7510158472537789;0.0020784923701812515;1.0388424580810183;0.721840043532056
20.334022;1.0398199807656088;0.7499282666455509;0.7204036264266653;-0.010835763628590787;-0.010426316562396332;10.000367454729046;0.7508878441521888;-0.007395154586532453;-0.007394997880582133;0.7503804213488272;0.00267833920530573;0.7212863857115502;-0.002575372093295206;0.7510150718225908;0.00189650181563238;1.038747260708315;0.7219181231110895
20.369757;1.0397629372408432;0.7499286151213737;0.7204709511983644;-0.011017342929897275;-0.010601902680581138;10.00006282927713;0.7508799671776462;-0.0073951579669648895;-0.007394999878854363;0.7503853102636221;0.0024993361432074914;0.7213574532333382;-0.0024033653594670674;0.751013840337285;0.0017175098161993363;1.0386537884205707;0.7219958357070562
20.441227;1.0396215434336793;0.7499305356980455;0.7205988771293375;-0.011373510443219458;-0.010946405180427837;9.999767217419937;0.7508714513759763;-0.007395161109799669;-0.007395001743313758;0.7503899397975181;0.002146331096283131;0.7214896023081707;-0.0020643585867634894;0.751012129977159;0.0013645163637811925;1.0384730566594735;0.7221336546928379
20.512698;1.0394826445698313;0.749931289371607;0.7207244298269772;-0.01172352236657586;-0.011285056674471229;9.999481128551814;0.7508623395222981;-0.00739516400006517;-0.007395003464414912;0.7503943196021629;0.0018023241004279057;0.7216198028067293;-0.0017323517905840898;0.7510099077200239;0.0010195214915993522;1.0382980696126032;0.7222691922878146
20.655639;1.0391877784417716;0.7499334282815504;0.720960167615005;-0.012397225228870816;-0.011937214679306403;9.999205160070437;0.7508526888100582;-0.007395166622729772;-0.007395005038334613;0.7504004566195417;0.0011373151882675804;0.7218640192956002;-0.0010933449817203845;0.751008136136552;0.00035452523541299895;1.0379598295804666;0.7225178755091187
20.79858;1.038906809577949;0.7499358259798948;0.7211869750460396;-0.013038831883322645;-0.012558681406700588;9.998939921448827;0.7508425666943548;-0.007395168963547996;-0.0073950064659;0.7504053623408871;0.0005043043944186363;0.7220972083726329;-0.0004833381668242221;0.7510057829101578;-0.00027947239432601776;1.037639342294687;0.7227556486581087
20.941521;1.038639431772759;0.7499372520875229;0.7214038259438872;-0.013649412509941278;-0.013150437701892713;9.998685961698873;0.7508320429774752;-0.007395171009850655;-0.0073950077494226085;0.7504100522470347;-9.870825223542146e-05;0.7223193232139532;9.666865041794371e-05;0.7510038275734155;-0.0008824714043242951;1.0373336176738346;0.7229824175902456
21.084463;1.0383859533950748;0.7499382373043622;0.7216109667489603;-0.014229339148056486;-0.013712788001132334;9.998443776015588;0.7508211809361292;-0.007395172751823747;-0.0073950088891111265;0.7504155438382721;-0.0006707227356452483;0.722531318659412;0.0006476754682404522;0.7510002614267157;-0.0014554718056439047;1.0370446646465177;0.7231990837484218
21.227404;1.0381454279248097;0.7499393861962814;0.7218095893066062;-0.014779116469916346;-0.014246184037627658;9.998213759708012;0.7508100363069343;-0.00739517418120313;-0.007395009881583419;0.750419856780811;-0.0012137390331363595;0.7227321531947829;0.001170682284127745;0.7509960817003577;-0.001998473620483261;1.036771488293791;0.7234045492968191
21.370345;1.0379169018236423;0.749940317291602;0.721999937731295;-0.015299556820386292;-0.014751379012932359;9.997996120642775;0.7507986628672196;-0.0073951752896461;-0.007395010719333048;0.7504240108666806;-0.0017267571007604573;0.7229237881299576;0.0016666890925911974;0.7509912881640761;-0.0025124768920753524;1.03651309578371;0.7236007237044636
21.656227;1.0374783945006474;0.7499428844807948;0.7223385925287712;-0.016258061523159374;-0.015682429921728844;9.99779088494742;0.7507871139697604;-0.0073951760709718055;-0.007395011391818112;0.7504300218297046;-0.002672776892795104;0.723270188645388;0.002579695886447569;0.750987885823639;-0.0034584816745057644;1.0360355005877728;0.7239529705168569
21.913521;1.0371281681971993;0.7499450217338859;0.7226155727840091;-0.017030621847960732;-0.01643345309537071;9.997597964436432;0.7507754413267631;-0.0073951765240706;-0.007395011889768276;0.7504359007922393;-0.003433798384757939;0.723550331681266;0.0033147026592481085;0.7509828876694065;-0.004220487995057921;1.035652715611624;0.7242388692908656
22.170815;1.0368137223582217;0.7499458338738639;0.7228664860175958;-0.017721243170468786;-0.017105310020504923;9.997417220314258;0.7507636982287014;-0.0073951766527747265;-0.007395012209182883;0.7504406564039233;-0.004115821557660626;0.7238032142160188;0.00397370940570607;0.7509773130142647;-0.004902495813543848;1.0353107422982437;0.7244973971964217
22.428109;1.0365353138352584;0.7499467604048996;0.7230924002431728;-0.01833666001436413;-0.017704349734249905;9.997248546834523;0.7507519447774578;-0.007395176465166967;-0.007395012353070289;0.7504452937835511;-0.004722846353027598;0.7240288526053407;0.004560716120535164;0.7509711853331142;-0.005510505010918134;1.0350065653115905;0.7247283354447186
22.685403;1.0362890882150124;0.7499469616262153;0.72329504182549;-0.018882009825149162;-0.018235474025906886;9.997091923984131;0.7507402478138416;-0.0073951759742664405;-0.007395012332550058;0.7504498116742885;-0.005260872651248768;0.7242292730232471;0.005081722798237718;0.7509645318987427;-0.006048515411633094;1.0347391569135798;0.7249335196206292
22.942697;1.0360721409603533;0.7499472894650582;0.7234770885822925;-0.01936231784299281;-0.018703485851503027;9.9969473716968;0.7507286714798935;-0.007395175198495866;-0.007395012166303327;0.7504542015555539;-0.005733900284441891;0.7244064993420692;0.005539729435271902;0.7509573825431136;-0.00652252683182019;1.0345054865369325;0.7251148111473851
23.199991;1.0358828219192886;0.7499472421275688;0.723639022351992;-0.01978177855556067;-0.01911238362245883;9.996814867116056;0.7507172667575168;-0.0073951741613423735;-0.007395011878525152;0.7504574490386426;-0.006148929059394691;0.724562548742063;0.0059417360311850775;0.7509487672038058;-0.006937539118798492;1.0343025253497375;0.7252741406531139
23.457285;1.0357188757450264;0.7499474576959367;0.7237828518606411;-0.020147590388609287;-0.019469095871101016;9.996694284285892;0.7507060719974344;-0.007395172890423958;-0.007395011497390842;0.750460538439422;-0.006508958786942248;0.7246984394468715;0.006290742585272763;0.7509397147397646;-0.007297552157427625;1.0341272469760752;0.7254124384543426
23.71458;1.0355767556692486;0.7499467365133955;0.7239097251802353;-0.02046212680160134;-0.019775929318541552;9.996585343114885;0.7506951159870241;-0.007395171415837296;-0.007395011052709168;0.7504634582330675;-0.0068199893033444176;0.7248171986796871;0.006591749092739693;0.7509302568441454;-0.007608565874712639;1.0339786261652366;0.7255326726775547
23.971874;1.0354564290702448;0.7499460239614556;0.7240204198835886;-0.02073167229481474;-0.020038915719261734;9.99648761444505;0.7506844124045022;-0.007395169768193548;-0.007395010572259773;0.7504662023060701;-0.00708502046987192;0.7249188613300243;0.006848755545384956;0.7509204348383492;-0.00787458024966775;1.0338526280327571;0.7256348271457814
24.229168;1.0353531115700336;0.7499458001947751;0.7241186209193331;-0.020960355523177255;-0.02026210531908012;9.996400610747173;0.7506739568440259;-0.007395167976307437;-0.007395010079202074;0.7504687675174071;-0.0073100521712543935;0.725006464386795;0.007066761934593391;0.7509102977421154;-0.008099595308727364;1.0337491957521912;0.7257219188276706
24.486462;1.0352671004626548;0.7499453162400223;0.7242032982583447;-0.02115111044715172;-0.020448303861856885;9.996323848976038;0.7506637366789136;-0.00739516606403;-0.007395009590551507;0.7504711508139261;-0.007499084325293963;0.7250800397651804;0.007249768252297573;0.7508988899039392;-0.008288611105613533;1.0336642550133897;0.7257939775784885
24.743756;1.0351952489344356;0.7499438790797973;0.7242759291711104;-0.021308853008091322;-0.020602307223751358;9.996256833585031;0.7506537436479677;-0.007395164047812306;-0.0073950091158592815;0.7504723479077359;-0.0076541168830933926;0.7251416057885575;0.007400774490445693;0.7508872437293631;-0.00844462768095735;1.0335967313963137;0.7258530450642999
25.00105;1.0351360022069593;0.749942928874195;0.724338983968683;-0.02143704768304718;-0.02072748317609688;9.99619904886426;0.7506439764469884;-0.00739516193811701;-0.00739500865813012;0.7504733566599785;-0.007781149805287361;0.725193165567399;0.007523780641883819;0.7508763855063569;-0.00857064502546183;1.033544562590785;0.7259011896662707
25.258344;1.035088478840631;0.7499430365937537;0.7243936579765934;-0.021539407839172634;-0.020827431205885788;9.99614998513439;0.7506344358812924;-0.007395159743379271;-0.007395008217303245;0.7504741817375451;-0.007882183039046838;0.7252357144639716;0.007621786701821536;0.7508643429570038;-0.008671663084927951;1.0335056997682952;0.7259394753606764
25.515638;1.035049597071603;0.7499418584632267;0.7244398876422035;-0.021619175599927102;-0.020905342890587365;9.99610915316048;0.7506251218652119;-0.007395157472067461;-0.007395007792893739;0.7504748332246235;-0.007960216520207548;0.7252692467982864;0.007697792667438612;0.7508521455044694;-0.008749681789340436;1.0334791026816845;0.7259679662385466
25.772932;1.0350209974352353;0.7499414952517457;0.7244785981832386;-0.021678184503662913;-0.020962954882152975;9.996076082792223;0.7506160336908436;-0.0073951551325168;-0.007395007384510769;0.7504753223209004;-0.008018250184880305;0.725294757324043;0.007753798536668508;0.7508388217645159;-0.00880870106955949;1.0334627346804794;0.7259877162373728
26.030226;1.0349986410910106;0.7499412041138919;0.7245119470664698;-0.021719785428009338;-0.0210035875312585;9.99605032124344;0.7506071704306015;-0.007395152732650694;-0.007395006991771551;0.7504756597446594;-0.008059283973356136;0.7253152410772482;0.0077938043077730185;0.7508263987093635;-0.008849720860010794;1.0334555610919545;0.7260018011922489
26.28752;1.0349829050638222;0.7499408620318303;0.7245395935148442;-0.02174558133684715;-0.021028782895094057;9.996031433231868;0.7505985308420162;-0.007395150279979441;-0.007395006614288466;0.7504748557521275;-0.008085317830035781;0.7253296933557524;0.007819809979330527;0.7508139017902437;-0.008875741098307702;1.033456549181179;0.7260092760138345
26.544814;1.0349722973784352;0.7499402394191311;0.7245624034417165;-0.02175965664328785;-0.02104252135306794;9.996019000664457;0.7505901132783522;-0.007395147781615283;-0.00739500625166182;0.7504749201643303;-0.008099351703372448;0.7253391096586768;0.007832815550193354;0.7508003551074295;-0.008888761724999417;1.0334636679450429;0.7260111843143773
26.802108;1.03496589312906;0.749940612099533;0.7245822997467396;-0.021762117074675416;-0.02104492487903946;9.996012621037531;0.750581915737319;-0.00739514524428983;-0.0073950059034997824;0.7504738623831483;-0.008101385545485396;0.7253454856623989;0.00783482101943262;0.7507877814512842;-0.00889178268351046;1.0334758879397234;0.7260095797875288
27.059402;1.0349631468669431;0.7499398360090279;0.7245976307276021;-0.021755946351579885;-0.021038891111204897;9.996011906273148;0.7505739359979757;-0.007395142674361396;-0.007395005569420398;0.7504726914321235;-0.00809541931146643;0.7253478172084936;0.007828826386298041;0.7507742022689107;-0.008885803920181129;1.033493181279958;0.7260035262071963
27.316696;1.0349631665328105;0.7499398197297169;0.7246109052656939;-0.021742243627786918;-0.02102550247686943;9.99601648289817;0.7505661716688491;-0.007395140077828011;-0.0073950052490205295;0.7504724160609165;-0.008082452958902635;0.7253471003105882;0.00781583165019821;0.7507606376784652;-0.008871825384208847;1.0335145216885366;0.725994064429447
27.57399;1.0349663141765812;0.7499394574201044;0.7246208363789426;-0.02172292391029973;-0.021006604900403784;9.99602599221448;0.750558620147274;-0.007395137460344019;-0.00739500494187918;0.7504710448113456;-0.008062486447990357;0.7253453311965687;0.007796836810677386;0.750747106522703;-0.00885284702741214;1.0335388844652578;0.7259832339801354
27.831284;1.0349697871967047;0.7499389743632263;0.7246296427711202;-0.021697619493335145;-0.020981901175118195;9.996040090002579;0.7505512786166448;-0.0073951348272254655;-0.00739500464760344;0.7504695859694619;-0.008037519741904487;0.7253405063455043;0.0077728418673852825;0.7507346264398215;-0.008827868804081504;1.033566246378027;0.7259690733388736
28.088578;1.0349755430998384;0.7499393779150705;0.7246369601495162;-0.021669096600305932;-0.020954027863999462;9.996058446528137;0.7505441440682179;-0.007395132183462453;-0.007395004365846728;0.7504680474574646;-0.008009552806899259;0.7253346225093038;0.007745846820056602;0.7507212139293864;-0.00879989067099528;1.033594585521181;0.7259536300616812
28.345872;1.0349817269193033;0.749938623065209;0.724642145374047;-0.02163817319879983;-0.020923814829416413;9.99608074667908;0.7505372132948414;-0.007395129533738555;-0.007395004096295244;0.750466436713226;-0.007979585612089479;0.7253276767231723;0.007715851668495514;0.7507078843888136;-0.008768912587327581;1.0336248812117093;0.7259369289391471
28.603166;1.0349893389356755;0.7499393585664561;0.7246470906901404;-0.02160445997255881;-0.020890866576209522;9.996106689372832;0.7505304829039116;-0.007395126882435675;-0.007395003838668412;0.7504647606608571;-0.007946618129051595;0.7253196662873211;0.007683856412563678;0.7506946521585671;-0.00873593451459385;1.0336561139922416;0.7259190040801414
29.117754;1.0350121036764885;0.7499393984875332;0.7246400900446447;-0.021535501207465176;-0.020823525446541712;9.996135986687621;0.7505239493499931;-0.0073951242336404545;-0.007395003592727901;0.750464025860876;-0.00787865033136842;0.7252995887076171;0.007617861052194298;0.7506815306087713;-0.008667956416819403;1.0337052656973271;0.7258885415432308
29.580884;1.0350325757886478;0.7499396744459106;0.7246343081987163;-0.02147425177554798;-0.020763680918664082;9.996168364180827;0.7505176089517192;-0.0073951215911696525;-0.007395003358278884;0.7504622386621269;-0.007816682194395455;0.7252814416680784;0.007558865587434648;0.7506685322151333;-0.008606978260583077;1.0337503194771331;0.7258599965335337
30.044013;1.035051101129753;0.7499401880657477;0.7246295330609426;-0.02141250250999049;-0.020703388743214833;9.996203562385311;0.7505114579178499;-0.0073951189585863995;-0.007395003135171359;0.7504594051983493;-0.007756713695407086;0.725263223105118;0.007500870018486376;0.7506556685783343;-0.008547000014764482;1.0337952597517037;0.7258313249585282
30.507142;1.0350680627985958;0.7499401122444753;0.7246247243430828;-0.021355448541134577;-0.02064766469265947;9.996241337733482;0.7505054923790806;-0.007395116339196189;-0.00739500292327612;0.7504575313642229;-0.0077007448138880705;0.7252469312845221;0.007445874345717989;0.7506429504144241;-0.008490021650250704;1.0338380721259148;0.7258045655221644
30.970272;1.0350822022295236;0.7499401693055171;0.7246214898880842;-0.021302896459484345;-0.0205963470254771;9.996281461646022;0.7504997084157319;-0.0073951137360562256;-0.007395002722428317;0.7504556228276925;-0.007648775531568925;0.725231564770265;0.007394878569652617;0.7506303875502491;-0.008438043139868866;1.0338787433066012;0.7257787453842149
31.433401;1.0350942033212644;0.7499407988281902;0.7246198012218596;-0.021255772019701007;-0.020550317189105;9.996323718496074;0.7504941021196694;-0.007395111152007885;-0.007395002532397655;0.7504536849895604;-0.007601805832013157;0.7252181223369601;0.007349882690941331;0.7506179889339349;-0.008392064458592561;1.0339162610453971;0.725754900627493
31.89653;1.0351021950049981;0.749940627874222;0.7246196676491209;-0.021213595493589366;-0.020509148564655848;9.99636790375132;0.7504886696601258;-0.007395108589710765;-0.007395002352905157;0.750451722934375;-0.007560835700136023;0.7252066029202228;0.007309886710328729;0.7506057626587207;-0.008350085583659851;1.0339506140821417;0.7257330358739342
32.359659;1.035108419076575;0.7499402762830544;0.7246201412037507;-0.021176478705090027;-0.020472904807857142;9.996413822618742;0.7504834072749758;-0.007395106051665085;-0.007395002183638967;0.7504497414176419;-0.007524865122095549;0.7251970056008108;0.007274890628637802;0.7505927160175105;-0.008314106494294883;1.0339817920670127;0.7257131651851103
33.285918;1.0351243761160451;0.7499404418114215;0.7246138590126412;-0.021119408293281735;-0.020417177551774485;9.996461289237468;0.7504783112083666;-0.007395103540220955;-0.007395002024247337;0.7504477448368542;-0.007467894085287352;0.7251793295890548;0.007218894446786877;0.7505808555917748;-0.008257127171376142;1.0340247854484934;0.7256850431529955
34.212177;1.0351319573361557;0.749941021573085;0.7246134379523573;-0.021079195663388638;-0.020377912837388174;9.996510126108076;0.7504733776707718;-0.007395101057575892;-0.007395001874341158;0.7504447371983466;-0.0074279225782722;0.7251685742314431;0.007180898165794693;0.7505691873177541;-0.00821714759739447;1.0340575853716172;0.7256640723227717
35.138435;1.0351330949266813;0.7499424360017486;0.7246179515774992;-0.021053367397768252;-0.020352680253160525;9.996560163223192;0.7504686028365489;-0.007395098605770383;-0.007395001733525566;0.7504427221448844;-0.007402950590828769;0.7251617390595906;0.007155901786742465;0.7505577165170457;-0.008192167756444612;1.0340831836583917;0.7256472134358622
36.064694;1.0351278142971296;0.7499421219487581;0.724624924891346;-0.021037312859893197;-0.02033702171413611;9.996611237451306;0.7504639828584444;-0.007395096186696524;-0.007395001601437205;0.75044070302324;-0.007387978113831328;0.7251598238503801;0.0071419053107303265;0.7505464479248366;-0.008177187633973826;1.0341035728309762;0.7256354574452722
36.990952;1.0351193407198818;0.749942689479051;0.7246346403806497;-0.02103107609835039;-0.020330916412349173;9.99666319263164;0.7504595138997666;-0.0073950938021106905;-0.007395001477759187;0.7504386829223024;-0.007381005138858499;0.7251598286425717;0.007134908738866526;0.7505353857305356;-0.008170207216534255;1.0341187461059822;0.7256257757377813
37.917211;1.0351083052914656;0.749943041416586;0.7246456142763047;-0.02102836158983591;-0.02032826638663299;9.996715879831303;0.7504551921840609;-0.007395091453635179;-0.007395001362206171;0.7504366647090889;-0.0073780316580606695;0.7251617536951928;0.0071329120722678;0.7505245336405422;-0.008167226491843283;1.0341326973473712;0.7256181588928639
38.843469;1.0350963297648776;0.7499439889234125;0.7246575126828041;-0.02102934850812913;-0.0203292133603636;9.996769157395374;0.7504510140432185;-0.007395089142760071;-0.007395001254495554;0.7504346510962093;-0.007379057664383193;0.7251655994181047;0.007132915312040285;0.7505138948997718;-0.008168245448922728;1.0341434210095517;0.725612587115504
39.769728;1.035083433876347;0.749944584817587;0.7246694240956416;-0.021031080736082838;-0.020330899675240904;9.996822890725063;0.7504469759270201;-0.0073950868708504746;-0.0073950011543307635;0.7504326446733034;-0.007381083151824851;0.7251683662919491;0.007134918459260884;0.7505034722517022;-0.008170264078129449;1.0341539121215346;0.7256060697051769
40.695987;1.035070588691362;0.7499455111017536;0.7246813445121275;-0.021033798306635453;-0.020333538656246233;9.99687695203538;0.750443074342147;-0.007395084639147115;-0.0073950010614023745;0.7504306478893226;-0.007384108115622188;0.7251720548123195;0.007137921514989711;0.7504932679408335;-0.008173282371262386;1.0341641663131256;0.7256006053386881
41.622245;1.0350568589954425;0.7499457662359693;0.7246929778680653;-0.021036275800820466;-0.020335964425457948;9.996931220800072;0.7504393057750385;-0.007395082448767737;-0.007395000975384496;0.7504286630420594;-0.007386132552197341;0.7251756655099794;0.007139924480304989;0.7504832837671142;-0.008175300321685236;1.034173179827043;0.7255951824172553
42.622245;1.0350441660619287;0.7499467169450768;0.7247043148598954;-0.02103899330676652;-0.02033860363526049;9.996985584577946;0.7504356666925441;-0.00739508030072525;-0.0073950008959186965;0.7504266922806542;-0.0073891564587622366;0.7251791989870564;0.007142927356334626;0.7504735211465206;-0.008178317924223273;1.0341829494950507;0.7255898280732501
43.622245;1.0350318767281734;0.749947916829695;0.7247153831691305;-0.02104102635369304;-0.02034057534110307;9.99703993865586;0.750432153594228;-0.007395078195958778;-0.007395000822613004;0.7504247376137749;-0.007391179833087891;0.7251826558996456;0.007144930144270054;0.7504639811986292;-0.008180335174716913;1.0341924726939946;0.7255845295048761
44.622245;1.0350193961888416;0.7499482541700127;0.7247255397819904;-0.021041773064910126;-0.020341309677614206;9.997094184654554;0.7504287630455697;-0.007395076135354679;-0.007395000755066744;0.7504228009171067;-0.007392202673787308;0.7251850369547851;0.0071459328453563516;0.75045466484033;-0.008181352069411951;1.034201747255317;0.7255782931778867
45.622245;1.03500799436046;0.7499492814185827;0.7247354095265424;-0.021042759800823933;-0.020342257460622952;9.997148229863539;0.7504254917130065;-0.007395074119736816;-0.007395000692892312;0.7504208839290363;-0.0073932249806489365;0.725188342941978;0.007146935460864505;0.7504455728048496;-0.008182368604659715;1.0342117713727244;0.7255731349019259
46.622245;1.0349957783096897;0.7499496281769048;0.7247450078496461;-0.021043506453935736;-0.020342992033280563;9.997201987269795;0.7504223364175281;-0.0073950721498536225;-0.007395000635719444;0.7504189882705489;-0.00739424675466124;0.7251905747332793;0.007146937992066515;0.7504367055477269;-0.008183384777023652;1.034221543623904;0.7255670506577739
47.622245;1.0349846645546303;0.7499503470984338;0.7247540220349673;-0.021043507768826478;-0.02034298750085976;9.997255375235538;0.7504192941763256;-0.0073950702263905444;-0.007395000583203876;0.7504171154930187;-0.007394267997813768;0.7251927332546251;0.007147940440230564;0.7504280631216524;-0.008183400583487408;1.0342310630259792;0.7255610655139729
48.622245;1.0349737111914654;0.7499510674477415;0.7247627661680947;-0.02104350905513818;-0.02034298308691695;9.997308316814923;0.750416362197223;-0.007395068349969529;-0.007395000535041512;0.7504152670980686;-0.007394288712675478;0.7251948194690403;0.007147942806635616;0.7504196451534199;-0.00818341602155786;1.0342393289930099;0.7255551647898945
49.622245;1.0349629281127264;0.7499517882059975;0.7247712439814493;-0.02104351031256196;-0.020342978791243364;9.997360738976107;0.7504135378002976;-0.00739506652111598;-0.007395000490958901;0.7504134445157665;-0.007394308901876145;0.7251968343861951;0.007147945092591746;0.7504114509552562;-0.008183431089146811;1.0342483412560661;0.7255493629675618
50.622245;1.0349523245012453;0.7499525084906206;0.7247794591841387;-0.021043511540834572;-0.020342974613535403;9.99741257181779;0.7504108183357471;-0.007395064740239551;-0.007395000450684442;0.7504116490340679;-0.007394328567919309;0.7251987790973701;0.00714794729945876;0.7504034796780868;-0.008183445784366345;1.0342580998170505;0.7255436643232243
51.622245;1.0349419088485616;0.7499532275463879;0.724787415493036;-0.021043512739740387;-0.02034297055340741;9.997463748338102;0.7504082012024719;-0.00739506300764806;-0.007395000413934942;0.7504098816978885;-0.0073943477133070435;0.72520065482809;0.007147949428660736;0.7503957303737089;-0.008183460105636546;1.0342666049747475;0.725538072823123
52.622245;1.0349316889254645;0.7499539446947201;0.7247951166674066;-0.021043513909119287;-0.020342966610415413;9.997514205344663;0.7504056839060309;-0.007395061323560237;-0.007395000380416565;0.7504081432725428;-0.0073943663405348385;0.7252024629538818;0.007147951481685107;0.7503882019099337;-0.008183474052096795;1.0342748574170928;0.7255325921173236
53.622245;1.0349216717748646;0.7499546592427662;0.7248025665159924;-0.021043515048884978;-0.020342962784070735;9.997563884599353;0.7504032640259528;-0.00739505968810792;-0.007395000349820931;0.7504064343100639;-0.007394384452009858;0.7252042049335812;0.007146953460064546;0.7503808928403904;-0.008183487623839934;1.034282858226512;0.7255272156406499
54.622245;1.0349118637770145;0.7499553704696361;0.7248097689017579;-0.021043516159040213;-0.0203429590738205;9.997612732817379;0.7504009391382775;-0.007395058101352285;-0.007395000321838598;0.7504047552403961;-0.007394402050183789;0.7252058822251563;0.007146955365358793;0.7503738013890233;-0.008183500821813586;1.0342906087613544;0.725521965972554
55.622245;1.0349022707013646;0.7499560777075809;0.7248167277825721;-0.02104351723966255;-0.02034295547902351;9.997660700808066;0.7503987067988965;-0.007395056563304417;-0.007395000296203889;0.7504031064195592;-0.007394419137798833;0.7252074962343987;0.0071469571991557455;0.7503669255683567;-0.008183513647722528;1.0342981106115121;0.7255168357280963
56.622245;1.0348928976391818;0.7499567804078012;0.7248234472392506;-0.021043518290867147;-0.020342951998951173;9.99770774295641;0.7503965645832326;-0.007395055073920142;-0.007395000272727579;0.7504014881818148;-0.007394435717982986;0.7252090482799252;0.007146958963090527;0.7503602633255261;-0.008183526104052034;1.0343053656922054;0.7255118270635954
57.622245;1.034883748932701;0.7499574781515255;0.7248299314311406;-0.02104351931278267;-0.020342948632798105;9.997753817566705;0.7503945101531863;-0.007395053633079196;-0.007395000251287092;0.7503999009250287;-0.007394451794089821;0.7252105396090087;0.007146960658850397;0.7503538126442874;-0.008183538193936838;1.0343123762991626;0.7255069418738258
58.622245;1.034874828247672;0.7499581706103522;0.7248361845406256;-0.02104352030555001;-0.02034294537968392;9.997798887606503;0.7503925413125727;-0.007395052240571538;-0.007395000231795162;0.7503983451358169;-0.0073944673694196425;0.7252119714616396;0.00714696228815143;0.7503475715742283;-0.008183549920821256;1.0343191450482745;0.7255021818055399
59.622245;1.0348661387044533;0.7499588574669179;0.7248422107651187;-0.021043521269318275;-0.020342942238651962;9.997842920989788;0.750390655993503;-0.0073950508960958965;-0.007395000214171823;0.7503968213276873;-0.007394482446994596;0.7252133450980708;0.007146963852702735;0.7503415381918069;-0.008183561288162838;1.0343256748013474;0.7254975482817944
60.622245;1.034857682936507;0.7499595383676306;0.7248480143284439;-0.021043522204222755;-0.02034293920867875;9.997885890035677;0.7503888521835735;-0.007395049599274427;-0.007395000198324875;0.7503953299658119;-0.007394497029571183;0.7252146617696625;0.007146965354179563;0.7503357105277186;-0.008183572299218622;1.0343319686442562;0.7254930425490168
61.622245;1.0348494630692828;0.7499602129205174;0.7248535994701238;-0.021043523110364594;-0.020342936288684;9.997927770701114;0.7503871278591451;-0.0073950483496748685;-0.007395000184145087;0.7503938714110874;-0.007394511120079459;0.725215922654831;0.007146966794233155;0.7503300864705473;-0.008183582956864837;1.0343380299074534;0.7254886657321304
62.622245;1.0348414807170752;0.7499608806664655;0.7248589703976983;-0.021043523987823307;-0.02034293347752057;9.997968542088243;0.7503854809640419;-0.007395047146823875;-0.007395000171523727;0.7503924458968353;-0.0073945247221982174;0.7252171287999614;0.0071469681745134446;0.7503246636828899;-0.008183593263696448;1.0343438621686751;0.725484418858328
63.622245;1.034833737082799;0.7499615410362376;0.7248641312434737;-0.021043524836697507;-0.020342930773958816;9.998008185873022;0.7503839094328201;-0.007395045990214819;-0.007395000160370497;0.7503910535492756;-0.007394537840563541;0.7252182811388396;0.007146969496653863;0.7503194395804003;-0.008183603222384768;1.0343494691900679;0.7254803028267213
64.622245;1.0348262330720397;0.7499621933585551;0.7248690860627807;-0.02104352565713467;-0.020342928176681922;9.998046685994094;0.750382411245461;-0.007395044879322811;-0.007395000150612324;0.750389694445047;-0.007394550480584308;0.725219380553965;0.007146970762239539;0.750314411351906;-0.00818361283585029;1.0343548548471926;0.7254763183601117
65.622245;1.034818969312627;0.7499628368940323;0.7248738388635637;-0.021043526449330156;-0.02034292568428793;9.998084029150428;0.7503809844878371;-0.007395043813623759;-0.0073950001421889825;0.7503883686931373;-0.00739456264816036;0.7252204279215017;0.007146971972804315;0.750309575995033;-0.008183622107170566;1.0343600231236894;0.7254724659932137
66.622245;1.0348119461092904;0.7499634708252166;0.7248783936533295;-0.02104352721352144;-0.02034292329529839;9.998120205098516;0.7503796273675404;-0.007395042792590326;-0.007395000135057602;0.7503870764984953;-0.007394574349570318;0.72522142417951;0.0071469731298561615;0.7503049303760488;-0.008183631039402775;1.034364978157643;0.7254687460736506
67.622245;1.034805163360021;0.7499640942290952;0.7248827544771904;-0.02104352794999641;-0.02034292100816926;9.998155206111196;0.7503783381601562;-0.007395041815653895;-0.007395000129202276;0.7503858181495084;-0.007394585591498848;0.725222370375276;0.0071469742348957655;0.7503004713031137;-0.008183639635477784;1.0343697242826055;0.7254651587432045
68.622245;1.034798620480234;0.7499647061141343;0.7248869254345357;-0.021043528659086357;-0.020342918821301216;9.99818902652697;0.7503771151393832;-0.007395040882171783;-0.007395000124632431;0.7503845939514843;-0.007394596380961986;0.7252232676517554;0.00714697528940023;0.7502961955796505;-0.008183647898352617;1.034374266027373;0.7254617039564755
69.622245;1.0347923164415815;0.7499653054976373;0.724890910656375;-0.021043529341133353;-0.020342916733049277;9.998221662692208;0.7503759565359671;-0.007395039991433823;-0.007395000121355919;0.75038340420692;-0.007394606725134219;0.7252241172474723;0.007146976294793827;0.7502920999826548;-0.008183655831263317;1.0343786080301196;0.7254583815464866
70.622245;1.034786249894263;0.7499658914605124;0.7248947142211;-0.021043529996478006;-0.020342914741721018;9.998253112802992;0.7503748605208654;-0.007395039142685509;-0.007395000119358126;0.7503822492486484;-0.007394616631155867;0.7252249204945448;0.007146977252441449;0.7502881811888066;-0.008183663437747813;1.0343827549029974;0.7254551912381734
71.622245;1.0347804192186674;0.7499664631815127;0.7248983401062271;-0.02104353062547887;-0.020342912845555824;9.998283377077774;0.7503738252255342;-0.007395038335133216;-0.007395000118619737;0.7503811294300679;-0.007394626105913351;0.7252256787654844;0.007146978163659439;0.7502844357676833;-0.008183670721497761;1.0343867112157583;0.7254521325763874
72.622245;1.0347748224872046;0.7499670199132086;0.7249017922542548;-0.021043531228520585;-0.02034291104271099;9.99831245856317;0.7503728487788329;-0.007395037567944;-0.007395000119135151;0.7503800450609556;-0.007394635155967159;0.725226393401778;0.00714697902972864;0.7502808602351855;-0.008183677686332344;1.0343904815959613;0.7254492048629858
73.622245;1.034769457459518;0.7499675608898232;0.7249050746468374;-0.021043531806002155;-0.02034290933128451;9.998340363330648;0.7503719293021858;-0.007395036840253333;-0.007395000120897486;0.7503789963713557;-0.007394643787765104;0.7252270656421741;0.007146979851920301;0.7502774510955931;-0.008183684336388348;1.0343940707554862;0.7254464071547444
74.622245;1.0347643216973224;0.7499680853002042;0.7249081913201891;-0.02104353235832393;-0.02034290770934715;9.998367099332793;0.7503710648825317;-0.007395036151158551;-0.007395000123890366;0.7503779835302246;-0.007394652008020801;0.725227696567782;0.007146980631526855;0.7502742048792985;-0.00818369067640618;1.0343974833923792;0.7254437382680131
75.622245;1.0347594127346305;0.7499685923732998;0.7249111463720226;-0.021043532885876733;-0.020342906174949604;9.998392674954713;0.7503702535851804;-0.007395035499712972;-0.007395000128102129;0.7503770066370855;-0.007394659824089829;0.7252282871265874;0.007146981369849373;0.7502711181354906;-0.0081836967118883;1.0344007240815645;0.7254411967798864
76.622245;1.0347547281120077;0.7499690814572239;0.7249139439615149;-0.021043533389037694;-0.020342904726111933;9.998417098248195;0.7503694934800421;-0.007395034884950585;-0.007395000133526984;0.7503760656630165;-0.007394667244065098;0.7252288382434166;0.007146982068149609;0.7502681873801639;-0.008183702448923705;1.0344037972439803;0.7254387810529277
77.622245;1.0347502652564908;0.7499695520490852;0.7249165882846498;-0.021043533868167295;-0.02034290336081267;9.998440377341222;0.750368782626719;-0.007395034305915571;-0.007395000140160045;0.7503751604382204;-0.007394674276384385;0.7252293508951988;0.007146982727640368;0.7502654091067182;-0.008183707893822594;1.034406707174098;0.7254364892517997
78.622245;1.0347460213870048;0.7499700038263372;0.7249190835531341;-0.021043534323599747;-0.02034290207698305;9.998462521902079;0.7503681190481114;-0.007395033761664728;-0.0073950001480035206;0.7503742907045633;-0.007394680929351585;0.7252298260702172;0.0071469833495207144;0.7502627798578583;-0.008183713052906246;1.0344094580689407;0.7254343193394573
79.622245;1.034741993484413;0.7499704366878217;0.7249214339997686;-0.02104353475564656;-0.020342900872492197;9.998483544000036;0.7503675007348758;-0.007395033251242832;-0.0073950001570597815;0.7503734561667973;-0.007394687210975365;0.7252302646996419;0.007146983934995567;0.7502602962273508;-0.008183717932401342;1.0344120540344894;0.7254322690847892
80.622245;1.034738178251753;0.7499708507772332;0.7249236438900593;-0.021043535164627012;-0.020342899745134566;9.998503457361197;0.7503669256746608;-0.0073950327736581065;-0.0073950001673079285;0.7503726565210798;-0.007394693128930499;0.7252306676611195;0.0071469844852624954;0.7502579547697047;-0.008183722538241388;1.0344144991128437;0.7254303360873509
81.622245;1.0347345720518375;0.74997124646508;0.7249257174869932;-0.02104353555090044;-0.020342898692643285;9.99852227644465;0.75036639188675;-0.007395032327881148;-0.007395000178694759;0.7503718914544217;-0.007394698690600764;0.7252310358269224;0.007146985001500544;0.7502557519537278;-0.008183726876056546;1.0344167973768836;0.7254285178213251
82.622245;1.0347311708894322;0.74997162427743;0.7249276589595278;-0.02104353591487941;-0.020342897712704814;9.998540016449688;0.7503658974546265;-0.007395031912853351;-0.007395000191138079;0.7503711606311679;-0.007394703903395897;0.7252313700953977;0.007146985484872614;0.7502536841854055;-0.008183730951521506;1.03441895301868;0.7254268117011914
83.622245;1.0347279704836483;0.7499719847933535;0.7249294723151736;-0.021043536257034406;-0.020342896802970713;9.998556693473748;0.75036544054118;-0.0073950315274895016;-0.007395000204524683;0.7503704637043057;-0.007394708775053236;0.7252316714091943;0.00714698593652572;0.7502517478189291;-0.008183734770583363;1.034420970330484;0.7254252151022547
84.622245;1.0347249663579723;0.7499723285690941;0.724931161429095;-0.021043536577891906;-0.020342895961080402;9.998572324354866;0.7503650193710085;-0.007395031170679503;-0.0073950002187272;0.7503698003122042;-0.0073947133136145335;0.7252319407868086;0.007146986357589174;0.75024993914778;-0.008183738339332234;1.0344228535874491;0.7254237253124838
85.622245;1.0347221538738451;0.7499726561276907;0.724932730125408;-0.021043536878023794;-0.020342895184664957;9.998586926941371;0.750364632219113;-0.007395030841293309;-0.0073950002336435755;0.7503691700412782;-0.007394717527376572;0.7252321793910615;0.007146986749164013;0.7502482543733472;-0.008183741663822483;1.034424606919944;0.7254223395254139
86.622245;1.0347195282123245;0.7499729679800561;0.724934182232074;-0.02104353715803694;-0.02034289447133577;9.998600520825923;0.7503642774300581;-0.007395030538192558;-0.0073950002492069195;0.7503685724367534;-0.007394721425012376;0.7252323886154556;0.007146987112309652;0.7502466895930469;-0.00818374475005698;1.034426234257702;0.7254210548739021
87.622245;1.0347170843526559;0.7499732645886228;0.7249355216294397;-0.021043537418558397;-0.0203428938186927;9.998613127548193;0.7503639534126485;-0.007395030260255338;-0.0073950002653586835;0.7503680070619572;-0.007394725015625975;0.7252325700910153;0.007146987448066665;0.7502452408669356;-0.008183747604113887;1.0344277393903034;0.7254198684107419
88.622245;1.0347148171043403;0.7499735462768028;0.7249367523132184;-0.021043537660223346;-0.02034289322432564;9.998624770156395;0.7503636585983265;-0.0073950300064051355;-0.007395000282041414;0.7503674735265183;-0.007394728308760529;0.725232725584779;0.0071469877574912915;0.7502439042737664;-0.008183750232308972;1.034429126111601;0.7254187770884866
89.622245;1.0347127211918563;0.7499738132179562;0.7249378784047265;-0.02104353788367059;-0.020342892685777533;9.998635472545374;0.7503633914075715;-0.007395029775615025;-0.007395000299218245;0.7503669714805508;-0.007394731314517935;0.7252328568803226;0.007146988041635762;0.7502426758826157;-0.008183752641383338;1.0344303982880287;0.7254177777828731
90.622245;1.0347107913053826;0.749974065522009;0.7249389040990823;-0.021043538089520808;-0.02034289220050496;9.998645258834463;0.7503631502353649;-0.0073950295668763965;-0.007395000316865458;0.7503665006215564;-0.007394734043568153;0.7252329657142496;0.007146988301504305;0.7502415517171058;-0.008183754838655482;1.0344315597845937;0.7254168673002629
91.622245;1.0347090220684987;0.7499743032849318;0.7249398336233218;-0.02104353827835104;-0.02034289176586927;9.998654153787328;0.7503629334746569;-0.007395029379173124;-0.00739500033492564;0.7503660607124448;-0.007394736507040087;0.7252330537794317;0.007146988538047832;0.7502405277662747;-0.008183756831996585;1.0344326144797917;0.7254160423439007
92.622245;1.0347074079963983;0.7499745265453368;0.724940671242907;-0.02104353845070045;-0.020342891379141602;9.998662184277434;0.750362739576817;-0.007395029211495655;-0.007395000353266426;0.7503656515561244;-0.007394738716665983;0.7252331227695198;0.007146988752191809;0.750239600003405;-0.008183758629700033;1.03443356645514;0.7254152994674025
93.622245;1.0347059435089285;0.7499747352327059;0.724941421303156;-0.021043538607096412;-0.020342891037515333;9.99866938032416;0.7503625670817796;-0.0073950290628579255;-0.007395000371680292;0.7503652729343195;-0.007394740684967807;0.7252331744278194;0.007146988944879941;0.7502387643857762;-0.008183760240275246;1.0344344200686801;0.7254146350637583
94.622245;1.0347046229877699;0.7499749292048314;0.7249420882434903;-0.02104353874808782;-0.02034289073813418;9.998675775501072;0.7503624146074562;-0.007395028932274043;-0.0073950003899194185;0.7503649245705973;-0.007394742425042232;0.7252332105605496;0.0071469891171125136;0.7502380168339808;-0.00818376167228216;1.0344351798490583;0.725414045391179
95.622245;1.0347034408134406;0.7499751083348729;0.7249426765576553;-0.021043538874273772;-0.02034289047813146;9.998681407355246;0.7503622808556909;-0.007395028818719075;-0.007395000407737104;0.7503646061106769;-0.007394743950158154;0.7252332330006467;0.007146989269946613;0.7502373532082702;-0.008183762934450748;1.0344358504373272;0.7254135265747355
96.622245;1.0347023913352011;0.7499752725293577;0.7249431907709138;-0.021043538986301406;-0.02034289025466788;9.998686317285717;0.7503621646082039;-0.007395028721114021;-0.007395000424916645;0.7503643171121083;-0.007394745273607454;0.7252332435594818;0.007146989404466521;0.7502367693200636;-0.0081837640359303;1.0344364365849654;0.7254130745944773
97.622245;1.0347014688103175;0.7499754216834035;0.7249436354599463;-0.021043539084840385;-0.020342890064938716;9.998690549335922;0.7503620646615752;-0.007395028638323746;-0.007395000441277077;0.7503640570836432;-0.007394746408940483;0.7252332440254071;0.00714698952175166;0.7502362609197051;-0.008183764986364939;1.0344369431546567;0.7254126853044955
98.622245;1.034700667322014;0.7499755556664202;0.7249440152621607;-0.021043539170556163;-0.020342889906137827;9.998694148942995;0.7503619797672264;-0.007395028569147358;-0.0073950004566490125;0.750363825558987;-0.007394747370239769;0.7252332362406927;0.0071469896228538105;0.7502358236131569;-0.008183765795755174;1.034437375196996;0.7254123544342236
99.622245;1.0346999807154782;0.749975674341296;0.7249443348780794;-0.021043539244092517;-0.020342889775412397;9.998697162702;0.750361908650343;-0.0073950285123245176;-0.007395000470843776;0.7503636221562731;-0.007394748171971662;0.7252332222023304;0.007146989708792349;0.7502354528400006;-0.008183766474376067;1.034437738044171;0.7254120775656739
100.0;1.0346994026371743;0.74997577756656;0.7249445990877124;-0.021043539306077906;-0.020342889669840873;9.99869963872332;0.750361850075934;-0.0073950284665691484;-0.007395000483652399;0.7503634466129975;-0.0073947488285626235;0.7252332041033319;0.007146989780569466;0.7502351439478564;-0.008183767032948857;1.0344380373006887;0.7254118501224108
