time;InternalNode1_BUS_Voltage;InternalNode1_BUS_ActivePower;InternalNode1_BUS_ReactivePower;InternalNode1_BUS_ActiveCurrent;InternalNode1_BUS_ReactiveCurrent;Bess_GEN_UPuInjTerminal;Bess_GEN_IpInjTerminal;Bess_GEN_IqInjTerminal;Measurements_BUS_Voltage;Measurements_BUS_ActivePower;Measurements_BUS_ReactivePower;Bess_GEN_ActivePowerSetpointPu;Bess_GEN_ReactivePowerSetpointPu
0.000000000;1.000e+00;-6.660e-01;3.867e-09;-6.660e-01;-1.082e-08;1.000e+00;-6.660e-01;-4.546e-09;1.000e+00;-3.330e-03;-1.669e-10;-6.660e-01;9.000e-05
0.000001000;1.000e+00;-6.660e-01;3.885e-09;-6.660e-01;-1.090e-08;1.000e+00;-6.660e-01;-4.474e-09;1.000e+00;-3.330e-03;-1.210e-10;-6.660e-01;9.000e-05
29.999994000;1.000e+00;-6.660e-01;-4.186e-09;-6.660e-01;1.022e-09;1.000e+00;-6.660e-01;-2.829e-09;1.000e+00;-3.330e-03;2.335e-09;-6.660e-01;9.000e-05
29.999994000;1.001e-06;-3.810e-09;-4.202e-09;-4.189e-10;1.343e-09;1.430e-04;-3.029e-09;-2.771e-09;1.000e-06;-8.356e-10;2.316e-09;-6.660e-01;9.000e-05
30.019142000;1.002e-06;1.220e-09;-5.033e-09;3.366e-09;5.530e-09;2.000e-04;4.611e-09;-9.955e-08;1.008e-06;-1.141e-09;4.150e-09;-6.660e-01;9.000e-05
30.019398000;1.002e-06;1.389e-09;-4.923e-09;3.427e-09;5.621e-09;2.011e-04;4.950e-09;9.944e-01;1.008e-06;-1.037e-09;3.900e-09;-6.660e-01;9.000e-05
30.019654000;1.002e-06;1.556e-09;-4.810e-09;3.498e-09;5.702e-09;2.017e-04;5.257e-09;9.916e-01;1.008e-06;-9.375e-10;3.640e-09;-6.660e-01;9.000e-05
30.019910000;1.002e-06;1.723e-09;-4.697e-09;3.577e-09;5.773e-09;2.023e-04;5.529e-09;9.888e-01;1.007e-06;-8.443e-10;3.367e-09;-6.660e-01;9.000e-05
30.020166000;1.002e-06;1.889e-09;-4.586e-09;3.659e-09;5.836e-09;2.029e-04;5.761e-09;9.859e-01;1.007e-06;-7.575e-10;3.080e-09;-6.660e-01;9.000e-05
30.020422000;1.002e-06;2.055e-09;-4.478e-09;3.741e-09;5.891e-09;2.048e-04;5.952e-09;9.764e-01;1.007e-06;-6.744e-10;2.777e-09;-6.660e-01;9.000e-05
30.020678000;1.002e-06;2.220e-09;-4.376e-09;3.819e-09;5.941e-09;2.054e-04;6.100e-09;9.736e-01;1.007e-06;-5.917e-10;2.459e-09;-6.660e-01;9.000e-05
30.020934000;1.002e-06;2.380e-09;-4.277e-09;3.888e-09;5.990e-09;2.060e-04;6.203e-09;9.708e-01;1.007e-06;-5.069e-10;2.126e-09;-6.660e-01;9.000e-05
30.021190000;1.002e-06;2.533e-09;-4.183e-09;3.947e-09;6.043e-09;2.066e-04;6.262e-09;9.680e-01;1.006e-06;-4.185e-10;1.780e-09;-6.660e-01;9.000e-05
30.021446000;1.002e-06;2.674e-09;-4.093e-09;3.994e-09;6.106e-09;2.072e-04;6.276e-09;9.652e-01;1.006e-06;-3.261e-10;1.425e-09;-6.660e-01;9.000e-05
30.021702000;1.001e-06;2.804e-09;-4.006e-09;4.030e-09;6.180e-09;2.084e-04;6.247e-09;9.597e-01;1.006e-06;-2.296e-10;1.064e-09;-6.660e-01;9.000e-05
30.021958000;1.001e-06;2.920e-09;-3.922e-09;4.053e-09;6.270e-09;2.090e-04;6.176e-09;9.569e-01;1.005e-06;-1.295e-10;7.011e-10;-6.660e-01;9.000e-05
30.022214000;1.001e-06;3.024e-09;-3.841e-09;4.064e-09;6.376e-09;2.104e-04;6.066e-09;9.505e-01;1.005e-06;-2.640e-11;3.414e-10;-6.660e-01;9.000e-05
30.022470000;1.001e-06;3.114e-09;-3.763e-09;4.061e-09;6.499e-09;2.110e-04;5.921e-09;9.478e-01;1.005e-06;7.884e-11;-8.410e-12;-6.660e-01;9.000e-05
30.022726000;1.001e-06;3.188e-09;-3.690e-09;4.045e-09;6.638e-09;2.116e-04;5.743e-09;9.450e-01;1.004e-06;1.854e-10;-3.416e-10;-6.660e-01;9.000e-05
30.022982000;1.001e-06;3.245e-09;-3.625e-09;4.016e-09;6.791e-09;2.122e-04;5.537e-09;9.423e-01;1.004e-06;2.934e-10;-6.520e-10;-6.660e-01;9.000e-05
30.023238000;1.000e-06;3.283e-09;-3.567e-09;3.975e-09;6.956e-09;2.129e-04;5.307e-09;9.395e-01;1.004e-06;4.035e-10;-9.355e-10;-6.660e-01;9.000e-05
30.023494000;1.000e-06;3.301e-09;-3.515e-09;3.918e-09;7.127e-09;2.135e-04;5.059e-09;9.368e-01;1.003e-06;5.169e-10;-1.191e-09;-6.660e-01;9.000e-05
30.023750000;9.999e-07;3.298e-09;-3.467e-09;3.844e-09;7.303e-09;2.141e-04;4.797e-09;9.341e-01;1.003e-06;6.330e-10;-1.418e-09;-6.660e-01;9.000e-05
30.024006000;9.997e-07;3.275e-09;-3.417e-09;3.753e-09;7.478e-09;2.147e-04;4.525e-09;9.314e-01;1.002e-06;7.502e-10;-1.621e-09;-6.660e-01;9.000e-05
30.024262000;9.995e-07;3.228e-09;-3.360e-09;3.646e-09;7.650e-09;2.161e-04;4.245e-09;9.253e-01;1.002e-06;8.664e-10;-1.802e-09;-6.660e-01;9.000e-05
30.024518000;9.993e-07;3.158e-09;-3.289e-09;3.522e-09;7.816e-09;2.168e-04;3.961e-09;9.226e-01;1.002e-06;9.797e-10;-1.960e-09;-6.660e-01;9.000e-05
30.024774000;9.991e-07;3.065e-09;-3.203e-09;3.384e-09;7.974e-09;2.174e-04;3.676e-09;9.199e-01;1.002e-06;1.089e-09;-2.096e-09;-6.660e-01;9.000e-05
30.025030000;9.989e-07;2.951e-09;-3.098e-09;3.230e-09;8.124e-09;2.180e-04;3.393e-09;9.172e-01;1.001e-06;1.191e-09;-2.209e-09;-6.660e-01;9.000e-05
30.025286000;9.987e-07;2.820e-09;-2.975e-09;3.061e-09;8.267e-09;2.187e-04;3.115e-09;9.145e-01;1.001e-06;1.284e-09;-2.299e-09;-6.660e-01;9.000e-05
30.025542000;9.984e-07;2.675e-09;-2.834e-09;2.878e-09;8.402e-09;2.193e-04;2.846e-09;9.119e-01;1.001e-06;1.364e-09;-2.367e-09;-6.660e-01;9.000e-05
30.025798000;9.982e-07;2.519e-09;-2.675e-09;2.683e-09;8.530e-09;2.200e-04;2.590e-09;9.092e-01;1.001e-06;1.428e-09;-2.415e-09;-6.660e-01;9.000e-05
30.026054000;9.979e-07;2.359e-09;-2.495e-09;2.478e-09;8.650e-09;2.206e-04;2.348e-09;9.065e-01;1.000e-06;1.476e-09;-2.446e-09;-6.660e-01;9.000e-05
30.026310000;9.976e-07;2.199e-09;-2.294e-09;2.269e-09;8.762e-09;2.220e-04;2.122e-09;9.008e-01;1.000e-06;1.508e-09;-2.463e-09;-6.660e-01;9.000e-05
30.026566000;9.974e-07;2.043e-09;-2.072e-09;2.059e-09;8.864e-09;2.227e-04;1.912e-09;8.982e-01;1.000e-06;1.523e-09;-2.468e-09;-6.660e-01;9.000e-05
30.026822000;9.971e-07;1.894e-09;-1.827e-09;1.854e-09;8.959e-09;2.233e-04;1.720e-09;8.955e-01;9.999e-07;1.526e-09;-2.463e-09;-6.660e-01;9.000e-05
30.027078000;9.969e-07;1.754e-09;-1.560e-09;1.657e-09;9.045e-09;2.240e-04;1.544e-09;8.929e-01;9.998e-07;1.520e-09;-2.451e-09;-6.660e-01;9.000e-05
30.027334000;9.966e-07;1.623e-09;-1.273e-09;1.470e-09;9.120e-09;2.246e-04;1.384e-09;8.903e-01;9.998e-07;1.509e-09;-2.431e-09;-6.660e-01;9.000e-05
30.027590000;9.964e-07;1.498e-09;-9.677e-10;1.295e-09;9.180e-09;2.246e-04;1.240e-09;8.903e-01;9.998e-07;1.497e-09;-2.403e-09;-6.660e-01;9.000e-05
30.027846000;9.962e-07;1.378e-09;-6.488e-10;1.132e-09;9.224e-09;2.253e-04;1.111e-09;8.877e-01;9.998e-07;1.490e-09;-2.369e-09;-6.660e-01;9.000e-05
30.028102000;9.960e-07;1.258e-09;-3.199e-10;9.817e-10;9.247e-09;2.260e-04;9.963e-10;8.851e-01;9.998e-07;1.492e-09;-2.329e-09;-6.660e-01;9.000e-05
30.028358000;9.958e-07;1.135e-09;1.456e-11;8.445e-10;9.248e-09;2.266e-04;8.933e-10;8.825e-01;9.998e-07;1.506e-09;-2.284e-09;-6.660e-01;9.000e-05
30.028614000;9.957e-07;1.008e-09;3.507e-10;7.200e-10;9.223e-09;2.280e-04;7.999e-10;8.770e-01;9.999e-07;1.533e-09;-2.234e-09;-6.660e-01;9.000e-05
30.028870000;9.955e-07;8.761e-10;6.855e-10;6.068e-10;9.172e-09;2.280e-04;7.131e-10;8.770e-01;9.999e-07;1.570e-09;-2.180e-09;-6.660e-01;9.000e-05
30.029126000;9.954e-07;7.410e-10;1.017e-09;5.024e-10;9.093e-09;2.287e-04;6.304e-10;8.745e-01;1.000e-06;1.613e-09;-2.121e-09;-6.660e-01;9.000e-05
30.029382000;9.953e-07;6.058e-10;1.343e-09;4.038e-10;8.983e-09;2.294e-04;5.495e-10;8.719e-01;1.000e-06;1.655e-09;-2.058e-09;-6.660e-01;9.000e-05
30.029638000;9.952e-07;4.751e-10;1.662e-09;3.079e-10;8.844e-09;2.301e-04;4.683e-10;8.694e-01;1.000e-06;1.694e-09;-1.988e-09;-6.660e-01;9.000e-05
30.029894000;9.951e-07;3.535e-10;1.973e-09;2.115e-10;8.677e-09;2.307e-04;3.857e-10;8.668e-01;1.000e-06;1.728e-09;-1.912e-09;-6.660e-01;9.000e-05
30.030150000;9.950e-07;2.453e-10;2.276e-09;1.122e-10;8.484e-09;2.307e-04;3.005e-10;8.668e-01;1.000e-06;1.757e-09;-1.829e-09;-6.660e-01;9.000e-05
30.030406000;9.949e-07;1.541e-10;2.569e-09;9.676e-12;8.268e-09;2.314e-04;2.118e-10;8.643e-01;1.000e-06;1.787e-09;-1.738e-09;-6.660e-01;9.000e-05
30.030662000;9.949e-07;8.258e-11;2.851e-09;-9.515e-11;8.033e-09;2.321e-04;1.182e-10;8.617e-01;1.001e-06;1.819e-09;-1.642e-09;-6.660e-01;9.000e-05
30.030918000;9.949e-07;3.201e-11;3.118e-09;-2.015e-10;7.784e-09;2.328e-04;1.809e-11;8.592e-01;1.001e-06;1.858e-09;-1.537e-09;-6.660e-01;9.000e-05
30.031174000;9.948e-07;1.098e-12;3.371e-09;-3.096e-10;7.525e-09;2.328e-04;-8.967e-11;8.592e-01;1.001e-06;1.904e-09;-1.424e-09;-6.660e-01;9.000e-05
30.031430000;9.948e-07;-1.378e-11;3.607e-09;-4.200e-10;7.261e-09;2.342e-04;-2.057e-10;8.540e-01;1.001e-06;1.959e-09;-1.301e-09;-6.660e-01;9.000e-05
30.031686000;9.948e-07;-1.723e-11;3.827e-09;-5.330e-10;6.997e-09;2.349e-04;-3.301e-10;8.515e-01;1.001e-06;2.020e-09;-1.170e-09;-6.660e-01;9.000e-05
30.031942000;9.947e-07;-1.304e-11;4.030e-09;-6.487e-10;6.738e-09;2.349e-04;-4.617e-10;8.515e-01;1.001e-06;2.082e-09;-1.029e-09;-6.660e-01;9.000e-05
30.032198000;9.947e-07;-3.472e-12;4.215e-09;-7.675e-10;6.490e-09;2.356e-04;-5.983e-10;8.491e-01;1.001e-06;2.141e-09;-8.789e-10;-6.660e-01;9.000e-05
30.032454000;9.947e-07;1.013e-11;4.379e-09;-8.905e-10;6.255e-09;2.362e-04;-7.376e-10;8.466e-01;1.001e-06;2.194e-09;-7.201e-10;-6.660e-01;9.000e-05
30.032710000;9.947e-07;2.687e-11;4.522e-09;-1.018e-09;6.035e-09;2.362e-04;-8.775e-10;8.466e-01;1.001e-06;2.237e-09;-5.535e-10;-6.660e-01;9.000e-05
30.032966000;9.948e-07;4.635e-11;4.640e-09;-1.149e-09;5.830e-09;2.369e-04;-1.017e-09;8.441e-01;1.001e-06;2.270e-09;-3.810e-10;-6.660e-01;9.000e-05
30.033222000;9.948e-07;6.870e-11;4.734e-09;-1.281e-09;5.642e-09;2.376e-04;-1.156e-09;8.417e-01;1.002e-06;2.292e-09;-2.045e-10;-6.660e-01;9.000e-05
30.033478000;9.949e-07;9.439e-11;4.803e-09;-1.411e-09;5.469e-09;2.376e-04;-1.294e-09;8.417e-01;1.002e-06;2.302e-09;-2.523e-11;-6.660e-01;9.000e-05
30.033734000;9.949e-07;1.240e-10;4.849e-09;-1.534e-09;5.311e-09;2.383e-04;-1.431e-09;8.392e-01;1.002e-06;2.297e-09;1.562e-10;-6.660e-01;9.000e-05
30.033990000;9.950e-07;1.580e-10;4.873e-09;-1.651e-09;5.170e-09;2.390e-04;-1.565e-09;8.368e-01;1.002e-06;2.274e-09;3.399e-10;-6.660e-01;9.000e-05
30.034246000;9.951e-07;1.968e-10;4.883e-09;-1.759e-09;5.045e-09;2.397e-04;-1.698e-09;8.343e-01;1.002e-06;2.233e-09;5.271e-10;-6.660e-01;9.000e-05
30.034502000;9.951e-07;2.410e-10;4.883e-09;-1.859e-09;4.936e-09;2.404e-04;-1.829e-09;8.318e-01;1.002e-06;2.171e-09;7.190e-10;-6.660e-01;9.000e-05
30.034758000;9.952e-07;2.912e-10;4.882e-09;-1.949e-09;4.840e-09;2.404e-04;-1.961e-09;8.318e-01;1.002e-06;2.090e-09;9.164e-10;-6.660e-01;9.000e-05
30.035014000;9.953e-07;3.489e-10;4.888e-09;-2.028e-09;4.757e-09;2.411e-04;-2.094e-09;8.294e-01;1.002e-06;1.990e-09;1.119e-09;-6.660e-01;9.000e-05
30.035270000;9.953e-07;4.165e-10;4.908e-09;-2.092e-09;4.684e-09;2.411e-04;-2.230e-09;8.294e-01;1.002e-06;1.872e-09;1.325e-09;-6.660e-01;9.000e-05
30.035526000;9.953e-07;4.976e-10;4.951e-09;-2.141e-09;4.619e-09;2.418e-04;-2.366e-09;8.270e-01;1.002e-06;1.736e-09;1.533e-09;-6.660e-01;9.000e-05
30.035782000;9.954e-07;5.954e-10;5.021e-09;-2.172e-09;4.561e-09;2.425e-04;-2.502e-09;8.246e-01;1.002e-06;1.584e-09;1.737e-09;-6.660e-01;9.000e-05
30.036038000;9.954e-07;7.132e-10;5.121e-09;-2.181e-09;4.509e-09;2.425e-04;-2.636e-09;8.246e-01;1.002e-06;1.415e-09;1.935e-09;-6.660e-01;9.000e-05
30.036294000;9.954e-07;8.539e-10;5.251e-09;-2.169e-09;4.460e-09;2.432e-04;-2.768e-09;8.222e-01;1.003e-06;1.230e-09;2.124e-09;-6.660e-01;9.000e-05
30.036550000;9.954e-07;1.020e-09;5.409e-09;-2.138e-09;4.412e-09;2.432e-04;-2.897e-09;8.222e-01;1.003e-06;1.029e-09;2.300e-09;-6.660e-01;9.000e-05
30.036806000;9.953e-07;1.210e-09;5.588e-09;-2.091e-09;4.363e-09;2.440e-04;-3.023e-09;8.198e-01;1.003e-06;8.125e-10;2.463e-09;-6.660e-01;9.000e-05
30.037062000;9.953e-07;1.424e-09;5.786e-09;-2.032e-09;4.313e-09;2.440e-04;-3.141e-09;8.198e-01;1.003e-06;5.829e-10;2.610e-09;-6.660e-01;9.000e-05
30.037318000;9.952e-07;1.656e-09;5.998e-09;-1.965e-09;4.263e-09;2.447e-04;-3.248e-09;8.175e-01;1.003e-06;3.433e-10;2.745e-09;-6.660e-01;9.000e-05
30.037574000;9.952e-07;1.901e-09;6.219e-09;-1.893e-09;4.217e-09;2.454e-04;-3.342e-09;8.151e-01;1.003e-06;9.743e-11;2.868e-09;-6.660e-01;9.000e-05
30.037830000;9.951e-07;2.154e-09;6.447e-09;-1.817e-09;4.175e-09;2.461e-04;-3.423e-09;8.128e-01;1.004e-06;-1.511e-10;2.980e-09;-6.660e-01;9.000e-05
30.038086000;9.950e-07;2.409e-09;6.677e-09;-1.741e-09;4.140e-09;2.461e-04;-3.491e-09;8.128e-01;1.004e-06;-3.994e-10;3.086e-09;-6.660e-01;9.000e-05
30.038342000;9.948e-07;2.660e-09;6.904e-09;-1.667e-09;4.110e-09;2.468e-04;-3.551e-09;8.104e-01;1.004e-06;-6.457e-10;3.188e-09;-6.660e-01;9.000e-05
30.038598000;9.947e-07;2.907e-09;7.125e-09;-1.600e-09;4.088e-09;2.468e-04;-3.605e-09;8.104e-01;1.005e-06;-8.891e-10;3.291e-09;-6.660e-01;9.000e-05
30.038854000;9.945e-07;3.144e-09;7.335e-09;-1.544e-09;4.074e-09;2.475e-04;-3.654e-09;8.081e-01;1.005e-06;-1.130e-09;3.398e-09;-6.660e-01;9.000e-05
30.039110000;9.943e-07;3.370e-09;7.534e-09;-1.505e-09;4.072e-09;2.475e-04;-3.698e-09;8.081e-01;1.005e-06;-1.370e-09;3.511e-09;-6.660e-01;9.000e-05
30.039366000;9.941e-07;3.581e-09;7.719e-09;-1.488e-09;4.082e-09;2.482e-04;-3.736e-09;8.057e-01;1.005e-06;-1.609e-09;3.628e-09;-6.660e-01;9.000e-05
30.039622000;9.939e-07;3.772e-09;7.890e-09;-1.497e-09;4.108e-09;2.482e-04;-3.766e-09;8.057e-01;1.006e-06;-1.847e-09;3.748e-09;-6.660e-01;9.000e-05
30.039878000;9.937e-07;3.943e-09;8.044e-09;-1.532e-09;4.150e-09;2.489e-04;-3.786e-09;8.034e-01;1.006e-06;-2.081e-09;3.869e-09;-6.660e-01;9.000e-05
30.040134000;9.935e-07;4.091e-09;8.180e-09;-1.591e-09;4.205e-09;2.489e-04;-3.793e-09;8.034e-01;1.006e-06;-2.313e-09;3.989e-09;-6.660e-01;9.000e-05
30.040390000;9.934e-07;4.217e-09;8.297e-09;-1.673e-09;4.272e-09;2.497e-04;-3.785e-09;8.011e-01;1.006e-06;-2.544e-09;4.108e-09;-6.660e-01;9.000e-05
30.040646000;9.932e-07;4.319e-09;8.392e-09;-1.775e-09;4.348e-09;2.497e-04;-3.760e-09;8.011e-01;1.007e-06;-2.776e-09;4.224e-09;-6.660e-01;9.000e-05
30.040902000;9.930e-07;4.398e-09;8.464e-09;-1.896e-09;4.429e-09;2.504e-04;-3.717e-09;7.988e-01;1.007e-06;-3.009e-09;4.333e-09;-6.660e-01;9.000e-05
30.041414000;9.927e-07;4.482e-09;8.538e-09;-2.186e-09;4.602e-09;2.504e-04;-3.568e-09;7.988e-01;1.007e-06;-3.484e-09;4.532e-09;-6.660e-01;9.000e-05
30.041670000;9.926e-07;4.488e-09;8.541e-09;-2.350e-09;4.691e-09;2.518e-04;-3.461e-09;7.943e-01;1.007e-06;-3.731e-09;4.621e-09;-6.660e-01;9.000e-05
30.041926000;9.924e-07;4.468e-09;8.522e-09;-2.524e-09;4.779e-09;2.518e-04;-3.335e-09;7.943e-01;1.007e-06;-3.984e-09;4.704e-09;-6.660e-01;9.000e-05
30.042182000;9.923e-07;4.422e-09;8.482e-09;-2.707e-09;4.863e-09;2.525e-04;-3.191e-09;7.920e-01;1.007e-06;-4.245e-09;4.782e-09;-6.660e-01;9.000e-05
30.042694000;9.922e-07;4.251e-09;8.334e-09;-3.086e-09;5.009e-09;2.525e-04;-2.859e-09;7.920e-01;1.007e-06;-4.781e-09;4.937e-09;-6.660e-01;9.000e-05
30.042950000;9.921e-07;4.125e-09;8.225e-09;-3.274e-09;5.067e-09;2.532e-04;-2.676e-09;7.898e-01;1.007e-06;-5.045e-09;5.016e-09;-6.660e-01;9.000e-05
30.043206000;9.921e-07;3.972e-09;8.093e-09;-3.453e-09;5.111e-09;2.532e-04;-2.485e-09;7.898e-01;1.007e-06;-5.296e-09;5.095e-09;-6.660e-01;9.000e-05
30.043462000;9.920e-07;3.788e-09;7.938e-09;-3.619e-09;5.138e-09;2.540e-04;-2.287e-09;7.875e-01;1.008e-06;-5.526e-09;5.175e-09;-6.660e-01;9.000e-05
30.043718000;9.920e-07;3.575e-09;7.760e-09;-3.768e-09;5.148e-09;2.540e-04;-2.083e-09;1.575e+00;1.008e-06;-5.728e-09;5.257e-09;-6.660e-01;9.000e-05
30.043974000;9.920e-07;3.334e-09;7.559e-09;-3.897e-09;5.139e-09;2.540e-04;-1.876e-09;1.575e+00;1.008e-06;-5.898e-09;5.343e-09;-6.660e-01;9.000e-05
30.044230000;9.920e-07;3.066e-09;7.335e-09;-4.003e-09;5.111e-09;2.547e-04;-1.670e-09;1.570e+00;1.008e-06;-6.035e-09;5.433e-09;-6.660e-01;9.000e-05
30.044742000;9.920e-07;2.473e-09;6.828e-09;-4.135e-09;4.998e-09;2.547e-04;-1.272e-09;1.570e+00;1.008e-06;-6.210e-09;5.631e-09;-6.660e-01;9.000e-05
30.044998000;9.920e-07;2.158e-09;6.549e-09;-4.163e-09;4.913e-09;2.554e-04;-1.083e-09;1.566e+00;1.008e-06;-6.249e-09;5.741e-09;-6.660e-01;9.000e-05
30.045510000;9.920e-07;1.837e-09;6.259e-09;-4.165e-09;4.809e-09;2.554e-04;-9.009e-10;1.566e+00;1.008e-06;-6.259e-09;5.856e-09;-6.660e-01;9.000e-05
30.045971000;9.920e-07;1.513e-09;5.958e-09;-4.142e-09;4.687e-09;2.562e-04;-7.267e-10;1.561e+00;1.008e-06;-6.241e-09;5.975e-09;-6.660e-01;9.000e-05
30.046146000;9.925e-07;-1.091e-09;3.538e-09;-3.161e-09;3.568e-09;2.562e-04;3.475e-10;1.561e+00;1.009e-06;-5.399e-09;6.718e-09;-6.660e-01;9.000e-05
30.046210000;9.926e-07;-1.433e-09;3.261e-09;-2.941e-09;3.457e-09;2.568e-04;4.567e-10;1.557e+00;1.009e-06;-5.256e-09;6.756e-09;-6.660e-01;9.000e-05
30.046338000;9.927e-07;-1.779e-09;2.992e-09;-2.702e-09;3.362e-09;2.576e-04;5.647e-10;1.553e+00;1.009e-06;-5.109e-09;6.782e-09;-6.660e-01;9.000e-05
30.046850000;9.929e-07;-2.474e-09;2.472e-09;-2.172e-09;3.223e-09;2.576e-04;7.857e-10;1.553e+00;1.008e-06;-4.803e-09;6.805e-09;-6.660e-01;9.000e-05
30.047362000;9.931e-07;-2.819e-09;2.222e-09;-1.886e-09;3.183e-09;2.583e-04;9.035e-10;1.549e+00;1.008e-06;-4.641e-09;6.802e-09;-6.660e-01;9.000e-05
30.047823000;9.932e-07;-3.159e-09;1.979e-09;-1.590e-09;3.164e-09;2.583e-04;1.027e-09;1.549e+00;1.008e-06;-4.472e-09;6.787e-09;-6.660e-01;9.000e-05
30.048284000;9.934e-07;-3.491e-09;1.745e-09;-1.282e-09;3.163e-09;2.590e-04;1.156e-09;1.544e+00;1.008e-06;-4.298e-09;6.757e-09;-6.660e-01;9.000e-05
30.048745000;9.936e-07;-3.817e-09;1.523e-09;-9.641e-10;3.176e-09;2.590e-04;1.283e-09;1.544e+00;1.007e-06;-4.120e-09;6.708e-09;-6.660e-01;9.000e-05
30.049206000;9.938e-07;-4.133e-09;1.314e-09;-6.351e-10;3.200e-09;2.598e-04;1.402e-09;1.540e+00;1.007e-06;-3.937e-09;6.636e-09;-6.660e-01;9.000e-05
30.049666000;9.940e-07;-4.442e-09;1.118e-09;-2.955e-10;3.229e-09;2.598e-04;1.506e-09;1.540e+00;1.007e-06;-3.750e-09;6.537e-09;-6.660e-01;9.000e-05
30.050127000;9.942e-07;-4.742e-09;9.344e-10;5.412e-11;3.261e-09;2.605e-04;1.591e-09;1.535e+00;1.006e-06;-3.560e-09;6.407e-09;-6.660e-01;9.000e-05
30.050588000;9.944e-07;-5.036e-09;7.620e-10;4.123e-10;3.291e-09;2.605e-04;1.656e-09;1.535e+00;1.006e-06;-3.369e-09;6.244e-09;-6.660e-01;9.000e-05
30.051049000;9.947e-07;-5.323e-09;6.010e-10;7.769e-10;3.318e-09;2.613e-04;1.702e-09;1.531e+00;1.005e-06;-3.181e-09;6.047e-09;-6.660e-01;9.000e-05
30.051510000;9.950e-07;-5.604e-09;4.517e-10;1.146e-09;3.342e-09;2.613e-04;1.732e-09;1.531e+00;1.005e-06;-2.998e-09;5.819e-09;-6.660e-01;9.000e-05
30.051970000;9.953e-07;-5.878e-09;3.142e-10;1.518e-09;3.360e-09;2.627e-04;1.747e-09;1.523e+00;1.004e-06;-2.820e-09;5.566e-09;-6.660e-01;9.000e-05
30.052431000;9.956e-07;-6.143e-09;1.889e-10;1.890e-09;3.369e-09;2.627e-04;1.750e-09;1.523e+00;1.004e-06;-2.643e-09;5.293e-09;-6.660e-01;9.000e-05
30.052892000;9.959e-07;-6.397e-09;7.668e-11;2.259e-09;3.366e-09;2.634e-04;1.744e-09;1.518e+00;1.004e-06;-2.465e-09;5.005e-09;-6.660e-01;9.000e-05
30.053814000;9.965e-07;-6.869e-09;-1.061e-10;2.970e-09;3.315e-09;2.634e-04;1.700e-09;1.518e+00;1.003e-06;-2.099e-09;4.400e-09;-6.660e-01;9.000e-05
30.054274000;9.968e-07;-7.086e-09;-1.771e-10;3.304e-09;3.267e-09;2.642e-04;1.664e-09;1.514e+00;1.002e-06;-1.910e-09;4.092e-09;-6.660e-01;9.000e-05
30.054735000;9.971e-07;-7.289e-09;-2.373e-10;3.622e-09;3.205e-09;2.642e-04;1.621e-09;1.514e+00;1.002e-06;-1.720e-09;3.787e-09;-6.660e-01;9.000e-05
30.055196000;9.974e-07;-7.474e-09;-2.904e-10;3.922e-09;3.132e-09;2.649e-04;1.574e-09;1.510e+00;1.002e-06;-1.531e-09;3.490e-09;-6.660e-01;9.000e-05
30.056118000;9.979e-07;-7.781e-09;-3.863e-10;4.458e-09;2.958e-09;2.649e-04;1.478e-09;1.510e+00;1.001e-06;-1.170e-09;2.940e-09;-6.660e-01;9.000e-05
30.056578000;9.981e-07;-7.896e-09;-4.311e-10;4.689e-09;2.861e-09;2.657e-04;1.431e-09;1.506e+00;1.000e-06;-1.008e-09;2.691e-09;-6.660e-01;9.000e-05
30.057500000;9.985e-07;-8.039e-09;-5.219e-10;5.070e-09;2.648e-09;2.657e-04;1.346e-09;1.506e+00;9.997e-07;-7.510e-10;2.238e-09;-6.660e-01;9.000e-05
30.057961000;9.987e-07;-8.066e-09;-5.734e-10;5.218e-09;2.532e-09;2.664e-04;1.306e-09;1.501e+00;9.994e-07;-6.605e-10;2.027e-09;-6.660e-01;9.000e-05
30.058882000;9.989e-07;-8.029e-09;-7.000e-10;5.428e-09;2.273e-09;2.664e-04;1.224e-09;1.501e+00;9.987e-07;-5.538e-10;1.615e-09;-6.660e-01;9.000e-05
30.059343000;9.990e-07;-7.970e-09;-7.763e-10;5.491e-09;2.131e-09;2.678e-04;1.175e-09;1.494e+00;9.983e-07;-5.310e-10;1.409e-09;-6.660e-01;9.000e-05
30.060505000;9.996e-07;-6.309e-09;-2.158e-09;5.095e-09;1.047e-09;2.678e-04;5.212e-10;1.494e+00;9.943e-07;-8.514e-10;-2.018e-11;-6.660e-01;9.000e-05
30.061017000;9.997e-07;-6.142e-09;-2.294e-09;5.033e-09;1.111e-09;2.686e-04;4.866e-10;1.489e+00;9.940e-07;-9.496e-10;4.201e-11;-6.660e-01;9.000e-05
30.062041000;9.998e-07;-5.807e-09;-2.546e-09;4.939e-09;1.327e-09;2.686e-04;4.339e-10;1.489e+00;9.935e-07;-1.181e-09;2.386e-10;-6.660e-01;9.000e-05
30.062553000;1.000e-06;-5.646e-09;-2.651e-09;4.907e-09;1.475e-09;2.693e-04;4.212e-10;1.485e+00;9.933e-07;-1.312e-09;3.651e-10;-6.660e-01;9.000e-05
30.064089000;1.000e-06;-5.238e-09;-2.839e-09;4.865e-09;2.038e-09;2.693e-04;4.474e-10;1.485e+00;9.929e-07;-1.773e-09;8.040e-10;-6.660e-01;9.000e-05
30.064601000;1.001e-06;-5.135e-09;-2.856e-09;4.867e-09;2.247e-09;2.701e-04;4.761e-10;1.481e+00;9.928e-07;-1.957e-09;9.594e-10;-6.660e-01;9.000e-05
30.066137000;1.001e-06;-4.928e-09;-2.782e-09;4.921e-09;2.853e-09;2.701e-04;5.885e-10;1.481e+00;9.928e-07;-2.607e-09;1.422e-09;-6.660e-01;9.000e-05
30.066649000;1.002e-06;-4.896e-09;-2.716e-09;4.951e-09;3.030e-09;2.708e-04;6.258e-10;1.477e+00;9.928e-07;-2.853e-09;1.568e-09;-6.660e-01;9.000e-05
30.068185000;1.002e-06;-4.919e-09;-2.393e-09;5.037e-09;3.459e-09;2.708e-04;7.236e-10;1.477e+00;9.930e-07;-3.641e-09;1.952e-09;-6.660e-01;9.000e-05
30.068697000;1.002e-06;-4.959e-09;-2.248e-09;5.049e-09;3.574e-09;2.715e-04;7.488e-10;1.473e+00;9.932e-07;-3.911e-09;2.063e-09;-6.660e-01;9.000e-05
30.069209000;1.003e-06;-5.008e-09;-2.086e-09;5.046e-09;3.684e-09;2.722e-04;7.686e-10;1.469e+00;9.933e-07;-4.180e-09;2.165e-09;-6.660e-01;9.000e-05
30.071257000;1.003e-06;-5.217e-09;-1.318e-09;4.808e-09;4.145e-09;2.722e-04;7.873e-10;1.469e+00;9.938e-07;-5.237e-09;2.451e-09;-6.660e-01;9.000e-05
30.071769000;1.003e-06;-5.263e-09;-1.117e-09;4.682e-09;4.268e-09;2.730e-04;7.767e-10;1.465e+00;9.940e-07;-5.500e-09;2.486e-09;-6.660e-01;9.000e-05
30.074841000;1.002e-06;-5.381e-09;-4.189e-11;3.444e-09;4.960e-09;2.730e-04;5.182e-10;1.465e+00;9.952e-07;-6.965e-09;2.377e-09;-6.660e-01;9.000e-05
30.075353000;1.002e-06;-5.344e-09;9.788e-11;3.180e-09;5.052e-09;2.738e-04;4.369e-10;1.461e+00;9.954e-07;-7.145e-09;2.321e-09;-6.660e-01;9.000e-05
30.078937000;9.993e-07;-4.177e-09;4.393e-10;1.482e-09;5.535e-09;2.738e-04;-1.050e-10;1.461e+00;9.969e-07;-7.658e-09;1.917e-09;-6.660e-01;9.000e-05
30.079449000;9.990e-07;-3.882e-09;3.768e-10;1.320e-09;5.591e-09;2.745e-04;-1.474e-10;1.457e+00;9.971e-07;-7.643e-09;1.864e-09;-6.660e-01;9.000e-05
30.079961000;9.986e-07;-3.562e-09;2.881e-10;1.181e-09;5.641e-09;2.745e-04;-1.790e-10;1.457e+00;9.972e-07;-7.607e-09;1.808e-09;-6.660e-01;9.000e-05
30.080473000;9.983e-07;-3.220e-09;1.787e-10;1.064e-09;5.684e-09;2.752e-04;-2.001e-10;1.454e+00;9.974e-07;-7.550e-09;1.746e-09;-6.660e-01;9.000e-05
30.084057000;9.966e-07;-4.375e-10;-6.715e-10;6.641e-10;5.747e-09;2.752e-04;-3.104e-11;1.454e+00;9.987e-07;-6.742e-09;1.293e-09;-6.660e-01;9.000e-05
30.084569000;9.965e-07;-2.132e-11;-7.705e-10;6.510e-10;5.731e-09;2.759e-04;3.510e-11;1.450e+00;9.989e-07;-6.593e-09;1.233e-09;-6.660e-01;9.000e-05
30.091729000;9.959e-07;3.837e-09;-1.674e-09;1.244e-09;5.068e-09;2.759e-04;4.975e-10;1.450e+00;1.000e-06;-4.954e-09;7.381e-10;-6.660e-01;9.000e-05
30.092629000;9.960e-07;4.183e-09;-1.739e-09;1.337e-09;4.948e-09;2.767e-04;4.766e-10;1.446e+00;1.000e-06;-4.812e-09;6.945e-10;-6.660e-01;9.000e-05
30.094429000;9.960e-07;4.835e-09;-1.824e-09;1.474e-09;4.694e-09;2.767e-04;3.917e-10;1.446e+00;1.000e-06;-4.547e-09;5.946e-10;-6.660e-01;9.000e-05
30.095329000;9.961e-07;5.141e-09;-1.836e-09;1.509e-09;4.565e-09;2.773e-04;3.318e-10;1.442e+00;1.000e-06;-4.423e-09;5.365e-10;-6.660e-01;9.000e-05
30.111529000;9.986e-07;8.968e-09;-1.144e-09;-1.296e-10;2.445e-09;2.773e-04;-6.181e-10;1.442e+00;1.001e-06;-3.785e-09;-2.862e-09;-6.660e-01;9.000e-05
30.112429000;9.988e-07;9.081e-09;-1.202e-09;-8.282e-11;2.348e-09;2.780e-04;-7.146e-10;1.439e+00;1.001e-06;-3.692e-09;-3.190e-09;-6.660e-01;9.000e-05
30.129529000;9.990e-07;1.000e-08;-3.815e-09;1.958e-09;2.414e-09;2.780e-04;-1.833e-09;1.439e+00;1.002e-06;3.221e-10;-6.587e-09;-6.660e-01;9.000e-05
30.130429000;9.988e-07;9.926e-09;-3.855e-09;2.047e-09;2.522e-09;2.786e-04;-1.781e-09;1.436e+00;1.002e-06;5.415e-10;-6.451e-09;-6.660e-01;9.000e-05
30.149994000;9.937e-07;2.974e-09;-1.322e-09;8.360e-10;3.597e-09;2.785e-04;-2.687e-09;1.436e+00;1.003e-06;2.162e-09;-1.486e-10;-6.660e-01;9.000e-05
30.149994000;1.107e+00;-7.854e-01;1.205e+00;-7.096e-01;1.088e+00;1.107e+00;-7.095e-01;1.089e+00;1.107e+00;-3.927e-03;6.023e-03;-6.660e-01;9.000e-05
30.149995000;1.107e+00;-7.854e-01;1.205e+00;-7.096e-01;1.088e+00;1.107e+00;-7.095e-01;1.089e+00;1.107e+00;-3.927e-03;6.023e-03;-6.660e-01;9.000e-05
30.149996000;1.107e+00;-7.854e-01;1.205e+00;-7.096e-01;1.089e+00;1.107e+00;-7.095e-01;1.089e+00;1.107e+00;-3.927e-03;6.024e-03;-6.660e-01;9.000e-05
30.150002000;1.107e+00;-7.854e-01;1.205e+00;-7.096e-01;1.089e+00;1.107e+00;-7.095e-01;1.089e+00;1.107e+00;-3.927e-03;6.024e-03;-6.660e-01;9.000e-05
30.150010000;1.107e+00;-7.852e-01;1.205e+00;-7.094e-01;1.089e+00;1.107e+00;-7.093e-01;1.089e+00;1.107e+00;-3.926e-03;6.024e-03;-6.660e-01;9.000e-05
30.150026000;1.107e+00;-7.850e-01;1.205e+00;-7.093e-01;1.089e+00;1.107e+00;-7.091e-01;1.089e+00;1.107e+00;-3.925e-03;6.025e-03;-6.660e-01;9.000e-05
30.150058000;1.107e+00;-7.844e-01;1.205e+00;-7.087e-01;1.089e+00;1.107e+00;-7.085e-01;1.089e+00;1.107e+00;-3.922e-03;6.027e-03;-6.660e-01;9.000e-05
30.150090000;1.107e+00;-7.840e-01;1.206e+00;-7.083e-01;1.089e+00;1.107e+00;-7.082e-01;1.090e+00;1.107e+00;-3.920e-03;6.029e-03;-6.660e-01;9.000e-05
30.150119000;1.107e+00;-7.836e-01;1.206e+00;-7.079e-01;1.090e+00;1.107e+00;-7.078e-01;1.090e+00;1.107e+00;-3.918e-03;6.031e-03;-6.660e-01;9.000e-05
30.150145000;1.107e+00;-7.832e-01;1.206e+00;-7.075e-01;1.090e+00;1.107e+00;-7.074e-01;1.090e+00;1.107e+00;-3.916e-03;6.032e-03;-6.660e-01;9.000e-05
30.150174000;1.107e+00;-7.828e-01;1.207e+00;-7.072e-01;1.090e+00;1.107e+00;-7.070e-01;1.090e+00;1.107e+00;-3.914e-03;6.034e-03;-6.660e-01;9.000e-05
30.150204000;1.107e+00;-7.824e-01;1.207e+00;-7.068e-01;1.091e+00;1.107e+00;-7.066e-01;1.090e+00;1.107e+00;-3.912e-03;6.036e-03;-6.660e-01;9.000e-05
30.150234000;1.107e+00;-7.820e-01;1.207e+00;-7.064e-01;1.091e+00;1.107e+00;-7.062e-01;1.091e+00;1.107e+00;-3.910e-03;6.037e-03;-6.660e-01;9.000e-05
30.150264000;1.107e+00;-7.816e-01;1.208e+00;-7.060e-01;1.091e+00;1.107e+00;-7.059e-01;1.091e+00;1.107e+00;-3.908e-03;6.039e-03;-6.660e-01;9.000e-05
30.150294000;1.107e+00;-7.812e-01;1.208e+00;-7.056e-01;1.091e+00;1.107e+00;-7.055e-01;1.091e+00;1.107e+00;-3.906e-03;6.040e-03;-6.660e-01;9.000e-05
30.150323000;1.107e+00;-7.808e-01;1.208e+00;-7.053e-01;1.091e+00;1.107e+00;-7.051e-01;1.091e+00;1.107e+00;-3.904e-03;6.041e-03;-6.660e-01;9.000e-05
30.150353000;1.107e+00;-7.804e-01;1.209e+00;-7.049e-01;1.092e+00;1.107e+00;-7.047e-01;1.092e+00;1.107e+00;-3.902e-03;6.043e-03;-6.660e-01;9.000e-05
30.150413000;1.107e+00;-7.798e-01;1.209e+00;-7.043e-01;1.092e+00;1.107e+00;-7.042e-01;1.092e+00;1.107e+00;-3.899e-03;6.045e-03;-6.660e-01;9.000e-05
30.150466000;1.107e+00;-7.792e-01;1.210e+00;-7.037e-01;1.092e+00;1.107e+00;-7.036e-01;1.092e+00;1.107e+00;-3.896e-03;6.048e-03;-6.660e-01;9.000e-05
30.150520000;1.107e+00;-7.786e-01;1.210e+00;-7.032e-01;1.093e+00;1.108e+00;-7.030e-01;1.093e+00;1.107e+00;-3.893e-03;6.050e-03;-6.660e-01;9.000e-05
30.150574000;1.107e+00;-7.782e-01;1.210e+00;-7.028e-01;1.093e+00;1.108e+00;-7.026e-01;1.093e+00;1.107e+00;-3.891e-03;6.052e-03;-6.660e-01;9.000e-05
30.150627000;1.107e+00;-7.776e-01;1.211e+00;-7.022e-01;1.093e+00;1.108e+00;-7.021e-01;1.094e+00;1.107e+00;-3.888e-03;6.054e-03;-6.660e-01;9.000e-05
30.150681000;1.107e+00;-7.772e-01;1.211e+00;-7.018e-01;1.094e+00;1.108e+00;-7.017e-01;1.094e+00;1.107e+00;-3.886e-03;6.056e-03;-6.660e-01;9.000e-05
30.150735000;1.107e+00;-7.766e-01;1.211e+00;-7.013e-01;1.094e+00;1.108e+00;-7.011e-01;1.094e+00;1.107e+00;-3.883e-03;6.057e-03;-6.660e-01;9.000e-05
30.150788000;1.107e+00;-7.762e-01;1.212e+00;-7.009e-01;1.094e+00;1.108e+00;-7.007e-01;1.094e+00;1.107e+00;-3.881e-03;6.059e-03;-6.660e-01;9.000e-05
30.150842000;1.108e+00;-7.758e-01;1.212e+00;-7.005e-01;1.095e+00;1.108e+00;-7.003e-01;1.094e+00;1.108e+00;-3.879e-03;6.061e-03;-6.660e-01;9.000e-05
30.150896000;1.108e+00;-7.754e-01;1.212e+00;-7.001e-01;1.095e+00;1.108e+00;-7.000e-01;1.095e+00;1.108e+00;-3.877e-03;6.062e-03;-6.660e-01;9.000e-05
30.150911000;1.108e+00;-7.754e-01;1.212e+00;-7.001e-01;1.095e+00;1.108e+00;-7.000e-01;1.095e+00;1.108e+00;-3.877e-03;6.062e-03;-6.660e-01;9.000e-05
30.150919000;1.108e+00;-7.754e-01;1.213e+00;-7.001e-01;1.095e+00;1.108e+00;-6.998e-01;1.095e+00;1.108e+00;-3.877e-03;6.063e-03;-6.660e-01;9.000e-05
30.150935000;1.108e+00;-7.752e-01;1.213e+00;-6.999e-01;1.095e+00;1.108e+00;-6.998e-01;1.095e+00;1.108e+00;-3.876e-03;6.063e-03;-6.660e-01;9.000e-05
30.150967000;1.108e+00;-7.750e-01;1.213e+00;-6.997e-01;1.095e+00;1.108e+00;-6.996e-01;1.095e+00;1.108e+00;-3.875e-03;6.064e-03;-6.660e-01;9.000e-05
30.151031000;1.108e+00;-7.746e-01;1.213e+00;-6.993e-01;1.095e+00;1.108e+00;-6.992e-01;1.095e+00;1.108e+00;-3.873e-03;6.065e-03;-6.660e-01;9.000e-05
30.151095000;1.108e+00;-7.742e-01;1.213e+00;-6.990e-01;1.095e+00;1.108e+00;-6.988e-01;1.096e+00;1.108e+00;-3.871e-03;6.067e-03;-6.660e-01;9.000e-05
30.151159000;1.108e+00;-7.738e-01;1.214e+00;-6.986e-01;1.096e+00;1.108e+00;-6.984e-01;1.096e+00;1.108e+00;-3.869e-03;6.068e-03;-6.660e-01;9.000e-05
30.151223000;1.108e+00;-7.734e-01;1.214e+00;-6.982e-01;1.096e+00;1.108e+00;-6.981e-01;1.096e+00;1.108e+00;-3.867e-03;6.070e-03;-6.660e-01;9.000e-05
30.151287000;1.108e+00;-7.732e-01;1.214e+00;-6.980e-01;1.096e+00;1.108e+00;-6.979e-01;1.096e+00;1.108e+00;-3.866e-03;6.071e-03;-6.660e-01;9.000e-05
30.151351000;1.108e+00;-7.728e-01;1.214e+00;-6.976e-01;1.096e+00;1.108e+00;-6.975e-01;1.096e+00;1.108e+00;-3.864e-03;6.072e-03;-6.660e-01;9.000e-05
30.151415000;1.108e+00;-7.726e-01;1.215e+00;-6.974e-01;1.096e+00;1.108e+00;-6.973e-01;1.097e+00;1.108e+00;-3.863e-03;6.073e-03;-6.660e-01;9.000e-05
30.151479000;1.108e+00;-7.722e-01;1.215e+00;-6.971e-01;1.097e+00;1.108e+00;-6.969e-01;1.097e+00;1.108e+00;-3.861e-03;6.074e-03;-6.660e-01;9.000e-05
30.151543000;1.108e+00;-7.720e-01;1.215e+00;-6.969e-01;1.097e+00;1.108e+00;-6.967e-01;1.097e+00;1.108e+00;-3.860e-03;6.075e-03;-6.660e-01;9.000e-05
30.151607000;1.108e+00;-7.718e-01;1.215e+00;-6.967e-01;1.097e+00;1.108e+00;-6.965e-01;1.097e+00;1.108e+00;-3.859e-03;6.076e-03;-6.660e-01;9.000e-05
30.151671000;1.108e+00;-7.716e-01;1.215e+00;-6.965e-01;1.097e+00;1.108e+00;-6.963e-01;1.097e+00;1.108e+00;-3.858e-03;6.077e-03;-6.660e-01;9.000e-05
30.151735000;1.108e+00;-7.714e-01;1.216e+00;-6.963e-01;1.097e+00;1.108e+00;-6.962e-01;1.097e+00;1.108e+00;-3.857e-03;6.078e-03;-6.660e-01;9.000e-05
30.151799000;1.108e+00;-7.712e-01;1.216e+00;-6.961e-01;1.097e+00;1.108e+00;-6.960e-01;1.097e+00;1.108e+00;-3.856e-03;6.079e-03;-6.660e-01;9.000e-05
30.151863000;1.108e+00;-7.710e-01;1.216e+00;-6.959e-01;1.097e+00;1.108e+00;-6.958e-01;1.098e+00;1.108e+00;-3.855e-03;6.079e-03;-6.660e-01;9.000e-05
30.151876000;1.108e+00;-7.710e-01;1.216e+00;-6.959e-01;1.097e+00;1.108e+00;-6.958e-01;1.098e+00;1.108e+00;-3.855e-03;6.079e-03;-6.660e-01;9.000e-05
30.151880000;1.108e+00;-7.710e-01;1.216e+00;-6.959e-01;1.097e+00;1.108e+00;-6.956e-01;1.098e+00;1.108e+00;-3.855e-03;6.079e-03;-6.660e-01;9.000e-05
30.151888000;1.108e+00;-7.708e-01;1.216e+00;-6.957e-01;1.097e+00;1.108e+00;-6.956e-01;1.098e+00;1.108e+00;-3.854e-03;6.079e-03;-6.660e-01;9.000e-05
30.151904000;1.108e+00;-7.708e-01;1.216e+00;-6.957e-01;1.098e+00;1.108e+00;-6.956e-01;1.098e+00;1.108e+00;-3.854e-03;6.080e-03;-6.660e-01;9.000e-05
30.151936000;1.108e+00;-7.708e-01;1.216e+00;-6.957e-01;1.098e+00;1.108e+00;-6.956e-01;1.098e+00;1.108e+00;-3.854e-03;6.080e-03;-6.660e-01;9.000e-05
30.152000000;1.108e+00;-7.706e-01;1.216e+00;-6.955e-01;1.098e+00;1.108e+00;-6.954e-01;1.098e+00;1.108e+00;-3.853e-03;6.081e-03;-6.660e-01;9.000e-05
30.152064000;1.108e+00;-7.704e-01;1.216e+00;-6.953e-01;1.098e+00;1.108e+00;-6.952e-01;1.098e+00;1.108e+00;-3.852e-03;6.081e-03;-6.660e-01;9.000e-05
30.152128000;1.108e+00;-7.702e-01;1.216e+00;-6.952e-01;1.098e+00;1.108e+00;-6.950e-01;1.098e+00;1.108e+00;-3.851e-03;6.082e-03;-6.660e-01;9.000e-05
30.152192000;1.108e+00;-7.702e-01;1.216e+00;-6.952e-01;1.098e+00;1.108e+00;-6.950e-01;1.098e+00;1.108e+00;-3.851e-03;6.082e-03;-6.660e-01;9.000e-05
30.152256000;1.108e+00;-7.700e-01;1.217e+00;-6.950e-01;1.098e+00;1.108e+00;-6.948e-01;1.098e+00;1.108e+00;-3.850e-03;6.083e-03;-6.660e-01;9.000e-05
30.152320000;1.108e+00;-7.698e-01;1.217e+00;-6.948e-01;1.098e+00;1.108e+00;-6.946e-01;1.098e+00;1.108e+00;-3.849e-03;6.083e-03;-6.660e-01;9.000e-05
30.152384000;1.108e+00;-7.698e-01;1.217e+00;-6.948e-01;1.098e+00;1.108e+00;-6.946e-01;1.098e+00;1.108e+00;-3.849e-03;6.084e-03;-6.660e-01;9.000e-05
30.152448000;1.108e+00;-7.696e-01;1.217e+00;-6.946e-01;1.098e+00;1.108e+00;-6.944e-01;1.098e+00;1.108e+00;-3.848e-03;6.084e-03;-6.660e-01;9.000e-05
30.152512000;1.108e+00;-7.696e-01;1.217e+00;-6.946e-01;1.098e+00;1.108e+00;-6.944e-01;1.098e+00;1.108e+00;-3.848e-03;6.085e-03;-6.660e-01;9.000e-05
30.152576000;1.108e+00;-7.694e-01;1.217e+00;-6.944e-01;1.098e+00;1.108e+00;-6.943e-01;1.099e+00;1.108e+00;-3.847e-03;6.085e-03;-6.660e-01;9.000e-05
30.152704000;1.108e+00;-7.692e-01;1.217e+00;-6.942e-01;1.099e+00;1.108e+00;-6.941e-01;1.098e+00;1.108e+00;-3.846e-03;6.086e-03;-6.660e-01;9.000e-05
30.152819000;1.108e+00;-7.692e-01;1.217e+00;-6.942e-01;1.099e+00;1.108e+00;-6.941e-01;1.099e+00;1.108e+00;-3.846e-03;6.086e-03;-6.660e-01;9.000e-05
30.152934000;1.108e+00;-7.690e-01;1.217e+00;-6.940e-01;1.099e+00;1.108e+00;-6.939e-01;1.099e+00;1.108e+00;-3.845e-03;6.087e-03;-6.660e-01;9.000e-05
30.153049000;1.108e+00;-7.690e-01;1.217e+00;-6.940e-01;1.099e+00;1.108e+00;-6.937e-01;1.099e+00;1.108e+00;-3.845e-03;6.087e-03;-6.660e-01;9.000e-05
30.153164000;1.108e+00;-7.688e-01;1.218e+00;-6.938e-01;1.099e+00;1.108e+00;-6.937e-01;1.099e+00;1.108e+00;-3.844e-03;6.088e-03;-6.660e-01;9.000e-05
30.153280000;1.108e+00;-7.688e-01;1.218e+00;-6.938e-01;1.099e+00;1.108e+00;-6.937e-01;1.099e+00;1.108e+00;-3.844e-03;6.088e-03;-6.660e-01;9.000e-05
30.153395000;1.108e+00;-7.686e-01;1.218e+00;-6.936e-01;1.099e+00;1.108e+00;-6.935e-01;1.099e+00;1.108e+00;-3.843e-03;6.088e-03;-6.660e-01;9.000e-05
30.153510000;1.108e+00;-7.686e-01;1.218e+00;-6.936e-01;1.099e+00;1.108e+00;-6.935e-01;1.099e+00;1.108e+00;-3.843e-03;6.089e-03;-6.660e-01;9.000e-05
30.153625000;1.108e+00;-7.684e-01;1.218e+00;-6.934e-01;1.099e+00;1.108e+00;-6.933e-01;1.099e+00;1.108e+00;-3.842e-03;6.089e-03;-6.660e-01;9.000e-05
30.153971000;1.108e+00;-7.684e-01;1.218e+00;-6.934e-01;1.099e+00;1.108e+00;-6.933e-01;1.099e+00;1.108e+00;-3.842e-03;6.089e-03;-6.660e-01;9.000e-05
30.154086000;1.108e+00;-7.682e-01;1.218e+00;-6.933e-01;1.099e+00;1.108e+00;-6.931e-01;1.099e+00;1.108e+00;-3.841e-03;6.090e-03;-6.660e-01;9.000e-05
30.154534000;1.108e+00;-7.682e-01;1.218e+00;-6.933e-01;1.099e+00;1.108e+00;-6.931e-01;1.099e+00;1.108e+00;-3.841e-03;6.090e-03;-6.660e-01;9.000e-05
30.154598000;1.108e+00;-7.682e-01;1.218e+00;-6.932e-01;1.099e+00;1.108e+00;-6.931e-01;1.099e+00;1.108e+00;-3.841e-03;6.090e-03;-6.660e-01;9.000e-05
30.154726000;1.108e+00;-7.682e-01;1.218e+00;-6.932e-01;1.099e+00;1.108e+00;-6.931e-01;1.099e+00;1.108e+00;-3.841e-03;6.090e-03;-6.660e-01;9.000e-05
30.154854000;1.108e+00;-7.682e-01;1.218e+00;-6.932e-01;1.099e+00;1.108e+00;-6.929e-01;1.099e+00;1.108e+00;-3.841e-03;6.090e-03;-6.660e-01;9.000e-05
30.154982000;1.108e+00;-7.680e-01;1.218e+00;-6.931e-01;1.099e+00;1.108e+00;-6.929e-01;1.099e+00;1.108e+00;-3.840e-03;6.091e-03;-6.660e-01;9.000e-05
30.157299000;1.108e+00;-7.680e-01;1.218e+00;-6.931e-01;1.099e+00;1.108e+00;-6.929e-01;1.099e+00;1.108e+00;-3.840e-03;6.091e-03;-6.660e-01;9.000e-05
30.157363000;1.108e+00;-7.682e-01;1.218e+00;-6.932e-01;1.099e+00;1.108e+00;-6.931e-01;1.099e+00;1.108e+00;-3.841e-03;6.091e-03;-6.660e-01;9.000e-05
30.157427000;1.108e+00;-7.684e-01;1.218e+00;-6.934e-01;1.099e+00;1.108e+00;-6.933e-01;1.099e+00;1.108e+00;-3.842e-03;6.090e-03;-6.660e-01;9.000e-05
30.157491000;1.108e+00;-7.686e-01;1.218e+00;-6.936e-01;1.099e+00;1.108e+00;-6.935e-01;1.099e+00;1.108e+00;-3.843e-03;6.089e-03;-6.660e-01;9.000e-05
30.157555000;1.108e+00;-7.688e-01;1.218e+00;-6.938e-01;1.099e+00;1.108e+00;-6.937e-01;1.099e+00;1.108e+00;-3.844e-03;6.088e-03;-6.660e-01;9.000e-05
30.157619000;1.108e+00;-7.690e-01;1.217e+00;-6.940e-01;1.099e+00;1.108e+00;-6.939e-01;1.099e+00;1.108e+00;-3.845e-03;6.087e-03;-6.660e-01;9.000e-05
30.157683000;1.108e+00;-7.694e-01;1.217e+00;-6.944e-01;1.099e+00;1.108e+00;-6.943e-01;1.098e+00;1.108e+00;-3.847e-03;6.086e-03;-6.660e-01;9.000e-05
30.157811000;1.108e+00;-7.702e-01;1.216e+00;-6.952e-01;1.098e+00;1.108e+00;-6.950e-01;1.098e+00;1.108e+00;-3.851e-03;6.082e-03;-6.660e-01;9.000e-05
30.157926000;1.108e+00;-7.710e-01;1.216e+00;-6.959e-01;1.097e+00;1.108e+00;-6.958e-01;1.097e+00;1.108e+00;-3.855e-03;6.079e-03;-6.660e-01;9.000e-05
30.158041000;1.108e+00;-7.720e-01;1.215e+00;-6.969e-01;1.097e+00;1.108e+00;-6.966e-01;1.097e+00;1.108e+00;-3.860e-03;6.074e-03;-6.660e-01;9.000e-05
30.158156000;1.108e+00;-7.730e-01;1.214e+00;-6.978e-01;1.096e+00;1.108e+00;-6.977e-01;1.096e+00;1.108e+00;-3.865e-03;6.070e-03;-6.660e-01;9.000e-05
30.158272000;1.108e+00;-7.740e-01;1.213e+00;-6.988e-01;1.095e+00;1.108e+00;-6.987e-01;1.095e+00;1.108e+00;-3.870e-03;6.064e-03;-6.660e-01;9.000e-05
30.158387000;1.107e+00;-7.754e-01;1.212e+00;-7.001e-01;1.094e+00;1.108e+00;-6.998e-01;1.094e+00;1.107e+00;-3.877e-03;6.059e-03;-6.660e-01;9.000e-05
30.158502000;1.107e+00;-7.766e-01;1.210e+00;-7.013e-01;1.093e+00;1.108e+00;-7.012e-01;1.093e+00;1.107e+00;-3.883e-03;6.052e-03;-6.660e-01;9.000e-05
30.158617000;1.107e+00;-7.780e-01;1.209e+00;-7.027e-01;1.092e+00;1.107e+00;-7.025e-01;1.092e+00;1.107e+00;-3.890e-03;6.045e-03;-6.660e-01;9.000e-05
30.158732000;1.107e+00;-7.794e-01;1.208e+00;-7.040e-01;1.091e+00;1.107e+00;-7.039e-01;1.091e+00;1.107e+00;-3.897e-03;6.038e-03;-6.660e-01;9.000e-05
30.158848000;1.107e+00;-7.810e-01;1.206e+00;-7.056e-01;1.090e+00;1.107e+00;-7.054e-01;1.090e+00;1.107e+00;-3.905e-03;6.030e-03;-6.660e-01;9.000e-05
30.158963000;1.107e+00;-7.826e-01;1.204e+00;-7.071e-01;1.088e+00;1.107e+00;-7.070e-01;1.088e+00;1.107e+00;-3.913e-03;6.021e-03;-6.660e-01;9.000e-05
30.159063000;1.107e+00;-7.842e-01;1.203e+00;-7.086e-01;1.087e+00;1.107e+00;-7.083e-01;1.087e+00;1.107e+00;-3.921e-03;6.013e-03;-6.660e-01;9.000e-05
30.159064000;1.107e+00;-7.842e-01;1.203e+00;-7.086e-01;1.087e+00;1.107e+00;-7.085e-01;1.087e+00;1.107e+00;-3.921e-03;6.013e-03;-6.660e-01;9.000e-05
30.159065000;1.107e+00;-7.842e-01;1.203e+00;-7.086e-01;1.087e+00;1.107e+00;-7.085e-01;1.087e+00;1.107e+00;-3.921e-03;6.013e-03;-6.660e-01;9.000e-05
30.159067000;1.107e+00;-7.842e-01;1.203e+00;-7.087e-01;1.087e+00;1.107e+00;-7.085e-01;1.087e+00;1.107e+00;-3.921e-03;6.013e-03;-6.660e-01;9.000e-05
30.159071000;1.107e+00;-7.842e-01;1.203e+00;-7.087e-01;1.087e+00;1.107e+00;-7.085e-01;1.087e+00;1.107e+00;-3.921e-03;6.013e-03;-6.660e-01;9.000e-05
30.159079000;1.107e+00;-7.844e-01;1.202e+00;-7.088e-01;1.087e+00;1.107e+00;-7.087e-01;1.087e+00;1.107e+00;-3.922e-03;6.012e-03;-6.660e-01;9.000e-05
30.159095000;1.107e+00;-7.846e-01;1.202e+00;-7.090e-01;1.086e+00;1.107e+00;-7.089e-01;1.087e+00;1.107e+00;-3.923e-03;6.011e-03;-6.660e-01;9.000e-05
30.159127000;1.107e+00;-7.850e-01;1.202e+00;-7.094e-01;1.086e+00;1.107e+00;-7.093e-01;1.086e+00;1.107e+00;-3.925e-03;6.008e-03;-6.660e-01;9.000e-05
30.159191000;1.106e+00;-7.860e-01;1.201e+00;-7.104e-01;1.085e+00;1.107e+00;-7.103e-01;1.085e+00;1.106e+00;-3.930e-03;6.003e-03;-6.660e-01;9.000e-05
30.159319000;1.106e+00;-7.878e-01;1.198e+00;-7.122e-01;1.083e+00;1.106e+00;-7.120e-01;1.083e+00;1.106e+00;-3.939e-03;5.992e-03;-6.660e-01;9.000e-05
30.159447000;1.106e+00;-7.896e-01;1.196e+00;-7.139e-01;1.081e+00;1.106e+00;-7.138e-01;1.082e+00;1.106e+00;-3.948e-03;5.980e-03;-6.660e-01;9.000e-05
30.159575000;1.106e+00;-7.912e-01;1.194e+00;-7.155e-01;1.079e+00;1.106e+00;-7.154e-01;1.079e+00;1.106e+00;-3.956e-03;5.968e-03;-6.660e-01;9.000e-05
30.159703000;1.106e+00;-7.928e-01;1.191e+00;-7.171e-01;1.077e+00;1.106e+00;-7.170e-01;1.077e+00;1.106e+00;-3.964e-03;5.955e-03;-6.660e-01;9.000e-05
30.159831000;1.105e+00;-7.944e-01;1.188e+00;-7.187e-01;1.075e+00;1.105e+00;-7.186e-01;1.075e+00;1.105e+00;-3.972e-03;5.941e-03;-6.660e-01;9.000e-05
30.159959000;1.105e+00;-7.958e-01;1.185e+00;-7.202e-01;1.073e+00;1.105e+00;-7.200e-01;1.073e+00;1.105e+00;-3.979e-03;5.927e-03;-6.660e-01;9.000e-05
30.160073000;1.105e+00;-7.972e-01;1.183e+00;-7.216e-01;1.071e+00;1.105e+00;-7.214e-01;1.071e+00;1.105e+00;-3.986e-03;5.914e-03;-6.660e-01;9.000e-05
30.160075000;1.105e+00;-7.972e-01;1.183e+00;-7.216e-01;1.071e+00;1.105e+00;-7.214e-01;1.071e+00;1.105e+00;-3.986e-03;5.914e-03;-6.660e-01;9.000e-05
30.160077000;1.105e+00;-7.972e-01;1.183e+00;-7.216e-01;1.071e+00;1.105e+00;-7.215e-01;1.071e+00;1.105e+00;-3.986e-03;5.914e-03;-6.660e-01;9.000e-05
30.160081000;1.105e+00;-7.972e-01;1.183e+00;-7.216e-01;1.070e+00;1.105e+00;-7.215e-01;1.071e+00;1.105e+00;-3.986e-03;5.913e-03;-6.660e-01;9.000e-05
30.160089000;1.105e+00;-7.974e-01;1.182e+00;-7.218e-01;1.070e+00;1.105e+00;-7.216e-01;1.070e+00;1.105e+00;-3.987e-03;5.912e-03;-6.660e-01;9.000e-05
30.160105000;1.105e+00;-7.974e-01;1.182e+00;-7.218e-01;1.070e+00;1.105e+00;-7.217e-01;1.070e+00;1.105e+00;-3.987e-03;5.910e-03;-6.660e-01;9.000e-05
30.160137000;1.105e+00;-7.978e-01;1.181e+00;-7.222e-01;1.069e+00;1.105e+00;-7.221e-01;1.069e+00;1.105e+00;-3.989e-03;5.907e-03;-6.660e-01;9.000e-05
30.160201000;1.105e+00;-7.986e-01;1.180e+00;-7.230e-01;1.068e+00;1.105e+00;-7.229e-01;1.068e+00;1.105e+00;-3.993e-03;5.899e-03;-6.660e-01;9.000e-05
30.160329000;1.104e+00;-7.998e-01;1.177e+00;-7.243e-01;1.066e+00;1.104e+00;-7.242e-01;1.066e+00;1.104e+00;-3.999e-03;5.884e-03;-6.660e-01;9.000e-05
30.160457000;1.104e+00;-8.010e-01;1.174e+00;-7.256e-01;1.063e+00;1.104e+00;-7.254e-01;1.063e+00;1.104e+00;-4.005e-03;5.868e-03;-6.660e-01;9.000e-05
30.160585000;1.104e+00;-8.024e-01;1.170e+00;-7.270e-01;1.060e+00;1.104e+00;-7.267e-01;1.060e+00;1.104e+00;-4.012e-03;5.851e-03;-6.660e-01;9.000e-05
30.160713000;1.103e+00;-8.034e-01;1.167e+00;-7.281e-01;1.057e+00;1.104e+00;-7.280e-01;1.058e+00;1.103e+00;-4.017e-03;5.834e-03;-6.660e-01;9.000e-05
30.160841000;1.103e+00;-8.046e-01;1.163e+00;-7.294e-01;1.055e+00;1.103e+00;-7.293e-01;1.055e+00;1.103e+00;-4.023e-03;5.817e-03;-6.660e-01;9.000e-05
30.160969000;1.103e+00;-8.056e-01;1.160e+00;-7.305e-01;1.052e+00;1.103e+00;-7.304e-01;1.052e+00;1.103e+00;-4.028e-03;5.799e-03;-6.660e-01;9.000e-05
30.161097000;1.102e+00;-8.066e-01;1.156e+00;-7.317e-01;1.049e+00;1.103e+00;-7.315e-01;1.049e+00;1.102e+00;-4.033e-03;5.781e-03;-6.660e-01;9.000e-05
30.161225000;1.102e+00;-8.076e-01;1.152e+00;-7.328e-01;1.046e+00;1.102e+00;-7.324e-01;1.046e+00;1.102e+00;-4.038e-03;5.762e-03;-6.660e-01;9.000e-05
30.161353000;1.102e+00;-8.084e-01;1.149e+00;-7.337e-01;1.042e+00;1.102e+00;-7.336e-01;1.043e+00;1.102e+00;-4.042e-03;5.743e-03;-6.660e-01;9.000e-05
30.161481000;1.101e+00;-8.092e-01;1.145e+00;-7.347e-01;1.039e+00;1.102e+00;-7.345e-01;1.039e+00;1.101e+00;-4.046e-03;5.724e-03;-6.660e-01;9.000e-05
30.161609000;1.101e+00;-8.100e-01;1.141e+00;-7.356e-01;1.036e+00;1.101e+00;-7.355e-01;1.036e+00;1.101e+00;-4.050e-03;5.704e-03;-6.660e-01;9.000e-05
30.161737000;1.101e+00;-8.108e-01;1.137e+00;-7.366e-01;1.033e+00;1.101e+00;-7.364e-01;1.033e+00;1.101e+00;-4.054e-03;5.684e-03;-6.660e-01;9.000e-05
30.161865000;1.100e+00;-8.114e-01;1.133e+00;-7.374e-01;1.029e+00;1.101e+00;-7.372e-01;1.029e+00;1.100e+00;-4.057e-03;5.663e-03;-6.660e-01;9.000e-05
30.162121000;1.100e+00;-8.128e-01;1.124e+00;-7.391e-01;1.022e+00;1.100e+00;-7.390e-01;1.022e+00;1.100e+00;-4.064e-03;5.621e-03;-6.660e-01;9.000e-05
30.162352000;1.099e+00;-8.138e-01;1.116e+00;-7.405e-01;1.016e+00;1.099e+00;-7.403e-01;1.016e+00;1.099e+00;-4.069e-03;5.582e-03;-6.660e-01;9.000e-05
30.162582000;1.098e+00;-8.146e-01;1.108e+00;-7.417e-01;1.009e+00;1.099e+00;-7.415e-01;1.009e+00;1.098e+00;-4.073e-03;5.542e-03;-6.660e-01;9.000e-05
30.162813000;1.098e+00;-8.154e-01;1.100e+00;-7.429e-01;1.002e+00;1.098e+00;-7.427e-01;1.002e+00;1.098e+00;-4.077e-03;5.501e-03;-6.660e-01;9.000e-05
30.163043000;1.097e+00;-8.160e-01;1.092e+00;-7.439e-01;9.953e-01;1.097e+00;-7.437e-01;9.955e-01;1.097e+00;-4.080e-03;5.459e-03;-6.660e-01;9.000e-05
30.163273000;1.096e+00;-8.166e-01;1.083e+00;-7.449e-01;9.883e-01;1.096e+00;-7.446e-01;9.883e-01;1.096e+00;-4.083e-03;5.417e-03;-6.660e-01;9.000e-05
30.163504000;1.095e+00;-8.170e-01;1.075e+00;-7.458e-01;9.809e-01;1.096e+00;-7.456e-01;9.811e-01;1.095e+00;-4.085e-03;5.373e-03;-6.660e-01;9.000e-05
30.163734000;1.095e+00;-8.172e-01;1.066e+00;-7.465e-01;9.736e-01;1.095e+00;-7.463e-01;9.737e-01;1.095e+00;-4.086e-03;5.329e-03;-6.660e-01;9.000e-05
30.163965000;1.094e+00;-8.174e-01;1.057e+00;-7.472e-01;9.660e-01;1.094e+00;-7.470e-01;9.662e-01;1.094e+00;-4.087e-03;5.284e-03;-6.660e-01;9.000e-05
30.164195000;1.093e+00;-8.176e-01;1.048e+00;-7.479e-01;9.584e-01;1.093e+00;-7.477e-01;9.586e-01;1.093e+00;-4.088e-03;5.239e-03;-6.660e-01;9.000e-05
30.164425000;1.092e+00;-8.176e-01;1.039e+00;-7.484e-01;9.507e-01;1.093e+00;-7.483e-01;9.507e-01;1.092e+00;-4.088e-03;5.193e-03;-6.660e-01;9.000e-05
30.164656000;1.092e+00;-8.176e-01;1.029e+00;-7.489e-01;9.428e-01;1.092e+00;-7.488e-01;9.430e-01;1.092e+00;-4.088e-03;5.146e-03;-6.660e-01;9.000e-05
30.164886000;1.091e+00;-8.174e-01;1.020e+00;-7.493e-01;9.348e-01;1.091e+00;-7.492e-01;9.349e-01;1.091e+00;-4.087e-03;5.099e-03;-6.660e-01;9.000e-05
30.165117000;1.090e+00;-8.172e-01;1.010e+00;-7.497e-01;9.267e-01;1.090e+00;-7.495e-01;9.269e-01;1.090e+00;-4.086e-03;5.051e-03;-6.660e-01;9.000e-05
30.165347000;1.089e+00;-8.168e-01;1.001e+00;-7.499e-01;9.186e-01;1.089e+00;-7.497e-01;9.188e-01;1.089e+00;-4.084e-03;5.003e-03;-6.660e-01;9.000e-05
30.165577000;1.088e+00;-8.166e-01;9.908e-01;-7.502e-01;9.103e-01;1.089e+00;-7.501e-01;9.105e-01;1.088e+00;-4.083e-03;4.954e-03;-6.660e-01;9.000e-05
30.165808000;1.088e+00;-8.162e-01;9.810e-01;-7.504e-01;9.020e-01;1.088e+00;-7.501e-01;9.022e-01;1.088e+00;-4.081e-03;4.905e-03;-6.660e-01;9.000e-05
30.166038000;1.087e+00;-8.156e-01;9.712e-01;-7.505e-01;8.936e-01;1.087e+00;-7.503e-01;8.939e-01;1.087e+00;-4.078e-03;4.856e-03;-6.660e-01;9.000e-05
30.166269000;1.086e+00;-8.150e-01;9.612e-01;-7.505e-01;8.851e-01;1.086e+00;-7.504e-01;8.853e-01;1.086e+00;-4.075e-03;4.806e-03;-6.660e-01;9.000e-05
30.166499000;1.085e+00;-8.144e-01;9.514e-01;-7.505e-01;8.768e-01;1.085e+00;-7.504e-01;8.768e-01;1.085e+00;-4.072e-03;4.757e-03;-6.660e-01;9.000e-05
30.166729000;1.084e+00;-8.138e-01;9.412e-01;-7.506e-01;8.680e-01;1.084e+00;-7.504e-01;8.683e-01;1.084e+00;-4.069e-03;4.706e-03;-6.660e-01;9.000e-05
30.166960000;1.083e+00;-8.132e-01;9.312e-01;-7.506e-01;8.595e-01;1.084e+00;-7.505e-01;8.595e-01;1.083e+00;-4.066e-03;4.656e-03;-6.660e-01;9.000e-05
30.167190000;1.083e+00;-8.124e-01;9.210e-01;-7.504e-01;8.508e-01;1.083e+00;-7.503e-01;8.510e-01;1.083e+00;-4.062e-03;4.605e-03;-6.660e-01;9.000e-05
30.167421000;1.082e+00;-8.116e-01;9.108e-01;-7.503e-01;8.420e-01;1.082e+00;-7.502e-01;8.422e-01;1.082e+00;-4.058e-03;4.554e-03;-6.660e-01;9.000e-05
30.167651000;1.081e+00;-8.108e-01;9.008e-01;-7.502e-01;8.334e-01;1.081e+00;-7.500e-01;8.335e-01;1.081e+00;-4.054e-03;4.504e-03;-6.660e-01;9.000e-05
30.167881000;1.080e+00;-8.098e-01;8.904e-01;-7.498e-01;8.245e-01;1.080e+00;-7.497e-01;8.247e-01;1.080e+00;-4.049e-03;4.452e-03;-6.660e-01;9.000e-05
30.168112000;1.079e+00;-8.090e-01;8.802e-01;-7.497e-01;8.157e-01;1.079e+00;-7.496e-01;8.159e-01;1.079e+00;-4.045e-03;4.401e-03;-6.660e-01;9.000e-05
30.168342000;1.078e+00;-8.080e-01;8.700e-01;-7.494e-01;8.069e-01;1.078e+00;-7.492e-01;8.069e-01;1.078e+00;-4.040e-03;4.350e-03;-6.660e-01;9.000e-05
30.168573000;1.077e+00;-8.070e-01;8.598e-01;-7.490e-01;7.980e-01;1.078e+00;-7.489e-01;7.981e-01;1.077e+00;-4.035e-03;4.299e-03;-6.660e-01;9.000e-05
30.168803000;1.077e+00;-8.060e-01;8.494e-01;-7.487e-01;7.890e-01;1.077e+00;-7.486e-01;7.893e-01;1.077e+00;-4.030e-03;4.247e-03;-6.660e-01;9.000e-05
30.169033000;1.076e+00;-8.050e-01;8.392e-01;-7.484e-01;7.802e-01;1.076e+00;-7.483e-01;7.803e-01;1.076e+00;-4.025e-03;4.196e-03;-6.660e-01;9.000e-05
30.169264000;1.075e+00;-8.040e-01;8.290e-01;-7.481e-01;7.713e-01;1.075e+00;-7.478e-01;7.714e-01;1.075e+00;-4.020e-03;4.145e-03;-6.660e-01;9.000e-05
30.169494000;1.074e+00;-8.028e-01;8.188e-01;-7.476e-01;7.625e-01;1.074e+00;-7.475e-01;7.625e-01;1.074e+00;-4.014e-03;4.094e-03;-6.660e-01;9.000e-05
30.169725000;1.073e+00;-8.016e-01;8.084e-01;-7.471e-01;7.534e-01;1.073e+00;-7.469e-01;7.535e-01;1.073e+00;-4.008e-03;4.042e-03;-6.660e-01;9.000e-05
30.169955000;1.072e+00;-8.006e-01;7.982e-01;-7.467e-01;7.445e-01;1.072e+00;-7.466e-01;7.446e-01;1.072e+00;-4.003e-03;3.991e-03;-6.660e-01;9.000e-05
30.170185000;1.071e+00;-7.994e-01;7.880e-01;-7.462e-01;7.356e-01;1.071e+00;-7.461e-01;7.357e-01;1.071e+00;-3.997e-03;3.940e-03;-6.660e-01;9.000e-05
30.170402000;1.070e+00;-7.982e-01;7.784e-01;-7.457e-01;7.272e-01;1.071e+00;-7.456e-01;7.273e-01;1.070e+00;-3.991e-03;3.892e-03;-6.660e-01;9.000e-05
30.170404000;1.070e+00;-7.982e-01;7.784e-01;-7.457e-01;7.272e-01;1.071e+00;-7.456e-01;7.273e-01;1.070e+00;-3.991e-03;3.892e-03;-6.660e-01;9.000e-05
30.170406000;1.070e+00;-7.982e-01;7.782e-01;-7.457e-01;7.270e-01;1.071e+00;-7.456e-01;7.271e-01;1.070e+00;-3.991e-03;3.891e-03;-6.660e-01;9.000e-05
30.170410000;1.070e+00;-7.982e-01;7.780e-01;-7.457e-01;7.268e-01;1.071e+00;-7.456e-01;7.271e-01;1.070e+00;-3.991e-03;3.890e-03;-6.660e-01;9.000e-05
30.170418000;1.070e+00;-7.982e-01;7.778e-01;-7.457e-01;7.266e-01;1.071e+00;-7.456e-01;7.267e-01;1.070e+00;-3.991e-03;3.889e-03;-6.660e-01;9.000e-05
30.170434000;1.070e+00;-7.980e-01;7.770e-01;-7.456e-01;7.259e-01;1.070e+00;-7.455e-01;7.260e-01;1.070e+00;-3.990e-03;3.885e-03;-6.660e-01;9.000e-05
30.170466000;1.070e+00;-7.980e-01;7.756e-01;-7.456e-01;7.247e-01;1.070e+00;-7.455e-01;7.248e-01;1.070e+00;-3.990e-03;3.878e-03;-6.660e-01;9.000e-05
30.170530000;1.070e+00;-7.976e-01;7.728e-01;-7.454e-01;7.223e-01;1.070e+00;-7.453e-01;7.224e-01;1.070e+00;-3.988e-03;3.864e-03;-6.660e-01;9.000e-05
30.170658000;1.069e+00;-7.970e-01;7.672e-01;-7.452e-01;7.174e-01;1.070e+00;-7.451e-01;7.174e-01;1.069e+00;-3.985e-03;3.836e-03;-6.660e-01;9.000e-05
30.170914000;1.069e+00;-7.956e-01;7.560e-01;-7.446e-01;7.075e-01;1.069e+00;-7.445e-01;7.076e-01;1.069e+00;-3.978e-03;3.780e-03;-6.660e-01;9.000e-05
30.171170000;1.068e+00;-7.942e-01;7.450e-01;-7.439e-01;6.978e-01;1.068e+00;-7.438e-01;6.979e-01;1.068e+00;-3.971e-03;3.725e-03;-6.660e-01;9.000e-05
30.171426000;1.067e+00;-7.928e-01;7.342e-01;-7.433e-01;6.883e-01;1.067e+00;-7.432e-01;6.884e-01;1.067e+00;-3.964e-03;3.671e-03;-6.660e-01;9.000e-05
30.171682000;1.066e+00;-7.914e-01;7.234e-01;-7.426e-01;6.788e-01;1.066e+00;-7.425e-01;6.789e-01;1.066e+00;-3.957e-03;3.617e-03;-6.660e-01;9.000e-05
30.171938000;1.065e+00;-7.900e-01;7.126e-01;-7.419e-01;6.692e-01;1.065e+00;-7.418e-01;6.695e-01;1.065e+00;-3.950e-03;3.563e-03;-6.660e-01;9.000e-05
30.172194000;1.064e+00;-7.886e-01;7.022e-01;-7.412e-01;6.600e-01;1.064e+00;-7.411e-01;6.601e-01;1.064e+00;-3.943e-03;3.511e-03;-6.660e-01;9.000e-05
30.172450000;1.063e+00;-7.872e-01;6.918e-01;-7.405e-01;6.508e-01;1.063e+00;-7.405e-01;6.509e-01;1.063e+00;-3.936e-03;3.459e-03;-6.660e-01;9.000e-05
30.172706000;1.062e+00;-7.858e-01;6.814e-01;-7.399e-01;6.416e-01;1.062e+00;-7.398e-01;6.417e-01;1.062e+00;-3.929e-03;3.407e-03;-6.660e-01;9.000e-05
30.172962000;1.061e+00;-7.844e-01;6.712e-01;-7.391e-01;6.325e-01;1.061e+00;-7.391e-01;6.326e-01;1.061e+00;-3.922e-03;3.356e-03;-6.660e-01;9.000e-05
30.173218000;1.060e+00;-7.830e-01;6.612e-01;-7.384e-01;6.236e-01;1.060e+00;-7.384e-01;6.237e-01;1.060e+00;-3.915e-03;3.306e-03;-6.660e-01;9.000e-05
30.173474000;1.059e+00;-7.816e-01;6.512e-01;-7.377e-01;6.146e-01;1.060e+00;-7.376e-01;6.148e-01;1.059e+00;-3.908e-03;3.256e-03;-6.660e-01;9.000e-05
30.173730000;1.059e+00;-7.802e-01;6.414e-01;-7.370e-01;6.059e-01;1.059e+00;-7.369e-01;6.058e-01;1.059e+00;-3.901e-03;3.207e-03;-6.660e-01;9.000e-05
30.173986000;1.058e+00;-7.788e-01;6.316e-01;-7.363e-01;5.971e-01;1.058e+00;-7.362e-01;5.972e-01;1.058e+00;-3.894e-03;3.158e-03;-6.660e-01;9.000e-05
30.174242000;1.057e+00;-7.772e-01;6.220e-01;-7.353e-01;5.885e-01;1.057e+00;-7.352e-01;5.886e-01;1.057e+00;-3.886e-03;3.110e-03;-6.660e-01;9.000e-05
30.174498000;1.056e+00;-7.758e-01;6.124e-01;-7.346e-01;5.799e-01;1.056e+00;-7.345e-01;5.800e-01;1.056e+00;-3.879e-03;3.062e-03;-6.660e-01;9.000e-05
30.174754000;1.055e+00;-7.744e-01;6.030e-01;-7.338e-01;5.714e-01;1.055e+00;-7.338e-01;5.715e-01;1.055e+00;-3.872e-03;3.015e-03;-6.660e-01;9.000e-05
30.175010000;1.054e+00;-7.730e-01;5.938e-01;-7.331e-01;5.631e-01;1.055e+00;-7.330e-01;5.631e-01;1.054e+00;-3.865e-03;2.969e-03;-6.660e-01;9.000e-05
30.175266000;1.054e+00;-7.716e-01;5.846e-01;-7.323e-01;5.548e-01;1.054e+00;-7.322e-01;5.550e-01;1.054e+00;-3.858e-03;2.923e-03;-6.660e-01;9.000e-05
30.175522000;1.053e+00;-7.702e-01;5.754e-01;-7.315e-01;5.465e-01;1.053e+00;-7.314e-01;5.466e-01;1.053e+00;-3.851e-03;2.877e-03;-6.660e-01;9.000e-05
30.175778000;1.052e+00;-7.688e-01;5.664e-01;-7.307e-01;5.384e-01;1.052e+00;-7.307e-01;5.385e-01;1.052e+00;-3.844e-03;2.832e-03;-6.660e-01;9.000e-05
30.176034000;1.051e+00;-7.674e-01;5.576e-01;-7.299e-01;5.304e-01;1.051e+00;-7.299e-01;5.305e-01;1.051e+00;-3.837e-03;2.788e-03;-6.660e-01;9.000e-05
30.176546000;1.050e+00;-7.646e-01;5.402e-01;-7.283e-01;5.146e-01;1.050e+00;-7.283e-01;5.147e-01;1.050e+00;-3.823e-03;2.701e-03;-6.660e-01;9.000e-05
30.177007000;1.048e+00;-7.620e-01;5.248e-01;-7.268e-01;5.006e-01;1.049e+00;-7.267e-01;5.007e-01;1.048e+00;-3.810e-03;2.624e-03;-6.660e-01;9.000e-05
30.177467000;1.047e+00;-7.596e-01;5.098e-01;-7.254e-01;4.869e-01;1.047e+00;-7.254e-01;4.870e-01;1.047e+00;-3.798e-03;2.549e-03;-6.660e-01;9.000e-05
30.177928000;1.046e+00;-7.572e-01;4.952e-01;-7.240e-01;4.735e-01;1.046e+00;-7.240e-01;4.737e-01;1.046e+00;-3.786e-03;2.476e-03;-6.660e-01;9.000e-05
30.178389000;1.045e+00;-7.548e-01;4.808e-01;-7.226e-01;4.603e-01;1.045e+00;-7.226e-01;4.605e-01;1.045e+00;-3.774e-03;2.404e-03;-6.660e-01;9.000e-05
30.178850000;1.043e+00;-7.524e-01;4.668e-01;-7.212e-01;4.474e-01;1.043e+00;-7.211e-01;4.476e-01;1.043e+00;-3.762e-03;2.334e-03;-6.660e-01;9.000e-05
30.179311000;1.042e+00;-7.500e-01;4.532e-01;-7.197e-01;4.349e-01;1.042e+00;-7.197e-01;4.349e-01;1.042e+00;-3.750e-03;2.266e-03;-6.660e-01;9.000e-05
30.179771000;1.041e+00;-7.476e-01;4.398e-01;-7.183e-01;4.225e-01;1.041e+00;-7.182e-01;4.225e-01;1.041e+00;-3.738e-03;2.199e-03;-6.660e-01;9.000e-05
30.180232000;1.040e+00;-7.454e-01;4.266e-01;-7.170e-01;4.103e-01;1.040e+00;-7.169e-01;4.105e-01;1.040e+00;-3.727e-03;2.133e-03;-6.660e-01;9.000e-05
30.180693000;1.039e+00;-7.432e-01;4.138e-01;-7.156e-01;3.984e-01;1.039e+00;-7.156e-01;3.986e-01;1.039e+00;-3.716e-03;2.069e-03;-6.660e-01;9.000e-05
30.181154000;1.037e+00;-7.410e-01;4.012e-01;-7.143e-01;3.867e-01;1.037e+00;-7.142e-01;3.869e-01;1.037e+00;-3.705e-03;2.006e-03;-6.660e-01;9.000e-05
30.181615000;1.036e+00;-7.388e-01;3.890e-01;-7.129e-01;3.754e-01;1.036e+00;-7.129e-01;3.755e-01;1.036e+00;-3.694e-03;1.945e-03;-6.660e-01;9.000e-05
30.182075000;1.035e+00;-7.366e-01;3.772e-01;-7.115e-01;3.644e-01;1.035e+00;-7.115e-01;3.643e-01;1.035e+00;-3.683e-03;1.886e-03;-6.660e-01;9.000e-05
30.182536000;1.034e+00;-7.344e-01;3.654e-01;-7.101e-01;3.533e-01;1.034e+00;-7.101e-01;3.535e-01;1.034e+00;-3.672e-03;1.827e-03;-6.660e-01;9.000e-05
30.182997000;1.033e+00;-7.324e-01;3.540e-01;-7.089e-01;3.426e-01;1.033e+00;-7.089e-01;3.428e-01;1.033e+00;-3.662e-03;1.770e-03;-6.660e-01;9.000e-05
30.183458000;1.032e+00;-7.304e-01;3.428e-01;-7.077e-01;3.321e-01;1.032e+00;-7.076e-01;3.323e-01;1.032e+00;-3.652e-03;1.714e-03;-6.660e-01;9.000e-05
30.183919000;1.031e+00;-7.284e-01;3.320e-01;-7.064e-01;3.220e-01;1.031e+00;-7.064e-01;3.222e-01;1.031e+00;-3.642e-03;1.660e-03;-6.660e-01;9.000e-05
30.184379000;1.030e+00;-7.264e-01;3.214e-01;-7.051e-01;3.120e-01;1.030e+00;-7.051e-01;3.122e-01;1.030e+00;-3.632e-03;1.607e-03;-6.660e-01;9.000e-05
30.184840000;1.029e+00;-7.246e-01;3.110e-01;-7.040e-01;3.022e-01;1.029e+00;-7.040e-01;3.023e-01;1.029e+00;-3.623e-03;1.555e-03;-6.660e-01;9.000e-05
30.185301000;1.028e+00;-7.226e-01;3.008e-01;-7.027e-01;2.925e-01;1.028e+00;-7.027e-01;2.927e-01;1.028e+00;-3.613e-03;1.504e-03;-6.660e-01;9.000e-05
30.185762000;1.027e+00;-7.208e-01;2.910e-01;-7.016e-01;2.832e-01;1.027e+00;-7.015e-01;2.832e-01;1.027e+00;-3.604e-03;1.455e-03;-6.660e-01;9.000e-05
30.186223000;1.027e+00;-7.190e-01;2.814e-01;-7.004e-01;2.741e-01;1.027e+00;-7.004e-01;2.741e-01;1.027e+00;-3.595e-03;1.407e-03;-6.660e-01;9.000e-05
30.186683000;1.026e+00;-7.172e-01;2.718e-01;-6.993e-01;2.650e-01;1.026e+00;-6.992e-01;2.652e-01;1.026e+00;-3.586e-03;1.359e-03;-6.660e-01;9.000e-05
30.187144000;1.025e+00;-7.156e-01;2.626e-01;-6.983e-01;2.562e-01;1.025e+00;-6.983e-01;2.564e-01;1.025e+00;-3.578e-03;1.313e-03;-6.660e-01;9.000e-05
30.187605000;1.024e+00;-7.138e-01;2.536e-01;-6.971e-01;2.477e-01;1.024e+00;-6.971e-01;2.479e-01;1.024e+00;-3.569e-03;1.268e-03;-6.660e-01;9.000e-05
30.188066000;1.023e+00;-7.122e-01;2.450e-01;-6.961e-01;2.395e-01;1.023e+00;-6.961e-01;2.394e-01;1.023e+00;-3.561e-03;1.225e-03;-6.660e-01;9.000e-05
30.188527000;1.022e+00;-7.106e-01;2.364e-01;-6.951e-01;2.312e-01;1.022e+00;-6.950e-01;2.312e-01;1.022e+00;-3.553e-03;1.182e-03;-6.660e-01;9.000e-05
30.188987000;1.022e+00;-7.090e-01;2.280e-01;-6.940e-01;2.232e-01;1.022e+00;-6.940e-01;2.234e-01;1.022e+00;-3.545e-03;1.140e-03;-6.660e-01;9.000e-05
30.189448000;1.021e+00;-7.076e-01;2.198e-01;-6.932e-01;2.153e-01;1.021e+00;-6.931e-01;2.155e-01;1.021e+00;-3.538e-03;1.099e-03;-6.660e-01;9.000e-05
30.189909000;1.020e+00;-7.060e-01;2.120e-01;-6.921e-01;2.078e-01;1.020e+00;-6.921e-01;2.078e-01;1.020e+00;-3.530e-03;1.060e-03;-6.660e-01;9.000e-05
30.190370000;1.019e+00;-7.046e-01;2.042e-01;-6.912e-01;2.003e-01;1.019e+00;-6.912e-01;2.003e-01;1.019e+00;-3.523e-03;1.021e-03;-6.660e-01;9.000e-05
30.190831000;1.019e+00;-7.032e-01;1.966e-01;-6.903e-01;1.930e-01;1.019e+00;-6.903e-01;1.932e-01;1.019e+00;-3.516e-03;9.830e-04;-6.660e-01;9.000e-05
30.191291000;1.018e+00;-7.018e-01;1.892e-01;-6.894e-01;1.859e-01;1.018e+00;-6.894e-01;1.860e-01;1.018e+00;-3.509e-03;9.460e-04;-6.660e-01;9.000e-05
30.191752000;1.017e+00;-7.006e-01;1.820e-01;-6.887e-01;1.789e-01;1.017e+00;-6.887e-01;1.791e-01;1.017e+00;-3.503e-03;9.100e-04;-6.660e-01;9.000e-05
30.192213000;1.017e+00;-6.992e-01;1.750e-01;-6.878e-01;1.721e-01;1.017e+00;-6.877e-01;1.721e-01;1.017e+00;-3.496e-03;8.750e-04;-6.660e-01;9.000e-05
30.192674000;1.016e+00;-6.980e-01;1.682e-01;-6.870e-01;1.656e-01;1.016e+00;-6.870e-01;1.655e-01;1.016e+00;-3.490e-03;8.410e-04;-6.660e-01;9.000e-05
30.193135000;1.015e+00;-6.966e-01;1.614e-01;-6.860e-01;1.590e-01;1.015e+00;-6.860e-01;1.591e-01;1.015e+00;-3.483e-03;8.070e-04;-6.660e-01;9.000e-05
30.193595000;1.015e+00;-6.954e-01;1.550e-01;-6.853e-01;1.527e-01;1.015e+00;-6.853e-01;1.527e-01;1.015e+00;-3.477e-03;7.750e-04;-6.660e-01;9.000e-05
30.194056000;1.014e+00;-6.944e-01;1.486e-01;-6.847e-01;1.465e-01;1.014e+00;-6.847e-01;1.465e-01;1.014e+00;-3.472e-03;7.430e-04;-6.660e-01;9.000e-05
30.194517000;1.014e+00;-6.932e-01;1.424e-01;-6.839e-01;1.405e-01;1.014e+00;-6.839e-01;1.405e-01;1.014e+00;-3.466e-03;7.120e-04;-6.660e-01;9.000e-05
30.194978000;1.013e+00;-6.920e-01;1.364e-01;-6.831e-01;1.346e-01;1.013e+00;-6.831e-01;1.346e-01;1.013e+00;-3.460e-03;6.820e-04;-6.660e-01;9.000e-05
30.195439000;1.012e+00;-6.910e-01;1.304e-01;-6.825e-01;1.288e-01;1.012e+00;-6.825e-01;1.290e-01;1.012e+00;-3.455e-03;6.520e-04;-6.660e-01;9.000e-05
30.195899000;1.012e+00;-6.900e-01;1.246e-01;-6.819e-01;1.231e-01;1.012e+00;-6.819e-01;1.233e-01;1.012e+00;-3.450e-03;6.230e-04;-6.660e-01;9.000e-05
30.196360000;1.011e+00;-6.890e-01;1.190e-01;-6.812e-01;1.177e-01;1.011e+00;-6.812e-01;1.179e-01;1.011e+00;-3.445e-03;5.950e-04;-6.660e-01;9.000e-05
30.196821000;1.011e+00;-6.880e-01;1.136e-01;-6.806e-01;1.124e-01;1.011e+00;-6.806e-01;1.126e-01;1.011e+00;-3.440e-03;5.680e-04;-6.660e-01;9.000e-05
30.197282000;1.010e+00;-6.870e-01;1.084e-01;-6.800e-01;1.073e-01;1.010e+00;-6.799e-01;1.073e-01;1.010e+00;-3.435e-03;5.420e-04;-6.660e-01;9.000e-05
30.197743000;1.010e+00;-6.860e-01;1.032e-01;-6.793e-01;1.022e-01;1.010e+00;-6.793e-01;1.022e-01;1.010e+00;-3.430e-03;5.160e-04;-6.660e-01;9.000e-05
30.198051000;1.010e+00;-6.854e-01;9.980e-02;-6.789e-01;9.886e-02;1.010e+00;-6.789e-01;9.886e-02;1.010e+00;-3.427e-03;4.990e-04;-6.660e-01;9.000e-05
30.198204000;1.009e+00;-6.852e-01;9.800e-02;-6.788e-01;9.709e-02;1.009e+00;-6.788e-01;9.729e-02;1.009e+00;-3.426e-03;4.900e-04;-6.660e-01;9.000e-05
30.198357000;1.009e+00;-6.848e-01;9.640e-02;-6.785e-01;9.552e-02;1.009e+00;-6.785e-01;9.572e-02;1.009e+00;-3.424e-03;4.820e-04;-6.660e-01;9.000e-05
30.198490000;1.009e+00;-6.846e-01;9.500e-02;-6.784e-01;9.414e-02;1.009e+00;-6.784e-01;9.434e-02;1.009e+00;-3.423e-03;4.750e-04;-6.660e-01;9.000e-05
30.198622000;1.009e+00;-6.844e-01;9.360e-02;-6.783e-01;9.277e-02;1.009e+00;-6.783e-01;9.297e-02;1.009e+00;-3.422e-03;4.680e-04;-6.660e-01;9.000e-05
30.198887000;1.009e+00;-6.838e-01;9.100e-02;-6.779e-01;9.021e-02;1.009e+00;-6.779e-01;9.021e-02;1.009e+00;-3.419e-03;4.550e-04;-6.660e-01;9.000e-05
30.199152000;1.008e+00;-6.834e-01;8.840e-02;-6.777e-01;8.766e-02;1.008e+00;-6.777e-01;8.766e-02;1.008e+00;-3.417e-03;4.420e-04;-6.660e-01;9.000e-05
30.199417000;1.008e+00;-6.830e-01;8.580e-02;-6.774e-01;8.510e-02;1.008e+00;-6.774e-01;8.510e-02;1.008e+00;-3.415e-03;4.290e-04;-6.660e-01;9.000e-05
30.199682000;1.008e+00;-6.824e-01;8.320e-02;-6.770e-01;8.254e-02;1.008e+00;-6.770e-01;8.274e-02;1.008e+00;-3.412e-03;4.160e-04;-6.660e-01;9.000e-05
30.199947000;1.008e+00;-6.820e-01;8.080e-02;-6.768e-01;8.018e-02;1.008e+00;-6.767e-01;8.038e-02;1.008e+00;-3.410e-03;4.040e-04;-6.660e-01;9.000e-05
30.200000000;1.008e+00;-6.820e-01;8.040e-02;-6.768e-01;7.979e-02;1.008e+00;-6.768e-01;7.978e-02;1.008e+00;-3.410e-03;4.020e-04;-6.660e-01;9.000e-05
30.200008000;1.008e+00;-6.820e-01;8.040e-02;-6.768e-01;7.979e-02;1.008e+00;-6.768e-01;7.978e-02;1.008e+00;-3.410e-03;4.020e-04;-6.660e-01;9.000e-05
30.200016000;1.008e+00;-6.820e-01;8.020e-02;-6.768e-01;7.959e-02;1.008e+00;-6.768e-01;7.979e-02;1.008e+00;-3.410e-03;4.010e-04;-6.660e-01;9.000e-05
30.200032000;1.008e+00;-6.820e-01;8.020e-02;-6.768e-01;7.959e-02;1.008e+00;-6.768e-01;7.959e-02;1.008e+00;-3.410e-03;4.010e-04;-6.660e-01;9.000e-05
30.200064000;1.008e+00;-6.818e-01;7.980e-02;-6.766e-01;7.919e-02;1.008e+00;-6.766e-01;7.939e-02;1.008e+00;-3.409e-03;3.990e-04;-6.660e-01;9.000e-05
30.200128000;1.008e+00;-6.818e-01;7.920e-02;-6.767e-01;7.860e-02;1.008e+00;-6.767e-01;7.880e-02;1.008e+00;-3.409e-03;3.960e-04;-6.660e-01;9.000e-05
30.200256000;1.007e+00;-6.816e-01;7.820e-02;-6.765e-01;7.762e-02;1.007e+00;-6.765e-01;7.762e-02;1.007e+00;-3.408e-03;3.910e-04;-6.660e-01;9.000e-05
30.200512000;1.007e+00;-6.812e-01;7.600e-02;-6.763e-01;7.545e-02;1.007e+00;-6.763e-01;7.545e-02;1.007e+00;-3.406e-03;3.800e-04;-6.660e-01;9.000e-05
30.200768000;1.007e+00;-6.808e-01;7.380e-02;-6.760e-01;7.328e-02;1.007e+00;-6.760e-01;7.348e-02;1.007e+00;-3.404e-03;3.690e-04;-6.660e-01;9.000e-05
30.201024000;1.007e+00;-6.804e-01;7.180e-02;-6.758e-01;7.131e-02;1.007e+00;-6.757e-01;7.131e-02;1.007e+00;-3.402e-03;3.590e-04;-6.660e-01;9.000e-05
30.201280000;1.007e+00;-6.800e-01;6.980e-02;-6.755e-01;6.934e-02;1.007e+00;-6.755e-01;6.934e-02;1.007e+00;-3.400e-03;3.490e-04;-6.660e-01;9.000e-05
30.201536000;1.006e+00;-6.796e-01;6.780e-02;-6.752e-01;6.736e-02;1.007e+00;-6.752e-01;6.736e-02;1.006e+00;-3.398e-03;3.390e-04;-6.660e-01;9.000e-05
30.201792000;1.006e+00;-6.792e-01;6.580e-02;-6.749e-01;6.539e-02;1.006e+00;-6.749e-01;6.559e-02;1.006e+00;-3.396e-03;3.290e-04;-6.660e-01;9.000e-05
30.202048000;1.006e+00;-6.788e-01;6.400e-02;-6.747e-01;6.361e-02;1.006e+00;-6.747e-01;6.361e-02;1.006e+00;-3.394e-03;3.200e-04;-6.660e-01;9.000e-05
30.202304000;1.006e+00;-6.786e-01;6.220e-02;-6.746e-01;6.183e-02;1.006e+00;-6.746e-01;6.183e-02;1.006e+00;-3.393e-03;3.110e-04;-6.660e-01;9.000e-05
30.202560000;1.006e+00;-6.782e-01;6.040e-02;-6.743e-01;6.005e-02;1.006e+00;-6.743e-01;6.005e-02;1.006e+00;-3.391e-03;3.020e-04;-6.660e-01;9.000e-05
30.202816000;1.006e+00;-6.778e-01;5.860e-02;-6.740e-01;5.827e-02;1.006e+00;-6.740e-01;5.847e-02;1.006e+00;-3.389e-03;2.930e-04;-6.660e-01;9.000e-05
30.203072000;1.005e+00;-6.776e-01;5.700e-02;-6.739e-01;5.669e-02;1.005e+00;-6.739e-01;5.689e-02;1.005e+00;-3.388e-03;2.850e-04;-6.660e-01;9.000e-05
30.203328000;1.005e+00;-6.772e-01;5.540e-02;-6.736e-01;5.511e-02;1.005e+00;-6.736e-01;5.511e-02;1.005e+00;-3.386e-03;2.770e-04;-6.660e-01;9.000e-05
30.203584000;1.005e+00;-6.768e-01;5.380e-02;-6.733e-01;5.352e-02;1.005e+00;-6.733e-01;5.372e-02;1.005e+00;-3.384e-03;2.690e-04;-6.660e-01;9.000e-05
30.203840000;1.005e+00;-6.766e-01;5.220e-02;-6.732e-01;5.194e-02;1.005e+00;-6.732e-01;5.214e-02;1.005e+00;-3.383e-03;2.610e-04;-6.660e-01;9.000e-05
30.204096000;1.005e+00;-6.764e-01;5.080e-02;-6.731e-01;5.055e-02;1.005e+00;-6.729e-01;5.055e-02;1.005e+00;-3.382e-03;2.540e-04;-6.660e-01;9.000e-05
30.204352000;1.005e+00;-6.760e-01;4.940e-02;-6.728e-01;4.917e-02;1.005e+00;-6.728e-01;4.917e-02;1.005e+00;-3.380e-03;2.470e-04;-6.660e-01;9.000e-05
30.204608000;1.005e+00;-6.758e-01;4.800e-02;-6.727e-01;4.778e-02;1.005e+00;-6.727e-01;4.778e-02;1.005e+00;-3.379e-03;2.400e-04;-6.660e-01;9.000e-05
30.204864000;1.004e+00;-6.754e-01;4.660e-02;-6.724e-01;4.639e-02;1.004e+00;-6.724e-01;4.639e-02;1.004e+00;-3.377e-03;2.330e-04;-6.660e-01;9.000e-05
30.205120000;1.004e+00;-6.752e-01;4.520e-02;-6.723e-01;4.500e-02;1.004e+00;-6.723e-01;4.500e-02;1.004e+00;-3.376e-03;2.260e-04;-6.660e-01;9.000e-05
30.205376000;1.004e+00;-6.750e-01;4.380e-02;-6.722e-01;4.362e-02;1.004e+00;-6.722e-01;4.382e-02;1.004e+00;-3.375e-03;2.190e-04;-6.660e-01;9.000e-05
30.205632000;1.004e+00;-6.746e-01;4.260e-02;-6.718e-01;4.243e-02;1.004e+00;-6.718e-01;4.263e-02;1.004e+00;-3.373e-03;2.130e-04;-6.660e-01;9.000e-05
30.205888000;1.004e+00;-6.744e-01;4.140e-02;-6.717e-01;4.124e-02;1.004e+00;-6.717e-01;4.124e-02;1.004e+00;-3.372e-03;2.070e-04;-6.660e-01;9.000e-05
30.206144000;1.004e+00;-6.742e-01;4.020e-02;-6.716e-01;4.005e-02;1.004e+00;-6.716e-01;4.005e-02;1.004e+00;-3.371e-03;2.010e-04;-6.660e-01;9.000e-05
30.206400000;1.004e+00;-6.740e-01;3.900e-02;-6.715e-01;3.885e-02;1.004e+00;-6.715e-01;3.905e-02;1.004e+00;-3.370e-03;1.950e-04;-6.660e-01;9.000e-05
30.206656000;1.004e+00;-6.736e-01;3.780e-02;-6.712e-01;3.766e-02;1.004e+00;-6.712e-01;3.786e-02;1.004e+00;-3.368e-03;1.890e-04;-6.660e-01;9.000e-05
30.206912000;1.004e+00;-6.734e-01;3.680e-02;-6.710e-01;3.667e-02;1.004e+00;-6.710e-01;3.667e-02;1.004e+00;-3.367e-03;1.840e-04;-6.660e-01;9.000e-05
30.207168000;1.003e+00;-6.732e-01;3.580e-02;-6.709e-01;3.568e-02;1.003e+00;-6.709e-01;3.568e-02;1.003e+00;-3.366e-03;1.790e-04;-6.660e-01;9.000e-05
30.207424000;1.003e+00;-6.730e-01;3.460e-02;-6.708e-01;3.448e-02;1.003e+00;-6.708e-01;3.468e-02;1.003e+00;-3.365e-03;1.730e-04;-6.660e-01;9.000e-05
30.207680000;1.003e+00;-6.728e-01;3.360e-02;-6.706e-01;3.349e-02;1.003e+00;-6.706e-01;3.369e-02;1.003e+00;-3.364e-03;1.680e-04;-6.660e-01;9.000e-05
30.207936000;1.003e+00;-6.726e-01;3.260e-02;-6.705e-01;3.250e-02;1.003e+00;-6.705e-01;3.270e-02;1.003e+00;-3.363e-03;1.630e-04;-6.660e-01;9.000e-05
30.208192000;1.003e+00;-6.724e-01;3.180e-02;-6.704e-01;3.170e-02;1.003e+00;-6.704e-01;3.170e-02;1.003e+00;-3.362e-03;1.590e-04;-6.660e-01;9.000e-05
30.208448000;1.003e+00;-6.722e-01;3.080e-02;-6.702e-01;3.071e-02;1.003e+00;-6.702e-01;3.071e-02;1.003e+00;-3.361e-03;1.540e-04;-6.660e-01;9.000e-05
30.208704000;1.003e+00;-6.720e-01;2.980e-02;-6.701e-01;2.971e-02;1.003e+00;-6.701e-01;2.991e-02;1.003e+00;-3.360e-03;1.490e-04;-6.660e-01;9.000e-05
30.208960000;1.003e+00;-6.718e-01;2.900e-02;-6.699e-01;2.892e-02;1.003e+00;-6.699e-01;2.892e-02;1.003e+00;-3.359e-03;1.450e-04;-6.660e-01;9.000e-05
30.209216000;1.003e+00;-6.716e-01;2.820e-02;-6.698e-01;2.812e-02;1.003e+00;-6.698e-01;2.812e-02;1.003e+00;-3.358e-03;1.410e-04;-6.660e-01;9.000e-05
30.209472000;1.003e+00;-6.714e-01;2.740e-02;-6.696e-01;2.733e-02;1.003e+00;-6.696e-01;2.733e-02;1.003e+00;-3.357e-03;1.370e-04;-6.660e-01;9.000e-05
30.209728000;1.003e+00;-6.712e-01;2.660e-02;-6.695e-01;2.653e-02;1.003e+00;-6.695e-01;2.653e-02;1.003e+00;-3.356e-03;1.330e-04;-6.660e-01;9.000e-05
30.209984000;1.002e+00;-6.712e-01;2.580e-02;-6.695e-01;2.574e-02;1.002e+00;-6.695e-01;2.574e-02;1.002e+00;-3.356e-03;1.290e-04;-6.660e-01;9.000e-05
30.210240000;1.002e+00;-6.710e-01;2.500e-02;-6.694e-01;2.494e-02;1.002e+00;-6.694e-01;2.494e-02;1.002e+00;-3.355e-03;1.250e-04;-6.660e-01;9.000e-05
30.210496000;1.002e+00;-6.708e-01;2.420e-02;-6.692e-01;2.414e-02;1.002e+00;-6.692e-01;2.414e-02;1.002e+00;-3.354e-03;1.210e-04;-6.660e-01;9.000e-05
30.210752000;1.002e+00;-6.706e-01;2.340e-02;-6.691e-01;2.335e-02;1.002e+00;-6.691e-01;2.355e-02;1.002e+00;-3.353e-03;1.170e-04;-6.660e-01;9.000e-05
30.211008000;1.002e+00;-6.704e-01;2.280e-02;-6.689e-01;2.275e-02;1.002e+00;-6.689e-01;2.275e-02;1.002e+00;-3.352e-03;1.140e-04;-6.660e-01;9.000e-05
30.211264000;1.002e+00;-6.704e-01;2.200e-02;-6.690e-01;2.195e-02;1.002e+00;-6.690e-01;2.215e-02;1.002e+00;-3.352e-03;1.100e-04;-6.660e-01;9.000e-05
30.211520000;1.002e+00;-6.702e-01;2.140e-02;-6.688e-01;2.136e-02;1.002e+00;-6.688e-01;2.156e-02;1.002e+00;-3.351e-03;1.070e-04;-6.660e-01;9.000e-05
30.211776000;1.002e+00;-6.700e-01;2.080e-02;-6.687e-01;2.076e-02;1.002e+00;-6.687e-01;2.076e-02;1.002e+00;-3.350e-03;1.040e-04;-6.660e-01;9.000e-05
30.212032000;1.002e+00;-6.700e-01;2.020e-02;-6.687e-01;2.016e-02;1.002e+00;-6.687e-01;2.016e-02;1.002e+00;-3.350e-03;1.010e-04;-6.660e-01;9.000e-05
30.212288000;1.002e+00;-6.698e-01;1.960e-02;-6.685e-01;1.956e-02;1.002e+00;-6.685e-01;1.956e-02;1.002e+00;-3.349e-03;9.800e-05;-6.660e-01;9.000e-05
30.212544000;1.002e+00;-6.696e-01;1.900e-02;-6.684e-01;1.897e-02;1.002e+00;-6.684e-01;1.897e-02;1.002e+00;-3.348e-03;9.500e-05;-6.660e-01;9.000e-05
30.212800000;1.002e+00;-6.696e-01;1.840e-02;-6.684e-01;1.837e-02;1.002e+00;-6.684e-01;1.837e-02;1.002e+00;-3.348e-03;9.200e-05;-6.660e-01;9.000e-05
30.213056000;1.002e+00;-6.694e-01;1.780e-02;-6.683e-01;1.777e-02;1.002e+00;-6.683e-01;1.797e-02;1.002e+00;-3.347e-03;8.900e-05;-6.660e-01;9.000e-05
30.213312000;1.002e+00;-6.692e-01;1.720e-02;-6.681e-01;1.717e-02;1.002e+00;-6.681e-01;1.737e-02;1.002e+00;-3.346e-03;8.600e-05;-6.660e-01;9.000e-05
30.213568000;1.002e+00;-6.692e-01;1.680e-02;-6.681e-01;1.677e-02;1.002e+00;-6.681e-01;1.677e-02;1.002e+00;-3.346e-03;8.400e-05;-6.660e-01;9.000e-05
30.213824000;1.002e+00;-6.690e-01;1.620e-02;-6.680e-01;1.617e-02;1.002e+00;-6.680e-01;1.637e-02;1.002e+00;-3.345e-03;8.100e-05;-6.660e-01;9.000e-05
30.214080000;1.002e+00;-6.690e-01;1.580e-02;-6.680e-01;1.578e-02;1.002e+00;-6.680e-01;1.578e-02;1.002e+00;-3.345e-03;7.900e-05;-6.660e-01;9.000e-05
30.214336000;1.001e+00;-6.688e-01;1.520e-02;-6.678e-01;1.518e-02;1.001e+00;-6.678e-01;1.538e-02;1.001e+00;-3.344e-03;7.600e-05;-6.660e-01;9.000e-05
30.214592000;1.001e+00;-6.688e-01;1.480e-02;-6.678e-01;1.478e-02;1.001e+00;-6.678e-01;1.478e-02;1.001e+00;-3.344e-03;7.400e-05;-6.660e-01;9.000e-05
30.214848000;1.001e+00;-6.686e-01;1.440e-02;-6.677e-01;1.438e-02;1.001e+00;-6.677e-01;1.438e-02;1.001e+00;-3.343e-03;7.200e-05;-6.660e-01;9.000e-05
30.215104000;1.001e+00;-6.686e-01;1.380e-02;-6.677e-01;1.378e-02;1.001e+00;-6.677e-01;1.398e-02;1.001e+00;-3.343e-03;6.900e-05;-6.660e-01;9.000e-05
30.215360000;1.001e+00;-6.684e-01;1.340e-02;-6.675e-01;1.338e-02;1.001e+00;-6.675e-01;1.358e-02;1.001e+00;-3.342e-03;6.700e-05;-6.660e-01;9.000e-05
30.215616000;1.001e+00;-6.684e-01;1.300e-02;-6.676e-01;1.298e-02;1.001e+00;-6.676e-01;1.318e-02;1.001e+00;-3.342e-03;6.500e-05;-6.660e-01;9.000e-05
30.215872000;1.001e+00;-6.682e-01;1.260e-02;-6.674e-01;1.258e-02;1.001e+00;-6.674e-01;1.258e-02;1.001e+00;-3.341e-03;6.300e-05;-6.660e-01;9.000e-05
30.216128000;1.001e+00;-6.682e-01;1.220e-02;-6.674e-01;1.219e-02;1.001e+00;-6.674e-01;1.239e-02;1.001e+00;-3.341e-03;6.100e-05;-6.660e-01;9.000e-05
30.216384000;1.001e+00;-6.680e-01;1.180e-02;-6.672e-01;1.179e-02;1.001e+00;-6.672e-01;1.199e-02;1.001e+00;-3.340e-03;5.900e-05;-6.660e-01;9.000e-05
30.216640000;1.001e+00;-6.680e-01;1.140e-02;-6.673e-01;1.139e-02;1.001e+00;-6.673e-01;1.159e-02;1.001e+00;-3.340e-03;5.700e-05;-6.660e-01;9.000e-05
30.216896000;1.001e+00;-6.678e-01;1.100e-02;-6.671e-01;1.099e-02;1.001e+00;-6.671e-01;1.119e-02;1.001e+00;-3.339e-03;5.500e-05;-6.660e-01;9.000e-05
30.217152000;1.001e+00;-6.678e-01;1.080e-02;-6.671e-01;1.079e-02;1.001e+00;-6.671e-01;1.079e-02;1.001e+00;-3.339e-03;5.400e-05;-6.660e-01;9.000e-05
30.217408000;1.001e+00;-6.678e-01;1.040e-02;-6.671e-01;1.039e-02;1.001e+00;-6.671e-01;1.039e-02;1.001e+00;-3.339e-03;5.200e-05;-6.660e-01;9.000e-05
30.217664000;1.001e+00;-6.676e-01;1.000e-02;-6.669e-01;9.990e-03;1.001e+00;-6.670e-01;1.019e-02;1.001e+00;-3.338e-03;5.000e-05;-6.660e-01;9.000e-05
30.217920000;1.001e+00;-6.676e-01;9.800e-03;-6.670e-01;9.791e-03;1.001e+00;-6.670e-01;9.791e-03;1.001e+00;-3.338e-03;4.900e-05;-6.660e-01;9.000e-05
30.218176000;1.001e+00;-6.676e-01;9.400e-03;-6.670e-01;9.391e-03;1.001e+00;-6.670e-01;9.591e-03;1.001e+00;-3.338e-03;4.700e-05;-6.660e-01;9.000e-05
30.218432000;1.001e+00;-6.674e-01;9.200e-03;-6.668e-01;9.192e-03;1.001e+00;-6.668e-01;9.192e-03;1.001e+00;-3.337e-03;4.600e-05;-6.660e-01;9.000e-05
30.218688000;1.001e+00;-6.674e-01;8.800e-03;-6.668e-01;8.792e-03;1.001e+00;-6.668e-01;8.992e-03;1.001e+00;-3.337e-03;4.400e-05;-6.660e-01;9.000e-05
30.218944000;1.001e+00;-6.674e-01;8.600e-03;-6.668e-01;8.593e-03;1.001e+00;-6.669e-01;8.593e-03;1.001e+00;-3.337e-03;4.300e-05;-6.660e-01;9.000e-05
30.219200000;1.001e+00;-6.672e-01;8.200e-03;-6.667e-01;8.193e-03;1.001e+00;-6.667e-01;8.393e-03;1.001e+00;-3.336e-03;4.100e-05;-6.660e-01;9.000e-05
30.219456000;1.001e+00;-6.672e-01;8.000e-03;-6.667e-01;7.994e-03;1.001e+00;-6.667e-01;7.994e-03;1.001e+00;-3.336e-03;4.000e-05;-6.660e-01;9.000e-05
30.219712000;1.001e+00;-6.672e-01;7.800e-03;-6.667e-01;7.794e-03;1.001e+00;-6.667e-01;7.794e-03;1.001e+00;-3.336e-03;3.900e-05;-6.660e-01;9.000e-05
30.220224000;1.001e+00;-6.670e-01;7.200e-03;-6.665e-01;7.195e-03;1.001e+00;-6.665e-01;7.395e-03;1.001e+00;-3.335e-03;3.600e-05;-6.660e-01;9.000e-05
30.220685000;1.001e+00;-6.670e-01;6.800e-03;-6.666e-01;6.796e-03;1.001e+00;-6.666e-01;6.796e-03;1.001e+00;-3.335e-03;3.400e-05;-6.660e-01;9.000e-05
30.221146000;1.001e+00;-6.668e-01;6.400e-03;-6.664e-01;6.396e-03;1.001e+00;-6.664e-01;6.396e-03;1.001e+00;-3.334e-03;3.200e-05;-6.660e-01;9.000e-05
30.221606000;1.001e+00;-6.668e-01;6.000e-03;-6.664e-01;5.996e-03;1.001e+00;-6.664e-01;5.997e-03;1.001e+00;-3.334e-03;3.000e-05;-6.660e-01;9.000e-05
30.222067000;1.001e+00;-6.666e-01;5.600e-03;-6.662e-01;5.597e-03;1.001e+00;-6.662e-01;5.797e-03;1.001e+00;-3.333e-03;2.800e-05;-6.660e-01;9.000e-05
30.222528000;1.001e+00;-6.666e-01;5.200e-03;-6.663e-01;5.197e-03;1.001e+00;-6.663e-01;5.397e-03;1.001e+00;-3.333e-03;2.600e-05;-6.660e-01;9.000e-05
30.222989000;1.000e+00;-6.664e-01;5.000e-03;-6.661e-01;4.998e-03;1.000e+00;-6.661e-01;4.998e-03;1.000e+00;-3.332e-03;2.500e-05;-6.660e-01;9.000e-05
30.223450000;1.000e+00;-6.664e-01;4.600e-03;-6.661e-01;4.598e-03;1.000e+00;-6.661e-01;4.798e-03;1.000e+00;-3.332e-03;2.300e-05;-6.660e-01;9.000e-05
30.223910000;1.000e+00;-6.664e-01;4.400e-03;-6.661e-01;4.398e-03;1.000e+00;-6.661e-01;4.398e-03;1.000e+00;-3.332e-03;2.200e-05;-6.660e-01;9.000e-05
30.224371000;1.000e+00;-6.664e-01;4.000e-03;-6.661e-01;3.998e-03;1.000e+00;-6.659e-01;4.198e-03;1.000e+00;-3.332e-03;2.000e-05;-6.660e-01;9.000e-05
30.224832000;1.000e+00;-6.662e-01;3.800e-03;-6.659e-01;3.799e-03;1.000e+00;-6.660e-01;3.999e-03;1.000e+00;-3.331e-03;1.900e-05;-6.660e-01;9.000e-05
30.225293000;1.000e+00;-6.662e-01;3.600e-03;-6.660e-01;3.599e-03;1.000e+00;-6.660e-01;3.599e-03;1.000e+00;-3.331e-03;1.800e-05;-6.660e-01;9.000e-05
30.225754000;1.000e+00;-6.662e-01;3.400e-03;-6.660e-01;3.399e-03;1.000e+00;-6.660e-01;3.399e-03;1.000e+00;-3.331e-03;1.700e-05;-6.660e-01;9.000e-05
30.226214000;1.000e+00;-6.660e-01;3.200e-03;-6.658e-01;3.199e-03;1.000e+00;-6.658e-01;3.199e-03;1.000e+00;-3.330e-03;1.600e-05;-6.660e-01;9.000e-05
30.226675000;1.000e+00;-6.660e-01;2.800e-03;-6.658e-01;2.799e-03;1.000e+00;-6.658e-01;2.999e-03;1.000e+00;-3.330e-03;1.400e-05;-6.660e-01;9.000e-05
30.227136000;1.000e+00;-6.660e-01;2.600e-03;-6.658e-01;2.599e-03;1.000e+00;-6.658e-01;2.799e-03;1.000e+00;-3.330e-03;1.300e-05;-6.660e-01;9.000e-05
30.227597000;1.000e+00;-6.660e-01;2.600e-03;-6.658e-01;2.599e-03;1.000e+00;-6.658e-01;2.599e-03;1.000e+00;-3.330e-03;1.300e-05;-6.660e-01;9.000e-05
30.228058000;1.000e+00;-6.660e-01;2.400e-03;-6.658e-01;2.399e-03;1.000e+00;-6.658e-01;2.399e-03;1.000e+00;-3.330e-03;1.200e-05;-6.660e-01;9.000e-05
30.228518000;1.000e+00;-6.658e-01;2.200e-03;-6.657e-01;2.200e-03;1.000e+00;-6.657e-01;2.200e-03;1.000e+00;-3.329e-03;1.100e-05;-6.660e-01;9.000e-05
30.228979000;1.000e+00;-6.658e-01;2.000e-03;-6.657e-01;2.000e-03;1.000e+00;-6.657e-01;2.000e-03;1.000e+00;-3.329e-03;9.997e-06;-6.660e-01;9.000e-05
30.229440000;1.000e+00;-6.658e-01;1.800e-03;-6.657e-01;1.800e-03;1.000e+00;-6.657e-01;2.000e-03;1.000e+00;-3.329e-03;8.997e-06;-6.660e-01;9.000e-05
30.229901000;1.000e+00;-6.658e-01;1.800e-03;-6.657e-01;1.800e-03;1.000e+00;-6.657e-01;1.800e-03;1.000e+00;-3.329e-03;8.997e-06;-6.660e-01;9.000e-05
30.230362000;1.000e+00;-6.658e-01;1.600e-03;-6.657e-01;1.600e-03;1.000e+00;-6.657e-01;1.600e-03;1.000e+00;-3.329e-03;7.997e-06;-6.660e-01;9.000e-05
30.230822000;1.000e+00;-6.658e-01;1.400e-03;-6.657e-01;1.400e-03;1.000e+00;-6.657e-01;1.600e-03;1.000e+00;-3.329e-03;6.997e-06;-6.660e-01;9.000e-05
30.231283000;1.000e+00;-6.658e-01;1.400e-03;-6.657e-01;1.400e-03;1.000e+00;-6.657e-01;1.400e-03;1.000e+00;-3.329e-03;6.997e-06;-6.660e-01;9.000e-05
30.231744000;1.000e+00;-6.656e-01;1.200e-03;-6.655e-01;1.200e-03;1.000e+00;-6.655e-01;1.400e-03;1.000e+00;-3.328e-03;5.996e-06;-6.660e-01;9.000e-05
30.232205000;1.000e+00;-6.656e-01;1.200e-03;-6.655e-01;1.200e-03;1.000e+00;-6.655e-01;1.200e-03;1.000e+00;-3.328e-03;5.996e-06;-6.660e-01;9.000e-05
30.232666000;1.000e+00;-6.656e-01;1.000e-03;-6.655e-01;9.999e-04;1.000e+00;-6.655e-01;1.200e-03;1.000e+00;-3.328e-03;4.996e-06;-6.660e-01;9.000e-05
30.233126000;1.000e+00;-6.656e-01;1.000e-03;-6.655e-01;9.999e-04;1.000e+00;-6.655e-01;9.999e-04;1.000e+00;-3.328e-03;4.996e-06;-6.660e-01;9.000e-05
30.233587000;1.000e+00;-6.656e-01;8.000e-04;-6.655e-01;7.999e-04;1.000e+00;-6.655e-01;9.999e-04;1.000e+00;-3.328e-03;3.996e-06;-6.660e-01;9.000e-05
30.234048000;1.000e+00;-6.656e-01;8.000e-04;-6.655e-01;7.999e-04;1.000e+00;-6.656e-01;7.999e-04;1.000e+00;-3.328e-03;3.996e-06;-6.660e-01;9.000e-05
30.234509000;1.000e+00;-6.656e-01;6.000e-04;-6.656e-01;6.000e-04;1.000e+00;-6.656e-01;7.999e-04;1.000e+00;-3.328e-03;2.996e-06;-6.660e-01;9.000e-05
30.234970000;1.000e+00;-6.656e-01;6.000e-04;-6.656e-01;6.000e-04;1.000e+00;-6.656e-01;6.000e-04;1.000e+00;-3.328e-03;2.996e-06;-6.660e-01;9.000e-05
30.235430000;1.000e+00;-6.656e-01;6.000e-04;-6.656e-01;6.000e-04;1.000e+00;-6.656e-01;6.000e-04;1.000e+00;-3.328e-03;2.996e-06;-6.660e-01;9.000e-05
30.235891000;1.000e+00;-6.656e-01;4.000e-04;-6.656e-01;4.000e-04;1.000e+00;-6.656e-01;6.000e-04;1.000e+00;-3.328e-03;1.995e-06;-6.660e-01;9.000e-05
30.236352000;1.000e+00;-6.656e-01;4.000e-04;-6.656e-01;4.000e-04;1.000e+00;-6.656e-01;4.000e-04;1.000e+00;-3.328e-03;1.995e-06;-6.660e-01;9.000e-05
30.236813000;1.000e+00;-6.656e-01;4.000e-04;-6.656e-01;4.000e-04;1.000e+00;-6.656e-01;4.000e-04;1.000e+00;-3.328e-03;1.995e-06;-6.660e-01;9.000e-05
30.237274000;1.000e+00;-6.656e-01;2.000e-04;-6.656e-01;2.000e-04;1.000e+00;-6.656e-01;4.000e-04;1.000e+00;-3.328e-03;9.955e-07;-6.660e-01;9.000e-05
30.238195000;1.000e+00;-6.656e-01;2.000e-04;-6.656e-01;2.000e-04;1.000e+00;-6.656e-01;2.000e-04;1.000e+00;-3.328e-03;9.956e-07;-6.660e-01;9.000e-05
30.239025000;1.000e+00;-6.656e-01;2.000e-04;-6.656e-01;2.000e-04;1.000e+00;-6.656e-01;2.000e-04;1.000e+00;-3.328e-03;9.957e-07;-6.660e-01;9.000e-05
30.239854000;1.000e+00;-6.656e-01;-9.759e-10;-6.656e-01;-4.396e-10;1.000e+00;-6.656e-01;2.000e-04;1.000e+00;-3.328e-03;-4.239e-09;-6.660e-01;9.000e-05
30.240684000;1.000e+00;-6.656e-01;-1.039e-09;-6.656e-01;-3.222e-10;1.000e+00;-6.656e-01;7.950e-10;1.000e+00;-3.328e-03;-4.122e-09;-6.660e-01;9.000e-05
30.241513000;1.000e+00;-6.656e-01;-1.111e-09;-6.656e-01;-2.140e-10;1.000e+00;-6.656e-01;7.590e-10;1.000e+00;-3.328e-03;-3.990e-09;-6.660e-01;9.000e-05
30.242342000;1.000e+00;-6.656e-01;-2.000e-04;-6.656e-01;-2.000e-04;1.000e+00;-6.656e-01;7.178e-10;1.000e+00;-3.328e-03;-1.004e-06;-6.660e-01;9.000e-05
30.243172000;1.000e+00;-6.656e-01;-2.000e-04;-6.656e-01;-2.000e-04;1.000e+00;-6.656e-01;6.707e-10;1.000e+00;-3.328e-03;-1.004e-06;-6.660e-01;9.000e-05
30.244001000;1.000e+00;-6.656e-01;-2.000e-04;-6.656e-01;-2.000e-04;1.000e+00;-6.656e-01;-2.000e-04;1.000e+00;-3.328e-03;-1.004e-06;-6.660e-01;9.000e-05
30.245660000;1.000e+00;-6.656e-01;-2.000e-04;-6.656e-01;-2.000e-04;1.000e+00;-6.656e-01;-2.000e-04;1.000e+00;-3.328e-03;-1.003e-06;-6.660e-01;9.000e-05
30.246490000;1.000e+00;-6.656e-01;-4.000e-04;-6.656e-01;-4.000e-04;1.000e+00;-6.656e-01;-2.000e-04;1.000e+00;-3.328e-03;-2.003e-06;-6.660e-01;9.000e-05
30.249807000;1.000e+00;-6.656e-01;-4.000e-04;-6.656e-01;-4.000e-04;1.000e+00;-6.656e-01;-2.000e-04;1.000e+00;-3.328e-03;-2.003e-06;-6.660e-01;9.000e-05
30.250637000;1.000e+00;-6.656e-01;-4.000e-04;-6.656e-01;-4.000e-04;1.000e+00;-6.656e-01;-4.000e-04;1.000e+00;-3.328e-03;-2.003e-06;-6.660e-01;9.000e-05
30.259125000;1.000e+00;-6.656e-01;-4.000e-04;-6.656e-01;-4.000e-04;1.000e+00;-6.656e-01;-4.000e-04;1.000e+00;-3.328e-03;-2.004e-06;-6.660e-01;9.000e-05
30.260125000;1.000e+00;-6.658e-01;-4.000e-04;-6.658e-01;-4.000e-04;1.000e+00;-6.656e-01;-4.000e-04;1.000e+00;-3.329e-03;-2.004e-06;-6.660e-01;9.000e-05
30.261125000;1.000e+00;-6.658e-01;-4.000e-04;-6.658e-01;-4.000e-04;9.999e-01;-6.658e-01;-4.000e-04;1.000e+00;-3.329e-03;-2.004e-06;-6.660e-01;9.000e-05
30.284125000;1.000e+00;-6.658e-01;-4.000e-04;-6.658e-01;-4.000e-04;9.999e-01;-6.658e-01;-4.000e-04;1.000e+00;-3.329e-03;-2.002e-06;-6.660e-01;9.000e-05
30.285125000;1.000e+00;-6.660e-01;-4.000e-04;-6.660e-01;-4.000e-04;9.999e-01;-6.658e-01;-4.000e-04;1.000e+00;-3.330e-03;-2.002e-06;-6.660e-01;9.000e-05
30.286125000;1.000e+00;-6.660e-01;-4.000e-04;-6.660e-01;-4.000e-04;9.999e-01;-6.658e-01;-4.000e-04;1.000e+00;-3.330e-03;-2.002e-06;-6.660e-01;9.000e-05
30.287125000;1.000e+00;-6.660e-01;-4.000e-04;-6.660e-01;-4.000e-04;9.999e-01;-6.660e-01;-4.000e-04;1.000e+00;-3.330e-03;-2.002e-06;-6.660e-01;9.000e-05
30.488125000;1.000e+00;-6.660e-01;-4.000e-04;-6.660e-01;-4.000e-04;9.999e-01;-6.660e-01;-4.000e-04;1.000e+00;-3.330e-03;-2.004e-06;-6.660e-01;9.000e-05
30.489125000;1.000e+00;-6.660e-01;-6.000e-04;-6.660e-01;-6.000e-04;9.999e-01;-6.660e-01;-4.000e-04;1.000e+00;-3.330e-03;-3.004e-06;-6.660e-01;9.000e-05
31.124125000;9.999e-01;-6.660e-01;-6.000e-04;-6.660e-01;-6.000e-04;9.999e-01;-6.660e-01;-4.000e-04;9.999e-01;-3.330e-03;-3.005e-06;-6.660e-01;9.000e-05
31.125125000;9.999e-01;-6.660e-01;-6.000e-04;-6.660e-01;-6.000e-04;9.999e-01;-6.660e-01;-6.000e-04;9.999e-01;-3.330e-03;-3.004e-06;-6.660e-01;9.000e-05
32.067125000;9.999e-01;-6.660e-01;-6.000e-04;-6.660e-01;-6.000e-04;9.999e-01;-6.660e-01;-6.000e-04;9.999e-01;-3.330e-03;-2.997e-06;-6.660e-01;9.000e-05
32.068125000;9.999e-01;-6.660e-01;-6.000e-04;-6.660e-01;-6.000e-04;9.999e-01;-6.660e-01;-4.000e-04;9.999e-01;-3.330e-03;-2.997e-06;-6.660e-01;9.000e-05
33.055125000;1.000e+00;-6.660e-01;-6.000e-04;-6.660e-01;-6.000e-04;9.999e-01;-6.660e-01;-4.000e-04;1.000e+00;-3.330e-03;-2.996e-06;-6.660e-01;9.000e-05
33.056125000;1.000e+00;-6.660e-01;-4.000e-04;-6.660e-01;-4.000e-04;9.999e-01;-6.660e-01;-4.000e-04;1.000e+00;-3.330e-03;-1.996e-06;-6.660e-01;9.000e-05
33.868125000;1.000e+00;-6.660e-01;-4.000e-04;-6.660e-01;-4.000e-04;1.000e+00;-6.660e-01;-4.000e-04;1.000e+00;-3.330e-03;-2.003e-06;-6.660e-01;9.000e-05
33.869125000;1.000e+00;-6.660e-01;-4.000e-04;-6.660e-01;-4.000e-04;1.000e+00;-6.660e-01;-2.000e-04;1.000e+00;-3.330e-03;-2.002e-06;-6.660e-01;9.000e-05
34.595125000;1.000e+00;-6.660e-01;-4.000e-04;-6.660e-01;-4.000e-04;1.000e+00;-6.660e-01;-2.000e-04;1.000e+00;-3.330e-03;-2.000e-06;-6.660e-01;9.000e-05
34.596125000;1.000e+00;-6.660e-01;-2.000e-04;-6.660e-01;-2.000e-04;1.000e+00;-6.660e-01;-2.000e-04;1.000e+00;-3.330e-03;-9.996e-07;-6.660e-01;9.000e-05
35.505125000;1.000e+00;-6.660e-01;-2.000e-04;-6.660e-01;-2.000e-04;1.000e+00;-6.660e-01;-2.000e-04;1.000e+00;-3.330e-03;-1.001e-06;-6.660e-01;9.000e-05
35.506125000;1.000e+00;-6.660e-01;-2.000e-04;-6.660e-01;-2.000e-04;1.000e+00;-6.660e-01;-8.911e-10;1.000e+00;-3.330e-03;-1.001e-06;-6.660e-01;9.000e-05
36.569125000;1.000e+00;-6.660e-01;-2.000e-04;-6.660e-01;-2.000e-04;1.000e+00;-6.660e-01;4.525e-09;1.000e+00;-3.330e-03;-9.969e-07;-6.660e-01;9.000e-05
36.570125000;1.000e+00;-6.660e-01;1.349e-09;-6.660e-01;-3.503e-09;1.000e+00;-6.660e-01;4.814e-09;1.000e+00;-3.330e-03;3.200e-09;-6.660e-01;9.000e-05
38.936125000;1.000e+00;-6.660e-01;1.805e-09;-6.660e-01;-3.158e-09;1.000e+00;-6.660e-01;-5.449e-09;1.000e+00;-3.330e-03;-4.056e-09;-6.660e-01;9.000e-05
38.937125000;1.000e+00;-6.660e-01;1.733e-09;-6.660e-01;-3.107e-09;1.000e+00;-6.660e-01;2.000e-04;1.000e+00;-3.330e-03;-3.894e-09;-6.660e-01;9.000e-05
45.462125000;1.000e+00;-6.660e-01;1.726e-10;-6.660e-01;1.198e-08;1.000e+00;-6.660e-01;2.000e-04;1.000e+00;-3.330e-03;-3.029e-09;-6.660e-01;9.000e-05
45.463125000;1.000e+00;-6.660e-01;2.086e-10;-6.660e-01;1.207e-08;1.000e+00;-6.660e-01;-2.862e-09;1.000e+00;-3.330e-03;-3.254e-09;-6.660e-01;9.000e-05
100.000000000;1.000e+00;-6.660e-01;-3.283e-09;-6.660e-01;-2.680e-09;1.000e+00;-6.660e-01;4.654e-09;1.000e+00;-3.330e-03;-3.594e-09;-6.660e-01;9.000e-05
