time;BusPDR_BUS_Voltage;BusPDR_BUS_ActivePower;BusPDR_BUS_ReactivePower;BusPDR_BUS_ActiveCurrent;BusPDR_BUS_ReactiveCurrent;Measurements_BUS_Voltage;Measurements_BUS_ActivePower;Measurements_BUS_ReactivePower;StepUp_Xfmr_XFMR_Tap;Bess_GEN_InjectedActiveCurrent;Bess_GEN_InjectedReactiveCurrent;Bess_GEN_AVRSetpointPu;Bess_GEN_NetworkFrequencyPu;NetworkFrequencyPu
0.000000000;1.044e+00;-4.000e-01;3.008e-09;-3.830e-01;-6.580e-10;1.044e+00;-2.400e-01;-3.470e-09;1.000e+01;-3.669e-01;-1.113e-02;1.048e+00;5.000e+01;5.000e+01
20.006580000;1.044e+00;-4.000e-01;6.568e-09;-3.830e-01;-8.993e-09;1.044e+00;-2.400e-01;8.436e-09;1.000e+01;-3.669e-01;-1.113e-02;1.048e+00;5.000e+01;5.000e+01
20.010580000;1.044e+00;-4.000e-01;6.160e-09;-3.830e-01;-8.379e-09;1.044e+00;-2.400e-01;8.212e-09;1.000e+01;-3.670e-01;-1.113e-02;1.048e+00;5.000e+01;5.000e+01
20.011580000;1.044e+00;-4.001e-01;6.009e-09;-3.830e-01;-8.178e-09;1.044e+00;-2.400e-01;8.104e-09;1.000e+01;-3.670e-01;-1.113e-02;1.048e+00;5.000e+01;5.000e+01
20.012580000;1.044e+00;-4.001e-01;5.842e-09;-3.831e-01;-7.963e-09;1.044e+00;-2.400e-01;7.976e-09;1.000e+01;-3.670e-01;-1.113e-02;1.048e+00;5.000e+01;5.000e+01
20.018580000;1.044e+00;-4.002e-01;4.672e-09;-3.832e-01;-6.447e-09;1.044e+00;-2.401e-01;6.862e-09;1.000e+01;-3.672e-01;-1.113e-02;1.048e+00;5.000e+01;5.000e+01
20.021580000;1.044e+00;-4.003e-01;-1.663e-06;-3.833e-01;-1.602e-06;1.044e+00;-2.402e-01;-9.938e-07;1.000e+01;-3.673e-01;-1.113e-02;1.048e+00;5.000e+01;5.000e+01
20.028580000;1.044e+00;-4.007e-01;-4.997e-06;-3.837e-01;-4.791e-06;1.044e+00;-2.404e-01;-2.995e-06;1.000e+01;-3.676e-01;-1.113e-02;1.048e+00;5.000e+01;5.000e+01
20.032580000;1.044e+00;-4.010e-01;-6.665e-06;-3.839e-01;-6.385e-06;1.044e+00;-2.406e-01;-3.996e-06;1.000e+01;-3.679e-01;-1.113e-02;1.048e+00;5.000e+01;5.000e+01
20.033580000;1.044e+00;-4.011e-01;-6.666e-06;-3.840e-01;-6.385e-06;1.044e+00;-2.406e-01;-3.996e-06;1.000e+01;-3.680e-01;-1.113e-02;1.048e+00;5.000e+01;5.000e+01
20.034580000;1.044e+00;-4.011e-01;-8.332e-06;-3.841e-01;-7.981e-06;1.044e+00;-2.407e-01;-4.997e-06;1.000e+01;-3.681e-01;-1.114e-02;1.048e+00;5.000e+01;5.000e+01
20.039580000;1.044e+00;-4.016e-01;-1.167e-05;-3.845e-01;-1.117e-05;1.044e+00;-2.410e-01;-6.998e-06;1.000e+01;-3.685e-01;-1.114e-02;1.048e+00;5.000e+01;5.000e+01
20.040580000;1.044e+00;-4.017e-01;-1.167e-05;-3.846e-01;-1.117e-05;1.044e+00;-2.410e-01;-6.999e-06;1.000e+01;-3.686e-01;-1.114e-02;1.048e+00;4.999e+01;4.999e+01
20.049580000;1.044e+00;-4.027e-01;-1.667e-05;-3.856e-01;-1.596e-05;1.044e+00;-2.416e-01;-1.000e-05;1.000e+01;-3.695e-01;-1.115e-02;1.048e+00;4.999e+01;4.999e+01
20.052580000;1.044e+00;-4.030e-01;-1.833e-05;-3.859e-01;-1.756e-05;1.044e+00;-2.418e-01;-1.100e-05;1.000e+01;-3.699e-01;-1.115e-02;1.048e+00;4.999e+01;4.999e+01
20.055580000;1.044e+00;-4.034e-01;-2.000e-05;-3.863e-01;-1.915e-05;1.044e+00;-2.421e-01;-1.200e-05;1.000e+01;-3.703e-01;-1.116e-02;1.048e+00;4.999e+01;4.999e+01
20.056580000;1.044e+00;-4.036e-01;-2.167e-05;-3.865e-01;-2.075e-05;1.044e+00;-2.421e-01;-1.300e-05;1.000e+01;-3.704e-01;-1.116e-02;1.048e+00;4.999e+01;4.999e+01
20.059580000;1.044e+00;-4.040e-01;-2.333e-05;-3.869e-01;-2.234e-05;1.044e+00;-2.424e-01;-1.400e-05;1.000e+01;-3.708e-01;-1.116e-02;1.048e+00;4.999e+01;4.999e+01
20.065580000;1.044e+00;-4.049e-01;-2.500e-05;-3.878e-01;-2.394e-05;1.044e+00;-2.430e-01;-1.501e-05;1.000e+01;-3.717e-01;-1.117e-02;1.048e+00;4.999e+01;4.999e+01
20.071580000;1.044e+00;-4.059e-01;-2.833e-05;-3.887e-01;-2.713e-05;1.044e+00;-2.435e-01;-1.701e-05;1.000e+01;-3.727e-01;-1.119e-02;1.048e+00;4.999e+01;4.999e+01
20.076340000;1.044e+00;-4.068e-01;-3.000e-05;-3.895e-01;-2.873e-05;1.044e+00;-2.441e-01;-1.801e-05;1.000e+01;-3.735e-01;-1.120e-02;1.048e+00;4.999e+01;4.999e+01
20.076580000;1.044e+00;-4.068e-01;-3.000e-05;-3.896e-01;-2.873e-05;1.044e+00;-2.441e-01;-1.801e-05;1.000e+01;-3.735e-01;-1.120e-02;1.048e+00;4.999e+01;4.999e+01
20.077348000;1.044e+00;-4.069e-01;-3.000e-05;-3.897e-01;-2.873e-05;1.044e+00;-2.442e-01;-1.801e-05;1.000e+01;-3.737e-01;-1.120e-02;1.048e+00;4.999e+01;4.999e+01
20.083348000;1.044e+00;-4.081e-01;-3.167e-05;-3.908e-01;-3.033e-05;1.044e+00;-2.448e-01;-1.900e-05;1.000e+01;-3.748e-01;-1.122e-02;1.048e+00;4.999e+01;4.999e+01
20.085348000;1.044e+00;-4.085e-01;-3.333e-05;-3.912e-01;-3.193e-05;1.044e+00;-2.451e-01;-2.000e-05;1.000e+01;-3.752e-01;-1.123e-02;1.048e+00;4.999e+01;4.999e+01
20.096348000;1.044e+00;-4.107e-01;-3.500e-05;-3.934e-01;-3.352e-05;1.044e+00;-2.464e-01;-2.100e-05;1.000e+01;-3.774e-01;-1.126e-02;1.048e+00;4.999e+01;4.999e+01
20.101348000;1.044e+00;-4.118e-01;-3.500e-05;-3.945e-01;-3.353e-05;1.044e+00;-2.471e-01;-2.100e-05;1.000e+01;-3.784e-01;-1.128e-02;1.048e+00;4.999e+01;4.999e+01
20.104348000;1.044e+00;-4.125e-01;-3.500e-05;-3.951e-01;-3.353e-05;1.044e+00;-2.475e-01;-2.100e-05;1.000e+01;-3.791e-01;-1.129e-02;1.048e+00;4.999e+01;4.999e+01
20.105348000;1.044e+00;-4.127e-01;-3.500e-05;-3.954e-01;-3.353e-05;1.044e+00;-2.476e-01;-2.100e-05;1.000e+01;-3.793e-01;-1.129e-02;1.048e+00;4.999e+01;4.999e+01
20.116348000;1.044e+00;-4.153e-01;-3.500e-05;-3.979e-01;-3.353e-05;1.044e+00;-2.492e-01;-2.100e-05;1.000e+01;-3.819e-01;-1.134e-02;1.048e+00;4.999e+01;4.999e+01
20.121348000;1.044e+00;-4.166e-01;-3.500e-05;-3.991e-01;-3.353e-05;1.044e+00;-2.499e-01;-2.100e-05;1.000e+01;-3.830e-01;-1.136e-02;1.048e+00;4.999e+01;4.999e+01
20.127348000;1.044e+00;-4.181e-01;-3.500e-05;-4.006e-01;-3.353e-05;1.044e+00;-2.508e-01;-2.100e-05;1.000e+01;-3.845e-01;-1.139e-02;1.048e+00;4.999e+01;4.999e+01
20.136348000;1.044e+00;-4.204e-01;-3.333e-05;-4.028e-01;-3.194e-05;1.044e+00;-2.523e-01;-2.000e-05;1.000e+01;-3.868e-01;-1.143e-02;1.048e+00;4.999e+01;4.999e+01
20.138348000;1.044e+00;-4.209e-01;-3.167e-05;-4.034e-01;-3.034e-05;1.044e+00;-2.526e-01;-1.900e-05;1.000e+01;-3.873e-01;-1.144e-02;1.048e+00;4.999e+01;4.999e+01
20.147348000;1.044e+00;-4.234e-01;-3.000e-05;-4.057e-01;-2.875e-05;1.044e+00;-2.540e-01;-1.800e-05;1.000e+01;-3.897e-01;-1.149e-02;1.048e+00;4.999e+01;4.999e+01
20.148348000;1.044e+00;-4.237e-01;-2.833e-05;-4.060e-01;-2.715e-05;1.044e+00;-2.542e-01;-1.700e-05;1.000e+01;-3.899e-01;-1.149e-02;1.048e+00;4.999e+01;4.999e+01
20.149348000;1.043e+00;-4.239e-01;-2.833e-05;-4.063e-01;-2.715e-05;1.043e+00;-2.544e-01;-1.700e-05;1.000e+01;-3.902e-01;-1.150e-02;1.048e+00;4.999e+01;4.999e+01
20.152348000;1.043e+00;-4.248e-01;-2.667e-05;-4.071e-01;-2.556e-05;1.043e+00;-2.549e-01;-1.600e-05;1.000e+01;-3.910e-01;-1.151e-02;1.048e+00;4.999e+01;4.999e+01
20.158348000;1.043e+00;-4.264e-01;-2.500e-05;-4.087e-01;-2.396e-05;1.043e+00;-2.559e-01;-1.500e-05;1.000e+01;-3.926e-01;-1.155e-02;1.048e+00;4.999e+01;4.999e+01
20.165348000;1.043e+00;-4.284e-01;-2.167e-05;-4.106e-01;-2.077e-05;1.043e+00;-2.570e-01;-1.300e-05;1.000e+01;-3.946e-01;-1.159e-02;1.048e+00;4.999e+01;4.999e+01
20.166348000;1.043e+00;-4.287e-01;-2.167e-05;-4.109e-01;-2.077e-05;1.043e+00;-2.572e-01;-1.300e-05;1.000e+01;-3.949e-01;-1.159e-02;1.048e+00;4.998e+01;4.998e+01
20.169348000;1.043e+00;-4.296e-01;-2.000e-05;-4.117e-01;-1.917e-05;1.043e+00;-2.577e-01;-1.200e-05;1.000e+01;-3.957e-01;-1.161e-02;1.048e+00;4.998e+01;4.998e+01
20.170348000;1.043e+00;-4.298e-01;-1.833e-05;-4.120e-01;-1.757e-05;1.043e+00;-2.579e-01;-1.100e-05;1.000e+01;-3.960e-01;-1.162e-02;1.048e+00;4.998e+01;4.998e+01
20.178348000;1.043e+00;-4.322e-01;-1.333e-05;-4.143e-01;-1.278e-05;1.043e+00;-2.593e-01;-8.000e-06;1.000e+01;-3.982e-01;-1.166e-02;1.048e+00;4.998e+01;4.998e+01
20.194348000;1.043e+00;-4.369e-01;-1.673e-06;-4.189e-01;-1.596e-06;1.043e+00;-2.621e-01;-9.957e-07;1.000e+01;-4.028e-01;-1.176e-02;1.048e+00;4.998e+01;4.998e+01
20.199348000;1.043e+00;-4.384e-01;1.661e-06;-4.203e-01;1.600e-06;1.043e+00;-2.630e-01;1.005e-06;1.000e+01;-4.043e-01;-1.180e-02;1.048e+00;4.998e+01;4.998e+01
20.203348000;1.043e+00;-4.396e-01;4.994e-06;-4.215e-01;4.797e-06;1.043e+00;-2.637e-01;3.005e-06;1.000e+01;-4.055e-01;-1.182e-02;1.048e+00;4.998e+01;4.998e+01
20.220348000;1.043e+00;-4.447e-01;2.166e-05;-4.265e-01;2.078e-05;1.043e+00;-2.668e-01;1.300e-05;1.000e+01;-4.105e-01;-1.193e-02;1.048e+00;4.998e+01;4.998e+01
20.231348000;1.043e+00;-4.480e-01;3.332e-05;-4.298e-01;3.197e-05;1.043e+00;-2.688e-01;2.000e-05;1.000e+01;-4.137e-01;-1.201e-02;1.048e+00;4.998e+01;4.998e+01
20.232348000;1.042e+00;-4.483e-01;3.499e-05;-4.301e-01;3.357e-05;1.042e+00;-2.690e-01;2.100e-05;1.000e+01;-4.140e-01;-1.202e-02;1.048e+00;4.998e+01;4.998e+01
20.241348000;1.042e+00;-4.511e-01;4.499e-05;-4.327e-01;4.317e-05;1.042e+00;-2.706e-01;2.700e-05;1.000e+01;-4.167e-01;-1.208e-02;1.048e+00;4.998e+01;4.998e+01
20.251348000;1.042e+00;-4.541e-01;5.833e-05;-4.357e-01;5.597e-05;1.042e+00;-2.725e-01;3.500e-05;1.000e+01;-4.196e-01;-1.215e-02;1.048e+00;4.998e+01;4.998e+01
20.258348000;1.042e+00;-4.562e-01;6.833e-05;-4.377e-01;6.557e-05;1.042e+00;-2.737e-01;4.100e-05;1.000e+01;-4.217e-01;-1.220e-02;1.048e+00;4.998e+01;4.998e+01
20.276348000;1.042e+00;-4.616e-01;9.500e-05;-4.430e-01;9.118e-05;1.042e+00;-2.770e-01;5.700e-05;1.000e+01;-4.270e-01;-1.234e-02;1.048e+00;4.998e+01;4.998e+01
20.282348000;1.042e+00;-4.634e-01;1.033e-04;-4.448e-01;9.918e-05;1.042e+00;-2.780e-01;6.199e-05;1.000e+01;-4.287e-01;-1.238e-02;1.048e+00;4.998e+01;4.998e+01
20.285348000;1.042e+00;-4.643e-01;1.083e-04;-4.456e-01;1.040e-04;1.042e+00;-2.786e-01;6.499e-05;1.000e+01;-4.296e-01;-1.240e-02;1.048e+00;4.998e+01;4.998e+01
20.305348000;1.042e+00;-4.701e-01;1.433e-04;-4.513e-01;1.376e-04;1.042e+00;-2.821e-01;8.600e-05;1.000e+01;-4.353e-01;-1.256e-02;1.048e+00;4.998e+01;4.998e+01
20.309348000;1.042e+00;-4.712e-01;1.500e-04;-4.525e-01;1.440e-04;1.042e+00;-2.827e-01;9.000e-05;1.000e+01;-4.364e-01;-1.259e-02;1.048e+00;4.998e+01;4.998e+01
20.310348000;1.041e+00;-4.715e-01;1.517e-04;-4.527e-01;1.456e-04;1.041e+00;-2.829e-01;9.100e-05;1.000e+01;-4.367e-01;-1.260e-02;1.048e+00;4.998e+01;4.998e+01
20.316348000;1.041e+00;-4.732e-01;1.633e-04;-4.544e-01;1.568e-04;1.041e+00;-2.839e-01;9.800e-05;1.000e+01;-4.384e-01;-1.264e-02;1.048e+00;4.998e+01;4.998e+01
20.319348000;1.041e+00;-4.741e-01;1.683e-04;-4.553e-01;1.616e-04;1.041e+00;-2.845e-01;1.010e-04;1.000e+01;-4.392e-01;-1.266e-02;1.048e+00;4.998e+01;4.998e+01
20.320348000;1.041e+00;-4.744e-01;1.717e-04;-4.555e-01;1.648e-04;1.041e+00;-2.846e-01;1.030e-04;1.000e+01;-4.395e-01;-1.267e-02;1.048e+00;4.999e+01;4.999e+01
20.332348000;1.041e+00;-4.778e-01;1.950e-04;-4.588e-01;1.873e-04;1.041e+00;-2.867e-01;1.170e-04;1.000e+01;-4.428e-01;-1.277e-02;1.048e+00;4.999e+01;4.999e+01
20.335348000;1.041e+00;-4.786e-01;2.000e-04;-4.597e-01;1.921e-04;1.041e+00;-2.872e-01;1.200e-04;1.000e+01;-4.436e-01;-1.279e-02;1.048e+00;4.999e+01;4.999e+01
20.354348000;1.041e+00;-4.838e-01;2.417e-04;-4.647e-01;2.322e-04;1.041e+00;-2.903e-01;1.450e-04;1.000e+01;-4.487e-01;-1.294e-02;1.048e+00;4.999e+01;4.999e+01
20.364348000;1.041e+00;-4.864e-01;2.633e-04;-4.673e-01;2.530e-04;1.041e+00;-2.919e-01;1.580e-04;1.000e+01;-4.513e-01;-1.301e-02;1.048e+00;4.999e+01;4.999e+01
20.368348000;1.041e+00;-4.875e-01;2.733e-04;-4.684e-01;2.626e-04;1.041e+00;-2.925e-01;1.640e-04;1.000e+01;-4.523e-01;-1.304e-02;1.048e+00;4.999e+01;4.999e+01
20.378348000;1.041e+00;-4.901e-01;2.967e-04;-4.709e-01;2.851e-04;1.041e+00;-2.940e-01;1.780e-04;1.000e+01;-4.548e-01;-1.312e-02;1.048e+00;4.999e+01;4.999e+01
20.394348000;1.041e+00;-4.941e-01;3.350e-04;-4.749e-01;3.220e-04;1.041e+00;-2.965e-01;2.010e-04;1.000e+01;-4.588e-01;-1.325e-02;1.048e+00;4.999e+01;4.999e+01
20.395348000;1.040e+00;-4.943e-01;3.383e-04;-4.751e-01;3.252e-04;1.040e+00;-2.966e-01;2.030e-04;1.000e+01;-4.590e-01;-1.326e-02;1.048e+00;4.999e+01;4.999e+01
20.404348000;1.040e+00;-4.965e-01;3.600e-04;-4.773e-01;3.460e-04;1.040e+00;-2.979e-01;2.160e-04;1.000e+01;-4.612e-01;-1.333e-02;1.048e+00;4.999e+01;4.999e+01
20.406348000;1.040e+00;-4.970e-01;3.650e-04;-4.777e-01;3.508e-04;1.040e+00;-2.982e-01;2.190e-04;1.000e+01;-4.617e-01;-1.334e-02;1.048e+00;4.999e+01;4.999e+01
20.412348000;1.040e+00;-4.985e-01;3.817e-04;-4.791e-01;3.669e-04;1.040e+00;-2.991e-01;2.290e-04;1.000e+01;-4.631e-01;-1.339e-02;1.048e+00;4.999e+01;4.999e+01
20.424348000;1.040e+00;-5.013e-01;4.133e-04;-4.819e-01;3.974e-04;1.040e+00;-3.008e-01;2.480e-04;1.000e+01;-4.658e-01;-1.348e-02;1.048e+00;4.999e+01;4.999e+01
20.428348000;1.040e+00;-5.022e-01;4.233e-04;-4.828e-01;4.070e-04;1.040e+00;-3.013e-01;2.540e-04;1.000e+01;-4.667e-01;-1.351e-02;1.048e+00;4.999e+01;4.999e+01
20.430348000;1.040e+00;-5.026e-01;4.300e-04;-4.833e-01;4.134e-04;1.040e+00;-3.016e-01;2.580e-04;1.000e+01;-4.672e-01;-1.353e-02;1.048e+00;4.999e+01;4.999e+01
20.443348000;1.040e+00;-5.056e-01;4.650e-04;-4.861e-01;4.471e-04;1.040e+00;-3.033e-01;2.790e-04;1.000e+01;-4.700e-01;-1.363e-02;1.048e+00;4.999e+01;4.999e+01
20.450348000;1.040e+00;-5.071e-01;4.850e-04;-4.876e-01;4.664e-04;1.040e+00;-3.043e-01;2.910e-04;1.000e+01;-4.715e-01;-1.368e-02;1.048e+00;4.999e+01;4.999e+01
20.451348000;1.040e+00;-5.073e-01;4.883e-04;-4.878e-01;4.696e-04;1.040e+00;-3.044e-01;2.930e-04;1.000e+01;-4.718e-01;-1.369e-02;1.048e+00;4.999e+01;4.999e+01
20.453348000;1.040e+00;-5.077e-01;4.950e-04;-4.883e-01;4.760e-04;1.040e+00;-3.046e-01;2.970e-04;1.000e+01;-4.722e-01;-1.370e-02;1.048e+00;4.999e+01;4.999e+01
20.464348000;1.040e+00;-5.101e-01;5.267e-04;-4.905e-01;5.065e-04;1.040e+00;-3.060e-01;3.160e-04;1.000e+01;-4.745e-01;-1.379e-02;1.048e+00;4.999e+01;4.999e+01
20.479348000;1.040e+00;-5.131e-01;5.717e-04;-4.936e-01;5.499e-04;1.040e+00;-3.079e-01;3.430e-04;1.000e+01;-4.775e-01;-1.390e-02;1.048e+00;4.999e+01;4.999e+01
20.480348000;1.040e+00;-5.133e-01;5.750e-04;-4.937e-01;5.531e-04;1.040e+00;-3.080e-01;3.450e-04;1.000e+01;-4.777e-01;-1.391e-02;1.048e+00;4.999e+01;4.999e+01
20.482348000;1.040e+00;-5.137e-01;5.817e-04;-4.941e-01;5.595e-04;1.040e+00;-3.082e-01;3.490e-04;1.000e+01;-4.781e-01;-1.392e-02;1.048e+00;4.999e+01;4.999e+01
20.489348000;1.040e+00;-5.151e-01;6.017e-04;-4.955e-01;5.788e-04;1.040e+00;-3.091e-01;3.610e-04;1.000e+01;-4.794e-01;-1.397e-02;1.048e+00;4.999e+01;4.999e+01
20.494348000;1.040e+00;-5.161e-01;6.183e-04;-4.964e-01;5.948e-04;1.040e+00;-3.096e-01;3.710e-04;1.000e+01;-4.803e-01;-1.401e-02;1.048e+00;4.999e+01;4.999e+01
20.495348000;1.040e+00;-5.162e-01;6.217e-04;-4.966e-01;5.980e-04;1.040e+00;-3.097e-01;3.730e-04;1.000e+01;-4.805e-01;-1.402e-02;1.048e+00;4.999e+01;4.999e+01
20.496348000;1.039e+00;-5.164e-01;6.250e-04;-4.968e-01;6.013e-04;1.039e+00;-3.099e-01;3.750e-04;1.000e+01;-4.807e-01;-1.402e-02;1.048e+00;4.999e+01;4.999e+01
20.501348000;1.039e+00;-5.174e-01;6.400e-04;-4.977e-01;6.157e-04;1.039e+00;-3.104e-01;3.840e-04;1.000e+01;-4.817e-01;-1.406e-02;1.048e+00;4.999e+01;4.999e+01
20.506348000;1.039e+00;-5.183e-01;6.567e-04;-4.987e-01;6.318e-04;1.039e+00;-3.110e-01;3.940e-04;1.000e+01;-4.826e-01;-1.410e-02;1.048e+00;4.999e+01;4.999e+01
20.513348000;1.039e+00;-5.196e-01;6.783e-04;-4.999e-01;6.527e-04;1.039e+00;-3.118e-01;4.070e-04;1.000e+01;-4.838e-01;-1.415e-02;1.048e+00;4.999e+01;4.999e+01
20.527348000;1.039e+00;-5.221e-01;7.250e-04;-5.023e-01;6.976e-04;1.039e+00;-3.132e-01;4.350e-04;1.000e+01;-4.863e-01;-1.425e-02;1.048e+00;4.999e+01;4.999e+01
20.530348000;1.039e+00;-5.226e-01;7.350e-04;-5.029e-01;7.073e-04;1.039e+00;-3.135e-01;4.410e-04;1.000e+01;-4.868e-01;-1.427e-02;1.048e+00;4.999e+01;4.999e+01
20.535348000;1.039e+00;-5.234e-01;7.500e-04;-5.037e-01;7.217e-04;1.039e+00;-3.141e-01;4.500e-04;1.000e+01;-4.876e-01;-1.431e-02;1.048e+00;4.999e+01;4.999e+01
20.544348000;1.039e+00;-5.249e-01;7.817e-04;-5.052e-01;7.522e-04;1.039e+00;-3.150e-01;4.690e-04;1.000e+01;-4.891e-01;-1.437e-02;1.048e+00;4.999e+01;4.999e+01
20.547348000;1.039e+00;-5.254e-01;7.917e-04;-5.056e-01;7.619e-04;1.039e+00;-3.152e-01;4.750e-04;1.000e+01;-4.896e-01;-1.439e-02;1.048e+00;4.999e+01;4.999e+01
20.552348000;1.039e+00;-5.262e-01;8.083e-04;-5.064e-01;7.780e-04;1.039e+00;-3.157e-01;4.850e-04;1.000e+01;-4.903e-01;-1.443e-02;1.048e+00;4.999e+01;4.999e+01
20.556348000;1.039e+00;-5.268e-01;8.217e-04;-5.071e-01;7.908e-04;1.039e+00;-3.161e-01;4.930e-04;1.000e+01;-4.910e-01;-1.445e-02;1.048e+00;4.999e+01;4.999e+01
20.558348000;1.039e+00;-5.272e-01;8.283e-04;-5.074e-01;7.972e-04;1.039e+00;-3.163e-01;4.970e-04;1.000e+01;-4.913e-01;-1.447e-02;1.048e+00;4.999e+01;4.999e+01
20.576348000;1.039e+00;-5.299e-01;8.917e-04;-5.101e-01;8.583e-04;1.039e+00;-3.179e-01;5.350e-04;1.000e+01;-4.940e-01;-1.459e-02;1.048e+00;4.999e+01;4.999e+01
20.583348000;1.039e+00;-5.309e-01;9.167e-04;-5.111e-01;8.824e-04;1.039e+00;-3.185e-01;5.500e-04;1.000e+01;-4.950e-01;-1.464e-02;1.048e+00;4.999e+01;4.999e+01
20.589348000;1.039e+00;-5.318e-01;9.383e-04;-5.119e-01;9.033e-04;1.039e+00;-3.191e-01;5.630e-04;1.000e+01;-4.958e-01;-1.468e-02;1.048e+00;4.999e+01;4.999e+01
20.595348000;1.039e+00;-5.326e-01;9.583e-04;-5.127e-01;9.226e-04;1.039e+00;-3.196e-01;5.750e-04;1.000e+01;-4.966e-01;-1.472e-02;1.048e+00;4.999e+01;4.999e+01
20.599348000;1.039e+00;-5.331e-01;9.733e-04;-5.132e-01;9.370e-04;1.039e+00;-3.199e-01;5.840e-04;1.000e+01;-4.972e-01;-1.475e-02;1.048e+00;4.999e+01;4.999e+01
20.609348000;1.039e+00;-5.345e-01;1.010e-03;-5.146e-01;9.724e-04;1.039e+00;-3.207e-01;6.060e-04;1.000e+01;-4.985e-01;-1.481e-02;1.048e+00;4.999e+01;4.999e+01
20.612348000;1.039e+00;-5.349e-01;1.020e-03;-5.149e-01;9.820e-04;1.039e+00;-3.209e-01;6.120e-04;1.000e+01;-4.988e-01;-1.483e-02;1.048e+00;4.999e+01;4.999e+01
20.614348000;1.039e+00;-5.351e-01;1.028e-03;-5.152e-01;9.901e-04;1.039e+00;-3.211e-01;6.170e-04;1.000e+01;-4.991e-01;-1.485e-02;1.048e+00;4.999e+01;4.999e+01
20.618348000;1.039e+00;-5.356e-01;1.042e-03;-5.157e-01;1.003e-03;1.039e+00;-3.214e-01;6.250e-04;1.000e+01;-4.996e-01;-1.487e-02;1.048e+00;4.999e+01;4.999e+01
20.622348000;1.039e+00;-5.361e-01;1.057e-03;-5.162e-01;1.017e-03;1.039e+00;-3.217e-01;6.340e-04;1.000e+01;-5.001e-01;-1.490e-02;1.048e+00;4.999e+01;4.999e+01
20.625348000;1.039e+00;-5.365e-01;1.068e-03;-5.166e-01;1.029e-03;1.039e+00;-3.219e-01;6.410e-04;1.000e+01;-5.005e-01;-1.492e-02;1.048e+00;4.999e+01;4.999e+01
20.636348000;1.039e+00;-5.378e-01;1.108e-03;-5.179e-01;1.067e-03;1.039e+00;-3.227e-01;6.650e-04;1.000e+01;-5.018e-01;-1.499e-02;1.048e+00;4.999e+01;4.999e+01
20.645348000;1.039e+00;-5.389e-01;1.143e-03;-5.189e-01;1.101e-03;1.039e+00;-3.233e-01;6.860e-04;1.000e+01;-5.028e-01;-1.504e-02;1.048e+00;4.999e+01;4.999e+01
20.646348000;1.038e+00;-5.390e-01;1.147e-03;-5.190e-01;1.104e-03;1.038e+00;-3.234e-01;6.880e-04;1.000e+01;-5.029e-01;-1.505e-02;1.048e+00;4.999e+01;4.999e+01
20.647348000;1.038e+00;-5.391e-01;1.150e-03;-5.191e-01;1.107e-03;1.038e+00;-3.235e-01;6.900e-04;1.000e+01;-5.030e-01;-1.506e-02;1.048e+00;4.999e+01;4.999e+01
20.652348000;1.038e+00;-5.397e-01;1.168e-03;-5.197e-01;1.125e-03;1.038e+00;-3.238e-01;7.010e-04;1.000e+01;-5.036e-01;-1.509e-02;1.048e+00;4.999e+01;4.999e+01
20.664348000;1.038e+00;-5.410e-01;1.215e-03;-5.209e-01;1.170e-03;1.038e+00;-3.246e-01;7.290e-04;1.000e+01;-5.048e-01;-1.516e-02;1.048e+00;4.999e+01;4.999e+01
20.667348000;1.038e+00;-5.413e-01;1.227e-03;-5.213e-01;1.181e-03;1.038e+00;-3.248e-01;7.360e-04;1.000e+01;-5.051e-01;-1.518e-02;1.048e+00;4.999e+01;4.999e+01
20.675348000;1.038e+00;-5.421e-01;1.257e-03;-5.221e-01;1.210e-03;1.038e+00;-3.253e-01;7.540e-04;1.000e+01;-5.060e-01;-1.523e-02;1.048e+00;4.999e+01;4.999e+01
20.678348000;1.038e+00;-5.424e-01;1.268e-03;-5.224e-01;1.221e-03;1.038e+00;-3.254e-01;7.610e-04;1.000e+01;-5.063e-01;-1.525e-02;1.048e+00;4.999e+01;4.999e+01
20.691348000;1.038e+00;-5.437e-01;1.318e-03;-5.236e-01;1.270e-03;1.038e+00;-3.262e-01;7.910e-04;1.000e+01;-5.075e-01;-1.533e-02;1.048e+00;4.999e+01;4.999e+01
20.693348000;1.038e+00;-5.438e-01;1.327e-03;-5.238e-01;1.278e-03;1.038e+00;-3.263e-01;7.960e-04;1.000e+01;-5.077e-01;-1.534e-02;1.048e+00;4.999e+01;4.999e+01
20.694348000;1.038e+00;-5.439e-01;1.330e-03;-5.239e-01;1.281e-03;1.038e+00;-3.264e-01;7.980e-04;1.000e+01;-5.078e-01;-1.534e-02;1.048e+00;5.000e+01;5.000e+01
20.697348000;1.038e+00;-5.442e-01;1.342e-03;-5.242e-01;1.292e-03;1.038e+00;-3.265e-01;8.050e-04;1.000e+01;-5.080e-01;-1.536e-02;1.048e+00;5.000e+01;5.000e+01
20.703348000;1.038e+00;-5.448e-01;1.365e-03;-5.247e-01;1.315e-03;1.038e+00;-3.269e-01;8.190e-04;1.000e+01;-5.086e-01;-1.540e-02;1.048e+00;5.000e+01;5.000e+01
20.711348000;1.038e+00;-5.455e-01;1.397e-03;-5.254e-01;1.345e-03;1.038e+00;-3.273e-01;8.380e-04;1.000e+01;-5.093e-01;-1.545e-02;1.048e+00;5.000e+01;5.000e+01
20.719348000;1.038e+00;-5.462e-01;1.428e-03;-5.261e-01;1.376e-03;1.038e+00;-3.277e-01;8.570e-04;1.000e+01;-5.100e-01;-1.549e-02;1.048e+00;5.000e+01;5.000e+01
20.724348000;1.038e+00;-5.466e-01;1.447e-03;-5.265e-01;1.393e-03;1.038e+00;-3.279e-01;8.680e-04;1.000e+01;-5.104e-01;-1.552e-02;1.048e+00;5.000e+01;5.000e+01
20.725348000;1.038e+00;-5.467e-01;1.452e-03;-5.265e-01;1.398e-03;1.038e+00;-3.280e-01;8.710e-04;1.000e+01;-5.104e-01;-1.553e-02;1.048e+00;5.000e+01;5.000e+01
20.727348000;1.038e+00;-5.468e-01;1.458e-03;-5.267e-01;1.405e-03;1.038e+00;-3.281e-01;8.750e-04;1.000e+01;-5.106e-01;-1.554e-02;1.048e+00;5.000e+01;5.000e+01
20.734348000;1.038e+00;-5.474e-01;1.487e-03;-5.273e-01;1.432e-03;1.038e+00;-3.284e-01;8.920e-04;1.000e+01;-5.111e-01;-1.558e-02;1.048e+00;5.000e+01;5.000e+01
20.764348000;1.038e+00;-5.496e-01;1.607e-03;-5.294e-01;1.548e-03;1.038e+00;-3.298e-01;9.640e-04;1.000e+01;-5.133e-01;-1.574e-02;1.048e+00;5.000e+01;5.000e+01
20.780348000;1.038e+00;-5.506e-01;1.670e-03;-5.305e-01;1.609e-03;1.038e+00;-3.304e-01;1.002e-03;1.000e+01;-5.144e-01;-1.583e-02;1.048e+00;5.000e+01;5.000e+01
20.785348000;1.038e+00;-5.510e-01;1.690e-03;-5.308e-01;1.628e-03;1.038e+00;-3.306e-01;1.014e-03;1.000e+01;-5.147e-01;-1.586e-02;1.048e+00;5.000e+01;5.000e+01
20.788348000;1.038e+00;-5.511e-01;1.703e-03;-5.310e-01;1.641e-03;1.038e+00;-3.307e-01;1.022e-03;1.000e+01;-5.148e-01;-1.588e-02;1.048e+00;5.000e+01;5.000e+01
20.793348000;1.038e+00;-5.514e-01;1.723e-03;-5.313e-01;1.660e-03;1.038e+00;-3.309e-01;1.034e-03;1.000e+01;-5.151e-01;-1.590e-02;1.048e+00;5.000e+01;5.000e+01
20.801348000;1.038e+00;-5.519e-01;1.755e-03;-5.317e-01;1.691e-03;1.038e+00;-3.312e-01;1.053e-03;1.000e+01;-5.156e-01;-1.594e-02;1.048e+00;5.000e+01;5.000e+01
20.816348000;1.038e+00;-5.528e-01;1.817e-03;-5.325e-01;1.750e-03;1.038e+00;-3.317e-01;1.090e-03;1.000e+01;-5.164e-01;-1.602e-02;1.048e+00;5.000e+01;5.000e+01
20.839348000;1.038e+00;-5.539e-01;1.910e-03;-5.337e-01;1.840e-03;1.038e+00;-3.324e-01;1.146e-03;1.000e+01;-5.176e-01;-1.614e-02;1.048e+00;5.000e+01;5.000e+01
20.859348000;1.038e+00;-5.548e-01;1.992e-03;-5.346e-01;1.919e-03;1.038e+00;-3.329e-01;1.195e-03;1.000e+01;-5.184e-01;-1.624e-02;1.048e+00;5.000e+01;5.000e+01
20.862348000;1.038e+00;-5.550e-01;2.003e-03;-5.347e-01;1.930e-03;1.038e+00;-3.330e-01;1.202e-03;1.000e+01;-5.186e-01;-1.626e-02;1.048e+00;5.000e+01;5.000e+01
20.872348000;1.038e+00;-5.554e-01;2.045e-03;-5.351e-01;1.970e-03;1.038e+00;-3.332e-01;1.227e-03;1.000e+01;-5.190e-01;-1.631e-02;1.048e+00;5.000e+01;5.000e+01
20.882348000;1.038e+00;-5.558e-01;2.087e-03;-5.355e-01;2.010e-03;1.038e+00;-3.335e-01;1.252e-03;1.000e+01;-5.193e-01;-1.635e-02;1.048e+00;5.000e+01;5.000e+01
20.915348000;1.038e+00;-5.569e-01;2.222e-03;-5.366e-01;2.141e-03;1.038e+00;-3.341e-01;1.333e-03;1.000e+01;-5.205e-01;-1.651e-02;1.048e+00;5.000e+01;5.000e+01
20.921348000;1.038e+00;-5.571e-01;2.247e-03;-5.368e-01;2.165e-03;1.038e+00;-3.343e-01;1.348e-03;1.000e+01;-5.206e-01;-1.654e-02;1.048e+00;5.000e+01;5.000e+01
20.935348000;1.038e+00;-5.575e-01;2.303e-03;-5.372e-01;2.219e-03;1.038e+00;-3.345e-01;1.382e-03;1.000e+01;-5.210e-01;-1.660e-02;1.048e+00;5.000e+01;5.000e+01
20.937348000;1.038e+00;-5.576e-01;2.312e-03;-5.372e-01;2.227e-03;1.038e+00;-3.345e-01;1.387e-03;1.000e+01;-5.211e-01;-1.661e-02;1.048e+00;5.000e+01;5.000e+01
20.957348000;1.038e+00;-5.581e-01;2.395e-03;-5.377e-01;2.308e-03;1.038e+00;-3.348e-01;1.437e-03;1.000e+01;-5.216e-01;-1.671e-02;1.048e+00;5.000e+01;5.000e+01
20.988348000;1.038e+00;-5.588e-01;2.522e-03;-5.384e-01;2.430e-03;1.038e+00;-3.353e-01;1.513e-03;1.000e+01;-5.223e-01;-1.684e-02;1.048e+00;5.000e+01;5.000e+01
21.005348000;1.038e+00;-5.591e-01;2.592e-03;-5.387e-01;2.497e-03;1.038e+00;-3.355e-01;1.555e-03;1.000e+01;-5.226e-01;-1.692e-02;1.048e+00;5.000e+01;5.000e+01
21.015348000;1.038e+00;-5.593e-01;2.633e-03;-5.389e-01;2.537e-03;1.038e+00;-3.356e-01;1.580e-03;1.000e+01;-5.227e-01;-1.696e-02;1.048e+00;5.000e+01;5.000e+01
21.027348000;1.038e+00;-5.595e-01;2.682e-03;-5.390e-01;2.584e-03;1.038e+00;-3.357e-01;1.609e-03;1.000e+01;-5.229e-01;-1.701e-02;1.048e+00;5.000e+01;5.000e+01
21.082348000;1.038e+00;-5.602e-01;2.907e-03;-5.397e-01;2.800e-03;1.038e+00;-3.361e-01;1.744e-03;1.000e+01;-5.236e-01;-1.724e-02;1.048e+00;5.000e+01;5.000e+01
21.112348000;1.038e+00;-5.604e-01;3.028e-03;-5.399e-01;2.918e-03;1.038e+00;-3.363e-01;1.817e-03;1.000e+01;-5.238e-01;-1.737e-02;1.048e+00;5.000e+01;5.000e+01
21.114348000;1.038e+00;-5.604e-01;3.037e-03;-5.399e-01;2.926e-03;1.038e+00;-3.363e-01;1.822e-03;1.000e+01;-5.238e-01;-1.738e-02;1.048e+00;5.000e+01;5.000e+01
21.115348000;1.038e+00;-5.604e-01;3.040e-03;-5.400e-01;2.929e-03;1.038e+00;-3.363e-01;1.824e-03;1.000e+01;-5.238e-01;-1.738e-02;1.048e+00;5.000e+01;5.000e+01
21.116348000;1.038e+00;-5.605e-01;3.045e-03;-5.400e-01;2.934e-03;1.038e+00;-3.363e-01;1.827e-03;1.000e+01;-5.238e-01;-1.738e-02;1.048e+00;5.000e+01;5.000e+01
21.146348000;1.038e+00;-5.606e-01;3.167e-03;-5.401e-01;3.051e-03;1.038e+00;-3.364e-01;1.900e-03;1.000e+01;-5.240e-01;-1.750e-02;1.048e+00;5.000e+01;5.000e+01
21.168348000;1.038e+00;-5.608e-01;3.255e-03;-5.402e-01;3.136e-03;1.038e+00;-3.365e-01;1.953e-03;1.000e+01;-5.241e-01;-1.759e-02;1.048e+00;5.000e+01;5.000e+01
21.183348000;1.038e+00;-5.608e-01;3.315e-03;-5.403e-01;3.194e-03;1.038e+00;-3.365e-01;1.989e-03;1.000e+01;-5.241e-01;-1.765e-02;1.048e+00;5.000e+01;5.000e+01
21.187348000;1.038e+00;-5.608e-01;3.330e-03;-5.403e-01;3.208e-03;1.038e+00;-3.365e-01;1.998e-03;1.000e+01;-5.242e-01;-1.766e-02;1.048e+00;5.000e+01;5.000e+01
21.217348000;1.038e+00;-5.609e-01;3.450e-03;-5.404e-01;3.324e-03;1.038e+00;-3.365e-01;2.070e-03;1.000e+01;-5.242e-01;-1.778e-02;1.048e+00;5.000e+01;5.000e+01
21.218348000;1.038e+00;-5.609e-01;3.453e-03;-5.404e-01;3.327e-03;1.038e+00;-3.366e-01;2.072e-03;1.000e+01;-5.242e-01;-1.778e-02;1.048e+00;5.000e+01;5.000e+01
21.237348000;1.038e+00;-5.610e-01;3.528e-03;-5.404e-01;3.399e-03;1.038e+00;-3.366e-01;2.117e-03;1.000e+01;-5.242e-01;-1.786e-02;1.048e+00;5.000e+01;5.000e+01
21.271348000;1.038e+00;-5.610e-01;3.662e-03;-5.404e-01;3.527e-03;1.038e+00;-3.366e-01;2.197e-03;1.000e+01;-5.242e-01;-1.799e-02;1.048e+00;5.000e+01;5.000e+01
21.357348000;1.038e+00;-5.609e-01;3.995e-03;-5.403e-01;3.848e-03;1.038e+00;-3.366e-01;2.397e-03;1.000e+01;-5.242e-01;-1.830e-02;1.048e+00;5.000e+01;5.000e+01
21.380348000;1.038e+00;-5.609e-01;4.083e-03;-5.403e-01;3.933e-03;1.038e+00;-3.366e-01;2.450e-03;1.000e+01;-5.241e-01;-1.838e-02;1.048e+00;5.000e+01;5.000e+01
21.383348000;1.038e+00;-5.609e-01;4.093e-03;-5.402e-01;3.942e-03;1.038e+00;-3.366e-01;2.456e-03;1.000e+01;-5.241e-01;-1.840e-02;1.048e+00;5.000e+01;5.000e+01
21.384348000;1.038e+00;-5.609e-01;4.098e-03;-5.402e-01;3.947e-03;1.038e+00;-3.365e-01;2.459e-03;1.000e+01;-5.241e-01;-1.840e-02;1.048e+00;5.000e+01;5.000e+01
21.402348000;1.038e+00;-5.609e-01;4.167e-03;-5.402e-01;4.013e-03;1.038e+00;-3.365e-01;2.500e-03;1.000e+01;-5.241e-01;-1.846e-02;1.048e+00;5.000e+01;5.000e+01
21.424348000;1.038e+00;-5.609e-01;4.248e-03;-5.402e-01;4.092e-03;1.038e+00;-3.365e-01;2.549e-03;1.000e+01;-5.240e-01;-1.854e-02;1.048e+00;5.000e+01;5.000e+01
21.426348000;1.038e+00;-5.608e-01;4.257e-03;-5.401e-01;4.100e-03;1.038e+00;-3.365e-01;2.554e-03;1.000e+01;-5.240e-01;-1.855e-02;1.048e+00;5.000e+01;5.000e+01
21.431348000;1.038e+00;-5.608e-01;4.275e-03;-5.401e-01;4.117e-03;1.038e+00;-3.365e-01;2.565e-03;1.000e+01;-5.240e-01;-1.857e-02;1.048e+00;5.000e+01;5.000e+01
21.479348000;1.038e+00;-5.608e-01;4.453e-03;-5.400e-01;4.289e-03;1.038e+00;-3.365e-01;2.672e-03;1.000e+01;-5.239e-01;-1.873e-02;1.048e+00;5.000e+01;5.000e+01
21.480348000;1.038e+00;-5.607e-01;4.457e-03;-5.400e-01;4.292e-03;1.038e+00;-3.364e-01;2.674e-03;1.000e+01;-5.239e-01;-1.874e-02;1.048e+00;5.000e+01;5.000e+01
21.529348000;1.038e+00;-5.607e-01;4.637e-03;-5.399e-01;4.465e-03;1.038e+00;-3.364e-01;2.782e-03;1.000e+01;-5.237e-01;-1.891e-02;1.048e+00;5.000e+01;5.000e+01
21.559348000;1.038e+00;-5.606e-01;4.745e-03;-5.398e-01;4.569e-03;1.038e+00;-3.364e-01;2.847e-03;1.000e+01;-5.237e-01;-1.901e-02;1.048e+00;5.000e+01;5.000e+01
21.564348000;1.038e+00;-5.606e-01;4.762e-03;-5.398e-01;4.585e-03;1.038e+00;-3.364e-01;2.857e-03;1.000e+01;-5.236e-01;-1.902e-02;1.048e+00;5.000e+01;5.000e+01
21.565348000;1.038e+00;-5.606e-01;4.765e-03;-5.398e-01;4.588e-03;1.038e+00;-3.363e-01;2.859e-03;1.000e+01;-5.236e-01;-1.903e-02;1.048e+00;5.000e+01;5.000e+01
21.566348000;1.039e+00;-5.606e-01;4.770e-03;-5.398e-01;4.593e-03;1.039e+00;-3.363e-01;2.862e-03;1.000e+01;-5.236e-01;-1.903e-02;1.048e+00;5.000e+01;5.000e+01
21.606348000;1.039e+00;-5.605e-01;4.912e-03;-5.397e-01;4.729e-03;1.039e+00;-3.363e-01;2.947e-03;1.000e+01;-5.235e-01;-1.917e-02;1.048e+00;5.000e+01;5.000e+01
21.655348000;1.039e+00;-5.604e-01;5.083e-03;-5.396e-01;4.894e-03;1.039e+00;-3.363e-01;3.050e-03;1.000e+01;-5.234e-01;-1.933e-02;1.048e+00;5.000e+01;5.000e+01
21.656348000;1.039e+00;-5.604e-01;5.087e-03;-5.396e-01;4.898e-03;1.039e+00;-3.362e-01;3.052e-03;1.000e+01;-5.234e-01;-1.933e-02;1.048e+00;5.000e+01;5.000e+01
21.673348000;1.039e+00;-5.604e-01;5.147e-03;-5.395e-01;4.955e-03;1.039e+00;-3.362e-01;3.088e-03;1.000e+01;-5.234e-01;-1.938e-02;1.048e+00;5.000e+01;5.000e+01
21.687348000;1.039e+00;-5.604e-01;5.195e-03;-5.395e-01;5.002e-03;1.039e+00;-3.362e-01;3.117e-03;1.000e+01;-5.234e-01;-1.943e-02;1.048e+00;5.000e+01;5.000e+01
21.718348000;1.039e+00;-5.603e-01;5.300e-03;-5.394e-01;5.103e-03;1.039e+00;-3.362e-01;3.180e-03;1.000e+01;-5.233e-01;-1.953e-02;1.048e+00;5.000e+01;5.000e+01
21.791348000;1.039e+00;-5.602e-01;5.545e-03;-5.393e-01;5.338e-03;1.039e+00;-3.361e-01;3.327e-03;1.000e+01;-5.231e-01;-1.976e-02;1.048e+00;5.000e+01;5.000e+01
21.792348000;1.039e+00;-5.602e-01;5.548e-03;-5.393e-01;5.341e-03;1.039e+00;-3.361e-01;3.329e-03;1.000e+01;-5.231e-01;-1.977e-02;1.048e+00;5.000e+01;5.000e+01
21.811348000;1.039e+00;-5.602e-01;5.612e-03;-5.393e-01;5.402e-03;1.039e+00;-3.361e-01;3.367e-03;1.000e+01;-5.231e-01;-1.982e-02;1.048e+00;5.000e+01;5.000e+01
21.813348000;1.039e+00;-5.602e-01;5.618e-03;-5.393e-01;5.408e-03;1.039e+00;-3.361e-01;3.371e-03;1.000e+01;-5.231e-01;-1.983e-02;1.048e+00;5.000e+01;5.000e+01
21.836348000;1.039e+00;-5.602e-01;5.693e-03;-5.392e-01;5.481e-03;1.039e+00;-3.361e-01;3.416e-03;1.000e+01;-5.231e-01;-1.990e-02;1.048e+00;5.000e+01;5.000e+01
21.857348000;1.039e+00;-5.601e-01;5.760e-03;-5.392e-01;5.545e-03;1.039e+00;-3.361e-01;3.456e-03;1.000e+01;-5.230e-01;-1.997e-02;1.048e+00;5.000e+01;5.000e+01
21.935348000;1.039e+00;-5.601e-01;6.008e-03;-5.391e-01;5.783e-03;1.039e+00;-3.361e-01;3.605e-03;1.000e+01;-5.229e-01;-2.020e-02;1.048e+00;5.000e+01;5.000e+01
21.936348000;1.039e+00;-5.601e-01;6.012e-03;-5.391e-01;5.786e-03;1.039e+00;-3.360e-01;3.607e-03;1.000e+01;-5.229e-01;-2.020e-02;1.048e+00;5.000e+01;5.000e+01
21.947348000;1.039e+00;-5.601e-01;6.047e-03;-5.391e-01;5.820e-03;1.039e+00;-3.360e-01;3.628e-03;1.000e+01;-5.229e-01;-2.024e-02;1.048e+00;5.000e+01;5.000e+01
21.960348000;1.039e+00;-5.601e-01;6.087e-03;-5.391e-01;5.858e-03;1.039e+00;-3.360e-01;3.652e-03;1.000e+01;-5.229e-01;-2.028e-02;1.048e+00;5.000e+01;5.000e+01
21.962348000;1.039e+00;-5.601e-01;6.093e-03;-5.391e-01;5.865e-03;1.039e+00;-3.360e-01;3.656e-03;1.000e+01;-5.229e-01;-2.028e-02;1.048e+00;5.000e+01;5.000e+01
22.074348000;1.039e+00;-5.600e-01;6.432e-03;-5.389e-01;6.190e-03;1.039e+00;-3.360e-01;3.859e-03;1.000e+01;-5.228e-01;-2.060e-02;1.048e+00;5.000e+01;5.000e+01
22.118348000;1.039e+00;-5.600e-01;6.560e-03;-5.389e-01;6.313e-03;1.039e+00;-3.360e-01;3.936e-03;1.000e+01;-5.227e-01;-2.073e-02;1.048e+00;5.000e+01;5.000e+01
22.155348000;1.039e+00;-5.600e-01;6.667e-03;-5.389e-01;6.416e-03;1.039e+00;-3.360e-01;4.000e-03;1.000e+01;-5.227e-01;-2.083e-02;1.048e+00;5.000e+01;5.000e+01
22.242348000;1.039e+00;-5.600e-01;6.908e-03;-5.388e-01;6.648e-03;1.039e+00;-3.360e-01;4.145e-03;1.000e+01;-5.226e-01;-2.106e-02;1.048e+00;5.000e+01;5.000e+01
22.272348000;1.039e+00;-5.600e-01;6.990e-03;-5.388e-01;6.726e-03;1.039e+00;-3.360e-01;4.194e-03;1.000e+01;-5.226e-01;-2.114e-02;1.048e+00;5.000e+01;5.000e+01
22.371348000;1.039e+00;-5.600e-01;7.252e-03;-5.388e-01;6.977e-03;1.039e+00;-3.360e-01;4.351e-03;1.000e+01;-5.226e-01;-2.138e-02;1.048e+00;5.000e+01;5.000e+01
22.390348000;1.039e+00;-5.600e-01;7.300e-03;-5.387e-01;7.024e-03;1.039e+00;-3.360e-01;4.380e-03;1.000e+01;-5.226e-01;-2.143e-02;1.048e+00;5.000e+01;5.000e+01
22.413348000;1.039e+00;-5.600e-01;7.358e-03;-5.387e-01;7.080e-03;1.039e+00;-3.360e-01;4.415e-03;1.000e+01;-5.226e-01;-2.149e-02;1.048e+00;5.000e+01;5.000e+01
22.452348000;1.039e+00;-5.599e-01;7.455e-03;-5.387e-01;7.172e-03;1.039e+00;-3.360e-01;4.473e-03;1.000e+01;-5.225e-01;-2.158e-02;1.048e+00;5.000e+01;5.000e+01
22.573348000;1.039e+00;-5.599e-01;7.743e-03;-5.387e-01;7.449e-03;1.039e+00;-3.360e-01;4.646e-03;1.000e+01;-5.225e-01;-2.185e-02;1.048e+00;5.000e+01;5.000e+01
22.574348000;1.040e+00;-5.599e-01;7.747e-03;-5.387e-01;7.452e-03;1.040e+00;-3.360e-01;4.648e-03;1.000e+01;-5.225e-01;-2.185e-02;1.048e+00;5.000e+01;5.000e+01
22.579348000;1.040e+00;-5.599e-01;7.758e-03;-5.387e-01;7.463e-03;1.040e+00;-3.360e-01;4.655e-03;1.000e+01;-5.225e-01;-2.187e-02;1.048e+00;5.000e+01;5.000e+01
22.587348000;1.040e+00;-5.600e-01;7.777e-03;-5.387e-01;7.481e-03;1.040e+00;-3.360e-01;4.666e-03;1.000e+01;-5.225e-01;-2.188e-02;1.048e+00;5.000e+01;5.000e+01
22.592348000;1.040e+00;-5.600e-01;7.787e-03;-5.387e-01;7.491e-03;1.040e+00;-3.360e-01;4.672e-03;1.000e+01;-5.225e-01;-2.190e-02;1.048e+00;5.000e+01;5.000e+01
22.595348000;1.040e+00;-5.600e-01;7.795e-03;-5.387e-01;7.499e-03;1.040e+00;-3.360e-01;4.677e-03;1.000e+01;-5.225e-01;-2.190e-02;1.048e+00;5.000e+01;5.000e+01
22.783348000;1.040e+00;-5.600e-01;8.202e-03;-5.386e-01;7.889e-03;1.040e+00;-3.360e-01;4.921e-03;1.000e+01;-5.224e-01;-2.229e-02;1.048e+00;5.000e+01;5.000e+01
22.801348000;1.040e+00;-5.600e-01;8.238e-03;-5.386e-01;7.924e-03;1.040e+00;-3.360e-01;4.943e-03;1.000e+01;-5.224e-01;-2.232e-02;1.048e+00;5.000e+01;5.000e+01
22.806348000;1.040e+00;-5.600e-01;8.248e-03;-5.386e-01;7.934e-03;1.040e+00;-3.360e-01;4.949e-03;1.000e+01;-5.224e-01;-2.233e-02;1.048e+00;5.000e+01;5.000e+01
22.892348000;1.040e+00;-5.600e-01;8.417e-03;-5.386e-01;8.095e-03;1.040e+00;-3.360e-01;5.050e-03;1.000e+01;-5.224e-01;-2.250e-02;1.048e+00;5.000e+01;5.000e+01
22.926348000;1.040e+00;-5.600e-01;8.482e-03;-5.386e-01;8.158e-03;1.040e+00;-3.360e-01;5.089e-03;1.000e+01;-5.224e-01;-2.256e-02;1.048e+00;5.000e+01;5.000e+01
23.048348000;1.040e+00;-5.600e-01;8.700e-03;-5.385e-01;8.367e-03;1.040e+00;-3.360e-01;5.220e-03;1.000e+01;-5.223e-01;-2.277e-02;1.048e+00;5.000e+01;5.000e+01
23.069348000;1.040e+00;-5.600e-01;8.737e-03;-5.385e-01;8.402e-03;1.040e+00;-3.360e-01;5.242e-03;1.000e+01;-5.223e-01;-2.280e-02;1.048e+00;5.000e+01;5.000e+01
23.070348000;1.040e+00;-5.600e-01;8.738e-03;-5.385e-01;8.404e-03;1.040e+00;-3.360e-01;5.243e-03;1.000e+01;-5.223e-01;-2.280e-02;1.048e+00;5.000e+01;5.000e+01
23.216348000;1.040e+00;-5.600e-01;8.973e-03;-5.385e-01;8.629e-03;1.040e+00;-3.360e-01;5.384e-03;1.000e+01;-5.223e-01;-2.303e-02;1.048e+00;5.000e+01;5.000e+01
23.312348000;1.040e+00;-5.600e-01;9.115e-03;-5.385e-01;8.765e-03;1.040e+00;-3.360e-01;5.469e-03;1.000e+01;-5.223e-01;-2.316e-02;1.048e+00;5.000e+01;5.000e+01
23.325348000;1.040e+00;-5.600e-01;9.133e-03;-5.385e-01;8.782e-03;1.040e+00;-3.360e-01;5.480e-03;1.000e+01;-5.222e-01;-2.318e-02;1.048e+00;5.000e+01;5.000e+01
23.331348000;1.040e+00;-5.600e-01;9.142e-03;-5.385e-01;8.790e-03;1.040e+00;-3.360e-01;5.485e-03;1.000e+01;-5.222e-01;-2.319e-02;1.048e+00;5.000e+01;5.000e+01
23.385348000;1.040e+00;-5.600e-01;9.215e-03;-5.384e-01;8.861e-03;1.040e+00;-3.360e-01;5.529e-03;1.000e+01;-5.222e-01;-2.326e-02;1.048e+00;5.000e+01;5.000e+01
23.553348000;1.040e+00;-5.600e-01;9.425e-03;-5.384e-01;9.062e-03;1.040e+00;-3.360e-01;5.655e-03;1.000e+01;-5.222e-01;-2.346e-02;1.048e+00;5.000e+01;5.000e+01
23.573348000;1.040e+00;-5.600e-01;9.448e-03;-5.384e-01;9.085e-03;1.040e+00;-3.360e-01;5.669e-03;1.000e+01;-5.222e-01;-2.348e-02;1.048e+00;5.000e+01;5.000e+01
23.576348000;1.040e+00;-5.600e-01;9.452e-03;-5.384e-01;9.088e-03;1.040e+00;-3.360e-01;5.671e-03;1.000e+01;-5.222e-01;-2.348e-02;1.048e+00;5.000e+01;5.000e+01
23.700348000;1.040e+00;-5.600e-01;9.585e-03;-5.384e-01;9.216e-03;1.040e+00;-3.360e-01;5.751e-03;1.000e+01;-5.222e-01;-2.361e-02;1.048e+00;5.000e+01;5.000e+01
23.708348000;1.040e+00;-5.600e-01;9.592e-03;-5.384e-01;9.222e-03;1.040e+00;-3.360e-01;5.755e-03;1.000e+01;-5.222e-01;-2.362e-02;1.048e+00;5.000e+01;5.000e+01
23.866348000;1.040e+00;-5.600e-01;9.740e-03;-5.384e-01;9.364e-03;1.040e+00;-3.360e-01;5.844e-03;1.000e+01;-5.221e-01;-2.375e-02;1.048e+00;5.000e+01;5.000e+01
23.868348000;1.040e+00;-5.600e-01;9.742e-03;-5.384e-01;9.366e-03;1.040e+00;-3.360e-01;5.845e-03;1.000e+01;-5.221e-01;-2.376e-02;1.048e+00;5.000e+01;5.000e+01
23.905348000;1.040e+00;-5.600e-01;9.772e-03;-5.383e-01;9.394e-03;1.040e+00;-3.360e-01;5.863e-03;1.000e+01;-5.221e-01;-2.379e-02;1.048e+00;5.000e+01;5.000e+01
23.916348000;1.040e+00;-5.600e-01;9.782e-03;-5.383e-01;9.404e-03;1.040e+00;-3.360e-01;5.869e-03;1.000e+01;-5.221e-01;-2.380e-02;1.048e+00;5.000e+01;5.000e+01
24.188646000;1.040e+00;-5.600e-01;9.975e-03;-5.383e-01;9.589e-03;1.040e+00;-3.360e-01;5.985e-03;1.000e+01;-5.221e-01;-2.398e-02;1.048e+00;5.000e+01;5.000e+01
24.207646000;1.040e+00;-5.600e-01;9.987e-03;-5.383e-01;9.601e-03;1.040e+00;-3.360e-01;5.992e-03;1.000e+01;-5.221e-01;-2.399e-02;1.048e+00;5.000e+01;5.000e+01
24.237646000;1.040e+00;-5.600e-01;1.001e-02;-5.383e-01;9.618e-03;1.040e+00;-3.360e-01;6.003e-03;1.000e+01;-5.221e-01;-2.401e-02;1.048e+00;5.000e+01;5.000e+01
24.303646000;1.040e+00;-5.600e-01;1.004e-02;-5.383e-01;9.655e-03;1.040e+00;-3.360e-01;6.026e-03;1.000e+01;-5.221e-01;-2.405e-02;1.048e+00;5.000e+01;5.000e+01
24.567169000;1.040e+00;-5.600e-01;1.018e-02;-5.383e-01;9.786e-03;1.040e+00;-3.360e-01;6.108e-03;1.000e+01;-5.221e-01;-2.417e-02;1.048e+00;5.000e+01;5.000e+01
24.625169000;1.040e+00;-5.600e-01;1.021e-02;-5.383e-01;9.810e-03;1.040e+00;-3.360e-01;6.123e-03;1.000e+01;-5.221e-01;-2.420e-02;1.048e+00;5.000e+01;5.000e+01
24.697169000;1.040e+00;-5.600e-01;1.023e-02;-5.383e-01;9.837e-03;1.040e+00;-3.360e-01;6.140e-03;1.000e+01;-5.221e-01;-2.423e-02;1.048e+00;5.000e+01;5.000e+01
24.896169000;1.040e+00;-5.600e-01;1.030e-02;-5.383e-01;9.898e-03;1.040e+00;-3.360e-01;6.178e-03;1.000e+01;-5.221e-01;-2.429e-02;1.048e+00;5.000e+01;5.000e+01
24.902169000;1.040e+00;-5.600e-01;1.030e-02;-5.383e-01;9.899e-03;1.040e+00;-3.360e-01;6.179e-03;1.000e+01;-5.221e-01;-2.429e-02;1.048e+00;5.000e+01;5.000e+01
24.913169000;1.040e+00;-5.600e-01;1.030e-02;-5.383e-01;9.901e-03;1.040e+00;-3.360e-01;6.180e-03;1.000e+01;-5.220e-01;-2.429e-02;1.048e+00;5.000e+01;5.000e+01
24.935169000;1.040e+00;-5.600e-01;1.031e-02;-5.383e-01;9.907e-03;1.040e+00;-3.360e-01;6.184e-03;1.000e+01;-5.220e-01;-2.430e-02;1.048e+00;5.000e+01;5.000e+01
24.970169000;1.040e+00;-5.600e-01;1.032e-02;-5.383e-01;9.915e-03;1.040e+00;-3.360e-01;6.189e-03;1.000e+01;-5.220e-01;-2.430e-02;1.048e+00;5.000e+01;5.000e+01
25.159169000;1.040e+00;-5.600e-01;1.035e-02;-5.383e-01;9.947e-03;1.040e+00;-3.360e-01;6.209e-03;1.000e+01;-5.220e-01;-2.434e-02;1.048e+00;5.000e+01;5.000e+01
25.258169000;1.040e+00;-5.600e-01;1.036e-02;-5.383e-01;9.960e-03;1.040e+00;-3.360e-01;6.217e-03;1.000e+01;-5.220e-01;-2.435e-02;1.048e+00;5.000e+01;5.000e+01
25.314169000;1.040e+00;-5.600e-01;1.037e-02;-5.383e-01;9.965e-03;1.040e+00;-3.360e-01;6.220e-03;1.000e+01;-5.220e-01;-2.435e-02;1.048e+00;5.000e+01;5.000e+01
25.654169000;1.040e+00;-5.600e-01;1.037e-02;-5.383e-01;9.971e-03;1.040e+00;-3.360e-01;6.224e-03;1.000e+01;-5.220e-01;-2.436e-02;1.048e+00;5.000e+01;5.000e+01
25.735169000;1.040e+00;-5.600e-01;1.037e-02;-5.383e-01;9.966e-03;1.040e+00;-3.360e-01;6.221e-03;1.000e+01;-5.220e-01;-2.436e-02;1.048e+00;5.000e+01;5.000e+01
25.784169000;1.040e+00;-5.600e-01;1.037e-02;-5.383e-01;9.965e-03;1.040e+00;-3.360e-01;6.220e-03;1.000e+01;-5.220e-01;-2.435e-02;1.048e+00;5.000e+01;5.000e+01
26.132169000;1.040e+00;-5.600e-01;1.033e-02;-5.383e-01;9.930e-03;1.040e+00;-3.360e-01;6.198e-03;1.000e+01;-5.220e-01;-2.432e-02;1.048e+00;5.000e+01;5.000e+01
26.156169000;1.040e+00;-5.600e-01;1.033e-02;-5.383e-01;9.926e-03;1.040e+00;-3.360e-01;6.196e-03;1.000e+01;-5.220e-01;-2.431e-02;1.048e+00;5.000e+01;5.000e+01
26.221169000;1.040e+00;-5.600e-01;1.032e-02;-5.383e-01;9.917e-03;1.040e+00;-3.360e-01;6.190e-03;1.000e+01;-5.220e-01;-2.431e-02;1.048e+00;5.000e+01;5.000e+01
26.359169000;1.040e+00;-5.600e-01;1.030e-02;-5.383e-01;9.896e-03;1.040e+00;-3.360e-01;6.177e-03;1.000e+01;-5.221e-01;-2.428e-02;1.048e+00;5.000e+01;5.000e+01
27.369225000;1.040e+00;-5.600e-01;1.010e-02;-5.383e-01;9.708e-03;1.040e+00;-3.360e-01;6.059e-03;1.000e+01;-5.221e-01;-2.410e-02;1.048e+00;5.000e+01;5.000e+01
27.394225000;1.040e+00;-5.600e-01;1.009e-02;-5.383e-01;9.703e-03;1.040e+00;-3.360e-01;6.056e-03;1.000e+01;-5.221e-01;-2.409e-02;1.048e+00;5.000e+01;5.000e+01
27.628225000;1.040e+00;-5.600e-01;1.005e-02;-5.383e-01;9.656e-03;1.040e+00;-3.360e-01;6.027e-03;1.000e+01;-5.221e-01;-2.405e-02;1.048e+00;5.000e+01;5.000e+01
27.632225000;1.040e+00;-5.600e-01;1.004e-02;-5.383e-01;9.655e-03;1.040e+00;-3.360e-01;6.026e-03;1.000e+01;-5.221e-01;-2.405e-02;1.048e+00;5.000e+01;5.000e+01
28.909908000;1.040e+00;-5.600e-01;9.763e-03;-5.384e-01;9.386e-03;1.040e+00;-3.360e-01;5.858e-03;1.000e+01;-5.221e-01;-2.378e-02;1.048e+00;5.000e+01;5.000e+01
29.075908000;1.040e+00;-5.600e-01;9.732e-03;-5.384e-01;9.356e-03;1.040e+00;-3.360e-01;5.839e-03;1.000e+01;-5.222e-01;-2.375e-02;1.048e+00;5.000e+01;5.000e+01
29.209908000;1.040e+00;-5.600e-01;9.708e-03;-5.384e-01;9.334e-03;1.040e+00;-3.360e-01;5.825e-03;1.000e+01;-5.222e-01;-2.372e-02;1.048e+00;5.000e+01;5.000e+01
29.244908000;1.040e+00;-5.600e-01;9.702e-03;-5.384e-01;9.327e-03;1.040e+00;-3.360e-01;5.821e-03;1.000e+01;-5.222e-01;-2.372e-02;1.048e+00;5.000e+01;5.000e+01
29.264908000;1.040e+00;-5.600e-01;9.698e-03;-5.384e-01;9.324e-03;1.040e+00;-3.360e-01;5.819e-03;1.000e+01;-5.222e-01;-2.372e-02;1.048e+00;5.000e+01;5.000e+01
29.428908000;1.040e+00;-5.600e-01;9.673e-03;-5.384e-01;9.300e-03;1.040e+00;-3.360e-01;5.804e-03;1.000e+01;-5.222e-01;-2.369e-02;1.048e+00;5.000e+01;5.000e+01
29.903908000;1.040e+00;-5.600e-01;9.618e-03;-5.384e-01;9.247e-03;1.040e+00;-3.360e-01;5.771e-03;1.000e+01;-5.222e-01;-2.364e-02;1.048e+00;5.000e+01;5.000e+01
29.966908000;1.040e+00;-5.600e-01;9.613e-03;-5.384e-01;9.243e-03;1.040e+00;-3.360e-01;5.768e-03;1.000e+01;-5.222e-01;-2.363e-02;1.048e+00;5.000e+01;5.000e+01
29.982908000;1.040e+00;-5.600e-01;9.612e-03;-5.384e-01;9.241e-03;1.040e+00;-3.360e-01;5.767e-03;1.000e+01;-5.222e-01;-2.363e-02;1.048e+00;5.000e+01;5.000e+01
30.025908000;1.040e+00;-5.600e-01;9.608e-03;-5.384e-01;9.238e-03;1.040e+00;-3.360e-01;5.765e-03;1.000e+01;-5.222e-01;-2.363e-02;1.048e+00;5.000e+01;5.000e+01
30.658908000;1.040e+00;-5.600e-01;9.582e-03;-5.384e-01;9.212e-03;1.040e+00;-3.360e-01;5.749e-03;1.000e+01;-5.222e-01;-2.360e-02;1.048e+00;5.000e+01;5.000e+01
30.689908000;1.040e+00;-5.600e-01;9.580e-03;-5.384e-01;9.211e-03;1.040e+00;-3.360e-01;5.748e-03;1.000e+01;-5.222e-01;-2.360e-02;1.048e+00;5.000e+01;5.000e+01
31.692908000;1.040e+00;-5.600e-01;9.602e-03;-5.384e-01;9.231e-03;1.040e+00;-3.360e-01;5.761e-03;1.000e+01;-5.222e-01;-2.363e-02;1.048e+00;5.000e+01;5.000e+01
31.726908000;1.040e+00;-5.600e-01;9.603e-03;-5.384e-01;9.233e-03;1.040e+00;-3.360e-01;5.762e-03;1.000e+01;-5.222e-01;-2.363e-02;1.048e+00;5.000e+01;5.000e+01
31.909908000;1.040e+00;-5.600e-01;9.613e-03;-5.384e-01;9.243e-03;1.040e+00;-3.360e-01;5.768e-03;1.000e+01;-5.222e-01;-2.363e-02;1.048e+00;5.000e+01;5.000e+01
33.665908000;1.040e+00;-5.600e-01;9.730e-03;-5.384e-01;9.355e-03;1.040e+00;-3.360e-01;5.838e-03;1.000e+01;-5.222e-01;-2.375e-02;1.048e+00;5.000e+01;5.000e+01
33.799908000;1.040e+00;-5.600e-01;9.738e-03;-5.384e-01;9.363e-03;1.040e+00;-3.360e-01;5.843e-03;1.000e+01;-5.221e-01;-2.375e-02;1.048e+00;5.000e+01;5.000e+01
33.854908000;1.040e+00;-5.600e-01;9.742e-03;-5.384e-01;9.366e-03;1.040e+00;-3.360e-01;5.845e-03;1.000e+01;-5.221e-01;-2.376e-02;1.048e+00;5.000e+01;5.000e+01
33.940908000;1.040e+00;-5.600e-01;9.747e-03;-5.384e-01;9.370e-03;1.040e+00;-3.360e-01;5.848e-03;1.000e+01;-5.221e-01;-2.376e-02;1.048e+00;5.000e+01;5.000e+01
34.912908000;1.040e+00;-5.600e-01;9.792e-03;-5.383e-01;9.414e-03;1.040e+00;-3.360e-01;5.875e-03;1.000e+01;-5.221e-01;-2.381e-02;1.048e+00;5.000e+01;5.000e+01
35.009908000;1.040e+00;-5.600e-01;9.797e-03;-5.383e-01;9.418e-03;1.040e+00;-3.360e-01;5.878e-03;1.000e+01;-5.221e-01;-2.381e-02;1.048e+00;5.000e+01;5.000e+01
35.106908000;1.040e+00;-5.600e-01;9.800e-03;-5.383e-01;9.422e-03;1.040e+00;-3.360e-01;5.880e-03;1.000e+01;-5.221e-01;-2.381e-02;1.048e+00;5.000e+01;5.000e+01
35.157908000;1.040e+00;-5.600e-01;9.802e-03;-5.383e-01;9.423e-03;1.040e+00;-3.360e-01;5.881e-03;1.000e+01;-5.221e-01;-2.381e-02;1.048e+00;5.000e+01;5.000e+01
36.395480000;1.040e+00;-5.600e-01;9.828e-03;-5.383e-01;9.449e-03;1.040e+00;-3.360e-01;5.897e-03;1.000e+01;-5.221e-01;-2.384e-02;1.048e+00;5.000e+01;5.000e+01
36.635480000;1.040e+00;-5.600e-01;9.832e-03;-5.383e-01;9.452e-03;1.040e+00;-3.360e-01;5.899e-03;1.000e+01;-5.221e-01;-2.384e-02;1.048e+00;5.000e+01;5.000e+01
38.151480000;1.040e+00;-5.600e-01;9.843e-03;-5.383e-01;9.463e-03;1.040e+00;-3.360e-01;5.906e-03;1.000e+01;-5.221e-01;-2.386e-02;1.048e+00;5.000e+01;5.000e+01
38.240480000;1.040e+00;-5.600e-01;9.845e-03;-5.383e-01;9.465e-03;1.040e+00;-3.360e-01;5.907e-03;1.000e+01;-5.221e-01;-2.386e-02;1.048e+00;5.000e+01;5.000e+01
38.691480000;1.040e+00;-5.600e-01;9.847e-03;-5.383e-01;9.466e-03;1.040e+00;-3.360e-01;5.908e-03;1.000e+01;-5.221e-01;-2.386e-02;1.048e+00;5.000e+01;5.000e+01
100.000000000;1.040e+00;-5.600e-01;9.838e-03;-5.383e-01;9.458e-03;1.040e+00;-3.360e-01;5.903e-03;1.000e+01;-5.221e-01;-2.385e-02;1.048e+00;5.000e+01;5.000e+01
