time;BusPDR_BUS_Voltage;BusPDR_BUS_ActivePower;BusPDR_BUS_ReactivePower;BusPDR_BUS_ActiveCurrent;BusPDR_BUS_ReactiveCurrent;Measurements_BUS_Voltage;Measurements_BUS_ActivePower;Measurements_BUS_ReactivePower;StepUp_Xfmr_XFMR_Tap;Bess_GEN_ActivePowerSetpointPu;Bess_GEN_AVRSetpointPu;Bess_GEN_InjectedActiveCurrent;Bess_GEN_InjectedReactiveCurrent
0.000000000;1.044e+00;6.667e-01;1.927e-10;6.383e-01;3.691e-09;1.044e+00;4.000e-01;4.306e-09;1.000e+01;6.668e-01;1.045e+00;6.382e-01;-9.534e-03
8.930248000;1.044e+00;6.667e-01;-1.067e-04;6.383e-01;-1.021e-04;1.044e+00;4.000e-01;-6.401e-05;1.000e+01;6.668e-01;1.045e+00;6.382e-01;-9.430e-03
8.931248000;1.045e+00;6.667e-01;-1.067e-04;6.383e-01;-1.021e-04;1.045e+00;4.000e-01;-6.401e-05;1.000e+01;6.668e-01;1.045e+00;6.382e-01;-9.430e-03
9.441248000;1.045e+00;6.667e-01;-1.533e-04;6.383e-01;-1.468e-04;1.045e+00;4.000e-01;-9.199e-05;1.000e+01;6.668e-01;1.045e+00;6.382e-01;-9.384e-03
10.132248000;1.045e+00;6.667e-01;-2.533e-04;6.382e-01;-2.425e-04;1.045e+00;4.000e-01;-1.520e-04;1.000e+01;6.668e-01;1.045e+00;6.382e-01;-9.288e-03
12.178248000;1.045e+00;6.667e-01;-1.107e-03;6.380e-01;-1.059e-03;1.045e+00;4.000e-01;-6.640e-04;1.000e+01;6.668e-01;1.045e+00;6.379e-01;-8.460e-03
12.301248000;1.045e+00;6.667e-01;-1.208e-03;6.379e-01;-1.156e-03;1.045e+00;4.000e-01;-7.250e-04;1.000e+01;6.668e-01;1.045e+00;6.379e-01;-8.360e-03
12.318248000;1.045e+00;6.667e-01;-1.223e-03;6.379e-01;-1.171e-03;1.045e+00;4.000e-01;-7.340e-04;1.000e+01;6.668e-01;1.045e+00;6.379e-01;-8.346e-03
12.352248000;1.045e+00;6.667e-01;-1.255e-03;6.379e-01;-1.201e-03;1.045e+00;4.000e-01;-7.530e-04;1.000e+01;6.668e-01;1.045e+00;6.379e-01;-8.316e-03
12.458248000;1.045e+00;6.667e-01;-1.353e-03;6.379e-01;-1.295e-03;1.045e+00;4.000e-01;-8.120e-04;1.000e+01;6.668e-01;1.045e+00;6.378e-01;-8.219e-03
12.505248000;1.045e+00;6.667e-01;-1.400e-03;6.379e-01;-1.339e-03;1.045e+00;4.000e-01;-8.400e-04;1.000e+01;6.668e-01;1.045e+00;6.378e-01;-8.174e-03
13.001248000;1.045e+00;6.667e-01;-2.003e-03;6.377e-01;-1.916e-03;1.045e+00;4.000e-01;-1.202e-03;1.000e+01;6.668e-01;1.045e+00;6.376e-01;-7.590e-03
13.002248000;1.046e+00;6.667e-01;-2.005e-03;6.377e-01;-1.918e-03;1.046e+00;4.000e-01;-1.203e-03;1.000e+01;6.668e-01;1.045e+00;6.376e-01;-7.589e-03
13.412248000;1.046e+00;6.667e-01;-2.695e-03;6.375e-01;-2.577e-03;1.046e+00;4.000e-01;-1.617e-03;1.000e+01;6.668e-01;1.045e+00;6.374e-01;-6.920e-03
13.927248000;1.046e+00;6.667e-01;-3.907e-03;6.371e-01;-3.733e-03;1.046e+00;4.000e-01;-2.344e-03;1.000e+01;6.668e-01;1.045e+00;6.371e-01;-5.746e-03
13.928248000;1.047e+00;6.667e-01;-3.910e-03;6.371e-01;-3.736e-03;1.047e+00;4.000e-01;-2.346e-03;1.000e+01;6.668e-01;1.045e+00;6.371e-01;-5.744e-03
14.249248000;1.047e+00;6.667e-01;-4.930e-03;6.368e-01;-4.709e-03;1.047e+00;4.000e-01;-2.958e-03;1.000e+01;6.668e-01;1.045e+00;6.368e-01;-4.758e-03
14.341248000;1.047e+00;6.667e-01;-5.268e-03;6.366e-01;-5.031e-03;1.047e+00;4.000e-01;-3.161e-03;1.000e+01;6.668e-01;1.045e+00;6.367e-01;-4.431e-03
14.415248000;1.047e+00;6.667e-01;-5.558e-03;6.366e-01;-5.307e-03;1.047e+00;4.000e-01;-3.335e-03;1.000e+01;6.668e-01;1.045e+00;6.366e-01;-4.152e-03
14.422248000;1.047e+00;6.667e-01;-5.585e-03;6.365e-01;-5.332e-03;1.047e+00;4.000e-01;-3.351e-03;1.000e+01;6.668e-01;1.045e+00;6.366e-01;-4.124e-03
14.477248000;1.047e+00;6.667e-01;-5.812e-03;6.365e-01;-5.548e-03;1.047e+00;4.000e-01;-3.487e-03;1.000e+01;6.668e-01;1.045e+00;6.365e-01;-3.906e-03
14.478248000;1.048e+00;6.667e-01;-5.817e-03;6.365e-01;-5.553e-03;1.048e+00;4.000e-01;-3.490e-03;1.000e+01;6.668e-01;1.045e+00;6.365e-01;-3.902e-03
14.637248000;1.048e+00;6.667e-01;-6.523e-03;6.363e-01;-6.225e-03;1.048e+00;4.000e-01;-3.914e-03;1.000e+01;6.668e-01;1.045e+00;6.363e-01;-3.219e-03
14.664248000;1.048e+00;6.667e-01;-6.652e-03;6.362e-01;-6.347e-03;1.048e+00;4.000e-01;-3.991e-03;1.000e+01;6.668e-01;1.045e+00;6.362e-01;-3.095e-03
14.871248000;1.048e+00;6.667e-01;-7.725e-03;6.359e-01;-7.368e-03;1.048e+00;4.000e-01;-4.635e-03;1.000e+01;6.668e-01;1.045e+00;6.359e-01;-2.060e-03
14.872248000;1.049e+00;6.667e-01;-7.732e-03;6.359e-01;-7.374e-03;1.049e+00;4.000e-01;-4.639e-03;1.000e+01;6.668e-01;1.045e+00;6.359e-01;-2.055e-03
15.100248000;1.049e+00;6.667e-01;-9.117e-03;6.355e-01;-8.689e-03;1.049e+00;4.000e-01;-5.470e-03;1.000e+01;6.668e-01;1.045e+00;6.355e-01;-7.210e-04
15.177248000;1.049e+00;6.667e-01;-9.638e-03;6.353e-01;-9.184e-03;1.049e+00;4.000e-01;-5.783e-03;1.000e+01;6.668e-01;1.045e+00;6.354e-01;-2.190e-04
15.178248000;1.050e+00;6.667e-01;-9.645e-03;6.353e-01;-9.190e-03;1.050e+00;4.000e-01;-5.787e-03;1.000e+01;6.668e-01;1.045e+00;6.354e-01;-2.130e-04
15.179248000;1.050e+00;6.667e-01;-9.652e-03;6.353e-01;-9.196e-03;1.050e+00;4.000e-01;-5.791e-03;1.000e+01;6.668e-01;1.045e+00;6.354e-01;-2.060e-04
15.308653000;1.050e+00;6.667e-01;-1.060e-02;6.350e-01;-1.009e-02;1.050e+00;4.000e-01;-6.359e-03;1.000e+01;6.668e-01;1.045e+00;6.351e-01;7.040e-04
15.308685000;1.050e+00;6.667e-01;-1.060e-02;6.350e-01;-1.010e-02;1.050e+00;4.000e-01;-6.360e-03;1.000e+01;6.668e-01;1.045e+00;6.351e-01;7.040e-04
15.318645000;1.050e+00;6.667e-01;-1.069e-02;6.350e-01;-1.018e-02;1.050e+00;4.000e-01;-6.416e-03;1.000e+01;6.668e-01;1.045e+00;6.350e-01;7.950e-04
15.322645000;1.050e+00;6.667e-01;-1.074e-02;6.350e-01;-1.023e-02;1.050e+00;4.000e-01;-6.445e-03;1.000e+01;6.668e-01;1.045e+00;6.350e-01;8.410e-04
15.323645000;1.050e+00;6.668e-01;-1.075e-02;6.350e-01;-1.024e-02;1.050e+00;4.001e-01;-6.452e-03;1.000e+01;6.668e-01;1.045e+00;6.350e-01;8.530e-04
15.351645000;1.050e+00;6.668e-01;-1.126e-02;6.349e-01;-1.072e-02;1.050e+00;4.001e-01;-6.753e-03;1.000e+01;6.668e-01;1.045e+00;6.350e-01;1.333e-03
15.353645000;1.050e+00;6.668e-01;-1.130e-02;6.349e-01;-1.076e-02;1.050e+00;4.001e-01;-6.782e-03;1.000e+01;6.668e-01;1.045e+00;6.349e-01;1.379e-03
15.362645000;1.050e+00;6.668e-01;-1.155e-02;6.348e-01;-1.099e-02;1.050e+00;4.001e-01;-6.928e-03;1.000e+01;6.668e-01;1.045e+00;6.349e-01;1.611e-03
15.363645000;1.050e+00;6.669e-01;-1.158e-02;6.348e-01;-1.102e-02;1.050e+00;4.001e-01;-6.946e-03;1.000e+01;6.668e-01;1.045e+00;6.349e-01;1.639e-03
15.364645000;1.050e+00;6.669e-01;-1.161e-02;6.348e-01;-1.105e-02;1.050e+00;4.001e-01;-6.964e-03;1.000e+01;6.668e-01;1.045e+00;6.349e-01;1.668e-03
15.365645000;1.051e+00;6.669e-01;-1.164e-02;6.348e-01;-1.108e-02;1.051e+00;4.001e-01;-6.982e-03;1.000e+01;6.668e-01;1.045e+00;6.349e-01;1.698e-03
15.378645000;1.051e+00;6.669e-01;-1.209e-02;6.347e-01;-1.151e-02;1.051e+00;4.001e-01;-7.256e-03;1.000e+01;6.668e-01;1.045e+00;6.348e-01;2.134e-03
15.379645000;1.051e+00;6.669e-01;-1.213e-02;6.347e-01;-1.155e-02;1.051e+00;4.002e-01;-7.280e-03;1.000e+01;6.668e-01;1.045e+00;6.348e-01;2.172e-03
15.385645000;1.051e+00;6.669e-01;-1.239e-02;6.347e-01;-1.179e-02;1.051e+00;4.002e-01;-7.432e-03;1.000e+01;6.668e-01;1.045e+00;6.348e-01;2.415e-03
15.386645000;1.051e+00;6.670e-01;-1.243e-02;6.346e-01;-1.183e-02;1.051e+00;4.002e-01;-7.459e-03;1.000e+01;6.668e-01;1.045e+00;6.347e-01;2.458e-03
15.407645000;1.051e+00;6.671e-01;-1.359e-02;6.344e-01;-1.292e-02;1.051e+00;4.002e-01;-8.151e-03;1.000e+01;6.668e-01;1.045e+00;6.345e-01;3.560e-03
15.408645000;1.052e+00;6.671e-01;-1.365e-02;6.344e-01;-1.298e-02;1.052e+00;4.003e-01;-8.191e-03;1.000e+01;6.668e-01;1.045e+00;6.345e-01;3.623e-03
15.412645000;1.052e+00;6.671e-01;-1.393e-02;6.344e-01;-1.324e-02;1.052e+00;4.003e-01;-8.356e-03;1.000e+01;6.668e-01;1.045e+00;6.345e-01;3.886e-03
15.414645000;1.052e+00;6.671e-01;-1.407e-02;6.343e-01;-1.338e-02;1.052e+00;4.003e-01;-8.443e-03;1.000e+01;6.668e-01;1.045e+00;6.345e-01;4.024e-03
15.415645000;1.052e+00;6.671e-01;-1.415e-02;6.343e-01;-1.345e-02;1.052e+00;4.003e-01;-8.488e-03;1.000e+01;6.668e-01;1.045e+00;6.344e-01;4.095e-03
15.416645000;1.052e+00;6.672e-01;-1.422e-02;6.343e-01;-1.352e-02;1.052e+00;4.003e-01;-8.533e-03;1.000e+01;6.668e-01;1.045e+00;6.344e-01;4.167e-03
15.426645000;1.052e+00;6.672e-01;-1.505e-02;6.341e-01;-1.430e-02;1.052e+00;4.003e-01;-9.031e-03;1.000e+01;6.668e-01;1.045e+00;6.343e-01;4.959e-03
15.427645000;1.052e+00;6.673e-01;-1.514e-02;6.341e-01;-1.439e-02;1.052e+00;4.004e-01;-9.086e-03;1.000e+01;6.668e-01;1.045e+00;6.343e-01;5.046e-03
15.430645000;1.052e+00;6.673e-01;-1.542e-02;6.341e-01;-1.466e-02;1.052e+00;4.004e-01;-9.255e-03;1.000e+01;6.668e-01;1.045e+00;6.342e-01;5.315e-03
15.431645000;1.052e+00;6.673e-01;-1.552e-02;6.340e-01;-1.475e-02;1.052e+00;4.004e-01;-9.313e-03;1.000e+01;6.668e-01;1.045e+00;6.342e-01;5.408e-03
15.432645000;1.052e+00;6.673e-01;-1.562e-02;6.340e-01;-1.484e-02;1.052e+00;4.004e-01;-9.373e-03;1.000e+01;6.668e-01;1.045e+00;6.342e-01;5.502e-03
15.433645000;1.053e+00;6.673e-01;-1.572e-02;6.340e-01;-1.494e-02;1.053e+00;4.004e-01;-9.433e-03;1.000e+01;6.668e-01;1.045e+00;6.342e-01;5.598e-03
15.436645000;1.053e+00;6.673e-01;-1.603e-02;6.339e-01;-1.523e-02;1.053e+00;4.004e-01;-9.620e-03;1.000e+01;6.668e-01;1.045e+00;6.341e-01;5.894e-03
15.437645000;1.053e+00;6.674e-01;-1.614e-02;6.339e-01;-1.533e-02;1.053e+00;4.004e-01;-9.684e-03;1.000e+01;6.668e-01;1.045e+00;6.341e-01;5.997e-03
15.441645000;1.053e+00;6.674e-01;-1.659e-02;6.338e-01;-1.575e-02;1.053e+00;4.004e-01;-9.953e-03;1.000e+01;6.668e-01;1.045e+00;6.340e-01;6.423e-03
15.442645000;1.053e+00;6.674e-01;-1.671e-02;6.338e-01;-1.586e-02;1.053e+00;4.005e-01;-1.002e-02;1.000e+01;6.668e-01;1.045e+00;6.340e-01;6.534e-03
15.449645000;1.053e+00;6.675e-01;-1.758e-02;6.336e-01;-1.668e-02;1.053e+00;4.005e-01;-1.055e-02;1.000e+01;6.668e-01;1.045e+00;6.338e-01;7.363e-03
15.450645000;1.054e+00;6.675e-01;-1.771e-02;6.336e-01;-1.681e-02;1.054e+00;4.005e-01;-1.063e-02;1.000e+01;6.668e-01;1.045e+00;6.338e-01;7.490e-03
15.451645000;1.054e+00;6.675e-01;-1.784e-02;6.336e-01;-1.694e-02;1.054e+00;4.005e-01;-1.071e-02;1.000e+01;6.668e-01;1.045e+00;6.338e-01;7.618e-03
15.452645000;1.054e+00;6.676e-01;-1.798e-02;6.336e-01;-1.707e-02;1.054e+00;4.005e-01;-1.079e-02;1.000e+01;6.668e-01;1.045e+00;6.337e-01;7.749e-03
15.453645000;1.054e+00;6.676e-01;-1.812e-02;6.335e-01;-1.720e-02;1.054e+00;4.005e-01;-1.087e-02;1.000e+01;6.668e-01;1.045e+00;6.337e-01;7.882e-03
15.454645000;1.054e+00;6.676e-01;-1.826e-02;6.335e-01;-1.733e-02;1.054e+00;4.006e-01;-1.096e-02;1.000e+01;6.668e-01;1.045e+00;6.337e-01;8.017e-03
15.459645000;1.054e+00;6.677e-01;-1.901e-02;6.334e-01;-1.803e-02;1.054e+00;4.006e-01;-1.141e-02;1.000e+01;6.668e-01;1.045e+00;6.336e-01;8.725e-03
15.463645000;1.054e+00;6.677e-01;-1.965e-02;6.332e-01;-1.863e-02;1.054e+00;4.006e-01;-1.179e-02;1.000e+01;6.668e-01;1.045e+00;6.334e-01;9.334e-03
15.464645000;1.055e+00;6.678e-01;-1.982e-02;6.332e-01;-1.879e-02;1.055e+00;4.007e-01;-1.189e-02;1.000e+01;6.668e-01;1.045e+00;6.334e-01;9.493e-03
15.469645000;1.055e+00;6.678e-01;-2.069e-02;6.330e-01;-1.961e-02;1.055e+00;4.007e-01;-1.242e-02;1.000e+01;6.668e-01;1.045e+00;6.332e-01;1.033e-02
15.470645000;1.055e+00;6.679e-01;-2.088e-02;6.330e-01;-1.979e-02;1.055e+00;4.007e-01;-1.253e-02;1.000e+01;6.668e-01;1.045e+00;6.332e-01;1.050e-02
15.472645000;1.055e+00;6.679e-01;-2.126e-02;6.329e-01;-2.014e-02;1.055e+00;4.007e-01;-1.275e-02;1.000e+01;6.668e-01;1.045e+00;6.331e-01;1.086e-02
15.473645000;1.055e+00;6.679e-01;-2.145e-02;6.329e-01;-2.032e-02;1.055e+00;4.008e-01;-1.287e-02;1.000e+01;6.668e-01;1.045e+00;6.331e-01;1.104e-02
15.474645000;1.055e+00;6.679e-01;-2.165e-02;6.328e-01;-2.051e-02;1.055e+00;4.008e-01;-1.299e-02;1.000e+01;6.668e-01;1.045e+00;6.331e-01;1.123e-02
15.475645000;1.056e+00;6.680e-01;-2.184e-02;6.328e-01;-2.069e-02;1.056e+00;4.008e-01;-1.311e-02;1.000e+01;6.668e-01;1.045e+00;6.330e-01;1.142e-02
15.477645000;1.056e+00;6.680e-01;-2.225e-02;6.327e-01;-2.108e-02;1.056e+00;4.008e-01;-1.335e-02;1.000e+01;6.668e-01;1.045e+00;6.330e-01;1.180e-02
15.479645000;1.056e+00;6.681e-01;-2.268e-02;6.326e-01;-2.147e-02;1.056e+00;4.008e-01;-1.361e-02;1.000e+01;6.668e-01;1.045e+00;6.329e-01;1.220e-02
15.480645000;1.056e+00;6.681e-01;-2.289e-02;6.326e-01;-2.168e-02;1.056e+00;4.008e-01;-1.374e-02;1.000e+01;6.668e-01;1.045e+00;6.328e-01;1.241e-02
15.481645000;1.056e+00;6.681e-01;-2.311e-02;6.325e-01;-2.188e-02;1.056e+00;4.009e-01;-1.387e-02;1.000e+01;6.668e-01;1.045e+00;6.328e-01;1.262e-02
15.483645000;1.056e+00;6.681e-01;-2.356e-02;6.325e-01;-2.230e-02;1.056e+00;4.009e-01;-1.414e-02;1.000e+01;6.668e-01;1.045e+00;6.327e-01;1.304e-02
15.484645000;1.057e+00;6.682e-01;-2.379e-02;6.324e-01;-2.252e-02;1.057e+00;4.009e-01;-1.428e-02;1.000e+01;6.668e-01;1.045e+00;6.327e-01;1.326e-02
15.487645000;1.057e+00;6.682e-01;-2.451e-02;6.323e-01;-2.319e-02;1.057e+00;4.009e-01;-1.471e-02;1.000e+01;6.668e-01;1.045e+00;6.325e-01;1.394e-02
15.488645000;1.057e+00;6.683e-01;-2.475e-02;6.322e-01;-2.342e-02;1.057e+00;4.010e-01;-1.485e-02;1.000e+01;6.668e-01;1.045e+00;6.325e-01;1.417e-02
15.489645000;1.057e+00;6.683e-01;-2.501e-02;6.322e-01;-2.366e-02;1.057e+00;4.010e-01;-1.500e-02;1.000e+01;6.668e-01;1.045e+00;6.325e-01;1.441e-02
15.491645000;1.057e+00;6.683e-01;-2.552e-02;6.321e-01;-2.413e-02;1.057e+00;4.010e-01;-1.531e-02;1.000e+01;6.668e-01;1.045e+00;6.324e-01;1.489e-02
15.492645000;1.058e+00;6.684e-01;-2.578e-02;6.320e-01;-2.438e-02;1.058e+00;4.010e-01;-1.547e-02;1.000e+01;6.668e-01;1.045e+00;6.323e-01;1.514e-02
15.493645000;1.058e+00;6.684e-01;-2.605e-02;6.320e-01;-2.463e-02;1.058e+00;4.010e-01;-1.563e-02;1.000e+01;6.668e-01;1.045e+00;6.323e-01;1.539e-02
15.494645000;1.058e+00;6.684e-01;-2.632e-02;6.319e-01;-2.488e-02;1.058e+00;4.011e-01;-1.579e-02;1.000e+01;6.668e-01;1.045e+00;6.322e-01;1.565e-02
15.495645000;1.058e+00;6.685e-01;-2.660e-02;6.319e-01;-2.514e-02;1.058e+00;4.011e-01;-1.596e-02;1.000e+01;6.668e-01;1.045e+00;6.322e-01;1.591e-02
15.498645000;1.058e+00;6.685e-01;-2.745e-02;6.317e-01;-2.594e-02;1.058e+00;4.011e-01;-1.647e-02;1.000e+01;6.668e-01;1.045e+00;6.320e-01;1.672e-02
15.499645000;1.058e+00;6.686e-01;-2.774e-02;6.316e-01;-2.621e-02;1.058e+00;4.011e-01;-1.665e-02;1.000e+01;6.668e-01;1.045e+00;6.320e-01;1.699e-02
15.500645000;1.059e+00;6.686e-01;-2.804e-02;6.316e-01;-2.649e-02;1.059e+00;4.012e-01;-1.683e-02;1.000e+01;6.668e-01;1.045e+00;6.319e-01;1.727e-02
15.504645000;1.059e+00;6.687e-01;-2.929e-02;6.313e-01;-2.765e-02;1.059e+00;4.012e-01;-1.757e-02;1.000e+01;6.668e-01;1.045e+00;6.317e-01;1.845e-02
15.505645000;1.059e+00;6.688e-01;-2.961e-02;6.313e-01;-2.795e-02;1.059e+00;4.013e-01;-1.777e-02;1.000e+01;6.668e-01;1.045e+00;6.316e-01;1.875e-02
15.506645000;1.060e+00;6.688e-01;-2.994e-02;6.312e-01;-2.826e-02;1.060e+00;4.013e-01;-1.796e-02;1.000e+01;6.668e-01;1.045e+00;6.315e-01;1.906e-02
15.509645000;1.060e+00;6.689e-01;-3.096e-02;6.310e-01;-2.921e-02;1.060e+00;4.013e-01;-1.858e-02;1.000e+01;6.668e-01;1.045e+00;6.314e-01;2.002e-02
15.510645000;1.060e+00;6.689e-01;-3.131e-02;6.309e-01;-2.953e-02;1.060e+00;4.014e-01;-1.879e-02;1.000e+01;6.668e-01;1.045e+00;6.313e-01;2.035e-02
15.511645000;1.060e+00;6.690e-01;-3.167e-02;6.309e-01;-2.987e-02;1.060e+00;4.014e-01;-1.900e-02;1.000e+01;6.668e-01;1.045e+00;6.312e-01;2.068e-02
15.512645000;1.061e+00;6.690e-01;-3.203e-02;6.308e-01;-3.020e-02;1.061e+00;4.014e-01;-1.922e-02;1.000e+01;6.668e-01;1.045e+00;6.312e-01;2.102e-02
15.513645000;1.061e+00;6.690e-01;-3.240e-02;6.307e-01;-3.055e-02;1.061e+00;4.014e-01;-1.944e-02;1.000e+01;6.668e-01;1.045e+00;6.311e-01;2.137e-02
15.514645000;1.061e+00;6.691e-01;-3.278e-02;6.306e-01;-3.089e-02;1.061e+00;4.015e-01;-1.967e-02;1.000e+01;6.668e-01;1.045e+00;6.310e-01;2.172e-02
15.516645000;1.061e+00;6.692e-01;-3.354e-02;6.305e-01;-3.161e-02;1.061e+00;4.015e-01;-2.013e-02;1.000e+01;6.668e-01;1.045e+00;6.309e-01;2.244e-02
15.517645000;1.062e+00;6.692e-01;-3.394e-02;6.304e-01;-3.197e-02;1.062e+00;4.015e-01;-2.036e-02;1.000e+01;6.668e-01;1.045e+00;6.308e-01;2.281e-02
15.518645000;1.062e+00;6.692e-01;-3.434e-02;6.303e-01;-3.234e-02;1.062e+00;4.015e-01;-2.060e-02;1.000e+01;6.668e-01;1.045e+00;6.307e-01;2.319e-02
15.519645000;1.062e+00;6.693e-01;-3.474e-02;6.303e-01;-3.272e-02;1.062e+00;4.016e-01;-2.084e-02;1.000e+01;6.668e-01;1.045e+00;6.307e-01;2.356e-02
15.521645000;1.062e+00;6.694e-01;-3.558e-02;6.301e-01;-3.349e-02;1.062e+00;4.016e-01;-2.134e-02;1.000e+01;6.668e-01;1.045e+00;6.305e-01;2.434e-02
15.522645000;1.063e+00;6.694e-01;-3.600e-02;6.300e-01;-3.388e-02;1.063e+00;4.016e-01;-2.160e-02;1.000e+01;6.668e-01;1.045e+00;6.304e-01;2.474e-02
15.523645000;1.063e+00;6.695e-01;-3.643e-02;6.299e-01;-3.428e-02;1.063e+00;4.017e-01;-2.186e-02;1.000e+01;6.668e-01;1.045e+00;6.304e-01;2.515e-02
15.525645000;1.063e+00;6.695e-01;-3.732e-02;6.298e-01;-3.510e-02;1.063e+00;4.017e-01;-2.239e-02;1.000e+01;6.668e-01;1.045e+00;6.302e-01;2.598e-02
15.526645000;1.063e+00;6.696e-01;-3.778e-02;6.297e-01;-3.552e-02;1.063e+00;4.018e-01;-2.267e-02;1.000e+01;6.668e-01;1.045e+00;6.301e-01;2.640e-02
15.527645000;1.064e+00;6.696e-01;-3.824e-02;6.296e-01;-3.595e-02;1.064e+00;4.018e-01;-2.294e-02;1.000e+01;6.668e-01;1.045e+00;6.300e-01;2.683e-02
15.529645000;1.064e+00;6.697e-01;-3.919e-02;6.294e-01;-3.683e-02;1.064e+00;4.018e-01;-2.351e-02;1.000e+01;6.668e-01;1.045e+00;6.299e-01;2.772e-02
15.530645000;1.064e+00;6.698e-01;-3.967e-02;6.293e-01;-3.727e-02;1.064e+00;4.019e-01;-2.380e-02;1.000e+01;6.668e-01;1.045e+00;6.298e-01;2.817e-02
15.531645000;1.065e+00;6.698e-01;-4.016e-02;6.292e-01;-3.773e-02;1.065e+00;4.019e-01;-2.410e-02;1.000e+01;6.668e-01;1.045e+00;6.297e-01;2.863e-02
15.532645000;1.065e+00;6.699e-01;-4.066e-02;6.291e-01;-3.819e-02;1.065e+00;4.019e-01;-2.440e-02;1.000e+01;6.668e-01;1.045e+00;6.296e-01;2.909e-02
15.533645000;1.065e+00;6.699e-01;-4.117e-02;6.290e-01;-3.866e-02;1.065e+00;4.020e-01;-2.470e-02;1.000e+01;6.668e-01;1.045e+00;6.295e-01;2.957e-02
15.534645000;1.065e+00;6.700e-01;-4.169e-02;6.289e-01;-3.913e-02;1.065e+00;4.020e-01;-2.501e-02;1.000e+01;6.668e-01;1.045e+00;6.294e-01;3.005e-02
15.535645000;1.066e+00;6.700e-01;-4.222e-02;6.288e-01;-3.962e-02;1.066e+00;4.020e-01;-2.533e-02;1.000e+01;6.668e-01;1.045e+00;6.293e-01;3.054e-02
15.536645000;1.066e+00;6.701e-01;-4.275e-02;6.287e-01;-4.011e-02;1.066e+00;4.021e-01;-2.565e-02;1.000e+01;6.668e-01;1.045e+00;6.292e-01;3.104e-02
15.538645000;1.066e+00;6.702e-01;-4.384e-02;6.285e-01;-4.112e-02;1.066e+00;4.021e-01;-2.631e-02;1.000e+01;6.668e-01;1.045e+00;6.290e-01;3.205e-02
15.539645000;1.067e+00;6.702e-01;-4.441e-02;6.284e-01;-4.163e-02;1.067e+00;4.021e-01;-2.664e-02;1.000e+01;6.668e-01;1.045e+00;6.289e-01;3.257e-02
15.541645000;1.067e+00;6.704e-01;-4.555e-02;6.282e-01;-4.269e-02;1.067e+00;4.022e-01;-2.733e-02;1.000e+01;6.668e-01;1.045e+00;6.287e-01;3.364e-02
15.542645000;1.067e+00;6.704e-01;-4.614e-02;6.281e-01;-4.323e-02;1.067e+00;4.023e-01;-2.769e-02;1.000e+01;6.668e-01;1.045e+00;6.286e-01;3.419e-02
15.543645000;1.068e+00;6.705e-01;-4.674e-02;6.279e-01;-4.378e-02;1.068e+00;4.023e-01;-2.805e-02;1.000e+01;6.668e-01;1.045e+00;6.285e-01;3.474e-02
15.544645000;1.068e+00;6.705e-01;-4.735e-02;6.278e-01;-4.433e-02;1.068e+00;4.023e-01;-2.841e-02;1.000e+01;6.668e-01;1.045e+00;6.284e-01;3.530e-02
15.545645000;1.068e+00;6.706e-01;-4.797e-02;6.277e-01;-4.490e-02;1.068e+00;4.024e-01;-2.878e-02;1.000e+01;6.668e-01;1.045e+00;6.283e-01;3.587e-02
15.546645000;1.069e+00;6.707e-01;-4.859e-02;6.276e-01;-4.547e-02;1.069e+00;4.024e-01;-2.916e-02;1.000e+01;6.668e-01;1.045e+00;6.282e-01;3.646e-02
15.547645000;1.069e+00;6.707e-01;-4.923e-02;6.275e-01;-4.606e-02;1.069e+00;4.024e-01;-2.954e-02;1.000e+01;6.668e-01;1.045e+00;6.281e-01;3.705e-02
15.548645000;1.069e+00;6.708e-01;-4.988e-02;6.273e-01;-4.665e-02;1.069e+00;4.025e-01;-2.993e-02;1.000e+01;6.668e-01;1.045e+00;6.279e-01;3.764e-02
15.549645000;1.070e+00;6.708e-01;-5.054e-02;6.272e-01;-4.725e-02;1.070e+00;4.025e-01;-3.033e-02;1.000e+01;6.668e-01;1.045e+00;6.278e-01;3.825e-02
15.550645000;1.070e+00;6.709e-01;-5.121e-02;6.271e-01;-4.787e-02;1.070e+00;4.025e-01;-3.073e-02;1.000e+01;6.668e-01;1.045e+00;6.277e-01;3.887e-02
15.552645000;1.071e+00;6.710e-01;-5.259e-02;6.268e-01;-4.912e-02;1.071e+00;4.026e-01;-3.155e-02;1.000e+01;6.668e-01;1.045e+00;6.275e-01;4.014e-02
15.555645000;1.072e+00;6.713e-01;-5.473e-02;6.264e-01;-5.108e-02;1.072e+00;4.028e-01;-3.284e-02;1.000e+01;6.668e-01;1.045e+00;6.271e-01;4.211e-02
15.557645000;1.072e+00;6.714e-01;-5.622e-02;6.261e-01;-5.243e-02;1.072e+00;4.028e-01;-3.373e-02;1.000e+01;6.668e-01;1.045e+00;6.268e-01;4.348e-02
15.558645000;1.073e+00;6.715e-01;-5.699e-02;6.260e-01;-5.313e-02;1.073e+00;4.029e-01;-3.419e-02;1.000e+01;6.668e-01;1.045e+00;6.267e-01;4.419e-02
15.559645000;1.073e+00;6.716e-01;-5.776e-02;6.258e-01;-5.383e-02;1.073e+00;4.029e-01;-3.466e-02;1.000e+01;6.668e-01;1.045e+00;6.266e-01;4.490e-02
15.560645000;1.073e+00;6.716e-01;-5.855e-02;6.257e-01;-5.455e-02;1.073e+00;4.030e-01;-3.513e-02;1.000e+01;6.668e-01;1.045e+00;6.264e-01;4.562e-02
15.561645000;1.074e+00;6.717e-01;-5.935e-02;6.255e-01;-5.527e-02;1.074e+00;4.030e-01;-3.561e-02;1.000e+01;6.668e-01;1.045e+00;6.263e-01;4.635e-02
15.562645000;1.074e+00;6.718e-01;-6.017e-02;6.254e-01;-5.601e-02;1.074e+00;4.031e-01;-3.610e-02;1.000e+01;6.668e-01;1.045e+00;6.261e-01;4.710e-02
15.563645000;1.075e+00;6.719e-01;-6.100e-02;6.252e-01;-5.676e-02;1.075e+00;4.031e-01;-3.660e-02;1.000e+01;6.668e-01;1.045e+00;6.260e-01;4.786e-02
15.564645000;1.075e+00;6.719e-01;-6.184e-02;6.251e-01;-5.753e-02;1.075e+00;4.032e-01;-3.710e-02;1.000e+01;6.668e-01;1.045e+00;6.258e-01;4.863e-02
15.566645000;1.076e+00;6.721e-01;-6.356e-02;6.248e-01;-5.909e-02;1.076e+00;4.033e-01;-3.814e-02;1.000e+01;6.668e-01;1.045e+00;6.255e-01;5.020e-02
15.568645000;1.077e+00;6.723e-01;-6.535e-02;6.244e-01;-6.070e-02;1.077e+00;4.034e-01;-3.921e-02;1.000e+01;6.668e-01;1.045e+00;6.252e-01;5.183e-02
15.569645000;1.077e+00;6.724e-01;-6.626e-02;6.243e-01;-6.152e-02;1.077e+00;4.034e-01;-3.976e-02;1.000e+01;6.668e-01;1.045e+00;6.251e-01;5.266e-02
15.570645000;1.078e+00;6.725e-01;-6.719e-02;6.241e-01;-6.236e-02;1.078e+00;4.035e-01;-4.031e-02;1.000e+01;6.668e-01;1.045e+00;6.249e-01;5.351e-02
15.571645000;1.078e+00;6.725e-01;-6.813e-02;6.239e-01;-6.321e-02;1.078e+00;4.035e-01;-4.088e-02;1.000e+01;6.668e-01;1.045e+00;6.247e-01;5.436e-02
15.572645000;1.078e+00;6.726e-01;-6.909e-02;6.237e-01;-6.407e-02;1.078e+00;4.036e-01;-4.145e-02;1.000e+01;6.668e-01;1.045e+00;6.246e-01;5.524e-02
15.573645000;1.079e+00;6.727e-01;-7.007e-02;6.235e-01;-6.495e-02;1.079e+00;4.036e-01;-4.204e-02;1.000e+01;6.668e-01;1.045e+00;6.244e-01;5.612e-02
15.574645000;1.079e+00;6.728e-01;-7.106e-02;6.234e-01;-6.584e-02;1.079e+00;4.037e-01;-4.264e-02;1.000e+01;6.668e-01;1.045e+00;6.242e-01;5.702e-02
15.575645000;1.080e+00;6.729e-01;-7.207e-02;6.232e-01;-6.674e-02;1.080e+00;4.037e-01;-4.324e-02;1.000e+01;6.668e-01;1.045e+00;6.241e-01;5.794e-02
15.577645000;1.081e+00;6.731e-01;-7.413e-02;6.228e-01;-6.859e-02;1.081e+00;4.039e-01;-4.448e-02;1.000e+01;6.668e-01;1.045e+00;6.237e-01;5.980e-02
15.580645000;1.082e+00;6.734e-01;-7.737e-02;6.222e-01;-7.148e-02;1.082e+00;4.040e-01;-4.642e-02;1.000e+01;6.668e-01;1.045e+00;6.231e-01;6.272e-02
15.584645000;1.084e+00;6.738e-01;-8.193e-02;6.214e-01;-7.555e-02;1.084e+00;4.043e-01;-4.916e-02;1.000e+01;6.668e-01;1.045e+00;6.224e-01;6.683e-02
15.585645000;1.085e+00;6.739e-01;-8.312e-02;6.211e-01;-7.661e-02;1.085e+00;4.044e-01;-4.987e-02;1.000e+01;6.668e-01;1.045e+00;6.222e-01;6.790e-02
15.586645000;1.086e+00;6.741e-01;-8.433e-02;6.209e-01;-7.768e-02;1.086e+00;4.044e-01;-5.060e-02;1.000e+01;6.668e-01;1.045e+00;6.220e-01;6.898e-02
15.588645000;1.087e+00;6.743e-01;-8.680e-02;6.205e-01;-7.988e-02;1.087e+00;4.046e-01;-5.208e-02;1.000e+01;6.668e-01;1.045e+00;6.215e-01;7.120e-02
15.589645000;1.087e+00;6.744e-01;-8.807e-02;6.202e-01;-8.100e-02;1.087e+00;4.046e-01;-5.284e-02;1.000e+01;6.668e-01;1.045e+00;6.213e-01;7.233e-02
15.591645000;1.089e+00;6.746e-01;-9.068e-02;6.198e-01;-8.330e-02;1.089e+00;4.048e-01;-5.441e-02;1.000e+01;6.668e-01;1.045e+00;6.209e-01;7.466e-02
15.592645000;1.089e+00;6.748e-01;-9.201e-02;6.195e-01;-8.448e-02;1.089e+00;4.049e-01;-5.521e-02;1.000e+01;6.668e-01;1.045e+00;6.207e-01;7.585e-02
15.593645000;1.090e+00;6.749e-01;-9.337e-02;6.193e-01;-8.568e-02;1.090e+00;4.049e-01;-5.602e-02;1.000e+01;6.668e-01;1.045e+00;6.204e-01;7.706e-02
15.594645000;1.090e+00;6.750e-01;-9.475e-02;6.190e-01;-8.689e-02;1.090e+00;4.050e-01;-5.685e-02;1.000e+01;6.668e-01;1.045e+00;6.202e-01;7.828e-02
15.595645000;1.091e+00;6.751e-01;-9.615e-02;6.188e-01;-8.813e-02;1.091e+00;4.051e-01;-5.769e-02;1.000e+01;6.668e-01;1.045e+00;6.200e-01;7.953e-02
15.596645000;1.092e+00;6.753e-01;-9.758e-02;6.185e-01;-8.938e-02;1.092e+00;4.052e-01;-5.855e-02;1.000e+01;6.668e-01;1.045e+00;6.197e-01;8.080e-02
15.597645000;1.092e+00;6.754e-01;-9.903e-02;6.183e-01;-9.066e-02;1.092e+00;4.052e-01;-5.942e-02;1.000e+01;6.668e-01;1.045e+00;6.195e-01;8.208e-02
15.602645000;1.096e+00;6.761e-01;-1.067e-01;6.169e-01;-9.733e-02;1.096e+00;4.057e-01;-6.399e-02;1.000e+01;6.668e-01;1.045e+00;6.182e-01;8.882e-02
15.603645000;1.097e+00;6.762e-01;-1.083e-01;6.167e-01;-9.872e-02;1.097e+00;4.057e-01;-6.496e-02;1.000e+01;6.668e-01;1.045e+00;6.180e-01;9.023e-02
15.604645000;1.097e+00;6.764e-01;-1.099e-01;6.164e-01;-1.001e-01;1.097e+00;4.058e-01;-6.594e-02;1.000e+01;6.668e-01;1.045e+00;6.177e-01;9.166e-02
15.607645000;1.100e+00;6.768e-01;-1.150e-01;6.155e-01;-1.045e-01;1.100e+00;4.061e-01;-6.897e-02;1.000e+01;6.668e-01;1.045e+00;6.169e-01;9.609e-02
15.608645000;1.100e+00;6.770e-01;-1.167e-01;6.152e-01;-1.060e-01;1.100e+00;4.062e-01;-7.002e-02;1.000e+01;6.668e-01;1.045e+00;6.166e-01;9.762e-02
15.609645000;1.101e+00;6.771e-01;-1.185e-01;6.149e-01;-1.076e-01;1.101e+00;4.063e-01;-7.108e-02;1.000e+01;6.668e-01;1.045e+00;6.163e-01;9.916e-02
15.612645000;1.104e+00;6.776e-01;-1.240e-01;6.139e-01;-1.123e-01;1.104e+00;4.066e-01;-7.439e-02;1.000e+01;6.668e-01;1.045e+00;6.154e-01;1.040e-01
15.613645000;1.105e+00;6.778e-01;-1.259e-01;6.136e-01;-1.140e-01;1.105e+00;4.067e-01;-7.552e-02;1.000e+01;6.668e-01;1.045e+00;6.151e-01;1.056e-01
15.614645000;1.105e+00;6.780e-01;-1.278e-01;6.133e-01;-1.156e-01;1.105e+00;4.068e-01;-7.668e-02;1.000e+01;6.668e-01;1.045e+00;6.148e-01;1.073e-01
15.616645000;1.107e+00;6.783e-01;-1.318e-01;6.126e-01;-1.190e-01;1.107e+00;4.070e-01;-7.906e-02;1.000e+01;6.668e-01;1.045e+00;6.142e-01;1.107e-01
15.618645000;1.109e+00;6.786e-01;-1.359e-01;6.119e-01;-1.225e-01;1.109e+00;4.072e-01;-8.152e-02;1.000e+01;6.668e-01;1.045e+00;6.135e-01;1.142e-01
15.622645000;1.113e+00;6.794e-01;-1.445e-01;6.105e-01;-1.298e-01;1.113e+00;4.076e-01;-8.669e-02;1.000e+01;6.668e-01;1.045e+00;6.121e-01;1.216e-01
15.623645000;1.114e+00;6.796e-01;-1.467e-01;6.101e-01;-1.317e-01;1.114e+00;4.077e-01;-8.804e-02;1.000e+01;6.668e-01;1.045e+00;6.118e-01;1.235e-01
15.624645000;1.115e+00;6.798e-01;-1.490e-01;6.097e-01;-1.337e-01;1.115e+00;4.079e-01;-8.942e-02;1.000e+01;6.668e-01;1.045e+00;6.114e-01;1.255e-01
15.627645000;1.118e+00;6.804e-01;-1.561e-01;6.085e-01;-1.396e-01;1.118e+00;4.082e-01;-9.368e-02;1.000e+01;6.668e-01;1.045e+00;6.103e-01;1.315e-01
15.628645000;1.119e+00;6.806e-01;-1.586e-01;6.081e-01;-1.417e-01;1.119e+00;4.083e-01;-9.515e-02;1.000e+01;6.668e-01;1.045e+00;6.099e-01;1.336e-01
15.629645000;1.120e+00;6.808e-01;-1.611e-01;6.077e-01;-1.438e-01;1.120e+00;4.085e-01;-9.665e-02;1.000e+01;6.668e-01;1.045e+00;6.096e-01;1.357e-01
15.630645000;1.121e+00;6.810e-01;-1.636e-01;6.073e-01;-1.459e-01;1.121e+00;4.086e-01;-9.817e-02;1.000e+01;6.668e-01;1.045e+00;6.092e-01;1.378e-01
15.631645000;1.122e+00;6.812e-01;-1.662e-01;6.069e-01;-1.481e-01;1.122e+00;4.087e-01;-9.972e-02;1.000e+01;6.668e-01;1.045e+00;6.088e-01;1.400e-01
15.633645000;1.125e+00;6.816e-01;-1.715e-01;6.060e-01;-1.525e-01;1.125e+00;4.090e-01;-1.029e-01;1.000e+01;6.668e-01;1.045e+00;6.080e-01;1.445e-01
15.634645000;1.126e+00;6.819e-01;-1.742e-01;6.056e-01;-1.547e-01;1.126e+00;4.091e-01;-1.045e-01;1.000e+01;6.668e-01;1.045e+00;6.076e-01;1.467e-01
15.635645000;1.127e+00;6.821e-01;-1.770e-01;6.051e-01;-1.570e-01;1.127e+00;4.093e-01;-1.062e-01;1.000e+01;6.668e-01;1.045e+00;6.072e-01;1.490e-01
15.637645000;1.130e+00;6.825e-01;-1.827e-01;6.042e-01;-1.617e-01;1.130e+00;4.095e-01;-1.096e-01;1.000e+01;6.668e-01;1.045e+00;6.063e-01;1.538e-01
15.638645000;1.131e+00;6.828e-01;-1.856e-01;6.038e-01;-1.641e-01;1.131e+00;4.097e-01;-1.114e-01;1.000e+01;6.668e-01;1.045e+00;6.059e-01;1.562e-01
15.640645000;1.133e+00;6.833e-01;-1.916e-01;6.028e-01;-1.690e-01;1.133e+00;4.100e-01;-1.149e-01;1.000e+01;6.668e-01;1.045e+00;6.050e-01;1.611e-01
15.642645000;1.136e+00;6.838e-01;-1.978e-01;6.019e-01;-1.741e-01;1.136e+00;4.103e-01;-1.187e-01;1.000e+01;6.668e-01;1.045e+00;6.041e-01;1.662e-01
15.643645000;1.137e+00;6.840e-01;-2.009e-01;6.014e-01;-1.767e-01;1.137e+00;4.104e-01;-1.206e-01;1.000e+01;6.668e-01;1.045e+00;6.036e-01;1.689e-01
15.645645000;1.140e+00;6.845e-01;-2.075e-01;6.003e-01;-1.820e-01;1.140e+00;4.107e-01;-1.245e-01;1.000e+01;6.668e-01;1.045e+00;6.026e-01;1.742e-01
15.646645000;1.142e+00;6.848e-01;-2.108e-01;5.998e-01;-1.847e-01;1.142e+00;4.109e-01;-1.265e-01;1.000e+01;6.668e-01;1.045e+00;6.022e-01;1.769e-01
15.647645000;1.143e+00;6.850e-01;-2.142e-01;5.993e-01;-1.874e-01;1.143e+00;4.110e-01;-1.285e-01;1.000e+01;6.668e-01;1.045e+00;6.017e-01;1.797e-01
15.648645000;1.145e+00;6.853e-01;-2.177e-01;5.988e-01;-1.902e-01;1.145e+00;4.112e-01;-1.306e-01;1.000e+01;6.668e-01;1.045e+00;6.012e-01;1.825e-01
15.650645000;1.148e+00;6.859e-01;-2.249e-01;5.977e-01;-1.960e-01;1.148e+00;4.115e-01;-1.349e-01;1.000e+01;6.668e-01;1.045e+00;6.002e-01;1.883e-01
15.651645000;1.149e+00;6.861e-01;-2.285e-01;5.971e-01;-1.989e-01;1.149e+00;4.117e-01;-1.371e-01;1.000e+01;6.668e-01;1.045e+00;5.996e-01;1.913e-01
15.652645000;1.151e+00;6.864e-01;-2.323e-01;5.966e-01;-2.019e-01;1.151e+00;4.119e-01;-1.394e-01;1.000e+01;6.668e-01;1.045e+00;5.991e-01;1.942e-01
15.653645000;1.152e+00;6.867e-01;-2.360e-01;5.960e-01;-2.049e-01;1.152e+00;4.120e-01;-1.416e-01;1.000e+01;6.668e-01;1.045e+00;5.986e-01;1.973e-01
15.654645000;1.154e+00;6.870e-01;-2.399e-01;5.955e-01;-2.079e-01;1.154e+00;4.122e-01;-1.439e-01;1.000e+01;6.668e-01;1.045e+00;5.980e-01;2.004e-01
15.656645000;1.157e+00;6.876e-01;-2.479e-01;5.943e-01;-2.142e-01;1.157e+00;4.126e-01;-1.487e-01;1.000e+01;6.668e-01;1.045e+00;5.969e-01;2.067e-01
15.657645000;1.159e+00;6.879e-01;-2.519e-01;5.937e-01;-2.174e-01;1.159e+00;4.127e-01;-1.512e-01;1.000e+01;6.668e-01;1.045e+00;5.964e-01;2.099e-01
15.660645000;1.164e+00;6.888e-01;-2.646e-01;5.918e-01;-2.273e-01;1.164e+00;4.133e-01;-1.588e-01;1.000e+01;6.668e-01;1.045e+00;5.946e-01;2.199e-01
15.662645000;1.167e+00;6.895e-01;-2.734e-01;5.906e-01;-2.342e-01;1.167e+00;4.137e-01;-1.641e-01;1.000e+01;6.668e-01;1.045e+00;5.934e-01;2.269e-01
15.663645000;1.169e+00;6.898e-01;-2.780e-01;5.899e-01;-2.377e-01;1.169e+00;4.139e-01;-1.668e-01;1.000e+01;6.668e-01;1.045e+00;5.928e-01;2.304e-01
15.664645000;1.171e+00;6.901e-01;-2.826e-01;5.893e-01;-2.413e-01;1.171e+00;4.141e-01;-1.696e-01;1.000e+01;6.668e-01;1.045e+00;5.922e-01;2.340e-01
15.666645000;1.175e+00;6.908e-01;-2.921e-01;5.880e-01;-2.486e-01;1.175e+00;4.145e-01;-1.753e-01;1.000e+01;6.668e-01;1.045e+00;5.910e-01;2.414e-01
15.670645000;1.183e+00;6.922e-01;-3.122e-01;5.852e-01;-2.639e-01;1.183e+00;4.153e-01;-1.873e-01;1.000e+01;6.668e-01;1.045e+00;5.883e-01;2.568e-01
15.671645000;1.185e+00;6.926e-01;-3.175e-01;5.845e-01;-2.679e-01;1.185e+00;4.156e-01;-1.905e-01;1.000e+01;6.668e-01;1.045e+00;5.877e-01;2.608e-01
15.673645000;1.189e+00;6.933e-01;-3.282e-01;5.830e-01;-2.760e-01;1.189e+00;4.160e-01;-1.969e-01;1.000e+01;6.668e-01;1.045e+00;5.863e-01;2.690e-01
15.674645000;1.191e+00;6.937e-01;-3.338e-01;5.823e-01;-2.802e-01;1.191e+00;4.162e-01;-2.003e-01;1.000e+01;6.668e-01;1.045e+00;5.856e-01;2.732e-01
15.675645000;1.194e+00;6.941e-01;-3.395e-01;5.815e-01;-2.844e-01;1.194e+00;4.165e-01;-2.037e-01;1.000e+01;6.668e-01;1.045e+00;5.849e-01;2.774e-01
15.676645000;1.196e+00;6.945e-01;-3.452e-01;5.808e-01;-2.887e-01;1.196e+00;4.167e-01;-2.071e-01;1.000e+01;6.668e-01;1.045e+00;5.842e-01;2.817e-01
15.677645000;1.198e+00;6.949e-01;-3.511e-01;5.800e-01;-2.930e-01;1.198e+00;4.169e-01;-2.106e-01;1.000e+01;6.668e-01;1.045e+00;5.834e-01;2.861e-01
15.678645000;1.200e+00;6.953e-01;-3.571e-01;5.792e-01;-2.975e-01;1.200e+00;4.172e-01;-2.142e-01;1.000e+01;6.668e-01;1.045e+00;5.827e-01;2.906e-01
15.680645000;1.205e+00;6.961e-01;-3.693e-01;5.776e-01;-3.065e-01;1.205e+00;4.176e-01;-2.216e-01;1.000e+01;6.668e-01;1.045e+00;5.812e-01;2.997e-01
15.681645000;1.207e+00;6.965e-01;-3.757e-01;5.768e-01;-3.111e-01;1.207e+00;4.179e-01;-2.254e-01;1.000e+01;6.668e-01;1.045e+00;5.804e-01;3.043e-01
15.682645000;1.210e+00;6.969e-01;-3.821e-01;5.760e-01;-3.158e-01;1.210e+00;4.181e-01;-2.293e-01;1.000e+01;6.668e-01;1.045e+00;5.797e-01;3.090e-01
15.683645000;1.212e+00;6.973e-01;-3.887e-01;5.752e-01;-3.206e-01;1.212e+00;4.184e-01;-2.332e-01;1.000e+01;6.668e-01;1.045e+00;5.789e-01;3.138e-01
15.684645000;1.215e+00;6.978e-01;-3.953e-01;5.743e-01;-3.254e-01;1.215e+00;4.187e-01;-2.372e-01;1.000e+01;6.668e-01;1.045e+00;5.781e-01;3.187e-01
15.687645000;1.223e+00;6.991e-01;-4.162e-01;5.718e-01;-3.404e-01;1.223e+00;4.194e-01;-2.497e-01;1.000e+01;6.668e-01;1.045e+00;5.756e-01;3.338e-01
15.689645000;1.228e+00;7.000e-01;-4.307e-01;5.700e-01;-3.507e-01;1.228e+00;4.200e-01;-2.584e-01;1.000e+01;6.668e-01;1.045e+00;5.740e-01;3.442e-01
15.690645000;1.231e+00;7.004e-01;-4.382e-01;5.691e-01;-3.560e-01;1.231e+00;4.203e-01;-2.629e-01;1.000e+01;6.668e-01;1.045e+00;5.731e-01;3.495e-01
15.691645000;1.234e+00;7.009e-01;-4.458e-01;5.682e-01;-3.614e-01;1.234e+00;4.205e-01;-2.675e-01;1.000e+01;6.668e-01;1.045e+00;5.722e-01;3.549e-01
15.692645000;1.236e+00;7.013e-01;-4.536e-01;5.673e-01;-3.669e-01;1.236e+00;4.208e-01;-2.722e-01;1.000e+01;6.668e-01;1.045e+00;5.714e-01;3.604e-01
15.693645000;1.239e+00;7.018e-01;-4.615e-01;5.663e-01;-3.724e-01;1.239e+00;4.211e-01;-2.769e-01;1.000e+01;6.668e-01;1.045e+00;5.705e-01;3.660e-01
15.695645000;1.245e+00;7.028e-01;-4.778e-01;5.644e-01;-3.838e-01;1.245e+00;4.217e-01;-2.867e-01;1.000e+01;6.668e-01;1.045e+00;5.687e-01;3.774e-01
15.696645000;1.248e+00;7.033e-01;-4.862e-01;5.635e-01;-3.896e-01;1.248e+00;4.220e-01;-2.917e-01;1.000e+01;6.668e-01;1.045e+00;5.678e-01;3.833e-01
15.697645000;1.251e+00;7.038e-01;-4.948e-01;5.625e-01;-3.954e-01;1.251e+00;4.223e-01;-2.969e-01;1.000e+01;6.668e-01;1.045e+00;5.668e-01;3.892e-01
15.699645000;1.257e+00;7.048e-01;-5.124e-01;5.605e-01;-4.075e-01;1.257e+00;4.229e-01;-3.074e-01;1.000e+01;6.668e-01;1.045e+00;5.650e-01;4.013e-01
15.702645000;1.267e+00;7.063e-01;-5.401e-01;5.575e-01;-4.262e-01;1.267e+00;4.238e-01;-3.241e-01;1.000e+01;6.668e-01;1.045e+00;5.621e-01;4.202e-01
15.703645000;1.270e+00;7.069e-01;-5.497e-01;5.564e-01;-4.327e-01;1.270e+00;4.241e-01;-3.298e-01;1.000e+01;6.668e-01;1.045e+00;5.611e-01;4.266e-01
15.704645000;1.274e+00;7.074e-01;-5.595e-01;5.554e-01;-4.392e-01;1.274e+00;4.244e-01;-3.357e-01;1.000e+01;6.668e-01;1.045e+00;5.601e-01;4.332e-01
15.705645000;1.277e+00;7.080e-01;-5.695e-01;5.543e-01;-4.459e-01;1.277e+00;4.248e-01;-3.417e-01;1.000e+01;6.668e-01;1.045e+00;5.590e-01;4.399e-01
15.707645000;1.284e+00;7.091e-01;-5.900e-01;5.521e-01;-4.594e-01;1.284e+00;4.254e-01;-3.540e-01;1.000e+01;6.668e-01;1.045e+00;5.570e-01;4.535e-01
15.709645000;1.291e+00;7.102e-01;-6.114e-01;5.499e-01;-4.734e-01;1.291e+00;4.261e-01;-3.668e-01;1.000e+01;6.668e-01;1.045e+00;5.549e-01;4.676e-01
15.710645000;1.295e+00;7.108e-01;-6.224e-01;5.488e-01;-4.806e-01;1.295e+00;4.265e-01;-3.734e-01;1.000e+01;6.668e-01;1.045e+00;5.538e-01;4.748e-01
15.711645000;1.299e+00;7.113e-01;-6.336e-01;5.477e-01;-4.878e-01;1.299e+00;4.268e-01;-3.802e-01;1.000e+01;6.668e-01;1.045e+00;5.527e-01;4.821e-01
15.712645000;1.303e+00;7.119e-01;-6.451e-01;5.465e-01;-4.952e-01;1.303e+00;4.271e-01;-3.871e-01;1.000e+01;6.668e-01;1.045e+00;5.516e-01;4.895e-01
15.714645000;1.310e+00;7.131e-01;-6.687e-01;5.442e-01;-5.103e-01;1.310e+00;4.279e-01;-4.012e-01;1.000e+01;6.668e-01;1.045e+00;5.494e-01;5.047e-01
15.715645000;1.314e+00;7.137e-01;-6.808e-01;5.430e-01;-5.180e-01;1.314e+00;4.282e-01;-4.085e-01;1.000e+01;6.668e-01;1.045e+00;5.483e-01;5.124e-01
15.716645000;1.318e+00;7.143e-01;-6.932e-01;5.418e-01;-5.258e-01;1.318e+00;4.286e-01;-4.159e-01;1.000e+01;6.668e-01;1.045e+00;5.471e-01;5.203e-01
15.717645000;1.323e+00;7.149e-01;-7.059e-01;5.406e-01;-5.337e-01;1.323e+00;4.290e-01;-4.235e-01;1.000e+01;6.668e-01;1.045e+00;5.460e-01;5.282e-01
15.718645000;1.327e+00;7.156e-01;-7.188e-01;5.394e-01;-5.418e-01;1.327e+00;4.293e-01;-4.313e-01;1.000e+01;6.668e-01;1.045e+00;5.448e-01;5.363e-01
15.721645000;1.339e+00;7.175e-01;-7.591e-01;5.356e-01;-5.667e-01;1.339e+00;4.305e-01;-4.555e-01;1.000e+01;6.668e-01;1.045e+00;5.412e-01;5.614e-01
15.722645000;1.344e+00;7.181e-01;-7.731e-01;5.344e-01;-5.753e-01;1.344e+00;4.309e-01;-4.638e-01;1.000e+01;6.668e-01;1.045e+00;5.400e-01;5.699e-01
15.725645000;1.357e+00;7.201e-01;-8.168e-01;5.305e-01;-6.017e-01;1.357e+00;4.321e-01;-4.901e-01;1.000e+01;6.668e-01;1.045e+00;5.363e-01;5.965e-01
15.726645000;1.362e+00;7.208e-01;-8.319e-01;5.291e-01;-6.108e-01;1.362e+00;4.325e-01;-4.991e-01;1.000e+01;6.668e-01;1.045e+00;5.350e-01;6.056e-01
15.727242000;1.365e+00;7.212e-01;-8.411e-01;5.284e-01;-6.162e-01;1.365e+00;4.327e-01;-5.047e-01;1.000e+01;6.668e-01;1.045e+00;5.343e-01;6.111e-01
15.727354000;1.365e+00;7.212e-01;-8.429e-01;5.282e-01;-6.173e-01;1.365e+00;4.327e-01;-5.057e-01;1.000e+01;6.668e-01;1.045e+00;5.341e-01;6.121e-01
15.728250000;1.370e+00;7.218e-01;-8.569e-01;5.270e-01;-6.256e-01;1.370e+00;4.331e-01;-5.141e-01;1.000e+01;6.668e-01;1.045e+00;5.330e-01;6.205e-01
15.730092000;1.379e+00;7.231e-01;-8.865e-01;5.245e-01;-6.430e-01;1.379e+00;4.339e-01;-5.319e-01;1.000e+01;6.668e-01;1.045e+00;5.306e-01;6.380e-01
15.730108000;1.379e+00;7.231e-01;-8.868e-01;5.245e-01;-6.432e-01;1.379e+00;4.339e-01;-5.321e-01;1.000e+01;6.668e-01;1.045e+00;5.306e-01;6.382e-01
15.730220000;1.379e+00;7.232e-01;-8.886e-01;5.243e-01;-6.443e-01;1.379e+00;4.339e-01;-5.332e-01;1.000e+01;6.668e-01;1.045e+00;5.304e-01;6.393e-01
15.730348000;1.380e+00;7.233e-01;-8.908e-01;5.241e-01;-6.455e-01;1.380e+00;4.340e-01;-5.345e-01;1.000e+01;6.668e-01;1.045e+00;5.302e-01;6.405e-01
15.733116000;1.394e+00;7.252e-01;-9.376e-01;5.203e-01;-6.727e-01;1.394e+00;4.351e-01;-5.626e-01;1.000e+01;6.668e-01;1.045e+00;5.265e-01;6.678e-01
15.734116000;1.399e+00;7.259e-01;-9.552e-01;5.189e-01;-6.827e-01;1.399e+00;4.356e-01;-5.731e-01;1.000e+01;6.668e-01;1.045e+00;5.252e-01;6.779e-01
15.735116000;1.404e+00;7.266e-01;-9.731e-01;5.175e-01;-6.929e-01;1.404e+00;4.360e-01;-5.838e-01;1.000e+01;6.668e-01;1.045e+00;5.238e-01;6.882e-01
15.736116000;1.410e+00;7.274e-01;-9.914e-01;5.160e-01;-7.033e-01;1.410e+00;4.364e-01;-5.948e-01;1.000e+01;6.668e-01;1.045e+00;5.224e-01;6.986e-01
15.737116000;1.415e+00;7.281e-01;-1.010e+00;5.146e-01;-7.138e-01;1.415e+00;4.369e-01;-6.060e-01;1.000e+01;6.668e-01;1.045e+00;5.210e-01;7.091e-01
15.739116000;1.426e+00;7.295e-01;-1.048e+00;5.116e-01;-7.353e-01;1.426e+00;4.377e-01;-6.291e-01;1.000e+01;6.668e-01;1.045e+00;5.182e-01;7.306e-01
15.742116000;1.443e+00;7.318e-01;-1.109e+00;5.071e-01;-7.686e-01;1.443e+00;4.391e-01;-6.654e-01;1.000e+01;6.668e-01;1.045e+00;5.139e-01;7.641e-01
15.742745000;1.447e+00;7.322e-01;-1.122e+00;5.062e-01;-7.757e-01;1.447e+00;4.393e-01;-6.733e-01;1.000e+01;6.668e-01;1.045e+00;5.130e-01;7.713e-01
15.742809000;1.447e+00;7.323e-01;-1.124e+00;5.061e-01;-7.765e-01;1.447e+00;4.394e-01;-6.741e-01;1.000e+01;6.668e-01;1.045e+00;5.129e-01;7.720e-01
15.743193000;1.449e+00;7.326e-01;-1.132e+00;5.055e-01;-7.808e-01;1.449e+00;4.395e-01;-6.789e-01;1.000e+01;6.668e-01;1.045e+00;5.123e-01;7.763e-01
15.744217000;1.455e+00;7.332e-01;-1.152e+00;5.039e-01;-7.919e-01;1.455e+00;4.399e-01;-6.913e-01;1.000e+01;6.668e-01;1.045e+00;5.108e-01;7.875e-01
15.745241000;1.460e+00;7.336e-01;-1.172e+00;5.024e-01;-8.025e-01;1.460e+00;4.402e-01;-7.031e-01;1.000e+01;6.668e-01;1.045e+00;5.092e-01;7.981e-01
15.745753000;1.463e+00;7.338e-01;-1.181e+00;5.016e-01;-8.075e-01;1.463e+00;4.403e-01;-7.088e-01;1.000e+01;6.668e-01;1.045e+00;5.085e-01;8.032e-01
15.747289000;1.470e+00;7.341e-01;-1.209e+00;4.992e-01;-8.220e-01;1.470e+00;4.404e-01;-7.252e-01;1.000e+01;6.668e-01;1.045e+00;5.062e-01;8.178e-01
15.747801000;1.473e+00;7.341e-01;-1.217e+00;4.984e-01;-8.266e-01;1.473e+00;4.405e-01;-7.305e-01;1.000e+01;6.668e-01;1.045e+00;5.054e-01;8.224e-01
15.748313000;1.475e+00;7.341e-01;-1.226e+00;4.976e-01;-8.311e-01;1.475e+00;4.405e-01;-7.356e-01;1.000e+01;6.668e-01;1.045e+00;5.046e-01;8.269e-01
15.748825000;1.477e+00;7.340e-01;-1.234e+00;4.968e-01;-8.354e-01;1.477e+00;4.404e-01;-7.405e-01;1.000e+01;6.668e-01;1.045e+00;5.038e-01;8.312e-01
15.749337000;1.480e+00;7.340e-01;-1.242e+00;4.961e-01;-8.397e-01;1.480e+00;4.404e-01;-7.454e-01;1.000e+01;6.668e-01;1.045e+00;5.030e-01;8.355e-01
15.749849000;1.482e+00;7.339e-01;-1.250e+00;4.953e-01;-8.438e-01;1.482e+00;4.403e-01;-7.502e-01;1.000e+01;6.668e-01;1.045e+00;5.023e-01;8.397e-01
15.750873000;1.486e+00;7.336e-01;-1.266e+00;4.937e-01;-8.518e-01;1.486e+00;4.401e-01;-7.594e-01;1.000e+01;6.668e-01;1.045e+00;5.007e-01;8.477e-01
15.752409000;1.492e+00;7.329e-01;-1.287e+00;4.913e-01;-8.630e-01;1.492e+00;4.398e-01;-7.724e-01;1.000e+01;6.668e-01;1.045e+00;4.983e-01;8.589e-01
15.752921000;1.494e+00;7.327e-01;-1.294e+00;4.905e-01;-8.665e-01;1.494e+00;4.396e-01;-7.766e-01;1.000e+01;6.668e-01;1.045e+00;4.975e-01;8.625e-01
15.753433000;1.496e+00;7.324e-01;-1.301e+00;4.897e-01;-8.700e-01;1.496e+00;4.394e-01;-7.806e-01;1.000e+01;6.668e-01;1.045e+00;4.968e-01;8.660e-01
15.753945000;1.497e+00;7.321e-01;-1.308e+00;4.890e-01;-8.733e-01;1.497e+00;4.393e-01;-7.846e-01;1.000e+01;6.668e-01;1.045e+00;4.960e-01;8.694e-01
15.754969000;1.501e+00;7.314e-01;-1.320e+00;4.874e-01;-8.798e-01;1.501e+00;4.389e-01;-7.922e-01;1.000e+01;6.668e-01;1.045e+00;4.944e-01;8.759e-01
15.755481000;1.502e+00;7.311e-01;-1.327e+00;4.866e-01;-8.829e-01;1.502e+00;4.386e-01;-7.959e-01;1.000e+01;6.668e-01;1.045e+00;4.936e-01;8.790e-01
15.756505000;1.506e+00;7.303e-01;-1.338e+00;4.851e-01;-8.889e-01;1.506e+00;4.382e-01;-8.030e-01;1.000e+01;6.668e-01;1.045e+00;4.921e-01;8.851e-01
15.757017000;1.507e+00;7.299e-01;-1.344e+00;4.843e-01;-8.918e-01;1.507e+00;4.379e-01;-8.065e-01;1.000e+01;6.668e-01;1.045e+00;4.913e-01;8.880e-01
15.757529000;1.509e+00;7.295e-01;-1.350e+00;4.835e-01;-8.946e-01;1.509e+00;4.377e-01;-8.098e-01;1.000e+01;6.668e-01;1.045e+00;4.906e-01;8.908e-01
15.758041000;1.510e+00;7.290e-01;-1.355e+00;4.827e-01;-8.974e-01;1.510e+00;4.374e-01;-8.131e-01;1.000e+01;6.668e-01;1.045e+00;4.898e-01;8.936e-01
15.758553000;1.512e+00;7.286e-01;-1.361e+00;4.820e-01;-9.001e-01;1.512e+00;4.371e-01;-8.163e-01;1.000e+01;6.668e-01;1.045e+00;4.890e-01;8.962e-01
15.759553000;1.514e+00;7.276e-01;-1.371e+00;4.805e-01;-9.051e-01;1.514e+00;4.366e-01;-8.223e-01;1.000e+01;6.668e-01;1.045e+00;4.876e-01;9.013e-01
15.760453000;1.517e+00;7.268e-01;-1.379e+00;4.792e-01;-9.094e-01;1.517e+00;4.361e-01;-8.275e-01;1.000e+01;6.668e-01;1.045e+00;4.862e-01;9.057e-01
15.761353000;1.519e+00;7.258e-01;-1.388e+00;4.779e-01;-9.135e-01;1.519e+00;4.355e-01;-8.325e-01;1.000e+01;6.668e-01;1.045e+00;4.849e-01;9.098e-01
15.762253000;1.521e+00;7.249e-01;-1.396e+00;4.766e-01;-9.175e-01;1.521e+00;4.350e-01;-8.373e-01;1.000e+01;6.668e-01;1.045e+00;4.837e-01;9.138e-01
15.763153000;1.523e+00;7.240e-01;-1.403e+00;4.753e-01;-9.213e-01;1.523e+00;4.344e-01;-8.419e-01;1.000e+01;6.668e-01;1.045e+00;4.824e-01;9.176e-01
15.765853000;1.529e+00;7.210e-01;-1.424e+00;4.716e-01;-9.316e-01;1.529e+00;4.326e-01;-8.546e-01;1.000e+01;6.668e-01;1.045e+00;4.787e-01;9.280e-01
15.766753000;1.531e+00;7.200e-01;-1.431e+00;4.704e-01;-9.348e-01;1.531e+00;4.320e-01;-8.584e-01;1.000e+01;6.668e-01;1.045e+00;4.775e-01;9.312e-01
15.767653000;1.532e+00;7.189e-01;-1.437e+00;4.692e-01;-9.378e-01;1.532e+00;4.314e-01;-8.621e-01;1.000e+01;6.668e-01;1.045e+00;4.763e-01;9.342e-01
15.768553000;1.534e+00;7.179e-01;-1.443e+00;4.680e-01;-9.406e-01;1.534e+00;4.307e-01;-8.657e-01;1.000e+01;6.668e-01;1.045e+00;4.751e-01;9.371e-01
15.771253000;1.538e+00;7.148e-01;-1.459e+00;4.646e-01;-9.485e-01;1.538e+00;4.289e-01;-8.755e-01;1.000e+01;6.668e-01;1.045e+00;4.717e-01;9.450e-01
15.772153000;1.540e+00;7.137e-01;-1.464e+00;4.636e-01;-9.509e-01;1.540e+00;4.282e-01;-8.785e-01;1.000e+01;6.668e-01;1.045e+00;4.706e-01;9.475e-01
15.773053000;1.541e+00;7.127e-01;-1.469e+00;4.625e-01;-9.532e-01;1.541e+00;4.276e-01;-8.814e-01;1.000e+01;6.668e-01;1.045e+00;4.695e-01;9.498e-01
15.773953000;1.542e+00;7.116e-01;-1.474e+00;4.614e-01;-9.554e-01;1.542e+00;4.270e-01;-8.841e-01;1.000e+01;6.668e-01;1.045e+00;4.685e-01;9.520e-01
15.774853000;1.543e+00;7.106e-01;-1.478e+00;4.604e-01;-9.575e-01;1.543e+00;4.264e-01;-8.867e-01;1.000e+01;6.668e-01;1.045e+00;4.675e-01;9.541e-01
15.775753000;1.545e+00;7.096e-01;-1.482e+00;4.594e-01;-9.595e-01;1.545e+00;4.257e-01;-8.893e-01;1.000e+01;6.668e-01;1.045e+00;4.665e-01;9.561e-01
15.777553000;1.547e+00;7.076e-01;-1.490e+00;4.574e-01;-9.633e-01;1.547e+00;4.245e-01;-8.940e-01;1.000e+01;6.668e-01;1.045e+00;4.645e-01;9.599e-01
15.778453000;1.548e+00;7.066e-01;-1.494e+00;4.565e-01;-9.650e-01;1.548e+00;4.239e-01;-8.962e-01;1.000e+01;6.668e-01;1.045e+00;4.635e-01;9.617e-01
15.779353000;1.549e+00;7.056e-01;-1.497e+00;4.556e-01;-9.667e-01;1.549e+00;4.233e-01;-8.983e-01;1.000e+01;6.668e-01;1.045e+00;4.626e-01;9.634e-01
15.780253000;1.550e+00;7.046e-01;-1.501e+00;4.547e-01;-9.683e-01;1.550e+00;4.228e-01;-9.004e-01;1.000e+01;6.668e-01;1.045e+00;4.617e-01;9.650e-01
15.781153000;1.551e+00;7.036e-01;-1.504e+00;4.538e-01;-9.698e-01;1.551e+00;4.222e-01;-9.023e-01;1.000e+01;6.668e-01;1.045e+00;4.608e-01;9.665e-01
15.782053000;1.551e+00;7.027e-01;-1.507e+00;4.529e-01;-9.713e-01;1.551e+00;4.216e-01;-9.042e-01;1.000e+01;6.668e-01;1.045e+00;4.600e-01;9.680e-01
15.782953000;1.552e+00;7.017e-01;-1.510e+00;4.521e-01;-9.727e-01;1.552e+00;4.210e-01;-9.060e-01;1.000e+01;6.668e-01;1.045e+00;4.591e-01;9.694e-01
15.783853000;1.553e+00;7.008e-01;-1.513e+00;4.512e-01;-9.740e-01;1.553e+00;4.205e-01;-9.077e-01;1.000e+01;6.668e-01;1.045e+00;4.583e-01;9.707e-01
15.784753000;1.554e+00;6.999e-01;-1.516e+00;4.504e-01;-9.753e-01;1.554e+00;4.199e-01;-9.093e-01;1.000e+01;6.668e-01;1.045e+00;4.575e-01;9.720e-01
15.785653000;1.555e+00;6.990e-01;-1.518e+00;4.496e-01;-9.765e-01;1.555e+00;4.194e-01;-9.109e-01;1.000e+01;6.668e-01;1.045e+00;4.567e-01;9.733e-01
15.786553000;1.555e+00;6.981e-01;-1.521e+00;4.489e-01;-9.777e-01;1.555e+00;4.189e-01;-9.124e-01;1.000e+01;6.668e-01;1.045e+00;4.559e-01;9.744e-01
15.788353000;1.557e+00;6.964e-01;-1.525e+00;4.474e-01;-9.799e-01;1.557e+00;4.179e-01;-9.152e-01;1.000e+01;6.668e-01;1.045e+00;4.544e-01;9.766e-01
15.790153000;1.558e+00;6.948e-01;-1.530e+00;4.460e-01;-9.819e-01;1.558e+00;4.169e-01;-9.178e-01;1.000e+01;6.668e-01;1.045e+00;4.530e-01;9.787e-01
15.791953000;1.559e+00;6.932e-01;-1.534e+00;4.447e-01;-9.837e-01;1.559e+00;4.159e-01;-9.201e-01;1.000e+01;6.668e-01;1.045e+00;4.517e-01;9.805e-01
15.792853000;1.559e+00;6.924e-01;-1.535e+00;4.440e-01;-9.846e-01;1.559e+00;4.155e-01;-9.213e-01;1.000e+01;6.668e-01;1.045e+00;4.511e-01;9.814e-01
15.795653000;1.561e+00;6.902e-01;-1.541e+00;4.421e-01;-9.870e-01;1.561e+00;4.141e-01;-9.244e-01;1.000e+01;6.668e-01;1.045e+00;4.492e-01;9.838e-01
15.796653000;1.561e+00;6.894e-01;-1.542e+00;4.415e-01;-9.878e-01;1.561e+00;4.136e-01;-9.254e-01;1.000e+01;6.668e-01;1.045e+00;4.485e-01;9.846e-01
15.797653000;1.562e+00;6.886e-01;-1.544e+00;4.409e-01;-9.885e-01;1.562e+00;4.132e-01;-9.264e-01;1.000e+01;6.668e-01;1.045e+00;4.479e-01;9.853e-01
15.798653000;1.562e+00;6.879e-01;-1.546e+00;4.403e-01;-9.892e-01;1.562e+00;4.128e-01;-9.273e-01;1.000e+01;6.668e-01;1.045e+00;4.473e-01;9.861e-01
15.799653000;1.563e+00;6.872e-01;-1.547e+00;4.397e-01;-9.899e-01;1.563e+00;4.123e-01;-9.282e-01;1.000e+01;6.668e-01;1.045e+00;4.467e-01;9.867e-01
15.800653000;1.563e+00;6.865e-01;-1.548e+00;4.392e-01;-9.905e-01;1.563e+00;4.119e-01;-9.291e-01;1.000e+01;6.668e-01;1.045e+00;4.462e-01;9.874e-01
15.801653000;1.564e+00;6.858e-01;-1.550e+00;4.386e-01;-9.911e-01;1.564e+00;4.115e-01;-9.299e-01;1.000e+01;6.668e-01;1.045e+00;4.456e-01;9.880e-01
15.803653000;1.564e+00;6.845e-01;-1.552e+00;4.376e-01;-9.923e-01;1.564e+00;4.107e-01;-9.314e-01;1.000e+01;6.668e-01;1.045e+00;4.446e-01;9.891e-01
15.804653000;1.565e+00;6.839e-01;-1.553e+00;4.371e-01;-9.928e-01;1.565e+00;4.104e-01;-9.321e-01;1.000e+01;6.668e-01;1.045e+00;4.441e-01;9.897e-01
15.805653000;1.565e+00;6.833e-01;-1.555e+00;4.366e-01;-9.933e-01;1.565e+00;4.100e-01;-9.327e-01;1.000e+01;6.668e-01;1.045e+00;4.436e-01;9.902e-01
15.806653000;1.565e+00;6.827e-01;-1.556e+00;4.362e-01;-9.938e-01;1.565e+00;4.096e-01;-9.334e-01;1.000e+01;6.668e-01;1.045e+00;4.432e-01;9.907e-01
15.807653000;1.566e+00;6.822e-01;-1.557e+00;4.357e-01;-9.942e-01;1.566e+00;4.093e-01;-9.340e-01;1.000e+01;6.668e-01;1.045e+00;4.427e-01;9.911e-01
15.809653000;1.566e+00;6.811e-01;-1.558e+00;4.349e-01;-9.951e-01;1.566e+00;4.087e-01;-9.351e-01;1.000e+01;6.668e-01;1.045e+00;4.419e-01;9.920e-01
15.810653000;1.566e+00;6.806e-01;-1.559e+00;4.345e-01;-9.954e-01;1.566e+00;4.083e-01;-9.356e-01;1.000e+01;6.668e-01;1.045e+00;4.415e-01;9.923e-01
15.811653000;1.567e+00;6.801e-01;-1.560e+00;4.341e-01;-9.958e-01;1.567e+00;4.080e-01;-9.361e-01;1.000e+01;6.668e-01;1.045e+00;4.411e-01;9.927e-01
15.812653000;1.567e+00;6.796e-01;-1.561e+00;4.337e-01;-9.962e-01;1.567e+00;4.078e-01;-9.366e-01;1.000e+01;6.668e-01;1.045e+00;4.407e-01;9.931e-01
15.813653000;1.567e+00;6.791e-01;-1.562e+00;4.333e-01;-9.965e-01;1.567e+00;4.075e-01;-9.370e-01;1.000e+01;6.668e-01;1.045e+00;4.404e-01;9.934e-01
15.814653000;1.567e+00;6.787e-01;-1.562e+00;4.330e-01;-9.968e-01;1.567e+00;4.072e-01;-9.374e-01;1.000e+01;6.668e-01;1.045e+00;4.400e-01;9.937e-01
15.815653000;1.568e+00;6.782e-01;-1.563e+00;4.327e-01;-9.971e-01;1.568e+00;4.069e-01;-9.378e-01;1.000e+01;6.668e-01;1.045e+00;4.397e-01;9.940e-01
15.816653000;1.568e+00;6.778e-01;-1.564e+00;4.323e-01;-9.974e-01;1.568e+00;4.067e-01;-9.382e-01;1.000e+01;6.668e-01;1.045e+00;4.393e-01;9.943e-01
15.817653000;1.568e+00;6.774e-01;-1.564e+00;4.320e-01;-9.977e-01;1.568e+00;4.064e-01;-9.386e-01;1.000e+01;6.668e-01;1.045e+00;4.390e-01;9.946e-01
15.819653000;1.568e+00;6.766e-01;-1.565e+00;4.314e-01;-9.982e-01;1.568e+00;4.060e-01;-9.393e-01;1.000e+01;6.668e-01;1.045e+00;4.384e-01;9.951e-01
15.820653000;1.568e+00;6.762e-01;-1.566e+00;4.311e-01;-9.984e-01;1.568e+00;4.057e-01;-9.396e-01;1.000e+01;6.668e-01;1.045e+00;4.381e-01;9.954e-01
15.822653000;1.569e+00;6.755e-01;-1.567e+00;4.306e-01;-9.989e-01;1.569e+00;4.053e-01;-9.402e-01;1.000e+01;6.668e-01;1.045e+00;4.376e-01;9.958e-01
15.825653000;1.569e+00;6.745e-01;-1.568e+00;4.299e-01;-9.994e-01;1.569e+00;4.047e-01;-9.410e-01;1.000e+01;6.668e-01;1.045e+00;4.369e-01;9.964e-01
15.826653000;1.569e+00;6.742e-01;-1.569e+00;4.296e-01;-9.996e-01;1.569e+00;4.045e-01;-9.412e-01;1.000e+01;6.668e-01;1.045e+00;4.366e-01;9.966e-01
15.827653000;1.569e+00;6.739e-01;-1.569e+00;4.294e-01;-9.998e-01;1.569e+00;4.044e-01;-9.414e-01;1.000e+01;6.668e-01;1.045e+00;4.364e-01;9.967e-01
15.828653000;1.570e+00;6.737e-01;-1.569e+00;4.292e-01;-9.999e-01;1.570e+00;4.042e-01;-9.417e-01;1.000e+01;6.668e-01;1.045e+00;4.362e-01;9.969e-01
15.829653000;1.570e+00;6.734e-01;-1.570e+00;4.290e-01;-1.000e+00;1.570e+00;4.040e-01;-9.419e-01;1.000e+01;6.668e-01;1.045e+00;4.360e-01;9.970e-01
15.830653000;1.570e+00;6.731e-01;-1.570e+00;4.288e-01;-1.000e+00;1.570e+00;4.039e-01;-9.421e-01;1.000e+01;6.668e-01;1.045e+00;4.358e-01;9.972e-01
15.832653000;1.570e+00;6.726e-01;-1.571e+00;4.284e-01;-1.000e+00;1.570e+00;4.036e-01;-9.424e-01;1.000e+01;6.668e-01;1.045e+00;4.354e-01;9.975e-01
15.833653000;1.570e+00;6.724e-01;-1.571e+00;4.283e-01;-1.001e+00;1.570e+00;4.034e-01;-9.426e-01;1.000e+01;6.668e-01;1.045e+00;4.353e-01;9.976e-01
15.835653000;1.570e+00;6.719e-01;-1.572e+00;4.279e-01;-1.001e+00;1.570e+00;4.032e-01;-9.429e-01;1.000e+01;6.668e-01;1.045e+00;4.349e-01;9.978e-01
15.836653000;1.570e+00;6.717e-01;-1.572e+00;4.278e-01;-1.001e+00;1.570e+00;4.030e-01;-9.431e-01;1.000e+01;6.668e-01;1.045e+00;4.348e-01;9.979e-01
15.838653000;1.570e+00;6.713e-01;-1.572e+00;4.275e-01;-1.001e+00;1.570e+00;4.028e-01;-9.433e-01;1.000e+01;6.668e-01;1.045e+00;4.345e-01;9.981e-01
15.839653000;1.571e+00;6.711e-01;-1.572e+00;4.273e-01;-1.001e+00;1.571e+00;4.027e-01;-9.435e-01;1.000e+01;6.668e-01;1.045e+00;4.343e-01;9.982e-01
15.840653000;1.571e+00;6.709e-01;-1.573e+00;4.272e-01;-1.001e+00;1.571e+00;4.026e-01;-9.436e-01;1.000e+01;6.668e-01;1.045e+00;4.342e-01;9.983e-01
15.842653000;1.571e+00;6.706e-01;-1.573e+00;4.269e-01;-1.001e+00;1.571e+00;4.024e-01;-9.438e-01;1.000e+01;6.668e-01;1.045e+00;4.339e-01;9.985e-01
15.843653000;1.571e+00;6.704e-01;-1.573e+00;4.268e-01;-1.002e+00;1.571e+00;4.023e-01;-9.439e-01;1.000e+01;6.668e-01;1.045e+00;4.338e-01;9.985e-01
15.846653000;1.571e+00;6.700e-01;-1.574e+00;4.265e-01;-1.002e+00;1.571e+00;4.020e-01;-9.442e-01;1.000e+01;6.668e-01;1.045e+00;4.335e-01;9.987e-01
15.849653000;1.571e+00;6.696e-01;-1.574e+00;4.262e-01;-1.002e+00;1.571e+00;4.017e-01;-9.444e-01;1.000e+01;6.668e-01;1.045e+00;4.332e-01;9.989e-01
15.850653000;1.571e+00;6.694e-01;-1.574e+00;4.261e-01;-1.002e+00;1.571e+00;4.017e-01;-9.445e-01;1.000e+01;6.668e-01;1.045e+00;4.331e-01;9.990e-01
15.853653000;1.571e+00;6.691e-01;-1.575e+00;4.259e-01;-1.002e+00;1.571e+00;4.015e-01;-9.447e-01;1.000e+01;6.668e-01;1.045e+00;4.328e-01;9.991e-01
15.855653000;1.571e+00;6.689e-01;-1.575e+00;4.257e-01;-1.002e+00;1.571e+00;4.013e-01;-9.448e-01;1.000e+01;6.668e-01;1.045e+00;4.327e-01;9.992e-01
15.860653000;1.571e+00;6.684e-01;-1.575e+00;4.254e-01;-1.002e+00;1.571e+00;4.011e-01;-9.451e-01;1.000e+01;6.668e-01;1.045e+00;4.323e-01;9.994e-01
15.861653000;1.571e+00;6.683e-01;-1.575e+00;4.253e-01;-1.002e+00;1.571e+00;4.010e-01;-9.451e-01;1.000e+01;6.668e-01;1.045e+00;4.323e-01;9.994e-01
15.862653000;1.571e+00;6.683e-01;-1.575e+00;4.252e-01;-1.002e+00;1.571e+00;4.010e-01;-9.452e-01;1.000e+01;6.668e-01;1.045e+00;4.322e-01;9.994e-01
15.864653000;1.571e+00;6.681e-01;-1.575e+00;4.251e-01;-1.002e+00;1.571e+00;4.009e-01;-9.452e-01;1.000e+01;6.668e-01;1.045e+00;4.321e-01;9.995e-01
15.865653000;1.572e+00;6.680e-01;-1.575e+00;4.251e-01;-1.002e+00;1.572e+00;4.008e-01;-9.453e-01;1.000e+01;6.668e-01;1.045e+00;4.321e-01;9.995e-01
15.866653000;1.572e+00;6.680e-01;-1.575e+00;4.250e-01;-1.003e+00;1.572e+00;4.008e-01;-9.453e-01;1.000e+01;6.668e-01;1.045e+00;4.320e-01;9.995e-01
15.867653000;1.572e+00;6.679e-01;-1.576e+00;4.250e-01;-1.003e+00;1.572e+00;4.007e-01;-9.453e-01;1.000e+01;6.668e-01;1.045e+00;4.320e-01;9.996e-01
15.868653000;1.572e+00;6.678e-01;-1.576e+00;4.250e-01;-1.003e+00;1.572e+00;4.007e-01;-9.454e-01;1.000e+01;6.668e-01;1.045e+00;4.319e-01;9.996e-01
15.870653000;1.572e+00;6.677e-01;-1.576e+00;4.249e-01;-1.003e+00;1.572e+00;4.006e-01;-9.454e-01;1.000e+01;6.668e-01;1.045e+00;4.318e-01;9.996e-01
15.872653000;1.572e+00;6.676e-01;-1.576e+00;4.248e-01;-1.003e+00;1.572e+00;4.006e-01;-9.455e-01;1.000e+01;6.668e-01;1.045e+00;4.318e-01;9.997e-01
15.873653000;1.572e+00;6.676e-01;-1.576e+00;4.248e-01;-1.003e+00;1.572e+00;4.005e-01;-9.455e-01;1.000e+01;6.668e-01;1.045e+00;4.317e-01;9.997e-01
15.876653000;1.572e+00;6.674e-01;-1.576e+00;4.247e-01;-1.003e+00;1.572e+00;4.005e-01;-9.456e-01;1.000e+01;6.668e-01;1.045e+00;4.316e-01;9.997e-01
15.877653000;1.572e+00;6.674e-01;-1.576e+00;4.246e-01;-1.003e+00;1.572e+00;4.004e-01;-9.456e-01;1.000e+01;6.668e-01;1.045e+00;4.316e-01;9.997e-01
15.878653000;1.572e+00;6.673e-01;-1.576e+00;4.246e-01;-1.003e+00;1.572e+00;4.004e-01;-9.456e-01;1.000e+01;6.668e-01;1.045e+00;4.316e-01;9.997e-01
15.879653000;1.572e+00;6.673e-01;-1.576e+00;4.246e-01;-1.003e+00;1.572e+00;4.004e-01;-9.456e-01;1.000e+01;6.668e-01;1.045e+00;4.315e-01;9.998e-01
15.880653000;1.572e+00;6.673e-01;-1.576e+00;4.245e-01;-1.003e+00;1.572e+00;4.004e-01;-9.456e-01;1.000e+01;6.668e-01;1.045e+00;4.315e-01;9.998e-01
15.881653000;1.572e+00;6.672e-01;-1.576e+00;4.245e-01;-1.003e+00;1.572e+00;4.003e-01;-9.456e-01;1.000e+01;6.668e-01;1.045e+00;4.315e-01;9.998e-01
15.885653000;1.572e+00;6.671e-01;-1.576e+00;4.244e-01;-1.003e+00;1.572e+00;4.003e-01;-9.457e-01;1.000e+01;6.668e-01;1.045e+00;4.314e-01;9.998e-01
15.886653000;1.572e+00;6.671e-01;-1.576e+00;4.244e-01;-1.003e+00;1.572e+00;4.002e-01;-9.457e-01;1.000e+01;6.668e-01;1.045e+00;4.314e-01;9.998e-01
15.887653000;1.572e+00;6.670e-01;-1.576e+00;4.244e-01;-1.003e+00;1.572e+00;4.002e-01;-9.457e-01;1.000e+01;6.668e-01;1.045e+00;4.313e-01;9.998e-01
15.890653000;1.572e+00;6.670e-01;-1.576e+00;4.243e-01;-1.003e+00;1.572e+00;4.002e-01;-9.458e-01;1.000e+01;6.668e-01;1.045e+00;4.313e-01;9.999e-01
15.891653000;1.572e+00;6.669e-01;-1.576e+00;4.243e-01;-1.003e+00;1.572e+00;4.002e-01;-9.458e-01;1.000e+01;6.668e-01;1.045e+00;4.313e-01;9.999e-01
15.892653000;1.572e+00;6.669e-01;-1.576e+00;4.243e-01;-1.003e+00;1.572e+00;4.001e-01;-9.458e-01;1.000e+01;6.668e-01;1.045e+00;4.312e-01;9.999e-01
15.894653000;1.572e+00;6.669e-01;-1.576e+00;4.243e-01;-1.003e+00;1.572e+00;4.001e-01;-9.458e-01;1.000e+01;6.668e-01;1.045e+00;4.312e-01;9.999e-01
15.895653000;1.572e+00;6.668e-01;-1.576e+00;4.242e-01;-1.003e+00;1.572e+00;4.001e-01;-9.458e-01;1.000e+01;6.668e-01;1.045e+00;4.312e-01;9.999e-01
15.899653000;1.572e+00;6.668e-01;-1.576e+00;4.242e-01;-1.003e+00;1.572e+00;4.001e-01;-9.458e-01;1.000e+01;6.668e-01;1.045e+00;4.311e-01;9.999e-01
15.900653000;1.572e+00;6.667e-01;-1.576e+00;4.242e-01;-1.003e+00;1.572e+00;4.000e-01;-9.458e-01;1.000e+01;6.668e-01;1.045e+00;4.311e-01;9.999e-01
15.906653000;1.572e+00;6.667e-01;-1.576e+00;4.241e-01;-1.003e+00;1.572e+00;4.000e-01;-9.459e-01;1.000e+01;6.668e-01;1.045e+00;4.311e-01;9.999e-01
15.907653000;1.572e+00;6.666e-01;-1.576e+00;4.241e-01;-1.003e+00;1.572e+00;4.000e-01;-9.459e-01;1.000e+01;6.668e-01;1.045e+00;4.311e-01;9.999e-01
15.913653000;1.572e+00;6.666e-01;-1.576e+00;4.241e-01;-1.003e+00;1.572e+00;4.000e-01;-9.459e-01;1.000e+01;6.668e-01;1.045e+00;4.310e-01;1.000e+00
15.914653000;1.572e+00;6.666e-01;-1.576e+00;4.241e-01;-1.003e+00;1.572e+00;3.999e-01;-9.459e-01;1.000e+01;6.668e-01;1.045e+00;4.310e-01;1.000e+00
15.916653000;1.572e+00;6.666e-01;-1.577e+00;4.240e-01;-1.003e+00;1.572e+00;3.999e-01;-9.459e-01;1.000e+01;6.668e-01;1.045e+00;4.310e-01;1.000e+00
15.917653000;1.572e+00;6.666e-01;-1.577e+00;4.240e-01;-1.003e+00;1.572e+00;3.999e-01;-9.459e-01;1.000e+01;6.668e-01;1.045e+00;4.310e-01;1.000e+00
15.918653000;1.572e+00;6.665e-01;-1.577e+00;4.240e-01;-1.003e+00;1.572e+00;3.999e-01;-9.459e-01;1.000e+01;6.668e-01;1.045e+00;4.310e-01;1.000e+00
15.925653000;1.572e+00;6.665e-01;-1.577e+00;4.240e-01;-1.003e+00;1.572e+00;3.999e-01;-9.459e-01;1.000e+01;6.668e-01;1.045e+00;4.309e-01;1.000e+00
15.936653000;1.572e+00;6.665e-01;-1.577e+00;4.240e-01;-1.003e+00;1.572e+00;3.999e-01;-9.459e-01;1.000e+01;6.668e-01;1.045e+00;4.309e-01;1.000e+00
15.937653000;1.572e+00;6.664e-01;-1.577e+00;4.240e-01;-1.003e+00;1.572e+00;3.999e-01;-9.459e-01;1.000e+01;6.668e-01;1.045e+00;4.309e-01;1.000e+00
15.951653000;1.572e+00;6.664e-01;-1.577e+00;4.239e-01;-1.003e+00;1.572e+00;3.999e-01;-9.459e-01;1.000e+01;6.668e-01;1.045e+00;4.309e-01;1.000e+00
15.952653000;1.572e+00;6.664e-01;-1.577e+00;4.239e-01;-1.003e+00;1.572e+00;3.998e-01;-9.459e-01;1.000e+01;6.668e-01;1.045e+00;4.309e-01;1.000e+00
16.071653000;1.572e+00;6.664e-01;-1.577e+00;4.239e-01;-1.003e+00;1.572e+00;3.998e-01;-9.459e-01;1.000e+01;6.668e-01;1.045e+00;4.309e-01;1.000e+00
16.072653000;1.572e+00;6.664e-01;-1.577e+00;4.240e-01;-1.003e+00;1.572e+00;3.999e-01;-9.459e-01;1.000e+01;6.668e-01;1.045e+00;4.309e-01;1.000e+00
16.429653000;1.572e+00;6.664e-01;-1.577e+00;4.240e-01;-1.003e+00;1.572e+00;3.999e-01;-9.459e-01;1.000e+01;6.668e-01;1.045e+00;4.309e-01;1.000e+00
16.430653000;1.572e+00;6.665e-01;-1.577e+00;4.240e-01;-1.003e+00;1.572e+00;3.999e-01;-9.459e-01;1.000e+01;6.668e-01;1.045e+00;4.309e-01;1.000e+00
19.999996000;1.572e+00;6.665e-01;-1.577e+00;4.240e-01;-1.003e+00;1.572e+00;3.999e-01;-9.459e-01;1.000e+01;6.668e-01;1.045e+00;4.309e-01;1.000e+00
19.999996000;1.572e+00;6.665e-01;-1.577e+00;4.240e-01;-1.003e+00;1.572e+00;3.999e-01;-9.459e-01;1.000e+01;6.668e-01;1.097e+00;4.309e-01;1.000e+00
100.000000000;1.572e+00;6.665e-01;-1.577e+00;4.240e-01;-1.003e+00;1.572e+00;3.999e-01;-9.459e-01;1.000e+01;6.668e-01;1.097e+00;4.309e-01;1.000e+00
