time;BusPDR_BUS_Voltage;BusPDR_BUS_ActivePower;BusPDR_BUS_ReactivePower;BusPDR_BUS_ActiveCurrent;BusPDR_BUS_ReactiveCurrent;Bess_GEN_UPuInjTerminal;Bess_GEN_IpInjTerminal;Bess_GEN_IqInjTerminal;Measurements_BUS_Voltage;Measurements_BUS_ActivePower;Measurements_BUS_ReactivePower;StepUp_Xfmr_XFMR_Tap;Bess_GEN_AVRSetpointPu;Bess_GEN_NetworkFrequencyPu;NetworkFrequencyPu
0.000000000;1.044e+00;-6.667e-01;-6.672e-09;-6.383e-01;-1.986e-09;1.045e+00;-6.222e-01;1.704e-02;1.044e+00;-4.000e-01;3.059e-09;1.000e+01;1.041e+00;5.000e+01;5.000e+01
0.106024000;1.044e+00;-6.667e-01;-4.900e-04;-6.383e-01;-4.692e-04;1.045e+00;-6.222e-01;1.658e-02;1.044e+00;-4.000e-01;-2.940e-04;1.000e+01;1.041e+00;5.000e+01;5.000e+01
0.110024000;1.044e+00;-6.667e-01;-5.117e-04;-6.383e-01;-4.899e-04;1.045e+00;-6.222e-01;1.655e-02;1.044e+00;-4.000e-01;-3.070e-04;1.000e+01;1.041e+00;5.000e+01;5.000e+01
0.200024000;1.044e+00;-6.667e-01;-1.060e-03;-6.383e-01;-1.015e-03;1.045e+00;-6.222e-01;1.603e-02;1.044e+00;-4.000e-01;-6.360e-04;1.000e+01;1.041e+00;5.000e+01;5.000e+01
0.201024000;1.044e+00;-6.667e-01;-1.067e-03;-6.383e-01;-1.021e-03;1.044e+00;-6.222e-01;1.602e-02;1.044e+00;-4.000e-01;-6.400e-04;1.000e+01;1.041e+00;5.000e+01;5.000e+01
0.317024000;1.044e+00;-6.667e-01;-1.828e-03;-6.383e-01;-1.751e-03;1.044e+00;-6.222e-01;1.530e-02;1.044e+00;-4.000e-01;-1.097e-03;1.000e+01;1.041e+00;5.000e+01;5.000e+01
0.319024000;1.044e+00;-6.667e-01;-1.842e-03;-6.383e-01;-1.763e-03;1.044e+00;-6.222e-01;1.528e-02;1.044e+00;-4.000e-01;-1.105e-03;1.000e+01;1.041e+00;5.000e+01;5.000e+01
0.320024000;1.044e+00;-6.667e-01;-1.848e-03;-6.383e-01;-1.770e-03;1.044e+00;-6.222e-01;1.528e-02;1.044e+00;-4.000e-01;-1.109e-03;1.000e+01;1.041e+00;5.000e+01;5.000e+01
0.323024000;1.044e+00;-6.667e-01;-1.870e-03;-6.383e-01;-1.791e-03;1.044e+00;-6.222e-01;1.526e-02;1.044e+00;-4.000e-01;-1.122e-03;1.000e+01;1.041e+00;5.000e+01;5.000e+01
0.324024000;1.044e+00;-6.667e-01;-1.877e-03;-6.384e-01;-1.797e-03;1.044e+00;-6.222e-01;1.525e-02;1.044e+00;-4.000e-01;-1.126e-03;1.000e+01;1.041e+00;5.000e+01;5.000e+01
0.365024000;1.044e+00;-6.667e-01;-2.155e-03;-6.384e-01;-2.064e-03;1.044e+00;-6.222e-01;1.498e-02;1.044e+00;-4.000e-01;-1.293e-03;1.000e+01;1.041e+00;5.000e+01;5.000e+01
0.366024000;1.044e+00;-6.667e-01;-2.162e-03;-6.384e-01;-2.070e-03;1.044e+00;-6.223e-01;1.498e-02;1.044e+00;-4.000e-01;-1.297e-03;1.000e+01;1.041e+00;5.000e+01;5.000e+01
0.671024000;1.044e+00;-6.667e-01;-4.303e-03;-6.384e-01;-4.121e-03;1.044e+00;-6.223e-01;1.293e-02;1.044e+00;-4.000e-01;-2.582e-03;1.000e+01;1.041e+00;5.000e+01;5.000e+01
0.672024000;1.044e+00;-6.667e-01;-4.312e-03;-6.384e-01;-4.129e-03;1.044e+00;-6.224e-01;1.292e-02;1.044e+00;-4.000e-01;-2.587e-03;1.000e+01;1.041e+00;5.000e+01;5.000e+01
0.761024000;1.044e+00;-6.667e-01;-4.948e-03;-6.384e-01;-4.739e-03;1.044e+00;-6.224e-01;1.231e-02;1.044e+00;-4.000e-01;-2.969e-03;1.000e+01;1.041e+00;5.000e+01;5.000e+01
0.762024000;1.044e+00;-6.667e-01;-4.955e-03;-6.385e-01;-4.745e-03;1.044e+00;-6.224e-01;1.231e-02;1.044e+00;-4.000e-01;-2.973e-03;1.000e+01;1.041e+00;5.000e+01;5.000e+01
0.975024000;1.044e+00;-6.667e-01;-6.485e-03;-6.385e-01;-6.211e-03;1.044e+00;-6.224e-01;1.084e-02;1.044e+00;-4.000e-01;-3.891e-03;1.000e+01;1.041e+00;5.000e+01;5.000e+01
0.976024000;1.044e+00;-6.667e-01;-6.492e-03;-6.385e-01;-6.217e-03;1.044e+00;-6.225e-01;1.084e-02;1.044e+00;-4.000e-01;-3.895e-03;1.000e+01;1.041e+00;5.000e+01;5.000e+01
1.199024000;1.044e+00;-6.667e-01;-8.082e-03;-6.385e-01;-7.741e-03;1.044e+00;-6.225e-01;9.314e-03;1.044e+00;-4.000e-01;-4.849e-03;1.000e+01;1.041e+00;5.000e+01;5.000e+01
1.200024000;1.044e+00;-6.667e-01;-8.090e-03;-6.386e-01;-7.749e-03;1.044e+00;-6.225e-01;9.307e-03;1.044e+00;-4.000e-01;-4.854e-03;1.000e+01;1.041e+00;5.000e+01;5.000e+01
1.281024000;1.044e+00;-6.667e-01;-8.660e-03;-6.386e-01;-8.295e-03;1.044e+00;-6.225e-01;8.760e-03;1.044e+00;-4.000e-01;-5.196e-03;1.000e+01;1.041e+00;5.000e+01;5.000e+01
1.282024000;1.044e+00;-6.667e-01;-8.668e-03;-6.386e-01;-8.303e-03;1.044e+00;-6.226e-01;8.754e-03;1.044e+00;-4.000e-01;-5.201e-03;1.000e+01;1.041e+00;5.000e+01;5.000e+01
1.352024000;1.044e+00;-6.667e-01;-9.158e-03;-6.386e-01;-8.773e-03;1.044e+00;-6.226e-01;8.285e-03;1.044e+00;-4.000e-01;-5.495e-03;1.000e+01;1.041e+00;5.000e+01;5.000e+01
1.369024000;1.044e+00;-6.667e-01;-9.277e-03;-6.386e-01;-8.886e-03;1.044e+00;-6.226e-01;8.171e-03;1.044e+00;-4.000e-01;-5.566e-03;1.000e+01;1.041e+00;5.000e+01;5.000e+01
1.602024000;1.044e+00;-6.667e-01;-1.087e-02;-6.386e-01;-1.041e-02;1.044e+00;-6.226e-01;6.646e-03;1.044e+00;-4.000e-01;-6.522e-03;1.000e+01;1.041e+00;5.000e+01;5.000e+01
1.603024000;1.044e+00;-6.667e-01;-1.088e-02;-6.386e-01;-1.042e-02;1.044e+00;-6.227e-01;6.639e-03;1.044e+00;-4.000e-01;-6.526e-03;1.000e+01;1.041e+00;5.000e+01;5.000e+01
1.660024000;1.044e+00;-6.667e-01;-1.126e-02;-6.386e-01;-1.079e-02;1.044e+00;-6.227e-01;6.276e-03;1.044e+00;-4.000e-01;-6.755e-03;1.000e+01;1.041e+00;5.000e+01;5.000e+01
1.661024000;1.044e+00;-6.667e-01;-1.127e-02;-6.387e-01;-1.079e-02;1.044e+00;-6.227e-01;6.269e-03;1.044e+00;-4.000e-01;-6.759e-03;1.000e+01;1.041e+00;5.000e+01;5.000e+01
1.852024000;1.044e+00;-6.667e-01;-1.251e-02;-6.387e-01;-1.199e-02;1.044e+00;-6.227e-01;5.078e-03;1.044e+00;-4.000e-01;-7.506e-03;1.000e+01;1.041e+00;5.000e+01;5.000e+01
1.857024000;1.044e+00;-6.667e-01;-1.254e-02;-6.387e-01;-1.202e-02;1.044e+00;-6.227e-01;5.046e-03;1.044e+00;-4.000e-01;-7.525e-03;1.000e+01;1.041e+00;5.000e+01;5.000e+01
1.859024000;1.044e+00;-6.667e-01;-1.256e-02;-6.387e-01;-1.203e-02;1.044e+00;-6.227e-01;5.035e-03;1.044e+00;-4.000e-01;-7.533e-03;1.000e+01;1.041e+00;5.000e+01;5.000e+01
1.944024000;1.044e+00;-6.667e-01;-1.309e-02;-6.387e-01;-1.254e-02;1.044e+00;-6.227e-01;4.521e-03;1.044e+00;-4.000e-01;-7.854e-03;1.000e+01;1.041e+00;5.000e+01;5.000e+01
1.945024000;1.044e+00;-6.667e-01;-1.310e-02;-6.387e-01;-1.255e-02;1.044e+00;-6.228e-01;4.515e-03;1.044e+00;-4.000e-01;-7.858e-03;1.000e+01;1.041e+00;5.000e+01;5.000e+01
2.136024000;1.044e+00;-6.667e-01;-1.426e-02;-6.387e-01;-1.366e-02;1.044e+00;-6.228e-01;3.400e-03;1.044e+00;-4.000e-01;-8.557e-03;1.000e+01;1.041e+00;5.000e+01;5.000e+01
2.137024000;1.044e+00;-6.667e-01;-1.427e-02;-6.387e-01;-1.367e-02;1.043e+00;-6.228e-01;3.396e-03;1.044e+00;-4.000e-01;-8.560e-03;1.000e+01;1.041e+00;5.000e+01;5.000e+01
2.174024000;1.044e+00;-6.667e-01;-1.449e-02;-6.387e-01;-1.388e-02;1.043e+00;-6.228e-01;3.186e-03;1.044e+00;-4.000e-01;-8.691e-03;1.000e+01;1.041e+00;5.000e+01;5.000e+01
2.175024000;1.044e+00;-6.667e-01;-1.449e-02;-6.388e-01;-1.389e-02;1.043e+00;-6.228e-01;3.180e-03;1.044e+00;-4.000e-01;-8.695e-03;1.000e+01;1.041e+00;5.000e+01;5.000e+01
2.302024000;1.044e+00;-6.667e-01;-1.522e-02;-6.388e-01;-1.459e-02;1.043e+00;-6.228e-01;2.479e-03;1.044e+00;-4.000e-01;-9.134e-03;1.000e+01;1.041e+00;5.000e+01;5.000e+01
2.304024000;1.044e+00;-6.667e-01;-1.524e-02;-6.388e-01;-1.460e-02;1.043e+00;-6.228e-01;2.469e-03;1.044e+00;-4.000e-01;-9.141e-03;1.000e+01;1.041e+00;5.000e+01;5.000e+01
2.306024000;1.044e+00;-6.667e-01;-1.525e-02;-6.388e-01;-1.461e-02;1.043e+00;-6.228e-01;2.458e-03;1.044e+00;-4.000e-01;-9.148e-03;1.000e+01;1.041e+00;5.000e+01;5.000e+01
2.309024000;1.044e+00;-6.667e-01;-1.526e-02;-6.388e-01;-1.463e-02;1.043e+00;-6.228e-01;2.442e-03;1.044e+00;-4.000e-01;-9.158e-03;1.000e+01;1.041e+00;5.000e+01;5.000e+01
2.316024000;1.044e+00;-6.667e-01;-1.530e-02;-6.388e-01;-1.466e-02;1.043e+00;-6.228e-01;2.404e-03;1.044e+00;-4.000e-01;-9.181e-03;1.000e+01;1.041e+00;5.000e+01;5.000e+01
2.317024000;1.044e+00;-6.667e-01;-1.531e-02;-6.388e-01;-1.467e-02;1.043e+00;-6.229e-01;2.399e-03;1.044e+00;-4.000e-01;-9.185e-03;1.000e+01;1.041e+00;5.000e+01;5.000e+01
2.735024000;1.044e+00;-6.667e-01;-1.750e-02;-6.388e-01;-1.677e-02;1.043e+00;-6.229e-01;3.051e-04;1.044e+00;-4.000e-01;-1.050e-02;1.000e+01;1.041e+00;5.000e+01;5.000e+01
2.737024000;1.044e+00;-6.667e-01;-1.750e-02;-6.388e-01;-1.677e-02;1.043e+00;-6.229e-01;2.955e-04;1.044e+00;-4.000e-01;-1.050e-02;1.000e+01;1.041e+00;5.000e+01;5.000e+01
2.738024000;1.044e+00;-6.667e-01;-1.751e-02;-6.388e-01;-1.678e-02;1.043e+00;-6.230e-01;2.908e-04;1.044e+00;-4.000e-01;-1.051e-02;1.000e+01;1.041e+00;5.000e+01;5.000e+01
2.740024000;1.044e+00;-6.667e-01;-1.752e-02;-6.388e-01;-1.679e-02;1.043e+00;-6.230e-01;2.812e-04;1.044e+00;-4.000e-01;-1.051e-02;1.000e+01;1.041e+00;5.000e+01;5.000e+01
2.755024000;1.044e+00;-6.667e-01;-1.759e-02;-6.388e-01;-1.686e-02;1.043e+00;-6.230e-01;2.125e-04;1.044e+00;-4.000e-01;-1.056e-02;1.000e+01;1.041e+00;5.000e+01;5.000e+01
2.761024000;1.044e+00;-6.667e-01;-1.762e-02;-6.388e-01;-1.689e-02;1.043e+00;-6.230e-01;1.853e-04;1.044e+00;-4.000e-01;-1.057e-02;1.000e+01;1.041e+00;5.000e+01;5.000e+01
2.768024000;1.044e+00;-6.667e-01;-1.765e-02;-6.388e-01;-1.692e-02;1.043e+00;-6.230e-01;1.534e-04;1.044e+00;-4.000e-01;-1.059e-02;1.000e+01;1.041e+00;5.000e+01;5.000e+01
2.769024000;1.044e+00;-6.667e-01;-1.766e-02;-6.389e-01;-1.692e-02;1.043e+00;-6.230e-01;1.486e-04;1.044e+00;-4.000e-01;-1.060e-02;1.000e+01;1.041e+00;5.000e+01;5.000e+01
2.854024000;1.044e+00;-6.667e-01;-1.806e-02;-6.389e-01;-1.730e-02;1.043e+00;-6.230e-01;-2.317e-04;1.044e+00;-4.000e-01;-1.083e-02;1.000e+01;1.041e+00;5.000e+01;5.000e+01
2.855024000;1.043e+00;-6.667e-01;-1.806e-02;-6.389e-01;-1.731e-02;1.043e+00;-6.230e-01;-2.364e-04;1.043e+00;-4.000e-01;-1.084e-02;1.000e+01;1.041e+00;5.000e+01;5.000e+01
2.986024000;1.043e+00;-6.667e-01;-1.865e-02;-6.389e-01;-1.787e-02;1.043e+00;-6.230e-01;-7.957e-04;1.043e+00;-4.000e-01;-1.119e-02;1.000e+01;1.041e+00;5.000e+01;5.000e+01
2.993024000;1.043e+00;-6.667e-01;-1.868e-02;-6.389e-01;-1.790e-02;1.043e+00;-6.230e-01;-8.260e-04;1.043e+00;-4.000e-01;-1.120e-02;1.000e+01;1.041e+00;5.000e+01;5.000e+01
3.012024000;1.043e+00;-6.667e-01;-1.876e-02;-6.389e-01;-1.798e-02;1.043e+00;-6.230e-01;-9.027e-04;1.043e+00;-4.000e-01;-1.125e-02;1.000e+01;1.041e+00;5.000e+01;5.000e+01
3.032024000;1.043e+00;-6.667e-01;-1.884e-02;-6.389e-01;-1.806e-02;1.043e+00;-6.230e-01;-9.858e-04;1.043e+00;-4.000e-01;-1.131e-02;1.000e+01;1.041e+00;5.000e+01;5.000e+01
3.241024000;1.043e+00;-6.667e-01;-1.969e-02;-6.389e-01;-1.887e-02;1.043e+00;-6.230e-01;-1.793e-03;1.043e+00;-4.000e-01;-1.181e-02;1.000e+01;1.041e+00;5.000e+01;5.000e+01
3.250024000;1.043e+00;-6.667e-01;-1.972e-02;-6.389e-01;-1.890e-02;1.043e+00;-6.230e-01;-1.825e-03;1.043e+00;-4.000e-01;-1.183e-02;1.000e+01;1.041e+00;5.000e+01;5.000e+01
3.251024000;1.043e+00;-6.667e-01;-1.972e-02;-6.389e-01;-1.890e-02;1.043e+00;-6.231e-01;-1.828e-03;1.043e+00;-4.000e-01;-1.183e-02;1.000e+01;1.041e+00;5.000e+01;5.000e+01
3.274024000;1.043e+00;-6.667e-01;-1.981e-02;-6.389e-01;-1.899e-02;1.043e+00;-6.231e-01;-1.911e-03;1.043e+00;-4.000e-01;-1.189e-02;1.000e+01;1.041e+00;5.000e+01;5.000e+01
3.287024000;1.043e+00;-6.667e-01;-1.986e-02;-6.389e-01;-1.903e-02;1.043e+00;-6.231e-01;-1.959e-03;1.043e+00;-4.000e-01;-1.192e-02;1.000e+01;1.041e+00;5.000e+01;5.000e+01
3.511024000;1.043e+00;-6.667e-01;-2.065e-02;-6.389e-01;-1.979e-02;1.043e+00;-6.231e-01;-2.712e-03;1.043e+00;-4.000e-01;-1.239e-02;1.000e+01;1.041e+00;5.000e+01;5.000e+01
3.521024000;1.043e+00;-6.667e-01;-2.068e-02;-6.389e-01;-1.982e-02;1.043e+00;-6.231e-01;-2.744e-03;1.043e+00;-4.000e-01;-1.241e-02;1.000e+01;1.041e+00;5.000e+01;5.000e+01
3.536024000;1.043e+00;-6.667e-01;-2.073e-02;-6.389e-01;-1.987e-02;1.043e+00;-6.231e-01;-2.790e-03;1.043e+00;-4.000e-01;-1.244e-02;1.000e+01;1.041e+00;5.000e+01;5.000e+01
3.551024000;1.043e+00;-6.667e-01;-2.078e-02;-6.389e-01;-1.991e-02;1.043e+00;-6.231e-01;-2.836e-03;1.043e+00;-4.000e-01;-1.247e-02;1.000e+01;1.041e+00;5.000e+01;5.000e+01
3.579024000;1.043e+00;-6.667e-01;-2.086e-02;-6.389e-01;-2.000e-02;1.043e+00;-6.231e-01;-2.921e-03;1.043e+00;-4.000e-01;-1.252e-02;1.000e+01;1.041e+00;5.000e+01;5.000e+01
3.580024000;1.043e+00;-6.667e-01;-2.087e-02;-6.390e-01;-2.000e-02;1.043e+00;-6.231e-01;-2.924e-03;1.043e+00;-4.000e-01;-1.252e-02;1.000e+01;1.041e+00;5.000e+01;5.000e+01
3.762024000;1.043e+00;-6.667e-01;-2.141e-02;-6.390e-01;-2.052e-02;1.043e+00;-6.231e-01;-3.445e-03;1.043e+00;-4.000e-01;-1.285e-02;1.000e+01;1.041e+00;5.000e+01;5.000e+01
3.775024000;1.043e+00;-6.667e-01;-2.145e-02;-6.390e-01;-2.056e-02;1.043e+00;-6.231e-01;-3.479e-03;1.043e+00;-4.000e-01;-1.287e-02;1.000e+01;1.041e+00;5.000e+01;5.000e+01
3.778024000;1.043e+00;-6.667e-01;-2.146e-02;-6.390e-01;-2.056e-02;1.043e+00;-6.231e-01;-3.487e-03;1.043e+00;-4.000e-01;-1.287e-02;1.000e+01;1.041e+00;5.000e+01;5.000e+01
3.816024000;1.043e+00;-6.667e-01;-2.156e-02;-6.390e-01;-2.066e-02;1.043e+00;-6.231e-01;-3.588e-03;1.043e+00;-4.000e-01;-1.294e-02;1.000e+01;1.041e+00;5.000e+01;5.000e+01
3.961024000;1.043e+00;-6.667e-01;-2.193e-02;-6.390e-01;-2.102e-02;1.043e+00;-6.231e-01;-3.946e-03;1.043e+00;-4.000e-01;-1.316e-02;1.000e+01;1.041e+00;5.000e+01;5.000e+01
3.962024000;1.043e+00;-6.667e-01;-2.194e-02;-6.390e-01;-2.102e-02;1.043e+00;-6.232e-01;-3.947e-03;1.043e+00;-4.000e-01;-1.316e-02;1.000e+01;1.041e+00;5.000e+01;5.000e+01
4.018024000;1.043e+00;-6.667e-01;-2.207e-02;-6.390e-01;-2.115e-02;1.043e+00;-6.232e-01;-4.077e-03;1.043e+00;-4.000e-01;-1.324e-02;1.000e+01;1.041e+00;5.000e+01;5.000e+01
4.046024000;1.043e+00;-6.667e-01;-2.213e-02;-6.390e-01;-2.122e-02;1.043e+00;-6.232e-01;-4.137e-03;1.043e+00;-4.000e-01;-1.328e-02;1.000e+01;1.041e+00;5.000e+01;5.000e+01
4.064024000;1.043e+00;-6.667e-01;-2.218e-02;-6.390e-01;-2.125e-02;1.043e+00;-6.232e-01;-4.177e-03;1.043e+00;-4.000e-01;-1.331e-02;1.000e+01;1.041e+00;5.000e+01;5.000e+01
4.252063000;1.043e+00;-6.667e-01;-2.257e-02;-6.390e-01;-2.163e-02;1.043e+00;-6.232e-01;-4.556e-03;1.043e+00;-4.000e-01;-1.354e-02;1.000e+01;1.041e+00;5.000e+01;5.000e+01
4.253063000;1.043e+00;-6.666e-01;-2.257e-02;-6.390e-01;-2.164e-02;1.043e+00;-6.232e-01;-4.558e-03;1.043e+00;-4.000e-01;-1.354e-02;1.000e+01;1.041e+00;5.000e+01;5.000e+01
4.286063000;1.043e+00;-6.666e-01;-2.263e-02;-6.390e-01;-2.170e-02;1.043e+00;-6.232e-01;-4.619e-03;1.043e+00;-4.000e-01;-1.358e-02;1.000e+01;1.041e+00;5.000e+01;5.000e+01
4.302063000;1.043e+00;-6.666e-01;-2.267e-02;-6.390e-01;-2.173e-02;1.043e+00;-6.232e-01;-4.647e-03;1.043e+00;-4.000e-01;-1.360e-02;1.000e+01;1.041e+00;5.000e+01;5.000e+01
4.362063000;1.043e+00;-6.666e-01;-2.278e-02;-6.390e-01;-2.183e-02;1.043e+00;-6.232e-01;-4.753e-03;1.043e+00;-4.000e-01;-1.367e-02;1.000e+01;1.041e+00;5.000e+01;5.000e+01
4.898093000;1.043e+00;-6.666e-01;-2.357e-02;-6.390e-01;-2.260e-02;1.043e+00;-6.232e-01;-5.516e-03;1.043e+00;-4.000e-01;-1.414e-02;1.000e+01;1.041e+00;5.000e+01;5.000e+01
4.905093000;1.043e+00;-6.666e-01;-2.358e-02;-6.390e-01;-2.260e-02;1.043e+00;-6.232e-01;-5.524e-03;1.043e+00;-4.000e-01;-1.415e-02;1.000e+01;1.041e+00;5.000e+01;5.000e+01
4.910093000;1.043e+00;-6.666e-01;-2.359e-02;-6.390e-01;-2.261e-02;1.043e+00;-6.232e-01;-5.528e-03;1.043e+00;-4.000e-01;-1.415e-02;1.000e+01;1.041e+00;5.000e+01;5.000e+01
4.931093000;1.043e+00;-6.666e-01;-2.361e-02;-6.390e-01;-2.263e-02;1.043e+00;-6.232e-01;-5.551e-03;1.043e+00;-4.000e-01;-1.417e-02;1.000e+01;1.041e+00;5.000e+01;5.000e+01
5.207093000;1.043e+00;-6.666e-01;-2.386e-02;-6.390e-01;-2.288e-02;1.043e+00;-6.232e-01;-5.795e-03;1.043e+00;-4.000e-01;-1.432e-02;1.000e+01;1.041e+00;5.000e+01;5.000e+01
5.245093000;1.043e+00;-6.666e-01;-2.389e-02;-6.390e-01;-2.290e-02;1.043e+00;-6.232e-01;-5.823e-03;1.043e+00;-4.000e-01;-1.434e-02;1.000e+01;1.041e+00;5.000e+01;5.000e+01
5.250093000;1.043e+00;-6.666e-01;-2.390e-02;-6.390e-01;-2.291e-02;1.043e+00;-6.232e-01;-5.826e-03;1.043e+00;-4.000e-01;-1.434e-02;1.000e+01;1.041e+00;5.000e+01;5.000e+01
5.269093000;1.043e+00;-6.666e-01;-2.391e-02;-6.390e-01;-2.292e-02;1.043e+00;-6.232e-01;-5.839e-03;1.043e+00;-4.000e-01;-1.435e-02;1.000e+01;1.041e+00;5.000e+01;5.000e+01
5.487093000;1.043e+00;-6.666e-01;-2.403e-02;-6.390e-01;-2.304e-02;1.043e+00;-6.232e-01;-5.959e-03;1.043e+00;-4.000e-01;-1.442e-02;1.000e+01;1.041e+00;5.000e+01;5.000e+01
5.488093000;1.043e+00;-6.666e-01;-2.403e-02;-6.391e-01;-2.304e-02;1.043e+00;-6.232e-01;-5.959e-03;1.043e+00;-4.000e-01;-1.442e-02;1.000e+01;1.041e+00;5.000e+01;5.000e+01
5.578093000;1.043e+00;-6.666e-01;-2.407e-02;-6.391e-01;-2.308e-02;1.043e+00;-6.232e-01;-5.995e-03;1.043e+00;-4.000e-01;-1.444e-02;1.000e+01;1.041e+00;5.000e+01;5.000e+01
5.605093000;1.043e+00;-6.666e-01;-2.408e-02;-6.391e-01;-2.308e-02;1.043e+00;-6.232e-01;-6.005e-03;1.043e+00;-4.000e-01;-1.445e-02;1.000e+01;1.041e+00;5.000e+01;5.000e+01
5.606093000;1.043e+00;-6.666e-01;-2.408e-02;-6.390e-01;-2.308e-02;1.043e+00;-6.232e-01;-6.005e-03;1.043e+00;-4.000e-01;-1.445e-02;1.000e+01;1.041e+00;5.000e+01;5.000e+01
5.610093000;1.043e+00;-6.666e-01;-2.408e-02;-6.390e-01;-2.309e-02;1.043e+00;-6.232e-01;-6.007e-03;1.043e+00;-4.000e-01;-1.445e-02;1.000e+01;1.041e+00;5.000e+01;5.000e+01
5.615093000;1.043e+00;-6.666e-01;-2.409e-02;-6.390e-01;-2.309e-02;1.043e+00;-6.232e-01;-6.008e-03;1.043e+00;-4.000e-01;-1.445e-02;1.000e+01;1.041e+00;5.000e+01;5.000e+01
5.632093000;1.043e+00;-6.666e-01;-2.409e-02;-6.390e-01;-2.309e-02;1.043e+00;-6.232e-01;-6.013e-03;1.043e+00;-4.000e-01;-1.445e-02;1.000e+01;1.041e+00;5.000e+01;5.000e+01
5.633093000;1.043e+00;-6.666e-01;-2.409e-02;-6.391e-01;-2.309e-02;1.043e+00;-6.232e-01;-6.013e-03;1.043e+00;-4.000e-01;-1.445e-02;1.000e+01;1.041e+00;5.000e+01;5.000e+01
5.635093000;1.043e+00;-6.666e-01;-2.409e-02;-6.391e-01;-2.309e-02;1.043e+00;-6.232e-01;-6.015e-03;1.043e+00;-4.000e-01;-1.446e-02;1.000e+01;1.041e+00;5.000e+01;5.000e+01
5.808093000;1.043e+00;-6.666e-01;-2.413e-02;-6.391e-01;-2.313e-02;1.043e+00;-6.232e-01;-6.054e-03;1.043e+00;-4.000e-01;-1.448e-02;1.000e+01;1.041e+00;5.000e+01;5.000e+01
5.809093000;1.043e+00;-6.666e-01;-2.413e-02;-6.391e-01;-2.313e-02;1.043e+00;-6.233e-01;-6.054e-03;1.043e+00;-4.000e-01;-1.448e-02;1.000e+01;1.041e+00;5.000e+01;5.000e+01
6.026093000;1.043e+00;-6.666e-01;-2.415e-02;-6.391e-01;-2.315e-02;1.043e+00;-6.233e-01;-6.074e-03;1.043e+00;-4.000e-01;-1.449e-02;1.000e+01;1.041e+00;5.000e+01;5.000e+01
6.281093000;1.043e+00;-6.666e-01;-2.413e-02;-6.391e-01;-2.313e-02;1.043e+00;-6.233e-01;-6.054e-03;1.043e+00;-4.000e-01;-1.448e-02;1.000e+01;1.041e+00;5.000e+01;5.000e+01
6.282093000;1.043e+00;-6.666e-01;-2.413e-02;-6.391e-01;-2.313e-02;1.043e+00;-6.232e-01;-6.054e-03;1.043e+00;-4.000e-01;-1.448e-02;1.000e+01;1.041e+00;5.000e+01;5.000e+01
6.396093000;1.043e+00;-6.666e-01;-2.411e-02;-6.391e-01;-2.312e-02;1.043e+00;-6.232e-01;-6.034e-03;1.043e+00;-4.000e-01;-1.447e-02;1.000e+01;1.041e+00;5.000e+01;5.000e+01
6.418093000;1.043e+00;-6.666e-01;-2.411e-02;-6.391e-01;-2.311e-02;1.043e+00;-6.232e-01;-6.031e-03;1.043e+00;-4.000e-01;-1.447e-02;1.000e+01;1.041e+00;5.000e+01;5.000e+01
6.432093000;1.043e+00;-6.666e-01;-2.411e-02;-6.391e-01;-2.311e-02;1.043e+00;-6.232e-01;-6.027e-03;1.043e+00;-4.000e-01;-1.446e-02;1.000e+01;1.041e+00;5.000e+01;5.000e+01
6.487093000;1.043e+00;-6.666e-01;-2.409e-02;-6.391e-01;-2.309e-02;1.043e+00;-6.232e-01;-6.013e-03;1.043e+00;-4.000e-01;-1.445e-02;1.000e+01;1.041e+00;5.000e+01;5.000e+01
6.488093000;1.043e+00;-6.666e-01;-2.409e-02;-6.390e-01;-2.309e-02;1.043e+00;-6.232e-01;-6.013e-03;1.043e+00;-4.000e-01;-1.445e-02;1.000e+01;1.041e+00;5.000e+01;5.000e+01
7.079093000;1.043e+00;-6.666e-01;-2.387e-02;-6.390e-01;-2.288e-02;1.043e+00;-6.232e-01;-5.799e-03;1.043e+00;-4.000e-01;-1.432e-02;1.000e+01;1.041e+00;5.000e+01;5.000e+01
7.085093000;1.043e+00;-6.666e-01;-2.386e-02;-6.390e-01;-2.288e-02;1.043e+00;-6.232e-01;-5.795e-03;1.043e+00;-4.000e-01;-1.432e-02;1.000e+01;1.041e+00;5.000e+01;5.000e+01
7.124093000;1.043e+00;-6.666e-01;-2.385e-02;-6.390e-01;-2.286e-02;1.043e+00;-6.232e-01;-5.778e-03;1.043e+00;-4.000e-01;-1.431e-02;1.000e+01;1.041e+00;5.000e+01;5.000e+01
7.165093000;1.043e+00;-6.666e-01;-2.383e-02;-6.390e-01;-2.284e-02;1.043e+00;-6.232e-01;-5.759e-03;1.043e+00;-4.000e-01;-1.430e-02;1.000e+01;1.041e+00;5.000e+01;5.000e+01
8.554093000;1.043e+00;-6.666e-01;-2.308e-02;-6.390e-01;-2.212e-02;1.043e+00;-6.232e-01;-5.041e-03;1.043e+00;-4.000e-01;-1.384e-02;1.000e+01;1.041e+00;5.000e+01;5.000e+01
8.594093000;1.043e+00;-6.666e-01;-2.305e-02;-6.390e-01;-2.210e-02;1.043e+00;-6.232e-01;-5.022e-03;1.043e+00;-4.000e-01;-1.383e-02;1.000e+01;1.041e+00;5.000e+01;5.000e+01
8.599093000;1.043e+00;-6.666e-01;-2.305e-02;-6.390e-01;-2.210e-02;1.043e+00;-6.232e-01;-5.018e-03;1.043e+00;-4.000e-01;-1.383e-02;1.000e+01;1.041e+00;5.000e+01;5.000e+01
9.966508000;1.043e+00;-6.666e-01;-2.243e-02;-6.390e-01;-2.149e-02;1.043e+00;-6.232e-01;-4.419e-03;1.043e+00;-4.000e-01;-1.345e-02;1.000e+01;1.041e+00;5.000e+01;5.000e+01
10.041508000;1.043e+00;-6.666e-01;-2.239e-02;-6.390e-01;-2.147e-02;1.043e+00;-6.232e-01;-4.390e-03;1.043e+00;-4.000e-01;-1.344e-02;1.000e+01;1.041e+00;5.000e+01;5.000e+01
10.063508000;1.043e+00;-6.666e-01;-2.239e-02;-6.390e-01;-2.146e-02;1.043e+00;-6.232e-01;-4.380e-03;1.043e+00;-4.000e-01;-1.343e-02;1.000e+01;1.041e+00;5.000e+01;5.000e+01
10.784508000;1.043e+00;-6.666e-01;-2.216e-02;-6.390e-01;-2.124e-02;1.043e+00;-6.232e-01;-4.163e-03;1.043e+00;-4.000e-01;-1.329e-02;1.000e+01;1.041e+00;5.000e+01;5.000e+01
10.847508000;1.043e+00;-6.666e-01;-2.214e-02;-6.390e-01;-2.122e-02;1.043e+00;-6.232e-01;-4.149e-03;1.043e+00;-4.000e-01;-1.329e-02;1.000e+01;1.041e+00;5.000e+01;5.000e+01
10.857508000;1.043e+00;-6.666e-01;-2.214e-02;-6.390e-01;-2.122e-02;1.043e+00;-6.232e-01;-4.145e-03;1.043e+00;-4.000e-01;-1.328e-02;1.000e+01;1.041e+00;5.000e+01;5.000e+01
10.884508000;1.043e+00;-6.666e-01;-2.213e-02;-6.390e-01;-2.122e-02;1.043e+00;-6.232e-01;-4.141e-03;1.043e+00;-4.000e-01;-1.328e-02;1.000e+01;1.041e+00;5.000e+01;5.000e+01
11.598508000;1.043e+00;-6.666e-01;-2.202e-02;-6.390e-01;-2.111e-02;1.043e+00;-6.232e-01;-4.035e-03;1.043e+00;-4.000e-01;-1.321e-02;1.000e+01;1.041e+00;5.000e+01;5.000e+01
11.679508000;1.043e+00;-6.666e-01;-2.202e-02;-6.390e-01;-2.110e-02;1.043e+00;-6.232e-01;-4.029e-03;1.043e+00;-4.000e-01;-1.321e-02;1.000e+01;1.041e+00;5.000e+01;5.000e+01
11.724508000;1.043e+00;-6.666e-01;-2.201e-02;-6.390e-01;-2.110e-02;1.043e+00;-6.232e-01;-4.026e-03;1.043e+00;-4.000e-01;-1.321e-02;1.000e+01;1.041e+00;5.000e+01;5.000e+01
11.761508000;1.043e+00;-6.666e-01;-2.201e-02;-6.390e-01;-2.110e-02;1.043e+00;-6.232e-01;-4.022e-03;1.043e+00;-4.000e-01;-1.321e-02;1.000e+01;1.041e+00;5.000e+01;5.000e+01
12.867508000;1.043e+00;-6.666e-01;-2.202e-02;-6.390e-01;-2.111e-02;1.043e+00;-6.232e-01;-4.035e-03;1.043e+00;-4.000e-01;-1.321e-02;1.000e+01;1.041e+00;5.000e+01;5.000e+01
13.036508000;1.043e+00;-6.666e-01;-2.204e-02;-6.390e-01;-2.112e-02;1.043e+00;-6.232e-01;-4.048e-03;1.043e+00;-4.000e-01;-1.322e-02;1.000e+01;1.041e+00;5.000e+01;5.000e+01
13.112508000;1.043e+00;-6.666e-01;-2.204e-02;-6.390e-01;-2.113e-02;1.043e+00;-6.232e-01;-4.054e-03;1.043e+00;-4.000e-01;-1.323e-02;1.000e+01;1.041e+00;5.000e+01;5.000e+01
13.123508000;1.043e+00;-6.666e-01;-2.205e-02;-6.390e-01;-2.113e-02;1.043e+00;-6.232e-01;-4.054e-03;1.043e+00;-4.000e-01;-1.323e-02;1.000e+01;1.041e+00;5.000e+01;5.000e+01
16.754508000;1.043e+00;-6.666e-01;-2.246e-02;-6.390e-01;-2.152e-02;1.043e+00;-6.232e-01;-4.446e-03;1.043e+00;-4.000e-01;-1.347e-02;1.000e+01;1.041e+00;5.000e+01;5.000e+01
16.778508000;1.043e+00;-6.666e-01;-2.246e-02;-6.390e-01;-2.153e-02;1.043e+00;-6.232e-01;-4.448e-03;1.043e+00;-4.000e-01;-1.347e-02;1.000e+01;1.041e+00;5.000e+01;5.000e+01
16.803508000;1.043e+00;-6.666e-01;-2.246e-02;-6.390e-01;-2.153e-02;1.043e+00;-6.232e-01;-4.449e-03;1.043e+00;-4.000e-01;-1.348e-02;1.000e+01;1.041e+00;5.000e+01;5.000e+01
16.901508000;1.043e+00;-6.666e-01;-2.246e-02;-6.390e-01;-2.153e-02;1.043e+00;-6.232e-01;-4.456e-03;1.043e+00;-4.000e-01;-1.348e-02;1.000e+01;1.041e+00;5.000e+01;5.000e+01
19.999996000;1.043e+00;-6.666e-01;-2.255e-02;-6.390e-01;-2.162e-02;1.043e+00;-6.232e-01;-4.539e-03;1.043e+00;-4.000e-01;-1.353e-02;1.000e+01;1.041e+00;5.000e+01;5.000e+01
19.999998000;1.043e+00;-6.666e-01;-2.255e-02;-6.390e-01;-2.162e-02;1.043e+00;-6.232e-01;-4.539e-03;1.043e+00;-4.000e-01;-1.353e-02;1.000e+01;1.062e+00;5.000e+01;5.000e+01
20.001020000;1.043e+00;-6.666e-01;-2.255e-02;-6.390e-01;-2.162e-02;1.043e+00;-6.232e-01;-4.539e-03;1.043e+00;-4.000e-01;-1.353e-02;1.000e+01;1.062e+00;5.000e+01;5.000e+01
20.003020000;1.043e+00;-6.666e-01;-2.255e-02;-6.390e-01;-2.161e-02;1.043e+00;-6.232e-01;-4.534e-03;1.043e+00;-4.000e-01;-1.353e-02;1.000e+01;1.062e+00;5.000e+01;5.000e+01
20.004020000;1.043e+00;-6.666e-01;-2.254e-02;-6.390e-01;-2.161e-02;1.043e+00;-6.232e-01;-4.532e-03;1.043e+00;-4.000e-01;-1.353e-02;1.000e+01;1.062e+00;5.000e+01;5.000e+01
20.007020000;1.043e+00;-6.666e-01;-2.253e-02;-6.390e-01;-2.160e-02;1.043e+00;-6.232e-01;-4.518e-03;1.043e+00;-4.000e-01;-1.352e-02;1.000e+01;1.062e+00;5.000e+01;5.000e+01
20.008020000;1.043e+00;-6.667e-01;-2.252e-02;-6.390e-01;-2.159e-02;1.043e+00;-6.232e-01;-4.513e-03;1.043e+00;-4.000e-01;-1.351e-02;1.000e+01;1.062e+00;5.000e+01;5.000e+01
20.039020000;1.043e+00;-6.667e-01;-2.222e-02;-6.390e-01;-2.130e-02;1.043e+00;-6.232e-01;-4.221e-03;1.043e+00;-4.000e-01;-1.333e-02;1.000e+01;1.062e+00;5.000e+01;5.000e+01
20.040020000;1.043e+00;-6.667e-01;-2.221e-02;-6.390e-01;-2.129e-02;1.043e+00;-6.232e-01;-4.209e-03;1.043e+00;-4.000e-01;-1.333e-02;1.000e+01;1.062e+00;5.000e+01;5.000e+01
20.041020000;1.043e+00;-6.667e-01;-2.220e-02;-6.390e-01;-2.128e-02;1.043e+00;-6.232e-01;-4.198e-03;1.043e+00;-4.000e-01;-1.332e-02;1.000e+01;1.062e+00;5.000e+01;5.000e+01
20.052020000;1.043e+00;-6.667e-01;-2.207e-02;-6.390e-01;-2.115e-02;1.043e+00;-6.232e-01;-4.072e-03;1.043e+00;-4.000e-01;-1.324e-02;1.000e+01;1.062e+00;5.000e+01;5.000e+01
20.089020000;1.043e+00;-6.667e-01;-2.159e-02;-6.390e-01;-2.069e-02;1.043e+00;-6.232e-01;-3.613e-03;1.043e+00;-4.000e-01;-1.295e-02;1.000e+01;1.062e+00;5.000e+01;5.000e+01
20.090020000;1.043e+00;-6.667e-01;-2.157e-02;-6.390e-01;-2.068e-02;1.043e+00;-6.231e-01;-3.600e-03;1.043e+00;-4.000e-01;-1.294e-02;1.000e+01;1.062e+00;5.000e+01;5.000e+01
20.108020000;1.043e+00;-6.667e-01;-2.133e-02;-6.390e-01;-2.044e-02;1.043e+00;-6.231e-01;-3.364e-03;1.043e+00;-4.000e-01;-1.280e-02;1.000e+01;1.062e+00;5.000e+01;5.000e+01
20.110020000;1.043e+00;-6.667e-01;-2.130e-02;-6.390e-01;-2.041e-02;1.043e+00;-6.231e-01;-3.337e-03;1.043e+00;-4.000e-01;-1.278e-02;1.000e+01;1.062e+00;5.000e+01;5.000e+01
20.115020000;1.043e+00;-6.667e-01;-2.123e-02;-6.390e-01;-2.035e-02;1.043e+00;-6.231e-01;-3.268e-03;1.043e+00;-4.000e-01;-1.274e-02;1.000e+01;1.062e+00;5.000e+01;5.000e+01
20.127020000;1.043e+00;-6.667e-01;-2.106e-02;-6.390e-01;-2.018e-02;1.043e+00;-6.231e-01;-3.105e-03;1.043e+00;-4.000e-01;-1.263e-02;1.000e+01;1.062e+00;5.000e+01;5.000e+01
20.179020000;1.043e+00;-6.667e-01;-2.028e-02;-6.390e-01;-1.944e-02;1.043e+00;-6.231e-01;-2.362e-03;1.043e+00;-4.000e-01;-1.217e-02;1.000e+01;1.062e+00;5.000e+01;5.000e+01
20.180020000;1.043e+00;-6.667e-01;-2.027e-02;-6.389e-01;-1.942e-02;1.043e+00;-6.231e-01;-2.347e-03;1.043e+00;-4.000e-01;-1.216e-02;1.000e+01;1.062e+00;5.000e+01;5.000e+01
20.200020000;1.043e+00;-6.667e-01;-1.996e-02;-6.389e-01;-1.912e-02;1.043e+00;-6.231e-01;-2.052e-03;1.043e+00;-4.000e-01;-1.197e-02;1.000e+01;1.062e+00;5.000e+01;5.000e+01
20.239020000;1.043e+00;-6.667e-01;-1.934e-02;-6.389e-01;-1.853e-02;1.043e+00;-6.231e-01;-1.462e-03;1.043e+00;-4.000e-01;-1.160e-02;1.000e+01;1.062e+00;5.000e+01;5.000e+01
20.240020000;1.043e+00;-6.667e-01;-1.932e-02;-6.389e-01;-1.852e-02;1.043e+00;-6.230e-01;-1.446e-03;1.043e+00;-4.000e-01;-1.159e-02;1.000e+01;1.062e+00;5.000e+01;5.000e+01
20.273020000;1.043e+00;-6.667e-01;-1.879e-02;-6.389e-01;-1.801e-02;1.043e+00;-6.230e-01;-9.363e-04;1.043e+00;-4.000e-01;-1.128e-02;1.000e+01;1.062e+00;5.000e+01;5.000e+01
20.307020000;1.043e+00;-6.667e-01;-1.824e-02;-6.389e-01;-1.748e-02;1.043e+00;-6.230e-01;-4.042e-04;1.043e+00;-4.000e-01;-1.094e-02;1.000e+01;1.062e+00;5.000e+01;5.000e+01
20.315020000;1.043e+00;-6.667e-01;-1.810e-02;-6.389e-01;-1.735e-02;1.043e+00;-6.230e-01;-2.780e-04;1.043e+00;-4.000e-01;-1.086e-02;1.000e+01;1.062e+00;5.000e+01;5.000e+01
20.317020000;1.043e+00;-6.667e-01;-1.807e-02;-6.389e-01;-1.732e-02;1.043e+00;-6.230e-01;-2.460e-04;1.043e+00;-4.000e-01;-1.084e-02;1.000e+01;1.062e+00;5.000e+01;5.000e+01
20.318020000;1.044e+00;-6.667e-01;-1.805e-02;-6.389e-01;-1.730e-02;1.043e+00;-6.230e-01;-2.301e-04;1.044e+00;-4.000e-01;-1.083e-02;1.000e+01;1.062e+00;5.000e+01;5.000e+01
20.327020000;1.044e+00;-6.667e-01;-1.791e-02;-6.389e-01;-1.716e-02;1.043e+00;-6.230e-01;-8.627e-05;1.044e+00;-4.000e-01;-1.074e-02;1.000e+01;1.062e+00;5.000e+01;5.000e+01
20.369020000;1.044e+00;-6.667e-01;-1.720e-02;-6.389e-01;-1.649e-02;1.043e+00;-6.230e-01;5.847e-04;1.044e+00;-4.000e-01;-1.032e-02;1.000e+01;1.062e+00;5.000e+01;5.000e+01
20.370020000;1.044e+00;-6.667e-01;-1.719e-02;-6.388e-01;-1.647e-02;1.043e+00;-6.229e-01;6.007e-04;1.044e+00;-4.000e-01;-1.031e-02;1.000e+01;1.062e+00;5.000e+01;5.000e+01
20.492020000;1.044e+00;-6.667e-01;-1.511e-02;-6.388e-01;-1.448e-02;1.043e+00;-6.229e-01;2.588e-03;1.044e+00;-4.000e-01;-9.066e-03;1.000e+01;1.062e+00;5.000e+01;5.000e+01
20.493020000;1.044e+00;-6.667e-01;-1.509e-02;-6.388e-01;-1.446e-02;1.043e+00;-6.228e-01;2.605e-03;1.044e+00;-4.000e-01;-9.056e-03;1.000e+01;1.062e+00;5.000e+01;5.000e+01
20.537020000;1.044e+00;-6.667e-01;-1.433e-02;-6.388e-01;-1.373e-02;1.043e+00;-6.228e-01;3.332e-03;1.044e+00;-4.000e-01;-8.601e-03;1.000e+01;1.062e+00;5.000e+01;5.000e+01
20.541020000;1.044e+00;-6.667e-01;-1.427e-02;-6.388e-01;-1.367e-02;1.043e+00;-6.228e-01;3.397e-03;1.044e+00;-4.000e-01;-8.559e-03;1.000e+01;1.062e+00;5.000e+01;5.000e+01
20.542020000;1.044e+00;-6.667e-01;-1.425e-02;-6.388e-01;-1.365e-02;1.044e+00;-6.228e-01;3.415e-03;1.044e+00;-4.000e-01;-8.549e-03;1.000e+01;1.062e+00;5.000e+01;5.000e+01
20.545020000;1.044e+00;-6.667e-01;-1.420e-02;-6.388e-01;-1.360e-02;1.044e+00;-6.228e-01;3.464e-03;1.044e+00;-4.000e-01;-8.517e-03;1.000e+01;1.062e+00;5.000e+01;5.000e+01
20.546020000;1.044e+00;-6.667e-01;-1.418e-02;-6.387e-01;-1.358e-02;1.044e+00;-6.228e-01;3.480e-03;1.044e+00;-4.000e-01;-8.507e-03;1.000e+01;1.062e+00;5.000e+01;5.000e+01
20.549020000;1.044e+00;-6.667e-01;-1.413e-02;-6.387e-01;-1.354e-02;1.044e+00;-6.228e-01;3.530e-03;1.044e+00;-4.000e-01;-8.476e-03;1.000e+01;1.062e+00;5.000e+01;5.000e+01
20.571020000;1.044e+00;-6.667e-01;-1.375e-02;-6.387e-01;-1.317e-02;1.044e+00;-6.228e-01;3.895e-03;1.044e+00;-4.000e-01;-8.247e-03;1.000e+01;1.062e+00;5.000e+01;5.000e+01
20.577020000;1.044e+00;-6.667e-01;-1.364e-02;-6.387e-01;-1.307e-02;1.044e+00;-6.228e-01;3.994e-03;1.044e+00;-4.000e-01;-8.184e-03;1.000e+01;1.062e+00;5.000e+01;5.000e+01
20.616020000;1.044e+00;-6.667e-01;-1.296e-02;-6.387e-01;-1.242e-02;1.044e+00;-6.228e-01;4.646e-03;1.044e+00;-4.000e-01;-7.777e-03;1.000e+01;1.062e+00;5.000e+01;5.000e+01
20.617020000;1.044e+00;-6.667e-01;-1.294e-02;-6.387e-01;-1.240e-02;1.044e+00;-6.227e-01;4.662e-03;1.044e+00;-4.000e-01;-7.767e-03;1.000e+01;1.062e+00;5.000e+01;5.000e+01
20.721020000;1.044e+00;-6.667e-01;-1.112e-02;-6.387e-01;-1.066e-02;1.044e+00;-6.227e-01;6.405e-03;1.044e+00;-4.000e-01;-6.674e-03;1.000e+01;1.062e+00;5.000e+01;5.000e+01
20.722020000;1.044e+00;-6.667e-01;-1.111e-02;-6.386e-01;-1.064e-02;1.044e+00;-6.227e-01;6.421e-03;1.044e+00;-4.000e-01;-6.664e-03;1.000e+01;1.062e+00;5.000e+01;5.000e+01
20.738020000;1.044e+00;-6.667e-01;-1.082e-02;-6.386e-01;-1.037e-02;1.044e+00;-6.227e-01;6.691e-03;1.044e+00;-4.000e-01;-6.495e-03;1.000e+01;1.062e+00;5.000e+01;5.000e+01
20.739020000;1.044e+00;-6.667e-01;-1.081e-02;-6.386e-01;-1.035e-02;1.044e+00;-6.226e-01;6.707e-03;1.044e+00;-4.000e-01;-6.484e-03;1.000e+01;1.062e+00;5.000e+01;5.000e+01
20.862020000;1.044e+00;-6.667e-01;-8.642e-03;-6.386e-01;-8.278e-03;1.044e+00;-6.226e-01;8.779e-03;1.044e+00;-4.000e-01;-5.185e-03;1.000e+01;1.062e+00;5.000e+01;5.000e+01
20.863020000;1.044e+00;-6.667e-01;-8.625e-03;-6.386e-01;-8.262e-03;1.044e+00;-6.225e-01;8.795e-03;1.044e+00;-4.000e-01;-5.175e-03;1.000e+01;1.062e+00;5.000e+01;5.000e+01
20.896020000;1.044e+00;-6.667e-01;-8.043e-03;-6.386e-01;-7.704e-03;1.044e+00;-6.225e-01;9.352e-03;1.044e+00;-4.000e-01;-4.826e-03;1.000e+01;1.062e+00;5.000e+01;5.000e+01
20.897020000;1.044e+00;-6.667e-01;-8.025e-03;-6.385e-01;-7.687e-03;1.044e+00;-6.225e-01;9.368e-03;1.044e+00;-4.000e-01;-4.815e-03;1.000e+01;1.062e+00;5.000e+01;5.000e+01
20.985020000;1.044e+00;-6.667e-01;-6.475e-03;-6.385e-01;-6.201e-03;1.044e+00;-6.225e-01;1.085e-02;1.044e+00;-4.000e-01;-3.885e-03;1.000e+01;1.062e+00;5.000e+01;5.000e+01
20.986020000;1.044e+00;-6.667e-01;-6.458e-03;-6.385e-01;-6.186e-03;1.044e+00;-6.224e-01;1.087e-02;1.044e+00;-4.000e-01;-3.875e-03;1.000e+01;1.062e+00;5.000e+01;5.000e+01
21.077020000;1.044e+00;-6.667e-01;-4.860e-03;-6.385e-01;-4.654e-03;1.044e+00;-6.224e-01;1.240e-02;1.044e+00;-4.000e-01;-2.916e-03;1.000e+01;1.062e+00;5.000e+01;5.000e+01
21.078020000;1.044e+00;-6.667e-01;-4.842e-03;-6.384e-01;-4.637e-03;1.044e+00;-6.224e-01;1.241e-02;1.044e+00;-4.000e-01;-2.905e-03;1.000e+01;1.062e+00;5.000e+01;5.000e+01
21.112020000;1.044e+00;-6.667e-01;-4.247e-03;-6.384e-01;-4.067e-03;1.044e+00;-6.224e-01;1.298e-02;1.044e+00;-4.000e-01;-2.548e-03;1.000e+01;1.062e+00;5.000e+01;5.000e+01
21.113020000;1.044e+00;-6.667e-01;-4.230e-03;-6.384e-01;-4.051e-03;1.044e+00;-6.223e-01;1.300e-02;1.044e+00;-4.000e-01;-2.538e-03;1.000e+01;1.062e+00;5.000e+01;5.000e+01
21.145020000;1.044e+00;-6.667e-01;-3.670e-03;-6.384e-01;-3.514e-03;1.044e+00;-6.223e-01;1.353e-02;1.044e+00;-4.000e-01;-2.202e-03;1.000e+01;1.062e+00;5.000e+01;5.000e+01
21.160020000;1.044e+00;-6.667e-01;-3.408e-03;-6.384e-01;-3.264e-03;1.044e+00;-6.223e-01;1.378e-02;1.044e+00;-4.000e-01;-2.045e-03;1.000e+01;1.062e+00;5.000e+01;5.000e+01
21.238020000;1.044e+00;-6.667e-01;-2.053e-03;-6.384e-01;-1.966e-03;1.044e+00;-6.223e-01;1.508e-02;1.044e+00;-4.000e-01;-1.232e-03;1.000e+01;1.062e+00;5.000e+01;5.000e+01
21.239020000;1.044e+00;-6.667e-01;-2.037e-03;-6.384e-01;-1.950e-03;1.044e+00;-6.222e-01;1.510e-02;1.044e+00;-4.000e-01;-1.222e-03;1.000e+01;1.062e+00;5.000e+01;5.000e+01
21.259020000;1.044e+00;-6.667e-01;-1.690e-03;-6.384e-01;-1.618e-03;1.044e+00;-6.222e-01;1.543e-02;1.044e+00;-4.000e-01;-1.014e-03;1.000e+01;1.062e+00;5.000e+01;5.000e+01
21.260020000;1.044e+00;-6.667e-01;-1.673e-03;-6.383e-01;-1.602e-03;1.044e+00;-6.222e-01;1.544e-02;1.044e+00;-4.000e-01;-1.004e-03;1.000e+01;1.062e+00;5.000e+01;5.000e+01
21.295020000;1.044e+00;-6.667e-01;-1.070e-03;-6.383e-01;-1.025e-03;1.044e+00;-6.222e-01;1.602e-02;1.044e+00;-4.000e-01;-6.420e-04;1.000e+01;1.062e+00;5.000e+01;5.000e+01
21.296020000;1.044e+00;-6.667e-01;-1.052e-03;-6.383e-01;-1.007e-03;1.045e+00;-6.222e-01;1.604e-02;1.044e+00;-4.000e-01;-6.310e-04;1.000e+01;1.062e+00;5.000e+01;5.000e+01
21.367020000;1.044e+00;-6.667e-01;1.650e-04;-6.383e-01;1.580e-04;1.045e+00;-6.222e-01;1.720e-02;1.044e+00;-4.000e-01;9.900e-05;1.000e+01;1.062e+00;5.000e+01;5.000e+01
21.368020000;1.044e+00;-6.667e-01;1.817e-04;-6.383e-01;1.739e-04;1.045e+00;-6.221e-01;1.722e-02;1.044e+00;-4.000e-01;1.090e-04;1.000e+01;1.062e+00;5.000e+01;5.000e+01
21.393020000;1.044e+00;-6.667e-01;6.083e-04;-6.383e-01;5.824e-04;1.045e+00;-6.221e-01;1.763e-02;1.044e+00;-4.000e-01;3.650e-04;1.000e+01;1.062e+00;5.000e+01;5.000e+01
21.416020000;1.044e+00;-6.667e-01;1.000e-03;-6.383e-01;9.574e-04;1.045e+00;-6.221e-01;1.800e-02;1.044e+00;-4.000e-01;6.000e-04;1.000e+01;1.062e+00;5.000e+01;5.000e+01
21.420020000;1.044e+00;-6.667e-01;1.067e-03;-6.383e-01;1.021e-03;1.045e+00;-6.221e-01;1.806e-02;1.044e+00;-4.000e-01;6.400e-04;1.000e+01;1.062e+00;5.000e+01;5.000e+01
21.421020000;1.045e+00;-6.667e-01;1.083e-03;-6.383e-01;1.037e-03;1.045e+00;-6.221e-01;1.808e-02;1.045e+00;-4.000e-01;6.500e-04;1.000e+01;1.062e+00;5.000e+01;5.000e+01
21.422020000;1.045e+00;-6.667e-01;1.102e-03;-6.383e-01;1.055e-03;1.045e+00;-6.221e-01;1.810e-02;1.045e+00;-4.000e-01;6.610e-04;1.000e+01;1.062e+00;5.000e+01;5.000e+01
21.445020000;1.045e+00;-6.667e-01;1.490e-03;-6.383e-01;1.426e-03;1.045e+00;-6.221e-01;1.847e-02;1.045e+00;-4.000e-01;8.940e-04;1.000e+01;1.062e+00;5.000e+01;5.000e+01
21.446020000;1.045e+00;-6.667e-01;1.507e-03;-6.382e-01;1.442e-03;1.045e+00;-6.221e-01;1.848e-02;1.045e+00;-4.000e-01;9.040e-04;1.000e+01;1.062e+00;5.000e+01;5.000e+01
21.498020000;1.045e+00;-6.667e-01;2.383e-03;-6.382e-01;2.282e-03;1.045e+00;-6.221e-01;1.932e-02;1.045e+00;-4.000e-01;1.430e-03;1.000e+01;1.062e+00;5.000e+01;5.000e+01
21.499020000;1.045e+00;-6.667e-01;2.400e-03;-6.382e-01;2.298e-03;1.045e+00;-6.220e-01;1.934e-02;1.045e+00;-4.000e-01;1.440e-03;1.000e+01;1.062e+00;5.000e+01;5.000e+01
21.631020000;1.045e+00;-6.667e-01;4.588e-03;-6.382e-01;4.392e-03;1.045e+00;-6.220e-01;2.143e-02;1.045e+00;-4.000e-01;2.753e-03;1.000e+01;1.062e+00;5.000e+01;5.000e+01
21.632020000;1.045e+00;-6.667e-01;4.605e-03;-6.382e-01;4.408e-03;1.045e+00;-6.219e-01;2.144e-02;1.045e+00;-4.000e-01;2.763e-03;1.000e+01;1.062e+00;5.000e+01;5.000e+01
21.639020000;1.045e+00;-6.667e-01;4.720e-03;-6.382e-01;4.518e-03;1.045e+00;-6.219e-01;2.155e-02;1.045e+00;-4.000e-01;2.832e-03;1.000e+01;1.062e+00;5.000e+01;5.000e+01
21.640020000;1.045e+00;-6.667e-01;4.737e-03;-6.381e-01;4.534e-03;1.045e+00;-6.219e-01;2.157e-02;1.045e+00;-4.000e-01;2.842e-03;1.000e+01;1.062e+00;5.000e+01;5.000e+01
21.682020000;1.045e+00;-6.667e-01;5.422e-03;-6.381e-01;5.190e-03;1.045e+00;-6.219e-01;2.223e-02;1.045e+00;-4.000e-01;3.253e-03;1.000e+01;1.062e+00;5.000e+01;5.000e+01
21.683020000;1.045e+00;-6.667e-01;5.438e-03;-6.381e-01;5.205e-03;1.045e+00;-6.219e-01;2.224e-02;1.045e+00;-4.000e-01;3.263e-03;1.000e+01;1.062e+00;5.000e+01;5.000e+01
21.701020000;1.045e+00;-6.667e-01;5.730e-03;-6.381e-01;5.485e-03;1.045e+00;-6.219e-01;2.252e-02;1.045e+00;-4.000e-01;3.438e-03;1.000e+01;1.062e+00;5.000e+01;5.000e+01
21.711020000;1.045e+00;-6.667e-01;5.892e-03;-6.381e-01;5.639e-03;1.045e+00;-6.219e-01;2.267e-02;1.045e+00;-4.000e-01;3.535e-03;1.000e+01;1.062e+00;5.000e+01;5.000e+01
21.769020000;1.045e+00;-6.667e-01;6.822e-03;-6.381e-01;6.529e-03;1.045e+00;-6.219e-01;2.356e-02;1.045e+00;-4.000e-01;4.093e-03;1.000e+01;1.062e+00;5.000e+01;5.000e+01
21.770020000;1.045e+00;-6.667e-01;6.838e-03;-6.381e-01;6.545e-03;1.045e+00;-6.218e-01;2.358e-02;1.045e+00;-4.000e-01;4.103e-03;1.000e+01;1.062e+00;5.000e+01;5.000e+01
21.838020000;1.045e+00;-6.667e-01;7.915e-03;-6.381e-01;7.575e-03;1.045e+00;-6.218e-01;2.461e-02;1.045e+00;-4.000e-01;4.749e-03;1.000e+01;1.062e+00;5.000e+01;5.000e+01
21.839020000;1.045e+00;-6.667e-01;7.932e-03;-6.380e-01;7.591e-03;1.045e+00;-6.218e-01;2.462e-02;1.045e+00;-4.000e-01;4.759e-03;1.000e+01;1.062e+00;5.000e+01;5.000e+01
21.908020000;1.045e+00;-6.667e-01;9.007e-03;-6.380e-01;8.620e-03;1.045e+00;-6.218e-01;2.565e-02;1.045e+00;-4.000e-01;5.404e-03;1.000e+01;1.062e+00;5.000e+01;5.000e+01
21.909020000;1.045e+00;-6.667e-01;9.023e-03;-6.380e-01;8.635e-03;1.045e+00;-6.217e-01;2.566e-02;1.045e+00;-4.000e-01;5.414e-03;1.000e+01;1.062e+00;5.000e+01;5.000e+01
21.928020000;1.045e+00;-6.667e-01;9.317e-03;-6.380e-01;8.916e-03;1.045e+00;-6.217e-01;2.595e-02;1.045e+00;-4.000e-01;5.590e-03;1.000e+01;1.062e+00;5.000e+01;5.000e+01
21.936020000;1.045e+00;-6.667e-01;9.440e-03;-6.380e-01;9.034e-03;1.045e+00;-6.217e-01;2.606e-02;1.045e+00;-4.000e-01;5.664e-03;1.000e+01;1.062e+00;5.000e+01;5.000e+01
21.946020000;1.045e+00;-6.667e-01;9.593e-03;-6.380e-01;9.181e-03;1.045e+00;-6.217e-01;2.621e-02;1.045e+00;-4.000e-01;5.756e-03;1.000e+01;1.062e+00;5.000e+01;5.000e+01
21.973020000;1.045e+00;-6.667e-01;1.001e-02;-6.380e-01;9.574e-03;1.045e+00;-6.217e-01;2.660e-02;1.045e+00;-4.000e-01;6.003e-03;1.000e+01;1.062e+00;5.000e+01;5.000e+01
22.045020000;1.045e+00;-6.667e-01;1.109e-02;-6.380e-01;1.061e-02;1.045e+00;-6.217e-01;2.764e-02;1.045e+00;-4.000e-01;6.655e-03;1.000e+01;1.062e+00;5.000e+01;5.000e+01
22.046020000;1.045e+00;-6.667e-01;1.111e-02;-6.379e-01;1.063e-02;1.045e+00;-6.217e-01;2.765e-02;1.045e+00;-4.000e-01;6.664e-03;1.000e+01;1.062e+00;5.000e+01;5.000e+01
22.054020000;1.045e+00;-6.667e-01;1.123e-02;-6.379e-01;1.074e-02;1.045e+00;-6.217e-01;2.777e-02;1.045e+00;-4.000e-01;6.735e-03;1.000e+01;1.062e+00;5.000e+01;5.000e+01
22.055020000;1.045e+00;-6.667e-01;1.124e-02;-6.379e-01;1.076e-02;1.045e+00;-6.216e-01;2.778e-02;1.045e+00;-4.000e-01;6.744e-03;1.000e+01;1.062e+00;5.000e+01;5.000e+01
22.117020000;1.045e+00;-6.667e-01;1.216e-02;-6.379e-01;1.163e-02;1.045e+00;-6.216e-01;2.866e-02;1.045e+00;-4.000e-01;7.294e-03;1.000e+01;1.062e+00;5.000e+01;5.000e+01
22.118020000;1.045e+00;-6.667e-01;1.217e-02;-6.379e-01;1.165e-02;1.046e+00;-6.216e-01;2.867e-02;1.045e+00;-4.000e-01;7.303e-03;1.000e+01;1.062e+00;5.000e+01;5.000e+01
22.201020000;1.045e+00;-6.667e-01;1.337e-02;-6.379e-01;1.280e-02;1.046e+00;-6.216e-01;2.982e-02;1.045e+00;-4.000e-01;8.024e-03;1.000e+01;1.062e+00;5.000e+01;5.000e+01
22.203020000;1.045e+00;-6.667e-01;1.340e-02;-6.379e-01;1.282e-02;1.046e+00;-6.216e-01;2.985e-02;1.045e+00;-4.000e-01;8.041e-03;1.000e+01;1.062e+00;5.000e+01;5.000e+01
22.206020000;1.045e+00;-6.667e-01;1.344e-02;-6.379e-01;1.286e-02;1.046e+00;-6.216e-01;2.989e-02;1.045e+00;-4.000e-01;8.066e-03;1.000e+01;1.062e+00;5.000e+01;5.000e+01
22.207020000;1.045e+00;-6.667e-01;1.346e-02;-6.379e-01;1.288e-02;1.046e+00;-6.215e-01;2.990e-02;1.045e+00;-4.000e-01;8.075e-03;1.000e+01;1.062e+00;5.000e+01;5.000e+01
22.223020000;1.045e+00;-6.667e-01;1.369e-02;-6.379e-01;1.310e-02;1.046e+00;-6.215e-01;3.012e-02;1.045e+00;-4.000e-01;8.212e-03;1.000e+01;1.062e+00;5.000e+01;5.000e+01
22.254020000;1.045e+00;-6.667e-01;1.413e-02;-6.379e-01;1.351e-02;1.046e+00;-6.215e-01;3.054e-02;1.045e+00;-4.000e-01;8.475e-03;1.000e+01;1.062e+00;5.000e+01;5.000e+01
22.269020000;1.045e+00;-6.667e-01;1.433e-02;-6.379e-01;1.372e-02;1.046e+00;-6.215e-01;3.074e-02;1.045e+00;-4.000e-01;8.601e-03;1.000e+01;1.062e+00;5.000e+01;5.000e+01
22.270020000;1.045e+00;-6.667e-01;1.435e-02;-6.378e-01;1.373e-02;1.046e+00;-6.215e-01;3.075e-02;1.045e+00;-4.000e-01;8.609e-03;1.000e+01;1.062e+00;5.000e+01;5.000e+01
22.367020000;1.045e+00;-6.667e-01;1.569e-02;-6.378e-01;1.501e-02;1.046e+00;-6.215e-01;3.203e-02;1.045e+00;-4.000e-01;9.412e-03;1.000e+01;1.062e+00;5.000e+01;5.000e+01
22.368020000;1.045e+00;-6.667e-01;1.570e-02;-6.378e-01;1.502e-02;1.046e+00;-6.214e-01;3.204e-02;1.045e+00;-4.000e-01;9.420e-03;1.000e+01;1.062e+00;5.000e+01;5.000e+01
22.457020000;1.045e+00;-6.667e-01;1.689e-02;-6.378e-01;1.616e-02;1.046e+00;-6.214e-01;3.318e-02;1.045e+00;-4.000e-01;1.013e-02;1.000e+01;1.062e+00;5.000e+01;5.000e+01
22.461020000;1.045e+00;-6.667e-01;1.694e-02;-6.378e-01;1.621e-02;1.046e+00;-6.214e-01;3.322e-02;1.045e+00;-4.000e-01;1.017e-02;1.000e+01;1.062e+00;5.000e+01;5.000e+01
22.484020000;1.045e+00;-6.667e-01;1.724e-02;-6.378e-01;1.650e-02;1.046e+00;-6.214e-01;3.351e-02;1.045e+00;-4.000e-01;1.035e-02;1.000e+01;1.062e+00;5.000e+01;5.000e+01
22.498020000;1.045e+00;-6.667e-01;1.743e-02;-6.378e-01;1.667e-02;1.046e+00;-6.214e-01;3.369e-02;1.045e+00;-4.000e-01;1.046e-02;1.000e+01;1.062e+00;5.000e+01;5.000e+01
22.505020000;1.045e+00;-6.667e-01;1.751e-02;-6.378e-01;1.676e-02;1.046e+00;-6.214e-01;3.377e-02;1.045e+00;-4.000e-01;1.051e-02;1.000e+01;1.062e+00;5.000e+01;5.000e+01
22.506020000;1.045e+00;-6.667e-01;1.753e-02;-6.377e-01;1.677e-02;1.046e+00;-6.214e-01;3.378e-02;1.045e+00;-4.000e-01;1.052e-02;1.000e+01;1.062e+00;5.000e+01;5.000e+01
22.535020000;1.045e+00;-6.667e-01;1.790e-02;-6.377e-01;1.712e-02;1.046e+00;-6.214e-01;3.414e-02;1.045e+00;-4.000e-01;1.074e-02;1.000e+01;1.062e+00;5.000e+01;5.000e+01
22.536020000;1.045e+00;-6.667e-01;1.792e-02;-6.377e-01;1.714e-02;1.046e+00;-6.213e-01;3.415e-02;1.045e+00;-4.000e-01;1.075e-02;1.000e+01;1.062e+00;5.000e+01;5.000e+01
22.701020000;1.045e+00;-6.667e-01;1.996e-02;-6.377e-01;1.909e-02;1.046e+00;-6.213e-01;3.611e-02;1.045e+00;-4.000e-01;1.198e-02;1.000e+01;1.062e+00;5.000e+01;5.000e+01
22.716020000;1.045e+00;-6.667e-01;2.014e-02;-6.377e-01;1.926e-02;1.046e+00;-6.213e-01;3.628e-02;1.045e+00;-4.000e-01;1.208e-02;1.000e+01;1.062e+00;5.000e+01;5.000e+01
22.717020000;1.045e+00;-6.667e-01;2.015e-02;-6.377e-01;1.927e-02;1.046e+00;-6.212e-01;3.629e-02;1.045e+00;-4.000e-01;1.209e-02;1.000e+01;1.062e+00;5.000e+01;5.000e+01
22.721020000;1.045e+00;-6.667e-01;2.020e-02;-6.377e-01;1.932e-02;1.046e+00;-6.212e-01;3.633e-02;1.045e+00;-4.000e-01;1.212e-02;1.000e+01;1.062e+00;5.000e+01;5.000e+01
22.722020000;1.046e+00;-6.667e-01;2.021e-02;-6.377e-01;1.933e-02;1.046e+00;-6.212e-01;3.634e-02;1.046e+00;-4.000e-01;1.213e-02;1.000e+01;1.062e+00;5.000e+01;5.000e+01
22.740020000;1.046e+00;-6.667e-01;2.043e-02;-6.377e-01;1.954e-02;1.046e+00;-6.212e-01;3.655e-02;1.046e+00;-4.000e-01;1.226e-02;1.000e+01;1.062e+00;5.000e+01;5.000e+01
22.747020000;1.046e+00;-6.667e-01;2.051e-02;-6.377e-01;1.962e-02;1.046e+00;-6.212e-01;3.663e-02;1.046e+00;-4.000e-01;1.230e-02;1.000e+01;1.062e+00;5.000e+01;5.000e+01
22.751020000;1.046e+00;-6.667e-01;2.056e-02;-6.377e-01;1.966e-02;1.046e+00;-6.212e-01;3.667e-02;1.046e+00;-4.000e-01;1.233e-02;1.000e+01;1.062e+00;5.000e+01;5.000e+01
22.769020000;1.046e+00;-6.667e-01;2.076e-02;-6.377e-01;1.986e-02;1.046e+00;-6.212e-01;3.687e-02;1.046e+00;-4.000e-01;1.246e-02;1.000e+01;1.062e+00;5.000e+01;5.000e+01
22.770020000;1.046e+00;-6.667e-01;2.078e-02;-6.376e-01;1.987e-02;1.046e+00;-6.212e-01;3.688e-02;1.046e+00;-4.000e-01;1.247e-02;1.000e+01;1.062e+00;5.000e+01;5.000e+01
22.910020000;1.046e+00;-6.667e-01;2.236e-02;-6.376e-01;2.139e-02;1.046e+00;-6.212e-01;3.840e-02;1.046e+00;-4.000e-01;1.342e-02;1.000e+01;1.062e+00;5.000e+01;5.000e+01
22.911020000;1.046e+00;-6.667e-01;2.237e-02;-6.376e-01;2.140e-02;1.046e+00;-6.211e-01;3.841e-02;1.046e+00;-4.000e-01;1.342e-02;1.000e+01;1.062e+00;5.000e+01;5.000e+01
22.952020000;1.046e+00;-6.667e-01;2.282e-02;-6.376e-01;2.183e-02;1.046e+00;-6.211e-01;3.884e-02;1.046e+00;-4.000e-01;1.369e-02;1.000e+01;1.062e+00;5.000e+01;5.000e+01
22.985020000;1.046e+00;-6.667e-01;2.318e-02;-6.376e-01;2.216e-02;1.046e+00;-6.211e-01;3.917e-02;1.046e+00;-4.000e-01;1.391e-02;1.000e+01;1.062e+00;5.000e+01;5.000e+01
23.002020000;1.046e+00;-6.667e-01;2.336e-02;-6.376e-01;2.234e-02;1.046e+00;-6.211e-01;3.934e-02;1.046e+00;-4.000e-01;1.401e-02;1.000e+01;1.062e+00;5.000e+01;5.000e+01
23.060020000;1.046e+00;-6.667e-01;2.396e-02;-6.376e-01;2.291e-02;1.046e+00;-6.211e-01;3.992e-02;1.046e+00;-4.000e-01;1.437e-02;1.000e+01;1.062e+00;5.000e+01;5.000e+01
23.061020000;1.046e+00;-6.667e-01;2.397e-02;-6.375e-01;2.292e-02;1.046e+00;-6.211e-01;3.993e-02;1.046e+00;-4.000e-01;1.438e-02;1.000e+01;1.062e+00;5.000e+01;5.000e+01
23.124020000;1.046e+00;-6.667e-01;2.460e-02;-6.375e-01;2.353e-02;1.046e+00;-6.211e-01;4.053e-02;1.046e+00;-4.000e-01;1.476e-02;1.000e+01;1.062e+00;5.000e+01;5.000e+01
23.125020000;1.046e+00;-6.667e-01;2.461e-02;-6.375e-01;2.354e-02;1.046e+00;-6.210e-01;4.054e-02;1.046e+00;-4.000e-01;1.477e-02;1.000e+01;1.062e+00;5.000e+01;5.000e+01
23.205020000;1.046e+00;-6.667e-01;2.539e-02;-6.375e-01;2.428e-02;1.046e+00;-6.210e-01;4.129e-02;1.046e+00;-4.000e-01;1.524e-02;1.000e+01;1.062e+00;5.000e+01;5.000e+01
23.206020000;1.046e+00;-6.667e-01;2.540e-02;-6.375e-01;2.429e-02;1.047e+00;-6.210e-01;4.129e-02;1.046e+00;-4.000e-01;1.524e-02;1.000e+01;1.062e+00;5.000e+01;5.000e+01
23.237020000;1.046e+00;-6.667e-01;2.570e-02;-6.375e-01;2.457e-02;1.047e+00;-6.210e-01;4.158e-02;1.046e+00;-4.000e-01;1.542e-02;1.000e+01;1.062e+00;5.000e+01;5.000e+01
23.280020000;1.046e+00;-6.667e-01;2.610e-02;-6.375e-01;2.495e-02;1.047e+00;-6.210e-01;4.196e-02;1.046e+00;-4.000e-01;1.566e-02;1.000e+01;1.062e+00;5.000e+01;5.000e+01
23.287020000;1.046e+00;-6.667e-01;2.616e-02;-6.375e-01;2.501e-02;1.047e+00;-6.210e-01;4.202e-02;1.046e+00;-4.000e-01;1.570e-02;1.000e+01;1.062e+00;5.000e+01;5.000e+01
23.301020000;1.046e+00;-6.667e-01;2.629e-02;-6.375e-01;2.514e-02;1.047e+00;-6.210e-01;4.214e-02;1.046e+00;-4.000e-01;1.577e-02;1.000e+01;1.062e+00;5.000e+01;5.000e+01
23.363020000;1.046e+00;-6.667e-01;2.684e-02;-6.375e-01;2.566e-02;1.047e+00;-6.210e-01;4.266e-02;1.046e+00;-4.000e-01;1.610e-02;1.000e+01;1.062e+00;5.000e+01;5.000e+01
23.364020000;1.046e+00;-6.667e-01;2.685e-02;-6.375e-01;2.567e-02;1.047e+00;-6.209e-01;4.267e-02;1.046e+00;-4.000e-01;1.611e-02;1.000e+01;1.062e+00;5.000e+01;5.000e+01
23.406020000;1.046e+00;-6.667e-01;2.721e-02;-6.375e-01;2.602e-02;1.047e+00;-6.209e-01;4.302e-02;1.046e+00;-4.000e-01;1.633e-02;1.000e+01;1.062e+00;5.000e+01;5.000e+01
23.407020000;1.046e+00;-6.667e-01;2.722e-02;-6.374e-01;2.603e-02;1.047e+00;-6.209e-01;4.303e-02;1.046e+00;-4.000e-01;1.633e-02;1.000e+01;1.062e+00;5.000e+01;5.000e+01
23.535020000;1.046e+00;-6.667e-01;2.828e-02;-6.374e-01;2.704e-02;1.047e+00;-6.209e-01;4.404e-02;1.046e+00;-4.000e-01;1.697e-02;1.000e+01;1.062e+00;5.000e+01;5.000e+01
23.573020000;1.046e+00;-6.667e-01;2.858e-02;-6.374e-01;2.732e-02;1.047e+00;-6.209e-01;4.432e-02;1.046e+00;-4.000e-01;1.715e-02;1.000e+01;1.062e+00;5.000e+01;5.000e+01
23.601020000;1.046e+00;-6.667e-01;2.879e-02;-6.374e-01;2.753e-02;1.047e+00;-6.209e-01;4.452e-02;1.046e+00;-4.000e-01;1.727e-02;1.000e+01;1.062e+00;5.000e+01;5.000e+01
23.637020000;1.046e+00;-6.667e-01;2.906e-02;-6.374e-01;2.778e-02;1.047e+00;-6.209e-01;4.478e-02;1.046e+00;-4.000e-01;1.744e-02;1.000e+01;1.062e+00;5.000e+01;5.000e+01
23.638020000;1.046e+00;-6.667e-01;2.907e-02;-6.374e-01;2.779e-02;1.047e+00;-6.208e-01;4.479e-02;1.046e+00;-4.000e-01;1.744e-02;1.000e+01;1.062e+00;5.000e+01;5.000e+01
23.835020000;1.046e+00;-6.667e-01;3.045e-02;-6.374e-01;2.911e-02;1.047e+00;-6.208e-01;4.611e-02;1.046e+00;-4.000e-01;1.827e-02;1.000e+01;1.062e+00;5.000e+01;5.000e+01
23.837020000;1.046e+00;-6.667e-01;3.046e-02;-6.374e-01;2.912e-02;1.047e+00;-6.208e-01;4.612e-02;1.046e+00;-4.000e-01;1.828e-02;1.000e+01;1.062e+00;5.000e+01;5.000e+01
23.838020000;1.046e+00;-6.667e-01;3.047e-02;-6.373e-01;2.913e-02;1.047e+00;-6.208e-01;4.612e-02;1.046e+00;-4.000e-01;1.828e-02;1.000e+01;1.062e+00;5.000e+01;5.000e+01
23.864020000;1.046e+00;-6.667e-01;3.064e-02;-6.373e-01;2.929e-02;1.047e+00;-6.208e-01;4.628e-02;1.046e+00;-4.000e-01;1.838e-02;1.000e+01;1.062e+00;5.000e+01;5.000e+01
23.873020000;1.046e+00;-6.667e-01;3.069e-02;-6.373e-01;2.934e-02;1.047e+00;-6.208e-01;4.634e-02;1.046e+00;-4.000e-01;1.842e-02;1.000e+01;1.062e+00;5.000e+01;5.000e+01
23.907020000;1.046e+00;-6.667e-01;3.091e-02;-6.373e-01;2.955e-02;1.047e+00;-6.208e-01;4.654e-02;1.046e+00;-4.000e-01;1.854e-02;1.000e+01;1.062e+00;5.000e+01;5.000e+01
23.972020000;1.046e+00;-6.667e-01;3.130e-02;-6.373e-01;2.992e-02;1.047e+00;-6.208e-01;4.692e-02;1.046e+00;-4.000e-01;1.878e-02;1.000e+01;1.062e+00;5.000e+01;5.000e+01
23.973020000;1.046e+00;-6.667e-01;3.131e-02;-6.373e-01;2.993e-02;1.047e+00;-6.207e-01;4.692e-02;1.046e+00;-4.000e-01;1.878e-02;1.000e+01;1.062e+00;5.000e+01;5.000e+01
24.135020000;1.046e+00;-6.667e-01;3.221e-02;-6.373e-01;3.079e-02;1.047e+00;-6.207e-01;4.779e-02;1.046e+00;-4.000e-01;1.933e-02;1.000e+01;1.062e+00;5.000e+01;5.000e+01
24.163020000;1.046e+00;-6.667e-01;3.236e-02;-6.373e-01;3.093e-02;1.047e+00;-6.207e-01;4.792e-02;1.046e+00;-4.000e-01;1.941e-02;1.000e+01;1.062e+00;5.000e+01;5.000e+01
24.167020000;1.046e+00;-6.667e-01;3.238e-02;-6.373e-01;3.095e-02;1.047e+00;-6.207e-01;4.794e-02;1.046e+00;-4.000e-01;1.943e-02;1.000e+01;1.062e+00;5.000e+01;5.000e+01
24.198020000;1.046e+00;-6.667e-01;3.253e-02;-6.373e-01;3.110e-02;1.047e+00;-6.207e-01;4.809e-02;1.046e+00;-4.000e-01;1.952e-02;1.000e+01;1.062e+00;5.000e+01;5.000e+01
24.419254000;1.046e+00;-6.667e-01;3.354e-02;-6.373e-01;3.206e-02;1.047e+00;-6.207e-01;4.905e-02;1.046e+00;-4.000e-01;2.013e-02;1.000e+01;1.062e+00;5.000e+01;5.000e+01
24.420254000;1.046e+00;-6.667e-01;3.354e-02;-6.373e-01;3.206e-02;1.047e+00;-6.206e-01;4.906e-02;1.046e+00;-4.000e-01;2.013e-02;1.000e+01;1.062e+00;5.000e+01;5.000e+01
24.449254000;1.046e+00;-6.667e-01;3.367e-02;-6.373e-01;3.218e-02;1.047e+00;-6.206e-01;4.917e-02;1.046e+00;-4.000e-01;2.020e-02;1.000e+01;1.062e+00;5.000e+01;5.000e+01
24.450254000;1.046e+00;-6.667e-01;3.367e-02;-6.372e-01;3.218e-02;1.047e+00;-6.206e-01;4.918e-02;1.046e+00;-4.000e-01;2.020e-02;1.000e+01;1.062e+00;5.000e+01;5.000e+01
24.489254000;1.046e+00;-6.667e-01;3.383e-02;-6.372e-01;3.233e-02;1.047e+00;-6.206e-01;4.933e-02;1.046e+00;-4.000e-01;2.030e-02;1.000e+01;1.062e+00;5.000e+01;5.000e+01
24.491254000;1.046e+00;-6.667e-01;3.384e-02;-6.372e-01;3.234e-02;1.047e+00;-6.206e-01;4.933e-02;1.046e+00;-4.000e-01;2.030e-02;1.000e+01;1.062e+00;5.000e+01;5.000e+01
24.522254000;1.046e+00;-6.667e-01;3.395e-02;-6.372e-01;3.246e-02;1.047e+00;-6.206e-01;4.945e-02;1.046e+00;-4.000e-01;2.037e-02;1.000e+01;1.062e+00;5.000e+01;5.000e+01
24.523254000;1.046e+00;-6.667e-01;3.396e-02;-6.372e-01;3.246e-02;1.047e+00;-6.206e-01;4.945e-02;1.046e+00;-4.000e-01;2.038e-02;1.000e+01;1.062e+00;5.000e+01;5.000e+01
24.813254000;1.046e+00;-6.667e-01;3.492e-02;-6.372e-01;3.337e-02;1.047e+00;-6.206e-01;5.037e-02;1.046e+00;-4.000e-01;2.095e-02;1.000e+01;1.062e+00;5.000e+01;5.000e+01
24.837254000;1.046e+00;-6.667e-01;3.499e-02;-6.372e-01;3.344e-02;1.047e+00;-6.206e-01;5.043e-02;1.046e+00;-4.000e-01;2.099e-02;1.000e+01;1.062e+00;5.000e+01;5.000e+01
24.840254000;1.046e+00;-6.667e-01;3.499e-02;-6.372e-01;3.345e-02;1.047e+00;-6.206e-01;5.044e-02;1.046e+00;-4.000e-01;2.100e-02;1.000e+01;1.062e+00;5.000e+01;5.000e+01
25.162254000;1.046e+00;-6.667e-01;3.571e-02;-6.372e-01;3.412e-02;1.047e+00;-6.206e-01;5.112e-02;1.046e+00;-4.000e-01;2.142e-02;1.000e+01;1.062e+00;5.000e+01;5.000e+01
25.200254000;1.046e+00;-6.667e-01;3.577e-02;-6.372e-01;3.419e-02;1.047e+00;-6.206e-01;5.118e-02;1.046e+00;-4.000e-01;2.146e-02;1.000e+01;1.062e+00;5.000e+01;5.000e+01
25.208254000;1.046e+00;-6.667e-01;3.578e-02;-6.372e-01;3.420e-02;1.047e+00;-6.206e-01;5.119e-02;1.046e+00;-4.000e-01;2.147e-02;1.000e+01;1.062e+00;5.000e+01;5.000e+01
25.209254000;1.046e+00;-6.667e-01;3.578e-02;-6.372e-01;3.420e-02;1.047e+00;-6.205e-01;5.119e-02;1.046e+00;-4.000e-01;2.147e-02;1.000e+01;1.062e+00;5.000e+01;5.000e+01
25.210254000;1.046e+00;-6.667e-01;3.579e-02;-6.372e-01;3.420e-02;1.047e+00;-6.205e-01;5.119e-02;1.046e+00;-4.000e-01;2.147e-02;1.000e+01;1.062e+00;5.000e+01;5.000e+01
25.214254000;1.046e+00;-6.667e-01;3.579e-02;-6.372e-01;3.421e-02;1.047e+00;-6.205e-01;5.120e-02;1.046e+00;-4.000e-01;2.148e-02;1.000e+01;1.062e+00;5.000e+01;5.000e+01
25.555254000;1.046e+00;-6.667e-01;3.618e-02;-6.372e-01;3.458e-02;1.047e+00;-6.205e-01;5.157e-02;1.046e+00;-4.000e-01;2.171e-02;1.000e+01;1.062e+00;5.000e+01;5.000e+01
25.564254000;1.046e+00;-6.667e-01;3.619e-02;-6.372e-01;3.458e-02;1.047e+00;-6.205e-01;5.157e-02;1.046e+00;-4.000e-01;2.171e-02;1.000e+01;1.062e+00;5.000e+01;5.000e+01
25.574254000;1.046e+00;-6.667e-01;3.619e-02;-6.372e-01;3.459e-02;1.047e+00;-6.205e-01;5.158e-02;1.046e+00;-4.000e-01;2.172e-02;1.000e+01;1.062e+00;5.000e+01;5.000e+01
25.584254000;1.046e+00;-6.667e-01;3.620e-02;-6.372e-01;3.460e-02;1.047e+00;-6.205e-01;5.158e-02;1.046e+00;-4.000e-01;2.172e-02;1.000e+01;1.062e+00;5.000e+01;5.000e+01
25.832254000;1.046e+00;-6.667e-01;3.629e-02;-6.372e-01;3.469e-02;1.047e+00;-6.205e-01;5.167e-02;1.046e+00;-4.000e-01;2.178e-02;1.000e+01;1.062e+00;5.000e+01;5.000e+01
26.029254000;1.046e+00;-6.667e-01;3.628e-02;-6.372e-01;3.467e-02;1.047e+00;-6.205e-01;5.167e-02;1.046e+00;-4.000e-01;2.177e-02;1.000e+01;1.062e+00;5.000e+01;5.000e+01
26.061254000;1.046e+00;-6.667e-01;3.628e-02;-6.372e-01;3.467e-02;1.047e+00;-6.205e-01;5.166e-02;1.046e+00;-4.000e-01;2.176e-02;1.000e+01;1.062e+00;5.000e+01;5.000e+01
26.073254000;1.046e+00;-6.667e-01;3.627e-02;-6.372e-01;3.467e-02;1.047e+00;-6.205e-01;5.165e-02;1.046e+00;-4.000e-01;2.176e-02;1.000e+01;1.062e+00;5.000e+01;5.000e+01
26.113254000;1.046e+00;-6.667e-01;3.626e-02;-6.372e-01;3.465e-02;1.047e+00;-6.205e-01;5.164e-02;1.046e+00;-4.000e-01;2.176e-02;1.000e+01;1.062e+00;5.000e+01;5.000e+01
26.504254000;1.046e+00;-6.667e-01;3.601e-02;-6.372e-01;3.442e-02;1.047e+00;-6.205e-01;5.141e-02;1.046e+00;-4.000e-01;2.161e-02;1.000e+01;1.062e+00;5.000e+01;5.000e+01
26.648254000;1.046e+00;-6.667e-01;3.587e-02;-6.372e-01;3.429e-02;1.047e+00;-6.205e-01;5.127e-02;1.046e+00;-4.000e-01;2.152e-02;1.000e+01;1.062e+00;5.000e+01;5.000e+01
26.656254000;1.046e+00;-6.667e-01;3.587e-02;-6.372e-01;3.428e-02;1.047e+00;-6.205e-01;5.127e-02;1.046e+00;-4.000e-01;2.152e-02;1.000e+01;1.062e+00;5.000e+01;5.000e+01
26.694254000;1.046e+00;-6.667e-01;3.583e-02;-6.372e-01;3.424e-02;1.047e+00;-6.205e-01;5.123e-02;1.046e+00;-4.000e-01;2.150e-02;1.000e+01;1.062e+00;5.000e+01;5.000e+01
26.696254000;1.046e+00;-6.667e-01;3.582e-02;-6.372e-01;3.424e-02;1.047e+00;-6.205e-01;5.123e-02;1.046e+00;-4.000e-01;2.149e-02;1.000e+01;1.062e+00;5.000e+01;5.000e+01
26.697254000;1.046e+00;-6.667e-01;3.582e-02;-6.372e-01;3.424e-02;1.047e+00;-6.206e-01;5.123e-02;1.046e+00;-4.000e-01;2.149e-02;1.000e+01;1.062e+00;5.000e+01;5.000e+01
27.103254000;1.046e+00;-6.667e-01;3.533e-02;-6.372e-01;3.376e-02;1.047e+00;-6.206e-01;5.076e-02;1.046e+00;-4.000e-01;2.120e-02;1.000e+01;1.062e+00;5.000e+01;5.000e+01
27.187254000;1.046e+00;-6.667e-01;3.521e-02;-6.372e-01;3.366e-02;1.047e+00;-6.206e-01;5.065e-02;1.046e+00;-4.000e-01;2.113e-02;1.000e+01;1.062e+00;5.000e+01;5.000e+01
27.193254000;1.046e+00;-6.667e-01;3.521e-02;-6.372e-01;3.365e-02;1.047e+00;-6.206e-01;5.064e-02;1.046e+00;-4.000e-01;2.112e-02;1.000e+01;1.062e+00;5.000e+01;5.000e+01
27.286254000;1.046e+00;-6.667e-01;3.508e-02;-6.372e-01;3.352e-02;1.047e+00;-6.206e-01;5.051e-02;1.046e+00;-4.000e-01;2.105e-02;1.000e+01;1.062e+00;5.000e+01;5.000e+01
28.182254000;1.046e+00;-6.667e-01;3.376e-02;-6.372e-01;3.227e-02;1.047e+00;-6.206e-01;4.926e-02;1.046e+00;-4.000e-01;2.026e-02;1.000e+01;1.062e+00;5.000e+01;5.000e+01
28.183254000;1.046e+00;-6.667e-01;3.376e-02;-6.373e-01;3.227e-02;1.047e+00;-6.206e-01;4.926e-02;1.046e+00;-4.000e-01;2.026e-02;1.000e+01;1.062e+00;5.000e+01;5.000e+01
28.289254000;1.046e+00;-6.667e-01;3.361e-02;-6.373e-01;3.213e-02;1.047e+00;-6.206e-01;4.912e-02;1.046e+00;-4.000e-01;2.017e-02;1.000e+01;1.062e+00;5.000e+01;5.000e+01
28.290254000;1.046e+00;-6.667e-01;3.361e-02;-6.373e-01;3.213e-02;1.047e+00;-6.207e-01;4.912e-02;1.046e+00;-4.000e-01;2.017e-02;1.000e+01;1.062e+00;5.000e+01;5.000e+01
28.589254000;1.046e+00;-6.667e-01;3.320e-02;-6.373e-01;3.174e-02;1.047e+00;-6.207e-01;4.873e-02;1.046e+00;-4.000e-01;1.992e-02;1.000e+01;1.062e+00;5.000e+01;5.000e+01
28.612254000;1.046e+00;-6.667e-01;3.318e-02;-6.373e-01;3.171e-02;1.047e+00;-6.207e-01;4.870e-02;1.046e+00;-4.000e-01;1.991e-02;1.000e+01;1.062e+00;5.000e+01;5.000e+01
28.625254000;1.046e+00;-6.667e-01;3.316e-02;-6.373e-01;3.169e-02;1.047e+00;-6.207e-01;4.869e-02;1.046e+00;-4.000e-01;1.989e-02;1.000e+01;1.062e+00;5.000e+01;5.000e+01
29.513039000;1.046e+00;-6.667e-01;3.212e-02;-6.373e-01;3.070e-02;1.047e+00;-6.207e-01;4.769e-02;1.046e+00;-4.000e-01;1.927e-02;1.000e+01;1.062e+00;5.000e+01;5.000e+01
29.756039000;1.046e+00;-6.667e-01;3.188e-02;-6.373e-01;3.048e-02;1.047e+00;-6.207e-01;4.748e-02;1.046e+00;-4.000e-01;1.913e-02;1.000e+01;1.062e+00;5.000e+01;5.000e+01
29.762039000;1.046e+00;-6.667e-01;3.188e-02;-6.373e-01;3.047e-02;1.047e+00;-6.207e-01;4.747e-02;1.046e+00;-4.000e-01;1.913e-02;1.000e+01;1.062e+00;5.000e+01;5.000e+01
29.768039000;1.046e+00;-6.667e-01;3.188e-02;-6.373e-01;3.047e-02;1.047e+00;-6.207e-01;4.747e-02;1.046e+00;-4.000e-01;1.912e-02;1.000e+01;1.062e+00;5.000e+01;5.000e+01
30.416039000;1.046e+00;-6.667e-01;3.142e-02;-6.373e-01;3.004e-02;1.047e+00;-6.207e-01;4.703e-02;1.046e+00;-4.000e-01;1.885e-02;1.000e+01;1.062e+00;5.000e+01;5.000e+01
30.520039000;1.046e+00;-6.667e-01;3.137e-02;-6.373e-01;2.999e-02;1.047e+00;-6.207e-01;4.699e-02;1.046e+00;-4.000e-01;1.882e-02;1.000e+01;1.062e+00;5.000e+01;5.000e+01
30.521039000;1.046e+00;-6.667e-01;3.137e-02;-6.373e-01;2.999e-02;1.047e+00;-6.208e-01;4.699e-02;1.046e+00;-4.000e-01;1.882e-02;1.000e+01;1.062e+00;5.000e+01;5.000e+01
30.530039000;1.046e+00;-6.667e-01;3.137e-02;-6.373e-01;2.998e-02;1.047e+00;-6.208e-01;4.698e-02;1.046e+00;-4.000e-01;1.882e-02;1.000e+01;1.062e+00;5.000e+01;5.000e+01
30.533039000;1.046e+00;-6.667e-01;3.136e-02;-6.373e-01;2.998e-02;1.047e+00;-6.208e-01;4.698e-02;1.046e+00;-4.000e-01;1.882e-02;1.000e+01;1.062e+00;5.000e+01;5.000e+01
30.624039000;1.046e+00;-6.667e-01;3.132e-02;-6.373e-01;2.995e-02;1.047e+00;-6.208e-01;4.694e-02;1.046e+00;-4.000e-01;1.879e-02;1.000e+01;1.062e+00;5.000e+01;5.000e+01
31.331039000;1.046e+00;-6.667e-01;3.115e-02;-6.373e-01;2.978e-02;1.047e+00;-6.208e-01;4.677e-02;1.046e+00;-4.000e-01;1.869e-02;1.000e+01;1.062e+00;5.000e+01;5.000e+01
31.370039000;1.046e+00;-6.667e-01;3.115e-02;-6.373e-01;2.977e-02;1.047e+00;-6.208e-01;4.677e-02;1.046e+00;-4.000e-01;1.869e-02;1.000e+01;1.062e+00;5.000e+01;5.000e+01
31.394039000;1.046e+00;-6.667e-01;3.114e-02;-6.373e-01;2.977e-02;1.047e+00;-6.208e-01;4.677e-02;1.046e+00;-4.000e-01;1.869e-02;1.000e+01;1.062e+00;5.000e+01;5.000e+01
31.502039000;1.046e+00;-6.667e-01;3.114e-02;-6.373e-01;2.977e-02;1.047e+00;-6.208e-01;4.677e-02;1.046e+00;-4.000e-01;1.868e-02;1.000e+01;1.062e+00;5.000e+01;5.000e+01
32.557039000;1.046e+00;-6.667e-01;3.129e-02;-6.373e-01;2.991e-02;1.047e+00;-6.208e-01;4.690e-02;1.046e+00;-4.000e-01;1.877e-02;1.000e+01;1.062e+00;5.000e+01;5.000e+01
32.583039000;1.046e+00;-6.667e-01;3.129e-02;-6.373e-01;2.991e-02;1.047e+00;-6.208e-01;4.691e-02;1.046e+00;-4.000e-01;1.878e-02;1.000e+01;1.062e+00;5.000e+01;5.000e+01
32.589039000;1.046e+00;-6.667e-01;3.129e-02;-6.373e-01;2.992e-02;1.047e+00;-6.208e-01;4.691e-02;1.046e+00;-4.000e-01;1.878e-02;1.000e+01;1.062e+00;5.000e+01;5.000e+01
32.637039000;1.046e+00;-6.667e-01;3.131e-02;-6.373e-01;2.993e-02;1.047e+00;-6.208e-01;4.693e-02;1.046e+00;-4.000e-01;1.878e-02;1.000e+01;1.062e+00;5.000e+01;5.000e+01
32.845039000;1.046e+00;-6.667e-01;3.137e-02;-6.373e-01;2.999e-02;1.047e+00;-6.208e-01;4.699e-02;1.046e+00;-4.000e-01;1.882e-02;1.000e+01;1.062e+00;5.000e+01;5.000e+01
32.846039000;1.046e+00;-6.667e-01;3.137e-02;-6.373e-01;2.999e-02;1.047e+00;-6.207e-01;4.699e-02;1.046e+00;-4.000e-01;1.882e-02;1.000e+01;1.062e+00;5.000e+01;5.000e+01
34.790039000;1.046e+00;-6.667e-01;3.208e-02;-6.373e-01;3.066e-02;1.047e+00;-6.207e-01;4.766e-02;1.046e+00;-4.000e-01;1.925e-02;1.000e+01;1.062e+00;5.000e+01;5.000e+01
34.881039000;1.046e+00;-6.667e-01;3.211e-02;-6.373e-01;3.069e-02;1.047e+00;-6.207e-01;4.769e-02;1.046e+00;-4.000e-01;1.926e-02;1.000e+01;1.062e+00;5.000e+01;5.000e+01
34.940039000;1.046e+00;-6.667e-01;3.213e-02;-6.373e-01;3.071e-02;1.047e+00;-6.207e-01;4.770e-02;1.046e+00;-4.000e-01;1.928e-02;1.000e+01;1.062e+00;5.000e+01;5.000e+01
34.961039000;1.046e+00;-6.667e-01;3.213e-02;-6.373e-01;3.072e-02;1.047e+00;-6.207e-01;4.771e-02;1.046e+00;-4.000e-01;1.928e-02;1.000e+01;1.062e+00;5.000e+01;5.000e+01
36.035039000;1.046e+00;-6.667e-01;3.243e-02;-6.373e-01;3.099e-02;1.047e+00;-6.207e-01;4.799e-02;1.046e+00;-4.000e-01;1.946e-02;1.000e+01;1.062e+00;5.000e+01;5.000e+01
36.161039000;1.046e+00;-6.667e-01;3.245e-02;-6.373e-01;3.102e-02;1.047e+00;-6.207e-01;4.802e-02;1.046e+00;-4.000e-01;1.947e-02;1.000e+01;1.062e+00;5.000e+01;5.000e+01
36.178039000;1.046e+00;-6.667e-01;3.246e-02;-6.373e-01;3.102e-02;1.047e+00;-6.207e-01;4.802e-02;1.046e+00;-4.000e-01;1.947e-02;1.000e+01;1.062e+00;5.000e+01;5.000e+01
36.186039000;1.046e+00;-6.667e-01;3.246e-02;-6.373e-01;3.103e-02;1.047e+00;-6.207e-01;4.802e-02;1.046e+00;-4.000e-01;1.947e-02;1.000e+01;1.062e+00;5.000e+01;5.000e+01
37.479083000;1.046e+00;-6.667e-01;3.264e-02;-6.373e-01;3.120e-02;1.047e+00;-6.207e-01;4.819e-02;1.046e+00;-4.000e-01;1.958e-02;1.000e+01;1.062e+00;5.000e+01;5.000e+01
37.553083000;1.046e+00;-6.667e-01;3.264e-02;-6.373e-01;3.120e-02;1.047e+00;-6.207e-01;4.820e-02;1.046e+00;-4.000e-01;1.958e-02;1.000e+01;1.062e+00;5.000e+01;5.000e+01
37.557083000;1.046e+00;-6.667e-01;3.264e-02;-6.373e-01;3.120e-02;1.047e+00;-6.207e-01;4.820e-02;1.046e+00;-4.000e-01;1.959e-02;1.000e+01;1.062e+00;5.000e+01;5.000e+01
39.068083000;1.046e+00;-6.667e-01;3.272e-02;-6.373e-01;3.128e-02;1.047e+00;-6.207e-01;4.827e-02;1.046e+00;-4.000e-01;1.963e-02;1.000e+01;1.062e+00;5.000e+01;5.000e+01
39.275083000;1.046e+00;-6.667e-01;3.272e-02;-6.373e-01;3.128e-02;1.047e+00;-6.207e-01;4.828e-02;1.046e+00;-4.000e-01;1.963e-02;1.000e+01;1.062e+00;5.000e+01;5.000e+01
39.294083000;1.046e+00;-6.667e-01;3.273e-02;-6.373e-01;3.128e-02;1.047e+00;-6.207e-01;4.828e-02;1.046e+00;-4.000e-01;1.963e-02;1.000e+01;1.062e+00;5.000e+01;5.000e+01
39.387083000;1.046e+00;-6.667e-01;3.273e-02;-6.373e-01;3.128e-02;1.047e+00;-6.207e-01;4.828e-02;1.046e+00;-4.000e-01;1.964e-02;1.000e+01;1.062e+00;5.000e+01;5.000e+01
46.676083000;1.046e+00;-6.667e-01;3.266e-02;-6.373e-01;3.122e-02;1.047e+00;-6.207e-01;4.821e-02;1.046e+00;-4.000e-01;1.959e-02;1.000e+01;1.062e+00;5.000e+01;5.000e+01
47.192083000;1.046e+00;-6.667e-01;3.265e-02;-6.373e-01;3.121e-02;1.047e+00;-6.207e-01;4.821e-02;1.046e+00;-4.000e-01;1.959e-02;1.000e+01;1.062e+00;5.000e+01;5.000e+01
47.918083000;1.046e+00;-6.667e-01;3.265e-02;-6.373e-01;3.121e-02;1.047e+00;-6.207e-01;4.820e-02;1.046e+00;-4.000e-01;1.959e-02;1.000e+01;1.062e+00;5.000e+01;5.000e+01
49.679083000;1.046e+00;-6.667e-01;3.265e-02;-6.373e-01;3.120e-02;1.047e+00;-6.207e-01;4.820e-02;1.046e+00;-4.000e-01;1.959e-02;1.000e+01;1.062e+00;5.000e+01;5.000e+01
100.000000000;1.046e+00;-6.667e-01;3.265e-02;-6.373e-01;3.121e-02;1.047e+00;-6.207e-01;4.820e-02;1.046e+00;-4.000e-01;1.959e-02;1.000e+01;1.062e+00;5.000e+01;5.000e+01
