time;BusPDR_BUS_Voltage;BusPDR_BUS_ActivePower;BusPDR_BUS_ReactivePower;BusPDR_BUS_ActiveCurrent;BusPDR_BUS_ReactiveCurrent;Measurements_BUS_Voltage;Measurements_BUS_ActivePower;Measurements_BUS_ReactivePower;StepUp_Xfmr_XFMR_Tap;Bess_GEN_ActivePowerSetpointPu;Bess_GEN_ReactivePowerSetpointPu;Bess_GEN_InjectedActiveCurrent;Bess_GEN_InjectedReactiveCurrent
0.000000000;1.044e+00;-6.667e-01;-5.843e-09;-6.383e-01;-2.080e-09;1.044e+00;-4.000e-01;-4.299e-09;1.000e+01;-6.666e-01;9.960e-03;-6.382e-01;-9.537e-03
19.999996000;1.044e+00;-6.667e-01;-4.906e-09;-6.383e-01;2.541e-09;1.044e+00;-4.000e-01;-4.720e-09;1.000e+01;-6.666e-01;9.960e-03;-6.382e-01;-9.537e-03
19.999996000;1.044e+00;-6.667e-01;-4.862e-09;-6.383e-01;2.476e-09;1.044e+00;-4.000e-01;-4.796e-09;1.000e+01;-6.666e-01;3.460e-03;-6.382e-01;-9.537e-03
19.999997000;1.044e+00;-6.667e-01;-4.809e-09;-6.383e-01;2.408e-09;1.044e+00;-4.000e-01;-4.846e-09;1.000e+01;-6.666e-01;3.460e-03;-6.382e-01;-9.536e-03
20.000000000;1.044e+00;-6.667e-01;-1.672e-06;-6.383e-01;-1.594e-06;1.044e+00;-4.000e-01;-1.005e-06;1.000e+01;-6.666e-01;3.460e-03;-6.382e-01;-9.535e-03
20.000252000;1.044e+00;-6.667e-01;-8.333e-05;-6.383e-01;-7.978e-05;1.044e+00;-4.000e-01;-5.000e-05;1.000e+01;-6.666e-01;3.460e-03;-6.382e-01;-9.454e-03
20.000508000;1.045e+00;-6.667e-01;-1.650e-04;-6.383e-01;-1.580e-04;1.045e+00;-4.000e-01;-9.900e-05;1.000e+01;-6.666e-01;3.460e-03;-6.382e-01;-9.374e-03
20.001020000;1.045e+00;-6.668e-01;-3.233e-04;-6.383e-01;-3.095e-04;1.045e+00;-4.001e-01;-1.940e-04;1.000e+01;-6.666e-01;3.460e-03;-6.382e-01;-9.220e-03
20.001532000;1.045e+00;-6.668e-01;-4.750e-04;-6.383e-01;-4.547e-04;1.045e+00;-4.001e-01;-2.850e-04;1.000e+01;-6.666e-01;3.460e-03;-6.382e-01;-9.073e-03
20.002044000;1.045e+00;-6.669e-01;-6.183e-04;-6.383e-01;-5.918e-04;1.045e+00;-4.001e-01;-3.710e-04;1.000e+01;-6.666e-01;3.460e-03;-6.382e-01;-8.933e-03
20.002556000;1.045e+00;-6.669e-01;-7.567e-04;-6.383e-01;-7.242e-04;1.045e+00;-4.001e-01;-4.540e-04;1.000e+01;-6.666e-01;3.460e-03;-6.382e-01;-8.800e-03
20.003068000;1.045e+00;-6.669e-01;-8.900e-04;-6.383e-01;-8.518e-04;1.045e+00;-4.002e-01;-5.340e-04;1.000e+01;-6.666e-01;3.460e-03;-6.382e-01;-8.673e-03
20.003580000;1.045e+00;-6.670e-01;-1.015e-03;-6.383e-01;-9.713e-04;1.045e+00;-4.002e-01;-6.090e-04;1.000e+01;-6.666e-01;3.460e-03;-6.382e-01;-8.552e-03
20.004092000;1.045e+00;-6.670e-01;-1.135e-03;-6.383e-01;-1.086e-03;1.045e+00;-4.002e-01;-6.810e-04;1.000e+01;-6.666e-01;3.460e-03;-6.382e-01;-8.437e-03
20.004604000;1.045e+00;-6.670e-01;-1.250e-03;-6.383e-01;-1.196e-03;1.045e+00;-4.002e-01;-7.500e-04;1.000e+01;-6.666e-01;3.460e-03;-6.382e-01;-8.327e-03
20.005116000;1.045e+00;-6.671e-01;-1.360e-03;-6.383e-01;-1.301e-03;1.045e+00;-4.002e-01;-8.160e-04;1.000e+01;-6.666e-01;3.460e-03;-6.382e-01;-8.221e-03
20.005628000;1.045e+00;-6.671e-01;-1.465e-03;-6.383e-01;-1.402e-03;1.045e+00;-4.003e-01;-8.790e-04;1.000e+01;-6.666e-01;3.460e-03;-6.382e-01;-8.121e-03
20.006140000;1.045e+00;-6.671e-01;-1.565e-03;-6.383e-01;-1.497e-03;1.045e+00;-4.003e-01;-9.390e-04;1.000e+01;-6.666e-01;3.460e-03;-6.382e-01;-8.024e-03
20.006652000;1.045e+00;-6.672e-01;-1.660e-03;-6.383e-01;-1.588e-03;1.045e+00;-4.003e-01;-9.960e-04;1.000e+01;-6.666e-01;3.460e-03;-6.382e-01;-7.932e-03
20.007164000;1.045e+00;-6.672e-01;-1.752e-03;-6.383e-01;-1.676e-03;1.045e+00;-4.003e-01;-1.051e-03;1.000e+01;-6.666e-01;3.460e-03;-6.382e-01;-7.844e-03
20.007676000;1.045e+00;-6.672e-01;-1.840e-03;-6.382e-01;-1.760e-03;1.045e+00;-4.003e-01;-1.104e-03;1.000e+01;-6.666e-01;3.460e-03;-6.382e-01;-7.760e-03
20.008700000;1.045e+00;-6.672e-01;-2.005e-03;-6.382e-01;-1.918e-03;1.045e+00;-4.003e-01;-1.203e-03;1.000e+01;-6.666e-01;3.460e-03;-6.382e-01;-7.601e-03
20.009212000;1.045e+00;-6.673e-01;-2.083e-03;-6.382e-01;-1.993e-03;1.045e+00;-4.004e-01;-1.250e-03;1.000e+01;-6.666e-01;3.460e-03;-6.382e-01;-7.526e-03
20.009724000;1.046e+00;-6.673e-01;-2.157e-03;-6.382e-01;-2.063e-03;1.046e+00;-4.004e-01;-1.294e-03;1.000e+01;-6.666e-01;3.460e-03;-6.382e-01;-7.455e-03
20.010748000;1.046e+00;-6.673e-01;-2.298e-03;-6.382e-01;-2.198e-03;1.046e+00;-4.004e-01;-1.379e-03;1.000e+01;-6.666e-01;3.460e-03;-6.382e-01;-7.320e-03
20.011260000;1.046e+00;-6.673e-01;-2.363e-03;-6.382e-01;-2.260e-03;1.046e+00;-4.004e-01;-1.418e-03;1.000e+01;-6.666e-01;3.460e-03;-6.382e-01;-7.256e-03
20.012284000;1.046e+00;-6.673e-01;-2.488e-03;-6.382e-01;-2.380e-03;1.046e+00;-4.004e-01;-1.493e-03;1.000e+01;-6.666e-01;3.460e-03;-6.382e-01;-7.135e-03
20.012796000;1.046e+00;-6.674e-01;-2.548e-03;-6.382e-01;-2.437e-03;1.046e+00;-4.004e-01;-1.529e-03;1.000e+01;-6.666e-01;3.460e-03;-6.381e-01;-7.079e-03
20.013308000;1.046e+00;-6.674e-01;-2.605e-03;-6.382e-01;-2.491e-03;1.046e+00;-4.004e-01;-1.563e-03;1.000e+01;-6.666e-01;3.460e-03;-6.381e-01;-7.024e-03
20.014332000;1.046e+00;-6.674e-01;-2.713e-03;-6.382e-01;-2.595e-03;1.046e+00;-4.004e-01;-1.628e-03;1.000e+01;-6.666e-01;3.460e-03;-6.381e-01;-6.920e-03
20.014844000;1.046e+00;-6.674e-01;-2.763e-03;-6.381e-01;-2.642e-03;1.046e+00;-4.004e-01;-1.658e-03;1.000e+01;-6.666e-01;3.460e-03;-6.381e-01;-6.870e-03
20.015356000;1.046e+00;-6.674e-01;-2.813e-03;-6.381e-01;-2.690e-03;1.046e+00;-4.004e-01;-1.688e-03;1.000e+01;-6.666e-01;3.460e-03;-6.381e-01;-6.823e-03
20.016868000;1.046e+00;-6.674e-01;-2.950e-03;-6.381e-01;-2.820e-03;1.046e+00;-4.004e-01;-1.770e-03;1.000e+01;-6.666e-01;3.460e-03;-6.381e-01;-6.691e-03
20.017768000;1.046e+00;-6.674e-01;-3.025e-03;-6.381e-01;-2.892e-03;1.046e+00;-4.004e-01;-1.815e-03;1.000e+01;-6.666e-01;3.460e-03;-6.381e-01;-6.619e-03
20.018668000;1.046e+00;-6.674e-01;-3.095e-03;-6.381e-01;-2.959e-03;1.046e+00;-4.005e-01;-1.857e-03;1.000e+01;-6.666e-01;3.460e-03;-6.380e-01;-6.550e-03
20.019568000;1.046e+00;-6.674e-01;-3.162e-03;-6.381e-01;-3.023e-03;1.046e+00;-4.005e-01;-1.897e-03;1.000e+01;-6.666e-01;3.460e-03;-6.380e-01;-6.485e-03
20.020468000;1.046e+00;-6.674e-01;-3.225e-03;-6.380e-01;-3.083e-03;1.046e+00;-4.005e-01;-1.935e-03;1.000e+01;-6.666e-01;3.460e-03;-6.380e-01;-6.424e-03
20.022268000;1.046e+00;-6.674e-01;-3.342e-03;-6.380e-01;-3.194e-03;1.046e+00;-4.005e-01;-2.005e-03;1.000e+01;-6.666e-01;3.460e-03;-6.380e-01;-6.311e-03
20.023168000;1.046e+00;-6.674e-01;-3.397e-03;-6.380e-01;-3.247e-03;1.046e+00;-4.005e-01;-2.038e-03;1.000e+01;-6.666e-01;3.460e-03;-6.380e-01;-6.259e-03
20.024068000;1.046e+00;-6.674e-01;-3.447e-03;-6.380e-01;-3.295e-03;1.046e+00;-4.004e-01;-2.068e-03;1.000e+01;-6.666e-01;3.460e-03;-6.379e-01;-6.209e-03
20.024968000;1.046e+00;-6.674e-01;-3.495e-03;-6.379e-01;-3.341e-03;1.046e+00;-4.004e-01;-2.097e-03;1.000e+01;-6.666e-01;3.460e-03;-6.379e-01;-6.162e-03
20.026768000;1.046e+00;-6.674e-01;-3.587e-03;-6.379e-01;-3.428e-03;1.046e+00;-4.004e-01;-2.152e-03;1.000e+01;-6.666e-01;3.460e-03;-6.379e-01;-6.074e-03
20.027668000;1.046e+00;-6.674e-01;-3.628e-03;-6.379e-01;-3.468e-03;1.046e+00;-4.004e-01;-2.177e-03;1.000e+01;-6.666e-01;3.460e-03;-6.379e-01;-6.033e-03
20.028568000;1.046e+00;-6.674e-01;-3.668e-03;-6.379e-01;-3.506e-03;1.046e+00;-4.004e-01;-2.201e-03;1.000e+01;-6.666e-01;3.460e-03;-6.378e-01;-5.994e-03
20.029468000;1.046e+00;-6.674e-01;-3.707e-03;-6.378e-01;-3.543e-03;1.046e+00;-4.004e-01;-2.224e-03;1.000e+01;-6.666e-01;3.460e-03;-6.378e-01;-5.957e-03
20.031268000;1.046e+00;-6.674e-01;-3.778e-03;-6.378e-01;-3.611e-03;1.046e+00;-4.004e-01;-2.267e-03;1.000e+01;-6.666e-01;3.460e-03;-6.378e-01;-5.888e-03
20.032168000;1.046e+00;-6.673e-01;-3.812e-03;-6.378e-01;-3.643e-03;1.046e+00;-4.004e-01;-2.287e-03;1.000e+01;-6.666e-01;3.460e-03;-6.378e-01;-5.855e-03
20.033068000;1.046e+00;-6.673e-01;-3.843e-03;-6.377e-01;-3.673e-03;1.046e+00;-4.004e-01;-2.306e-03;1.000e+01;-6.666e-01;3.460e-03;-6.377e-01;-5.824e-03
20.035068000;1.046e+00;-6.673e-01;-3.908e-03;-6.377e-01;-3.735e-03;1.046e+00;-4.004e-01;-2.345e-03;1.000e+01;-6.666e-01;3.460e-03;-6.377e-01;-5.760e-03
20.036068000;1.046e+00;-6.673e-01;-3.940e-03;-6.377e-01;-3.765e-03;1.046e+00;-4.004e-01;-2.364e-03;1.000e+01;-6.666e-01;3.460e-03;-6.377e-01;-5.730e-03
20.037068000;1.046e+00;-6.673e-01;-3.968e-03;-6.377e-01;-3.792e-03;1.046e+00;-4.004e-01;-2.381e-03;1.000e+01;-6.666e-01;3.460e-03;-6.376e-01;-5.701e-03
20.038068000;1.046e+00;-6.673e-01;-3.997e-03;-6.376e-01;-3.819e-03;1.046e+00;-4.004e-01;-2.398e-03;1.000e+01;-6.666e-01;3.460e-03;-6.376e-01;-5.674e-03
20.039068000;1.047e+00;-6.673e-01;-4.023e-03;-6.376e-01;-3.845e-03;1.047e+00;-4.004e-01;-2.414e-03;1.000e+01;-6.666e-01;3.460e-03;-6.376e-01;-5.648e-03
20.040068000;1.047e+00;-6.673e-01;-4.050e-03;-6.376e-01;-3.870e-03;1.047e+00;-4.003e-01;-2.430e-03;1.000e+01;-6.666e-01;3.460e-03;-6.376e-01;-5.623e-03
20.041068000;1.047e+00;-6.672e-01;-4.073e-03;-6.376e-01;-3.892e-03;1.047e+00;-4.003e-01;-2.444e-03;1.000e+01;-6.666e-01;3.460e-03;-6.376e-01;-5.599e-03
20.042068000;1.047e+00;-6.672e-01;-4.097e-03;-6.376e-01;-3.914e-03;1.047e+00;-4.003e-01;-2.458e-03;1.000e+01;-6.666e-01;3.460e-03;-6.375e-01;-5.576e-03
20.043068000;1.047e+00;-6.672e-01;-4.120e-03;-6.375e-01;-3.937e-03;1.047e+00;-4.003e-01;-2.472e-03;1.000e+01;-6.666e-01;3.460e-03;-6.375e-01;-5.554e-03
20.044068000;1.047e+00;-6.672e-01;-4.142e-03;-6.375e-01;-3.957e-03;1.047e+00;-4.003e-01;-2.485e-03;1.000e+01;-6.666e-01;3.460e-03;-6.375e-01;-5.533e-03
20.046068000;1.047e+00;-6.672e-01;-4.182e-03;-6.375e-01;-3.996e-03;1.047e+00;-4.003e-01;-2.509e-03;1.000e+01;-6.666e-01;3.460e-03;-6.375e-01;-5.494e-03
20.047068000;1.047e+00;-6.672e-01;-4.200e-03;-6.375e-01;-4.013e-03;1.047e+00;-4.003e-01;-2.520e-03;1.000e+01;-6.666e-01;3.460e-03;-6.374e-01;-5.475e-03
20.048068000;1.047e+00;-6.671e-01;-4.218e-03;-6.374e-01;-4.030e-03;1.047e+00;-4.003e-01;-2.531e-03;1.000e+01;-6.666e-01;3.460e-03;-6.374e-01;-5.458e-03
20.051068000;1.047e+00;-6.671e-01;-4.268e-03;-6.374e-01;-4.078e-03;1.047e+00;-4.003e-01;-2.561e-03;1.000e+01;-6.666e-01;3.460e-03;-6.374e-01;-5.408e-03
20.052068000;1.047e+00;-6.671e-01;-4.283e-03;-6.374e-01;-4.092e-03;1.047e+00;-4.003e-01;-2.570e-03;1.000e+01;-6.666e-01;3.460e-03;-6.374e-01;-5.393e-03
20.053068000;1.047e+00;-6.671e-01;-4.298e-03;-6.373e-01;-4.107e-03;1.047e+00;-4.003e-01;-2.579e-03;1.000e+01;-6.666e-01;3.460e-03;-6.373e-01;-5.379e-03
20.054068000;1.047e+00;-6.671e-01;-4.313e-03;-6.373e-01;-4.121e-03;1.047e+00;-4.002e-01;-2.588e-03;1.000e+01;-6.666e-01;3.460e-03;-6.373e-01;-5.365e-03
20.056068000;1.047e+00;-6.671e-01;-4.340e-03;-6.373e-01;-4.146e-03;1.047e+00;-4.002e-01;-2.604e-03;1.000e+01;-6.666e-01;3.460e-03;-6.373e-01;-5.338e-03
20.057068000;1.047e+00;-6.670e-01;-4.353e-03;-6.373e-01;-4.159e-03;1.047e+00;-4.002e-01;-2.612e-03;1.000e+01;-6.666e-01;3.460e-03;-6.373e-01;-5.326e-03
20.058068000;1.047e+00;-6.670e-01;-4.365e-03;-6.373e-01;-4.170e-03;1.047e+00;-4.002e-01;-2.619e-03;1.000e+01;-6.666e-01;3.460e-03;-6.373e-01;-5.314e-03
20.059068000;1.047e+00;-6.670e-01;-4.377e-03;-6.373e-01;-4.181e-03;1.047e+00;-4.002e-01;-2.626e-03;1.000e+01;-6.666e-01;3.460e-03;-6.372e-01;-5.302e-03
20.060068000;1.047e+00;-6.670e-01;-4.388e-03;-6.372e-01;-4.192e-03;1.047e+00;-4.002e-01;-2.633e-03;1.000e+01;-6.666e-01;3.460e-03;-6.372e-01;-5.291e-03
20.061068000;1.047e+00;-6.670e-01;-4.400e-03;-6.372e-01;-4.204e-03;1.047e+00;-4.002e-01;-2.640e-03;1.000e+01;-6.666e-01;3.460e-03;-6.372e-01;-5.280e-03
20.062068000;1.047e+00;-6.670e-01;-4.410e-03;-6.372e-01;-4.213e-03;1.047e+00;-4.002e-01;-2.646e-03;1.000e+01;-6.666e-01;3.460e-03;-6.372e-01;-5.269e-03
20.066068000;1.047e+00;-6.670e-01;-4.450e-03;-6.372e-01;-4.251e-03;1.047e+00;-4.002e-01;-2.670e-03;1.000e+01;-6.666e-01;3.460e-03;-6.372e-01;-5.230e-03
20.067068000;1.047e+00;-6.670e-01;-4.458e-03;-6.372e-01;-4.259e-03;1.047e+00;-4.002e-01;-2.675e-03;1.000e+01;-6.666e-01;3.460e-03;-6.371e-01;-5.221e-03
20.068068000;1.047e+00;-6.669e-01;-4.468e-03;-6.371e-01;-4.269e-03;1.047e+00;-4.002e-01;-2.681e-03;1.000e+01;-6.666e-01;3.460e-03;-6.371e-01;-5.213e-03
20.071068000;1.047e+00;-6.669e-01;-4.493e-03;-6.371e-01;-4.293e-03;1.047e+00;-4.002e-01;-2.696e-03;1.000e+01;-6.666e-01;3.460e-03;-6.371e-01;-5.188e-03
20.072068000;1.047e+00;-6.669e-01;-4.500e-03;-6.371e-01;-4.299e-03;1.047e+00;-4.001e-01;-2.700e-03;1.000e+01;-6.666e-01;3.460e-03;-6.371e-01;-5.180e-03
20.075068000;1.047e+00;-6.669e-01;-4.523e-03;-6.371e-01;-4.321e-03;1.047e+00;-4.001e-01;-2.714e-03;1.000e+01;-6.666e-01;3.460e-03;-6.371e-01;-5.158e-03
20.077068000;1.047e+00;-6.669e-01;-4.537e-03;-6.371e-01;-4.334e-03;1.047e+00;-4.001e-01;-2.722e-03;1.000e+01;-6.666e-01;3.460e-03;-6.371e-01;-5.145e-03
20.078068000;1.047e+00;-6.669e-01;-4.543e-03;-6.371e-01;-4.340e-03;1.047e+00;-4.001e-01;-2.726e-03;1.000e+01;-6.666e-01;3.460e-03;-6.370e-01;-5.138e-03
20.079068000;1.047e+00;-6.669e-01;-4.550e-03;-6.370e-01;-4.346e-03;1.047e+00;-4.001e-01;-2.730e-03;1.000e+01;-6.666e-01;3.460e-03;-6.370e-01;-5.132e-03
20.081068000;1.047e+00;-6.669e-01;-4.563e-03;-6.370e-01;-4.359e-03;1.047e+00;-4.001e-01;-2.738e-03;1.000e+01;-6.666e-01;3.460e-03;-6.370e-01;-5.119e-03
20.082068000;1.047e+00;-6.669e-01;-4.568e-03;-6.370e-01;-4.364e-03;1.047e+00;-4.001e-01;-2.741e-03;1.000e+01;-6.666e-01;3.460e-03;-6.370e-01;-5.113e-03
20.083068000;1.047e+00;-6.668e-01;-4.575e-03;-6.370e-01;-4.370e-03;1.047e+00;-4.001e-01;-2.745e-03;1.000e+01;-6.666e-01;3.460e-03;-6.370e-01;-5.107e-03
20.087068000;1.047e+00;-6.668e-01;-4.597e-03;-6.370e-01;-4.391e-03;1.047e+00;-4.001e-01;-2.758e-03;1.000e+01;-6.666e-01;3.460e-03;-6.370e-01;-5.085e-03
20.088068000;1.047e+00;-6.668e-01;-4.603e-03;-6.370e-01;-4.397e-03;1.047e+00;-4.001e-01;-2.762e-03;1.000e+01;-6.666e-01;3.460e-03;-6.370e-01;-5.080e-03
20.092068000;1.047e+00;-6.668e-01;-4.623e-03;-6.370e-01;-4.416e-03;1.047e+00;-4.001e-01;-2.774e-03;1.000e+01;-6.666e-01;3.460e-03;-6.370e-01;-5.060e-03
20.093068000;1.047e+00;-6.668e-01;-4.628e-03;-6.369e-01;-4.421e-03;1.047e+00;-4.001e-01;-2.777e-03;1.000e+01;-6.666e-01;3.460e-03;-6.369e-01;-5.055e-03
20.097068000;1.047e+00;-6.668e-01;-4.647e-03;-6.369e-01;-4.439e-03;1.047e+00;-4.001e-01;-2.788e-03;1.000e+01;-6.666e-01;3.460e-03;-6.369e-01;-5.037e-03
20.098068000;1.047e+00;-6.668e-01;-4.652e-03;-6.369e-01;-4.443e-03;1.047e+00;-4.001e-01;-2.791e-03;1.000e+01;-6.666e-01;3.460e-03;-6.369e-01;-5.032e-03
20.103068000;1.047e+00;-6.668e-01;-4.672e-03;-6.369e-01;-4.462e-03;1.047e+00;-4.001e-01;-2.803e-03;1.000e+01;-6.666e-01;3.460e-03;-6.369e-01;-5.011e-03
20.109068000;1.047e+00;-6.668e-01;-4.697e-03;-6.369e-01;-4.486e-03;1.047e+00;-4.001e-01;-2.818e-03;1.000e+01;-6.666e-01;3.460e-03;-6.369e-01;-4.988e-03
20.111068000;1.047e+00;-6.668e-01;-4.703e-03;-6.369e-01;-4.493e-03;1.047e+00;-4.001e-01;-2.822e-03;1.000e+01;-6.666e-01;3.460e-03;-6.369e-01;-4.980e-03
20.112068000;1.047e+00;-6.667e-01;-4.708e-03;-6.369e-01;-4.497e-03;1.047e+00;-4.000e-01;-2.825e-03;1.000e+01;-6.666e-01;3.460e-03;-6.369e-01;-4.977e-03
20.116068000;1.047e+00;-6.667e-01;-4.723e-03;-6.369e-01;-4.512e-03;1.047e+00;-4.000e-01;-2.834e-03;1.000e+01;-6.666e-01;3.460e-03;-6.369e-01;-4.962e-03
20.117068000;1.047e+00;-6.667e-01;-4.727e-03;-6.369e-01;-4.515e-03;1.047e+00;-4.000e-01;-2.836e-03;1.000e+01;-6.666e-01;3.460e-03;-6.369e-01;-4.959e-03
20.118068000;1.047e+00;-6.667e-01;-4.730e-03;-6.369e-01;-4.518e-03;1.047e+00;-4.000e-01;-2.838e-03;1.000e+01;-6.666e-01;3.460e-03;-6.368e-01;-4.955e-03
20.119068000;1.047e+00;-6.667e-01;-4.733e-03;-6.368e-01;-4.521e-03;1.047e+00;-4.000e-01;-2.840e-03;1.000e+01;-6.666e-01;3.460e-03;-6.368e-01;-4.952e-03
20.155068000;1.047e+00;-6.667e-01;-4.848e-03;-6.368e-01;-4.631e-03;1.047e+00;-4.000e-01;-2.909e-03;1.000e+01;-6.666e-01;3.460e-03;-6.368e-01;-4.840e-03
20.156068000;1.047e+00;-6.667e-01;-4.850e-03;-6.368e-01;-4.632e-03;1.047e+00;-4.000e-01;-2.910e-03;1.000e+01;-6.666e-01;3.460e-03;-6.368e-01;-4.837e-03
20.163068000;1.047e+00;-6.667e-01;-4.872e-03;-6.368e-01;-4.653e-03;1.047e+00;-4.000e-01;-2.923e-03;1.000e+01;-6.666e-01;3.460e-03;-6.368e-01;-4.818e-03
20.178068000;1.047e+00;-6.667e-01;-4.915e-03;-6.368e-01;-4.694e-03;1.047e+00;-4.000e-01;-2.949e-03;1.000e+01;-6.666e-01;3.460e-03;-6.368e-01;-4.776e-03
20.179068000;1.047e+00;-6.667e-01;-4.917e-03;-6.368e-01;-4.696e-03;1.047e+00;-4.000e-01;-2.950e-03;1.000e+01;-6.666e-01;3.460e-03;-6.367e-01;-4.773e-03
20.180068000;1.047e+00;-6.667e-01;-4.920e-03;-6.367e-01;-4.699e-03;1.047e+00;-4.000e-01;-2.952e-03;1.000e+01;-6.666e-01;3.460e-03;-6.367e-01;-4.770e-03
20.274068000;1.047e+00;-6.667e-01;-5.177e-03;-6.367e-01;-4.943e-03;1.047e+00;-4.000e-01;-3.106e-03;1.000e+01;-6.666e-01;3.460e-03;-6.367e-01;-4.522e-03
20.286068000;1.047e+00;-6.667e-01;-5.207e-03;-6.367e-01;-4.972e-03;1.047e+00;-4.000e-01;-3.124e-03;1.000e+01;-6.666e-01;3.460e-03;-6.367e-01;-4.491e-03
20.287068000;1.047e+00;-6.667e-01;-5.210e-03;-6.367e-01;-4.975e-03;1.047e+00;-4.000e-01;-3.126e-03;1.000e+01;-6.666e-01;3.460e-03;-6.367e-01;-4.489e-03
20.288068000;1.047e+00;-6.667e-01;-5.213e-03;-6.366e-01;-4.978e-03;1.047e+00;-4.000e-01;-3.128e-03;1.000e+01;-6.666e-01;3.460e-03;-6.367e-01;-4.486e-03
20.291068000;1.047e+00;-6.667e-01;-5.220e-03;-6.366e-01;-4.985e-03;1.047e+00;-4.000e-01;-3.132e-03;1.000e+01;-6.666e-01;3.460e-03;-6.367e-01;-4.479e-03
20.292068000;1.047e+00;-6.667e-01;-5.223e-03;-6.366e-01;-4.988e-03;1.047e+00;-4.000e-01;-3.134e-03;1.000e+01;-6.666e-01;3.460e-03;-6.366e-01;-4.476e-03
20.295068000;1.047e+00;-6.667e-01;-5.232e-03;-6.366e-01;-4.996e-03;1.047e+00;-4.000e-01;-3.139e-03;1.000e+01;-6.666e-01;3.460e-03;-6.366e-01;-4.469e-03
20.297068000;1.047e+00;-6.667e-01;-5.237e-03;-6.366e-01;-5.001e-03;1.047e+00;-4.000e-01;-3.142e-03;1.000e+01;-6.666e-01;3.460e-03;-6.366e-01;-4.464e-03
20.408068000;1.047e+00;-6.667e-01;-5.517e-03;-6.366e-01;-5.267e-03;1.047e+00;-4.000e-01;-3.310e-03;1.000e+01;-6.666e-01;3.460e-03;-6.366e-01;-4.193e-03
20.409068000;1.047e+00;-6.667e-01;-5.518e-03;-6.365e-01;-5.269e-03;1.047e+00;-4.000e-01;-3.311e-03;1.000e+01;-6.666e-01;3.460e-03;-6.366e-01;-4.190e-03
20.418068000;1.047e+00;-6.667e-01;-5.540e-03;-6.365e-01;-5.289e-03;1.047e+00;-4.000e-01;-3.324e-03;1.000e+01;-6.666e-01;3.460e-03;-6.366e-01;-4.169e-03
20.419068000;1.047e+00;-6.667e-01;-5.543e-03;-6.365e-01;-5.293e-03;1.047e+00;-4.000e-01;-3.326e-03;1.000e+01;-6.666e-01;3.460e-03;-6.365e-01;-4.167e-03
20.434068000;1.047e+00;-6.667e-01;-5.580e-03;-6.365e-01;-5.328e-03;1.047e+00;-4.000e-01;-3.348e-03;1.000e+01;-6.666e-01;3.460e-03;-6.365e-01;-4.132e-03
20.436068000;1.047e+00;-6.667e-01;-5.585e-03;-6.365e-01;-5.332e-03;1.047e+00;-4.000e-01;-3.351e-03;1.000e+01;-6.666e-01;3.460e-03;-6.365e-01;-4.127e-03
20.450068000;1.047e+00;-6.667e-01;-5.618e-03;-6.365e-01;-5.364e-03;1.047e+00;-4.000e-01;-3.371e-03;1.000e+01;-6.666e-01;3.460e-03;-6.365e-01;-4.094e-03
20.464068000;1.047e+00;-6.667e-01;-5.652e-03;-6.365e-01;-5.396e-03;1.047e+00;-4.000e-01;-3.391e-03;1.000e+01;-6.666e-01;3.460e-03;-6.365e-01;-4.062e-03
20.530068000;1.047e+00;-6.667e-01;-5.803e-03;-6.365e-01;-5.540e-03;1.047e+00;-4.000e-01;-3.482e-03;1.000e+01;-6.666e-01;3.460e-03;-6.365e-01;-3.915e-03
20.531068000;1.048e+00;-6.667e-01;-5.807e-03;-6.365e-01;-5.543e-03;1.048e+00;-4.000e-01;-3.484e-03;1.000e+01;-6.666e-01;3.460e-03;-6.365e-01;-3.912e-03
20.539068000;1.048e+00;-6.667e-01;-5.825e-03;-6.365e-01;-5.561e-03;1.048e+00;-4.000e-01;-3.495e-03;1.000e+01;-6.666e-01;3.460e-03;-6.365e-01;-3.895e-03
20.540068000;1.048e+00;-6.667e-01;-5.827e-03;-6.364e-01;-5.562e-03;1.048e+00;-4.000e-01;-3.496e-03;1.000e+01;-6.666e-01;3.460e-03;-6.365e-01;-3.893e-03
20.556068000;1.048e+00;-6.667e-01;-5.862e-03;-6.364e-01;-5.596e-03;1.048e+00;-4.000e-01;-3.517e-03;1.000e+01;-6.666e-01;3.460e-03;-6.365e-01;-3.858e-03
20.557068000;1.048e+00;-6.667e-01;-5.865e-03;-6.364e-01;-5.599e-03;1.048e+00;-4.000e-01;-3.519e-03;1.000e+01;-6.666e-01;3.460e-03;-6.364e-01;-3.856e-03
20.581068000;1.048e+00;-6.667e-01;-5.918e-03;-6.364e-01;-5.650e-03;1.048e+00;-4.000e-01;-3.551e-03;1.000e+01;-6.666e-01;3.460e-03;-6.364e-01;-3.805e-03
20.587068000;1.048e+00;-6.667e-01;-5.932e-03;-6.364e-01;-5.662e-03;1.048e+00;-4.000e-01;-3.559e-03;1.000e+01;-6.666e-01;3.460e-03;-6.364e-01;-3.792e-03
20.590068000;1.048e+00;-6.667e-01;-5.937e-03;-6.364e-01;-5.667e-03;1.048e+00;-4.000e-01;-3.562e-03;1.000e+01;-6.666e-01;3.460e-03;-6.364e-01;-3.785e-03
20.610068000;1.048e+00;-6.667e-01;-5.982e-03;-6.364e-01;-5.710e-03;1.048e+00;-4.000e-01;-3.589e-03;1.000e+01;-6.666e-01;3.460e-03;-6.364e-01;-3.744e-03
20.682068000;1.048e+00;-6.667e-01;-6.133e-03;-6.364e-01;-5.854e-03;1.048e+00;-4.000e-01;-3.680e-03;1.000e+01;-6.666e-01;3.460e-03;-6.364e-01;-3.597e-03
20.683068000;1.048e+00;-6.667e-01;-6.135e-03;-6.363e-01;-5.856e-03;1.048e+00;-4.000e-01;-3.681e-03;1.000e+01;-6.666e-01;3.460e-03;-6.364e-01;-3.595e-03
20.707068000;1.048e+00;-6.667e-01;-6.183e-03;-6.363e-01;-5.902e-03;1.048e+00;-4.000e-01;-3.710e-03;1.000e+01;-6.666e-01;3.460e-03;-6.364e-01;-3.548e-03
20.708068000;1.048e+00;-6.667e-01;-6.185e-03;-6.363e-01;-5.903e-03;1.048e+00;-4.000e-01;-3.711e-03;1.000e+01;-6.666e-01;3.460e-03;-6.363e-01;-3.546e-03
20.734068000;1.048e+00;-6.667e-01;-6.238e-03;-6.363e-01;-5.954e-03;1.048e+00;-4.000e-01;-3.743e-03;1.000e+01;-6.666e-01;3.460e-03;-6.363e-01;-3.495e-03
20.739068000;1.048e+00;-6.667e-01;-6.248e-03;-6.363e-01;-5.964e-03;1.048e+00;-4.000e-01;-3.749e-03;1.000e+01;-6.666e-01;3.460e-03;-6.363e-01;-3.486e-03
20.756068000;1.048e+00;-6.667e-01;-6.282e-03;-6.363e-01;-5.995e-03;1.048e+00;-4.000e-01;-3.769e-03;1.000e+01;-6.666e-01;3.460e-03;-6.363e-01;-3.454e-03
20.838068000;1.048e+00;-6.667e-01;-6.437e-03;-6.363e-01;-6.143e-03;1.048e+00;-4.000e-01;-3.862e-03;1.000e+01;-6.666e-01;3.460e-03;-6.363e-01;-3.303e-03
20.839068000;1.048e+00;-6.667e-01;-6.438e-03;-6.362e-01;-6.144e-03;1.048e+00;-4.000e-01;-3.863e-03;1.000e+01;-6.666e-01;3.460e-03;-6.363e-01;-3.301e-03
20.875068000;1.048e+00;-6.667e-01;-6.503e-03;-6.362e-01;-6.206e-03;1.048e+00;-4.000e-01;-3.902e-03;1.000e+01;-6.666e-01;3.460e-03;-6.363e-01;-3.238e-03
20.876068000;1.048e+00;-6.667e-01;-6.507e-03;-6.362e-01;-6.209e-03;1.048e+00;-4.000e-01;-3.904e-03;1.000e+01;-6.666e-01;3.460e-03;-6.362e-01;-3.236e-03
20.880068000;1.048e+00;-6.667e-01;-6.513e-03;-6.362e-01;-6.216e-03;1.048e+00;-4.000e-01;-3.908e-03;1.000e+01;-6.666e-01;3.460e-03;-6.362e-01;-3.229e-03
20.890068000;1.048e+00;-6.667e-01;-6.532e-03;-6.362e-01;-6.233e-03;1.048e+00;-4.000e-01;-3.919e-03;1.000e+01;-6.666e-01;3.460e-03;-6.362e-01;-3.212e-03
20.891068000;1.048e+00;-6.667e-01;-6.533e-03;-6.362e-01;-6.235e-03;1.048e+00;-4.000e-01;-3.920e-03;1.000e+01;-6.666e-01;3.460e-03;-6.362e-01;-3.211e-03
21.016068000;1.048e+00;-6.667e-01;-6.745e-03;-6.362e-01;-6.436e-03;1.048e+00;-4.000e-01;-4.047e-03;1.000e+01;-6.666e-01;3.460e-03;-6.362e-01;-3.006e-03
21.017068000;1.048e+00;-6.667e-01;-6.747e-03;-6.361e-01;-6.438e-03;1.048e+00;-4.000e-01;-4.048e-03;1.000e+01;-6.666e-01;3.460e-03;-6.362e-01;-3.005e-03
21.030068000;1.048e+00;-6.667e-01;-6.767e-03;-6.361e-01;-6.457e-03;1.048e+00;-4.000e-01;-4.060e-03;1.000e+01;-6.666e-01;3.460e-03;-6.362e-01;-2.984e-03
21.040068000;1.048e+00;-6.667e-01;-6.783e-03;-6.361e-01;-6.473e-03;1.048e+00;-4.000e-01;-4.070e-03;1.000e+01;-6.666e-01;3.460e-03;-6.362e-01;-2.969e-03
21.042068000;1.048e+00;-6.667e-01;-6.787e-03;-6.361e-01;-6.476e-03;1.048e+00;-4.000e-01;-4.072e-03;1.000e+01;-6.666e-01;3.460e-03;-6.362e-01;-2.966e-03
21.043068000;1.048e+00;-6.667e-01;-6.788e-03;-6.361e-01;-6.477e-03;1.048e+00;-4.000e-01;-4.073e-03;1.000e+01;-6.666e-01;3.460e-03;-6.362e-01;-2.965e-03
21.067068000;1.048e+00;-6.667e-01;-6.825e-03;-6.361e-01;-6.512e-03;1.048e+00;-4.000e-01;-4.095e-03;1.000e+01;-6.666e-01;3.460e-03;-6.362e-01;-2.928e-03
21.068068000;1.048e+00;-6.667e-01;-6.827e-03;-6.361e-01;-6.514e-03;1.048e+00;-4.000e-01;-4.096e-03;1.000e+01;-6.666e-01;3.460e-03;-6.361e-01;-2.927e-03
21.179068000;1.048e+00;-6.667e-01;-6.992e-03;-6.361e-01;-6.671e-03;1.048e+00;-4.000e-01;-4.195e-03;1.000e+01;-6.666e-01;3.460e-03;-6.361e-01;-2.768e-03
21.184068000;1.048e+00;-6.667e-01;-6.998e-03;-6.361e-01;-6.677e-03;1.048e+00;-4.000e-01;-4.199e-03;1.000e+01;-6.666e-01;3.460e-03;-6.361e-01;-2.761e-03
21.185068000;1.048e+00;-6.667e-01;-7.000e-03;-6.361e-01;-6.679e-03;1.048e+00;-4.000e-01;-4.200e-03;1.000e+01;-6.666e-01;3.460e-03;-6.361e-01;-2.760e-03
21.224068000;1.048e+00;-6.667e-01;-7.053e-03;-6.361e-01;-6.729e-03;1.048e+00;-4.000e-01;-4.232e-03;1.000e+01;-6.666e-01;3.460e-03;-6.361e-01;-2.708e-03
21.225068000;1.048e+00;-6.667e-01;-7.055e-03;-6.360e-01;-6.731e-03;1.048e+00;-4.000e-01;-4.233e-03;1.000e+01;-6.666e-01;3.460e-03;-6.361e-01;-2.707e-03
21.296068000;1.048e+00;-6.667e-01;-7.148e-03;-6.360e-01;-6.820e-03;1.048e+00;-4.000e-01;-4.289e-03;1.000e+01;-6.666e-01;3.460e-03;-6.361e-01;-2.617e-03
21.297068000;1.048e+00;-6.667e-01;-7.150e-03;-6.360e-01;-6.821e-03;1.048e+00;-4.000e-01;-4.290e-03;1.000e+01;-6.666e-01;3.460e-03;-6.360e-01;-2.616e-03
21.331068000;1.048e+00;-6.667e-01;-7.192e-03;-6.360e-01;-6.861e-03;1.048e+00;-4.000e-01;-4.315e-03;1.000e+01;-6.666e-01;3.460e-03;-6.360e-01;-2.574e-03
21.333068000;1.048e+00;-6.667e-01;-7.195e-03;-6.360e-01;-6.864e-03;1.048e+00;-4.000e-01;-4.317e-03;1.000e+01;-6.666e-01;3.460e-03;-6.360e-01;-2.572e-03
21.344068000;1.048e+00;-6.667e-01;-7.208e-03;-6.360e-01;-6.877e-03;1.048e+00;-4.000e-01;-4.325e-03;1.000e+01;-6.666e-01;3.460e-03;-6.360e-01;-2.559e-03
21.473068000;1.048e+00;-6.667e-01;-7.355e-03;-6.360e-01;-7.016e-03;1.048e+00;-4.000e-01;-4.413e-03;1.000e+01;-6.666e-01;3.460e-03;-6.360e-01;-2.416e-03
21.476068000;1.048e+00;-6.667e-01;-7.358e-03;-6.360e-01;-7.019e-03;1.048e+00;-4.000e-01;-4.415e-03;1.000e+01;-6.666e-01;3.460e-03;-6.360e-01;-2.413e-03
21.477068000;1.048e+00;-6.667e-01;-7.360e-03;-6.359e-01;-7.021e-03;1.048e+00;-4.000e-01;-4.416e-03;1.000e+01;-6.666e-01;3.460e-03;-6.360e-01;-2.412e-03
21.478068000;1.048e+00;-6.667e-01;-7.362e-03;-6.359e-01;-7.022e-03;1.048e+00;-4.000e-01;-4.417e-03;1.000e+01;-6.666e-01;3.460e-03;-6.360e-01;-2.411e-03
21.489068000;1.048e+00;-6.667e-01;-7.373e-03;-6.359e-01;-7.033e-03;1.048e+00;-4.000e-01;-4.424e-03;1.000e+01;-6.666e-01;3.460e-03;-6.360e-01;-2.400e-03
21.531068000;1.048e+00;-6.667e-01;-7.417e-03;-6.359e-01;-7.075e-03;1.048e+00;-4.000e-01;-4.450e-03;1.000e+01;-6.666e-01;3.460e-03;-6.360e-01;-2.358e-03
21.583068000;1.048e+00;-6.667e-01;-7.467e-03;-6.359e-01;-7.122e-03;1.048e+00;-4.000e-01;-4.480e-03;1.000e+01;-6.666e-01;3.460e-03;-6.360e-01;-2.309e-03
21.584068000;1.048e+00;-6.667e-01;-7.468e-03;-6.359e-01;-7.124e-03;1.048e+00;-4.000e-01;-4.481e-03;1.000e+01;-6.666e-01;3.460e-03;-6.359e-01;-2.308e-03
21.638068000;1.048e+00;-6.667e-01;-7.518e-03;-6.359e-01;-7.171e-03;1.048e+00;-4.000e-01;-4.511e-03;1.000e+01;-6.666e-01;3.460e-03;-6.359e-01;-2.259e-03
21.641068000;1.048e+00;-6.667e-01;-7.522e-03;-6.359e-01;-7.174e-03;1.048e+00;-4.000e-01;-4.513e-03;1.000e+01;-6.666e-01;3.460e-03;-6.359e-01;-2.257e-03
21.654068000;1.048e+00;-6.667e-01;-7.533e-03;-6.359e-01;-7.185e-03;1.048e+00;-4.000e-01;-4.520e-03;1.000e+01;-6.666e-01;3.460e-03;-6.359e-01;-2.246e-03
21.677068000;1.048e+00;-6.667e-01;-7.553e-03;-6.359e-01;-7.205e-03;1.048e+00;-4.000e-01;-4.532e-03;1.000e+01;-6.666e-01;3.460e-03;-6.359e-01;-2.226e-03
21.793068000;1.048e+00;-6.667e-01;-7.647e-03;-6.359e-01;-7.293e-03;1.048e+00;-4.000e-01;-4.588e-03;1.000e+01;-6.666e-01;3.460e-03;-6.359e-01;-2.136e-03
21.811068000;1.048e+00;-6.667e-01;-7.660e-03;-6.359e-01;-7.306e-03;1.048e+00;-4.000e-01;-4.596e-03;1.000e+01;-6.666e-01;3.460e-03;-6.359e-01;-2.123e-03
21.814068000;1.048e+00;-6.667e-01;-7.662e-03;-6.359e-01;-7.307e-03;1.048e+00;-4.000e-01;-4.597e-03;1.000e+01;-6.666e-01;3.460e-03;-6.359e-01;-2.121e-03
21.815068000;1.048e+00;-6.667e-01;-7.662e-03;-6.358e-01;-7.307e-03;1.048e+00;-4.000e-01;-4.597e-03;1.000e+01;-6.666e-01;3.460e-03;-6.359e-01;-2.121e-03
21.846068000;1.048e+00;-6.667e-01;-7.685e-03;-6.358e-01;-7.330e-03;1.048e+00;-4.000e-01;-4.611e-03;1.000e+01;-6.666e-01;3.460e-03;-6.359e-01;-2.099e-03
21.883068000;1.048e+00;-6.667e-01;-7.710e-03;-6.358e-01;-7.353e-03;1.048e+00;-4.000e-01;-4.626e-03;1.000e+01;-6.666e-01;3.460e-03;-6.359e-01;-2.075e-03
21.884068000;1.049e+00;-6.667e-01;-7.710e-03;-6.358e-01;-7.353e-03;1.049e+00;-4.000e-01;-4.626e-03;1.000e+01;-6.666e-01;3.460e-03;-6.359e-01;-2.074e-03
21.965068000;1.049e+00;-6.667e-01;-7.762e-03;-6.358e-01;-7.402e-03;1.049e+00;-4.000e-01;-4.657e-03;1.000e+01;-6.666e-01;3.460e-03;-6.359e-01;-2.025e-03
21.972068000;1.049e+00;-6.667e-01;-7.765e-03;-6.358e-01;-7.406e-03;1.049e+00;-4.000e-01;-4.659e-03;1.000e+01;-6.666e-01;3.460e-03;-6.359e-01;-2.021e-03
21.985068000;1.049e+00;-6.667e-01;-7.773e-03;-6.358e-01;-7.414e-03;1.049e+00;-4.000e-01;-4.664e-03;1.000e+01;-6.666e-01;3.460e-03;-6.359e-01;-2.014e-03
22.005068000;1.049e+00;-6.667e-01;-7.783e-03;-6.358e-01;-7.423e-03;1.049e+00;-4.000e-01;-4.670e-03;1.000e+01;-6.666e-01;3.460e-03;-6.359e-01;-2.003e-03
22.006068000;1.049e+00;-6.667e-01;-7.785e-03;-6.358e-01;-7.425e-03;1.049e+00;-4.000e-01;-4.671e-03;1.000e+01;-6.666e-01;3.460e-03;-6.358e-01;-2.003e-03
22.117068000;1.049e+00;-6.667e-01;-7.842e-03;-6.358e-01;-7.478e-03;1.049e+00;-4.000e-01;-4.705e-03;1.000e+01;-6.666e-01;3.460e-03;-6.358e-01;-1.948e-03
22.139068000;1.049e+00;-6.667e-01;-7.852e-03;-6.358e-01;-7.488e-03;1.049e+00;-4.000e-01;-4.711e-03;1.000e+01;-6.666e-01;3.460e-03;-6.358e-01;-1.939e-03
22.156068000;1.049e+00;-6.667e-01;-7.858e-03;-6.358e-01;-7.494e-03;1.049e+00;-4.000e-01;-4.715e-03;1.000e+01;-6.666e-01;3.460e-03;-6.358e-01;-1.931e-03
22.170068000;1.049e+00;-6.667e-01;-7.865e-03;-6.358e-01;-7.501e-03;1.049e+00;-4.000e-01;-4.719e-03;1.000e+01;-6.666e-01;3.460e-03;-6.358e-01;-1.926e-03
22.295068000;1.049e+00;-6.667e-01;-7.912e-03;-6.358e-01;-7.545e-03;1.049e+00;-4.000e-01;-4.747e-03;1.000e+01;-6.666e-01;3.460e-03;-6.358e-01;-1.881e-03
22.316068000;1.049e+00;-6.667e-01;-7.918e-03;-6.358e-01;-7.551e-03;1.049e+00;-4.000e-01;-4.751e-03;1.000e+01;-6.666e-01;3.460e-03;-6.358e-01;-1.874e-03
22.319068000;1.049e+00;-6.667e-01;-7.918e-03;-6.358e-01;-7.551e-03;1.049e+00;-4.000e-01;-4.751e-03;1.000e+01;-6.666e-01;3.460e-03;-6.358e-01;-1.873e-03
22.339068000;1.049e+00;-6.667e-01;-7.925e-03;-6.358e-01;-7.558e-03;1.049e+00;-4.000e-01;-4.755e-03;1.000e+01;-6.666e-01;3.460e-03;-6.358e-01;-1.868e-03
22.488068000;1.049e+00;-6.667e-01;-7.960e-03;-6.358e-01;-7.591e-03;1.049e+00;-4.000e-01;-4.776e-03;1.000e+01;-6.666e-01;3.460e-03;-6.358e-01;-1.833e-03
22.489068000;1.049e+00;-6.667e-01;-7.960e-03;-6.357e-01;-7.591e-03;1.049e+00;-4.000e-01;-4.776e-03;1.000e+01;-6.666e-01;3.460e-03;-6.358e-01;-1.833e-03
22.490068000;1.049e+00;-6.667e-01;-7.962e-03;-6.357e-01;-7.592e-03;1.049e+00;-4.000e-01;-4.777e-03;1.000e+01;-6.666e-01;3.460e-03;-6.358e-01;-1.833e-03
22.502068000;1.049e+00;-6.667e-01;-7.963e-03;-6.357e-01;-7.594e-03;1.049e+00;-4.000e-01;-4.778e-03;1.000e+01;-6.666e-01;3.460e-03;-6.358e-01;-1.830e-03
22.509068000;1.049e+00;-6.667e-01;-7.965e-03;-6.357e-01;-7.596e-03;1.049e+00;-4.000e-01;-4.779e-03;1.000e+01;-6.666e-01;3.460e-03;-6.358e-01;-1.829e-03
22.684068000;1.049e+00;-6.667e-01;-7.987e-03;-6.357e-01;-7.616e-03;1.049e+00;-4.000e-01;-4.792e-03;1.000e+01;-6.666e-01;3.460e-03;-6.358e-01;-1.808e-03
22.699068000;1.049e+00;-6.667e-01;-7.987e-03;-6.357e-01;-7.616e-03;1.049e+00;-4.000e-01;-4.792e-03;1.000e+01;-6.666e-01;3.460e-03;-6.358e-01;-1.807e-03
22.710068000;1.049e+00;-6.667e-01;-7.988e-03;-6.357e-01;-7.618e-03;1.049e+00;-4.000e-01;-4.793e-03;1.000e+01;-6.666e-01;3.460e-03;-6.358e-01;-1.807e-03
22.879068000;1.049e+00;-6.667e-01;-7.990e-03;-6.357e-01;-7.619e-03;1.049e+00;-4.000e-01;-4.794e-03;1.000e+01;-6.666e-01;3.460e-03;-6.358e-01;-1.805e-03
22.917068000;1.049e+00;-6.667e-01;-7.988e-03;-6.357e-01;-7.618e-03;1.049e+00;-4.000e-01;-4.793e-03;1.000e+01;-6.666e-01;3.460e-03;-6.358e-01;-1.807e-03
22.929068000;1.049e+00;-6.667e-01;-7.987e-03;-6.357e-01;-7.616e-03;1.049e+00;-4.000e-01;-4.792e-03;1.000e+01;-6.666e-01;3.460e-03;-6.358e-01;-1.807e-03
23.129068000;1.049e+00;-6.667e-01;-7.967e-03;-6.357e-01;-7.597e-03;1.049e+00;-4.000e-01;-4.780e-03;1.000e+01;-6.666e-01;3.460e-03;-6.358e-01;-1.828e-03
23.140068000;1.049e+00;-6.667e-01;-7.965e-03;-6.357e-01;-7.596e-03;1.049e+00;-4.000e-01;-4.779e-03;1.000e+01;-6.666e-01;3.460e-03;-6.358e-01;-1.829e-03
23.151068000;1.049e+00;-6.667e-01;-7.963e-03;-6.357e-01;-7.594e-03;1.049e+00;-4.000e-01;-4.778e-03;1.000e+01;-6.666e-01;3.460e-03;-6.358e-01;-1.831e-03
23.168068000;1.049e+00;-6.667e-01;-7.960e-03;-6.357e-01;-7.591e-03;1.049e+00;-4.000e-01;-4.776e-03;1.000e+01;-6.666e-01;3.460e-03;-6.358e-01;-1.833e-03
23.252068000;1.049e+00;-6.667e-01;-7.945e-03;-6.357e-01;-7.577e-03;1.049e+00;-4.000e-01;-4.767e-03;1.000e+01;-6.666e-01;3.460e-03;-6.358e-01;-1.848e-03
23.253068000;1.049e+00;-6.667e-01;-7.945e-03;-6.358e-01;-7.577e-03;1.049e+00;-4.000e-01;-4.767e-03;1.000e+01;-6.666e-01;3.460e-03;-6.358e-01;-1.848e-03
23.383068000;1.049e+00;-6.667e-01;-7.917e-03;-6.358e-01;-7.550e-03;1.049e+00;-4.000e-01;-4.750e-03;1.000e+01;-6.666e-01;3.460e-03;-6.358e-01;-1.876e-03
23.390068000;1.049e+00;-6.667e-01;-7.915e-03;-6.358e-01;-7.548e-03;1.049e+00;-4.000e-01;-4.749e-03;1.000e+01;-6.666e-01;3.460e-03;-6.358e-01;-1.877e-03
23.396068000;1.049e+00;-6.667e-01;-7.913e-03;-6.358e-01;-7.547e-03;1.049e+00;-4.000e-01;-4.748e-03;1.000e+01;-6.666e-01;3.460e-03;-6.358e-01;-1.879e-03
23.407068000;1.049e+00;-6.667e-01;-7.910e-03;-6.358e-01;-7.543e-03;1.049e+00;-4.000e-01;-4.746e-03;1.000e+01;-6.666e-01;3.460e-03;-6.358e-01;-1.881e-03
23.670068000;1.049e+00;-6.667e-01;-7.835e-03;-6.358e-01;-7.472e-03;1.049e+00;-4.000e-01;-4.701e-03;1.000e+01;-6.666e-01;3.460e-03;-6.358e-01;-1.954e-03
23.675068000;1.049e+00;-6.667e-01;-7.833e-03;-6.358e-01;-7.471e-03;1.049e+00;-4.000e-01;-4.700e-03;1.000e+01;-6.666e-01;3.460e-03;-6.358e-01;-1.956e-03
23.680068000;1.049e+00;-6.667e-01;-7.832e-03;-6.358e-01;-7.469e-03;1.049e+00;-4.000e-01;-4.699e-03;1.000e+01;-6.666e-01;3.460e-03;-6.358e-01;-1.958e-03
23.686068000;1.049e+00;-6.667e-01;-7.828e-03;-6.358e-01;-7.466e-03;1.049e+00;-4.000e-01;-4.697e-03;1.000e+01;-6.666e-01;3.460e-03;-6.358e-01;-1.959e-03
23.900068000;1.049e+00;-6.667e-01;-7.753e-03;-6.358e-01;-7.395e-03;1.049e+00;-4.000e-01;-4.652e-03;1.000e+01;-6.666e-01;3.460e-03;-6.358e-01;-2.032e-03
23.901068000;1.049e+00;-6.667e-01;-7.753e-03;-6.358e-01;-7.395e-03;1.049e+00;-4.000e-01;-4.652e-03;1.000e+01;-6.666e-01;3.460e-03;-6.359e-01;-2.032e-03
24.022068000;1.049e+00;-6.667e-01;-7.708e-03;-6.358e-01;-7.352e-03;1.049e+00;-4.000e-01;-4.625e-03;1.000e+01;-6.666e-01;3.460e-03;-6.359e-01;-2.077e-03
24.023068000;1.048e+00;-6.667e-01;-7.707e-03;-6.358e-01;-7.350e-03;1.048e+00;-4.000e-01;-4.624e-03;1.000e+01;-6.666e-01;3.460e-03;-6.359e-01;-2.077e-03
24.177068000;1.048e+00;-6.667e-01;-7.645e-03;-6.358e-01;-7.292e-03;1.048e+00;-4.000e-01;-4.587e-03;1.000e+01;-6.666e-01;3.460e-03;-6.359e-01;-2.136e-03
24.188068000;1.048e+00;-6.667e-01;-7.642e-03;-6.358e-01;-7.288e-03;1.048e+00;-4.000e-01;-4.585e-03;1.000e+01;-6.666e-01;3.460e-03;-6.359e-01;-2.141e-03
24.208068000;1.048e+00;-6.667e-01;-7.633e-03;-6.358e-01;-7.281e-03;1.048e+00;-4.000e-01;-4.580e-03;1.000e+01;-6.666e-01;3.460e-03;-6.359e-01;-2.149e-03
24.225068000;1.048e+00;-6.667e-01;-7.625e-03;-6.358e-01;-7.273e-03;1.048e+00;-4.000e-01;-4.575e-03;1.000e+01;-6.666e-01;3.460e-03;-6.359e-01;-2.156e-03
24.226068000;1.048e+00;-6.667e-01;-7.625e-03;-6.359e-01;-7.273e-03;1.048e+00;-4.000e-01;-4.575e-03;1.000e+01;-6.666e-01;3.460e-03;-6.359e-01;-2.156e-03
24.694068000;1.048e+00;-6.667e-01;-7.423e-03;-6.359e-01;-7.081e-03;1.048e+00;-4.000e-01;-4.454e-03;1.000e+01;-6.666e-01;3.460e-03;-6.359e-01;-2.351e-03
24.695068000;1.048e+00;-6.667e-01;-7.422e-03;-6.359e-01;-7.079e-03;1.048e+00;-4.000e-01;-4.453e-03;1.000e+01;-6.666e-01;3.460e-03;-6.360e-01;-2.352e-03
24.947068000;1.048e+00;-6.667e-01;-7.310e-03;-6.359e-01;-6.973e-03;1.048e+00;-4.000e-01;-4.386e-03;1.000e+01;-6.666e-01;3.460e-03;-6.360e-01;-2.459e-03
24.948068000;1.048e+00;-6.667e-01;-7.310e-03;-6.360e-01;-6.973e-03;1.048e+00;-4.000e-01;-4.386e-03;1.000e+01;-6.666e-01;3.460e-03;-6.360e-01;-2.460e-03
25.288068000;1.048e+00;-6.667e-01;-7.162e-03;-6.360e-01;-6.832e-03;1.048e+00;-4.000e-01;-4.297e-03;1.000e+01;-6.666e-01;3.460e-03;-6.360e-01;-2.603e-03
25.295068000;1.048e+00;-6.667e-01;-7.158e-03;-6.360e-01;-6.829e-03;1.048e+00;-4.000e-01;-4.295e-03;1.000e+01;-6.666e-01;3.460e-03;-6.360e-01;-2.605e-03
25.299068000;1.048e+00;-6.667e-01;-7.157e-03;-6.360e-01;-6.827e-03;1.048e+00;-4.000e-01;-4.294e-03;1.000e+01;-6.666e-01;3.460e-03;-6.360e-01;-2.607e-03
25.449068000;1.048e+00;-6.667e-01;-7.095e-03;-6.360e-01;-6.769e-03;1.048e+00;-4.000e-01;-4.257e-03;1.000e+01;-6.666e-01;3.460e-03;-6.360e-01;-2.668e-03
25.450068000;1.048e+00;-6.667e-01;-7.093e-03;-6.360e-01;-6.767e-03;1.048e+00;-4.000e-01;-4.256e-03;1.000e+01;-6.666e-01;3.460e-03;-6.361e-01;-2.668e-03
25.692068000;1.048e+00;-6.667e-01;-6.997e-03;-6.360e-01;-6.675e-03;1.048e+00;-4.000e-01;-4.198e-03;1.000e+01;-6.666e-01;3.460e-03;-6.361e-01;-2.763e-03
25.693068000;1.048e+00;-6.667e-01;-6.995e-03;-6.361e-01;-6.674e-03;1.048e+00;-4.000e-01;-4.197e-03;1.000e+01;-6.666e-01;3.460e-03;-6.361e-01;-2.763e-03
25.769068000;1.048e+00;-6.667e-01;-6.965e-03;-6.361e-01;-6.645e-03;1.048e+00;-4.000e-01;-4.179e-03;1.000e+01;-6.666e-01;3.460e-03;-6.361e-01;-2.792e-03
25.808068000;1.048e+00;-6.667e-01;-6.950e-03;-6.361e-01;-6.631e-03;1.048e+00;-4.000e-01;-4.170e-03;1.000e+01;-6.666e-01;3.460e-03;-6.361e-01;-2.806e-03
25.822068000;1.048e+00;-6.667e-01;-6.945e-03;-6.361e-01;-6.626e-03;1.048e+00;-4.000e-01;-4.167e-03;1.000e+01;-6.666e-01;3.460e-03;-6.361e-01;-2.812e-03
25.865068000;1.048e+00;-6.667e-01;-6.928e-03;-6.361e-01;-6.610e-03;1.048e+00;-4.000e-01;-4.157e-03;1.000e+01;-6.666e-01;3.460e-03;-6.361e-01;-2.827e-03
26.285068000;1.048e+00;-6.667e-01;-6.780e-03;-6.361e-01;-6.469e-03;1.048e+00;-4.000e-01;-4.068e-03;1.000e+01;-6.666e-01;3.460e-03;-6.361e-01;-2.970e-03
26.333068000;1.048e+00;-6.667e-01;-6.765e-03;-6.361e-01;-6.455e-03;1.048e+00;-4.000e-01;-4.059e-03;1.000e+01;-6.666e-01;3.460e-03;-6.361e-01;-2.986e-03
26.334068000;1.048e+00;-6.667e-01;-6.765e-03;-6.361e-01;-6.455e-03;1.048e+00;-4.000e-01;-4.059e-03;1.000e+01;-6.666e-01;3.460e-03;-6.362e-01;-2.986e-03
26.362068000;1.048e+00;-6.667e-01;-6.755e-03;-6.361e-01;-6.446e-03;1.048e+00;-4.000e-01;-4.053e-03;1.000e+01;-6.666e-01;3.460e-03;-6.362e-01;-2.995e-03
26.378068000;1.048e+00;-6.667e-01;-6.750e-03;-6.361e-01;-6.441e-03;1.048e+00;-4.000e-01;-4.050e-03;1.000e+01;-6.666e-01;3.460e-03;-6.362e-01;-3.000e-03
26.383068000;1.048e+00;-6.667e-01;-6.748e-03;-6.361e-01;-6.439e-03;1.048e+00;-4.000e-01;-4.049e-03;1.000e+01;-6.666e-01;3.460e-03;-6.362e-01;-3.001e-03
26.587068000;1.048e+00;-6.667e-01;-6.687e-03;-6.361e-01;-6.381e-03;1.048e+00;-4.000e-01;-4.012e-03;1.000e+01;-6.666e-01;3.460e-03;-6.362e-01;-3.061e-03
26.588068000;1.048e+00;-6.667e-01;-6.687e-03;-6.362e-01;-6.381e-03;1.048e+00;-4.000e-01;-4.012e-03;1.000e+01;-6.666e-01;3.460e-03;-6.362e-01;-3.061e-03
26.846068000;1.048e+00;-6.667e-01;-6.615e-03;-6.362e-01;-6.312e-03;1.048e+00;-4.000e-01;-3.969e-03;1.000e+01;-6.666e-01;3.460e-03;-6.362e-01;-3.130e-03
26.872068000;1.048e+00;-6.667e-01;-6.608e-03;-6.362e-01;-6.306e-03;1.048e+00;-4.000e-01;-3.965e-03;1.000e+01;-6.666e-01;3.460e-03;-6.362e-01;-3.136e-03
26.898068000;1.048e+00;-6.667e-01;-6.602e-03;-6.362e-01;-6.300e-03;1.048e+00;-4.000e-01;-3.961e-03;1.000e+01;-6.666e-01;3.460e-03;-6.362e-01;-3.143e-03
26.902068000;1.048e+00;-6.667e-01;-6.602e-03;-6.362e-01;-6.300e-03;1.048e+00;-4.000e-01;-3.961e-03;1.000e+01;-6.666e-01;3.460e-03;-6.362e-01;-3.144e-03
27.413068000;1.048e+00;-6.667e-01;-6.488e-03;-6.362e-01;-6.192e-03;1.048e+00;-4.000e-01;-3.893e-03;1.000e+01;-6.666e-01;3.460e-03;-6.362e-01;-3.252e-03
27.421068000;1.048e+00;-6.667e-01;-6.488e-03;-6.362e-01;-6.192e-03;1.048e+00;-4.000e-01;-3.893e-03;1.000e+01;-6.666e-01;3.460e-03;-6.362e-01;-3.254e-03
27.422068000;1.048e+00;-6.667e-01;-6.487e-03;-6.362e-01;-6.190e-03;1.048e+00;-4.000e-01;-3.892e-03;1.000e+01;-6.666e-01;3.460e-03;-6.362e-01;-3.254e-03
27.449068000;1.048e+00;-6.667e-01;-6.482e-03;-6.362e-01;-6.186e-03;1.048e+00;-4.000e-01;-3.889e-03;1.000e+01;-6.666e-01;3.460e-03;-6.362e-01;-3.259e-03
27.688068000;1.048e+00;-6.667e-01;-6.442e-03;-6.362e-01;-6.148e-03;1.048e+00;-4.000e-01;-3.865e-03;1.000e+01;-6.666e-01;3.460e-03;-6.362e-01;-3.298e-03
27.689068000;1.048e+00;-6.667e-01;-6.442e-03;-6.362e-01;-6.148e-03;1.048e+00;-4.000e-01;-3.865e-03;1.000e+01;-6.666e-01;3.460e-03;-6.363e-01;-3.298e-03
27.989068000;1.048e+00;-6.667e-01;-6.398e-03;-6.362e-01;-6.106e-03;1.048e+00;-4.000e-01;-3.839e-03;1.000e+01;-6.666e-01;3.460e-03;-6.363e-01;-3.339e-03
28.003068000;1.048e+00;-6.667e-01;-6.397e-03;-6.362e-01;-6.105e-03;1.048e+00;-4.000e-01;-3.838e-03;1.000e+01;-6.666e-01;3.460e-03;-6.363e-01;-3.341e-03
28.016068000;1.048e+00;-6.667e-01;-6.395e-03;-6.362e-01;-6.103e-03;1.048e+00;-4.000e-01;-3.837e-03;1.000e+01;-6.666e-01;3.460e-03;-6.363e-01;-3.342e-03
28.030068000;1.048e+00;-6.667e-01;-6.393e-03;-6.362e-01;-6.102e-03;1.048e+00;-4.000e-01;-3.836e-03;1.000e+01;-6.666e-01;3.460e-03;-6.363e-01;-3.344e-03
28.168068000;1.048e+00;-6.667e-01;-6.378e-03;-6.362e-01;-6.087e-03;1.048e+00;-4.000e-01;-3.827e-03;1.000e+01;-6.666e-01;3.460e-03;-6.363e-01;-3.359e-03
28.169068000;1.048e+00;-6.667e-01;-6.378e-03;-6.363e-01;-6.087e-03;1.048e+00;-4.000e-01;-3.827e-03;1.000e+01;-6.666e-01;3.460e-03;-6.363e-01;-3.359e-03
28.577068000;1.048e+00;-6.667e-01;-6.342e-03;-6.363e-01;-6.052e-03;1.048e+00;-4.000e-01;-3.805e-03;1.000e+01;-6.666e-01;3.460e-03;-6.363e-01;-3.394e-03
28.621068000;1.048e+00;-6.667e-01;-6.340e-03;-6.363e-01;-6.051e-03;1.048e+00;-4.000e-01;-3.804e-03;1.000e+01;-6.666e-01;3.460e-03;-6.363e-01;-3.397e-03
28.626068000;1.048e+00;-6.667e-01;-6.338e-03;-6.363e-01;-6.049e-03;1.048e+00;-4.000e-01;-3.803e-03;1.000e+01;-6.666e-01;3.460e-03;-6.363e-01;-3.397e-03
28.651068000;1.048e+00;-6.667e-01;-6.337e-03;-6.363e-01;-6.048e-03;1.048e+00;-4.000e-01;-3.802e-03;1.000e+01;-6.666e-01;3.460e-03;-6.363e-01;-3.398e-03
29.280068000;1.048e+00;-6.667e-01;-6.312e-03;-6.363e-01;-6.024e-03;1.048e+00;-4.000e-01;-3.787e-03;1.000e+01;-6.666e-01;3.460e-03;-6.363e-01;-3.424e-03
29.313068000;1.048e+00;-6.667e-01;-6.310e-03;-6.363e-01;-6.022e-03;1.048e+00;-4.000e-01;-3.786e-03;1.000e+01;-6.666e-01;3.460e-03;-6.363e-01;-3.424e-03
30.448068000;1.048e+00;-6.667e-01;-6.318e-03;-6.363e-01;-6.030e-03;1.048e+00;-4.000e-01;-3.791e-03;1.000e+01;-6.666e-01;3.460e-03;-6.363e-01;-3.418e-03
30.505068000;1.048e+00;-6.667e-01;-6.318e-03;-6.363e-01;-6.030e-03;1.048e+00;-4.000e-01;-3.791e-03;1.000e+01;-6.666e-01;3.460e-03;-6.363e-01;-3.416e-03
32.399068000;1.048e+00;-6.667e-01;-6.385e-03;-6.363e-01;-6.094e-03;1.048e+00;-4.000e-01;-3.831e-03;1.000e+01;-6.666e-01;3.460e-03;-6.363e-01;-3.353e-03
32.400068000;1.048e+00;-6.667e-01;-6.385e-03;-6.362e-01;-6.094e-03;1.048e+00;-4.000e-01;-3.831e-03;1.000e+01;-6.666e-01;3.460e-03;-6.363e-01;-3.353e-03
33.677068000;1.048e+00;-6.667e-01;-6.422e-03;-6.362e-01;-6.129e-03;1.048e+00;-4.000e-01;-3.853e-03;1.000e+01;-6.666e-01;3.460e-03;-6.363e-01;-3.318e-03
33.834068000;1.048e+00;-6.667e-01;-6.425e-03;-6.362e-01;-6.132e-03;1.048e+00;-4.000e-01;-3.855e-03;1.000e+01;-6.666e-01;3.460e-03;-6.363e-01;-3.315e-03
33.846068000;1.048e+00;-6.667e-01;-6.425e-03;-6.362e-01;-6.132e-03;1.048e+00;-4.000e-01;-3.855e-03;1.000e+01;-6.666e-01;3.460e-03;-6.363e-01;-3.314e-03
33.917068000;1.048e+00;-6.667e-01;-6.427e-03;-6.362e-01;-6.133e-03;1.048e+00;-4.000e-01;-3.856e-03;1.000e+01;-6.666e-01;3.460e-03;-6.363e-01;-3.313e-03
35.682068000;1.048e+00;-6.667e-01;-6.447e-03;-6.362e-01;-6.152e-03;1.048e+00;-4.000e-01;-3.868e-03;1.000e+01;-6.666e-01;3.460e-03;-6.363e-01;-3.294e-03
35.932068000;1.048e+00;-6.667e-01;-6.447e-03;-6.362e-01;-6.152e-03;1.048e+00;-4.000e-01;-3.868e-03;1.000e+01;-6.666e-01;3.460e-03;-6.363e-01;-3.293e-03
35.933068000;1.048e+00;-6.667e-01;-6.447e-03;-6.362e-01;-6.152e-03;1.048e+00;-4.000e-01;-3.868e-03;1.000e+01;-6.666e-01;3.460e-03;-6.362e-01;-3.293e-03
36.121068000;1.048e+00;-6.667e-01;-6.447e-03;-6.362e-01;-6.152e-03;1.048e+00;-4.000e-01;-3.868e-03;1.000e+01;-6.666e-01;3.460e-03;-6.362e-01;-3.292e-03
36.331068000;1.048e+00;-6.667e-01;-6.448e-03;-6.362e-01;-6.154e-03;1.048e+00;-4.000e-01;-3.869e-03;1.000e+01;-6.666e-01;3.460e-03;-6.362e-01;-3.292e-03
36.878068000;1.048e+00;-6.667e-01;-6.447e-03;-6.362e-01;-6.152e-03;1.048e+00;-4.000e-01;-3.868e-03;1.000e+01;-6.666e-01;3.460e-03;-6.362e-01;-3.292e-03
37.407068000;1.048e+00;-6.667e-01;-6.447e-03;-6.362e-01;-6.152e-03;1.048e+00;-4.000e-01;-3.868e-03;1.000e+01;-6.666e-01;3.460e-03;-6.362e-01;-3.293e-03
37.408068000;1.048e+00;-6.667e-01;-6.447e-03;-6.362e-01;-6.152e-03;1.048e+00;-4.000e-01;-3.868e-03;1.000e+01;-6.666e-01;3.460e-03;-6.363e-01;-3.293e-03
40.942068000;1.048e+00;-6.667e-01;-6.437e-03;-6.362e-01;-6.143e-03;1.048e+00;-4.000e-01;-3.862e-03;1.000e+01;-6.666e-01;3.460e-03;-6.363e-01;-3.302e-03
40.946068000;1.048e+00;-6.667e-01;-6.437e-03;-6.362e-01;-6.143e-03;1.048e+00;-4.000e-01;-3.862e-03;1.000e+01;-6.666e-01;3.460e-03;-6.363e-01;-3.302e-03
40.951068000;1.048e+00;-6.667e-01;-6.437e-03;-6.362e-01;-6.143e-03;1.048e+00;-4.000e-01;-3.862e-03;1.000e+01;-6.666e-01;3.460e-03;-6.363e-01;-3.302e-03
41.453068000;1.048e+00;-6.667e-01;-6.437e-03;-6.362e-01;-6.143e-03;1.048e+00;-4.000e-01;-3.862e-03;1.000e+01;-6.666e-01;3.460e-03;-6.363e-01;-3.303e-03
100.000000000;1.048e+00;-6.667e-01;-6.437e-03;-6.362e-01;-6.143e-03;1.048e+00;-4.000e-01;-3.862e-03;1.000e+01;-6.666e-01;3.460e-03;-6.363e-01;-3.303e-03
