time;BusPDR_BUS_Voltage;BusPDR_BUS_ActivePower;BusPDR_BUS_ActiveCurrent;BusPDR_BUS_ReactivePower;BusPDR_BUS_ReactiveCurrent;InfiniteBus_BUS_NetworkFrequencyPu;StepUp_Xfmr_XFMR_Tap;Wind_Turbine_GEN_ActivePowerSetpointPu;Wind_Turbine_GEN_ReactivePowerSetpointPu;Wind_Turbine_GEN_AVRSetpointPu;Wind_Turbine_GEN_InjectedActivePower;Wind_Turbine_GEN_InjectedReactivePower;Wind_Turbine_GEN_InjectedActiveCurrent;Wind_Turbine_GEN_InjectedReactiveCurrent;Wind_Turbine_GEN_ActivePowerPu;Wind_Turbine_GEN_ReactivePowerPu;Wind_Turbine_GEN_MagnitudeControlledByAVRPu;Wind_Turbine_GEN_InjectedCurrent;NetworkFrequencyPu
0.0;1.0443808689330087;0.7502037000669892;0.7176661114699114;-2.889410479486333e-07;-3.550769056417829e-07;1.000242305322741;9.998290139178271;0.7502682968753691;0.012612272078513084;0.01259975124475378;0.7500173020247577;0.012606734195702537;0.7180389875290984;0.012067872991904479;0.7499843608521826;0.012607310570171991;1.044483070137757;0.718268125682733;0.9998756203813763
0.001;1.0443828318739108;0.7502057807804017;0.7176608269544539;-2.873172287517459e-07;-3.560630428038121e-07;1.000252223754328;9.998223228183218;0.7502649343418518;0.012612384192772464;0.012599659283954229;0.7500136461728085;0.012606701499518648;0.7180468224579988;0.012067924874138903;0.749978232898056;0.012607410541573523;1.0444735546054864;0.718275369407888;0.999867146086548
0.001;1.0443847983095005;0.7502078766253758;0.7176555058196321;-2.856839477907806e-07;-3.570580585348219e-07;1.000262186625754;9.998156095831748;0.7502615669624856;0.012612496516354488;0.012599566720597498;0.750009982650651;0.012606668829065379;0.7180547066181038;0.012067977343201659;0.7499720718268211;0.012607511564030205;1.0444640029657966;0.7182826504476082;0.9998586592739658
0.100999;1.0443867664352064;0.7502099864695231;0.7176501554777337;-2.840430483343145e-07;-3.5806111327553254e-07;1.0002721828937684;9.998088822965988;0.7502581987258716;0.012612608926220254;0.012599473682131353;0.7500063170423971;0.012606636227794722;0.7180626331712232;0.012068030360778609;0.7499658837777327;0.012607613573641385;1.044454426709094;0.7182899618108871;0.9998501693155565
0.200998;1.044388734728436;0.7502121087230667;0.7176447841230951;-2.82396543511076e-07;-3.5907136403382867e-07;1.000282201105901;9.998021494382844;0.7502548333243185;0.012612721283209578;0.012599380304386835;0.7500026551896251;0.012606603736935113;0.7180705951394302;0.012068083881345696;0.7499596753347595;0.012607716503546713;1.044444837813115;0.7182972961054788;0.99984168570009
0.400996;1.0443907020020748;0.7502142413305977;0.7176394007550041;-2.8074662340245744e-07;-3.6008797468544924e-07;1.0002922293019207;9.997954198175227;0.7502514741967908;0.01261283343157922;0.012599286732294993;0.7499990031917341;0.012606571395724036;0.718078585328786;0.012068137852704696;0.7499534534648978;0.012607820285049998;1.0444352486683213;0.7183046454760067;0.9998332180834186
0.800992;1.0443926673508308;0.7502163817518465;0.717634015187259;-2.7909562814550975e-07;-3.611101119617234e-07;1.0003022549596237;9.997887025736167;0.7502481245658639;0.012612945199147508;0.012599193120779572;0.7499953674279589;0.012606539240782913;0.7180865962517258;0.012068192217355589;0.7499472254407268;0.01260792484761536;1.0444256721333;0.718312001596869;0.9998247762410616
1.600984;1.0443946300281257;0.7502185268987122;0.7176286380912229;-2.774460306965811e-07;-3.6213694214936755e-07;1.0003122650834795;9.997820072222556;0.7502447874441098;0.012613056396729052;0.012599099634508925;0.7499917546242657;0.012606507304764208;0.7180946201377311;0.012068246913188498;0.7499409988904456;0.0126080301172027;1.044416121742054;0.7183193556731831;0.9998163701210167
2.600984;1.044396589445523;0.7502206730872301;0.7176232810417243;-2.758004496024283e-07;-3.6316764976021126e-07;1.0003222462113024;9.997753437615629;0.7502414656506864;0.012613166817028083;0.012599006447700218;0.7499881719029264;0.012606475616083381;0.7181026489834526;0.012068301873312925;0.7499347819004507;0.012608136014217128;1.0444066119085094;0.7183266983656276;0.999808010062712
3.600984;1.0443985452676208;0.7502228160334949;0.7176179565437389;-2.741616692993981e-07;-3.642014446128888e-07;1.0003321842668704;9.997687227753064;0.750238161868693;0.01261327623443064;0.012598913745837917;0.74998462679813;0.012606444199617033;0.71811067456334;0.012068357025635162;0.7499285830384931;0.012608242452901916;1.0443971580351612;0.7183340197021929;0.9997997069215622
4.600984;1.0444004974410923;0.750224950915677;0.7176126780989853;-2.7253265429831485e-07;-3.6523753612447606e-07;1.0003420644559295;9.997621554471387;0.7502348786776962;0.012613384405861421;0.012598821728387615;0.7499811272852088;0.012606413076888845;0.7181186883934396;0.012068412292292665;0.749922411321066;0.01260834934179877;1.044387776542849;0.7183413090771774;0.9997914720033364
5.600984;1.0444024461303163;0.7502270724863177;0.7176074603200499;-2.7091657688148073e-07;-3.662751020392889e-07;1.000351871250569;9.99755653520463;0.7502316185283802;0.012613491071602794;0.012598730609695016;0.7499776817721615;0.012606382264992281;0.7181266816696322;0.012068467589090467;0.7499162762341905;0.012608456583885163;1.0443784848342985;0.7183485553423201;0.9997833170408518
6.600984;1.0444043916147923;0.7502291751003468;0.717602319033078;-2.6931686225962103e-07;-3.673132702526852e-07;1.0003615883711263;9.997492291997391;0.7502283837105438;0.01261359595551092;0.012598640617814887;0.7499742990065311;0.012606351775179828;0.7181346451669958;0.012068522825191186;0.7499101878230904;0.012608564076448711;1.0443693012661004;0.7183557468850369;0.9997752542498035
7.600984;1.0444063342026346;0.7502312526299038;0.7175972713288128;-2.677372183745389e-07;-3.683511160184868e-07;1.0003711987251644;9.997428950509377;0.7502251763492593;0.012613698764376775;0.012598551993716605;0.7499709880124188;0.012606321613068143;0.7181425691368075;0.012068577902652757;0.7499041567637562;0.01260867171133599;1.0443602451715077;0.7183628715818009;0.9997672963268569
8.600984;1.0444082742046228;0.7502332983992615;0.7175923355773405;-2.6618162922243657e-07;-3.693876706746399e-07;1.0003806843229472;9.997366640576496;0.7502219984057713;0.012613799186197906;0.012598464991778462;0.7499677581626091;0.012606291779818384;0.7181504432893288;0.012068632715517998;0.7498981943598021;0.012608779374675892;1.0443513369312911;0.7183699166728444;0.9997594564734864
9.600984;1.0444102119583605;0.7502353051950096;0.7175875314473442;-2.6465432622842065e-07;-3.7042193390636684e-07;1.0003900262458327;9.997305497496457;0.7502188516327797;0.012613896888326922;0.012598379880415183;0.7499646192893565;0.01260626227210807;0.7181582568471514;0.012068687149337187;0.7498923125162227;0.012608886945347602;1.044342598127481;0.7183768686885775;0.9997517485026568
10.600984;1.0444121478850696;0.7502372652798325;0.7175828799114291;-2.631597742209965e-07;-3.714528852617851e-07;1.0003992046918448;9.997245662881145;0.7502157375174128;0.012613991516292495;0.01259829694257125;0.7499615816950792;0.012606233081430503;0.7181659985844839;0.012068741081077092;0.7498865237555973;0.012608994294036741;1.0443340516611015;0.7183837134304113;0.9997441869073317
11.600984;1.0444140825683759;0.7502391703577846;0.7175784032156567;-2.6170270181488447e-07;-3.724794791737583e-07;1.0004081989922187;9.997187286015896;0.7502126573076527;0.01261408269249261;0.012598216476459024;0.7499586561366716;0.01260620419418335;0.7181736568380703;0.01206879437823227;0.7498808412423887;0.01260910128373286;1.044325721723525;0.7183904359372015;0.9997367868816451
12.600984;1.0444160167564203;0.7502410115345106;0.7175741248524855;-2.6028815649395493e-07;-3.7350060154782784e-07;1.000416987505082;9.99713052564271;0.7502096121013206;0.012614170014295262;0.012598138796423035;0.749955853888752;0.012606175592435523;0.7181812194995238;0.012068846897896057;0.7498752788071283;0.012609207769835236;1.0443176337540891;0.718397020445282;0.9997295643338219
13.600984;1.0444179512868628;0.7502427792960139;0.7175700695513408;-2.589215348733834e-07;-3.745150194249545e-07;1.0004255474672643;9.997075550745906;0.7502066029084591;0.012614253052670346;0.012598064234064336;0.7499531867918648;0.012606147254940577;0.7181886739821999;0.01206889848700962;0.7498698510103698;0.01260931359955534;1.0443098144465295;0.7184034503695862;0.9997225358565041
14.600984;1.0444198870442687;0.7502444634929546;0.7175662632847428;-2.576085824606189e-07;-3.755213786179594e-07;1.0004338548928133;9.99702254005629;0.7502036306812744;0.012614331352505292;0.012597993139536925;0.7499506672420261;0.012606119157987206;0.7181960071922147;0.012068948982940706;0.7498645731835534;0.012609418611171104;1.0443022917670737;0.7184097082784653;0.9997157187221914
15.600984;1.044421824906553;0.750246053356108;0.717562733305282;-2.563553952094571e-07;-3.765182287005527e-07;1.0004418845006737;9.996971681166787;0.7502006963182632;0.01261440443361203;0.012597925882691458;0.7499483082058407;0.012606091275878651;0.7182032055216093;0.012068998213652584;0.7498594613940505;0.012609522632857525;1.0442950950296044;0.7184157758287741;0.9997091309622929
16.600984;1.044423765673712;0.7502475375455967;0.7175595081895041;-2.5516843074744866e-07;-3.775040389604654e-07;1.0004496096975952;9.996923170163235;0.7501978006494819;0.01261447179046925;0.012597862854189906;0.7499461232560874;0.012606063581411977;0.7182102548344184;0.012069045997584954;0.7498545324270702;0.012609625481808653;1.0442882550070656;0.7184216337048132;0.9997027914517241
17.600984;1.044425710067669;0.7502489041773392;0.7175566178807966;-2.540545172294868e-07;-3.784772036788932e-07;1.0004570026180466;9.99687721185183;0.7501949444714436;0.012614532890724487;0.012597804466446639;0.7499441265900472;0.012606036045995023;0.7182171404286253;0.012069092142963835;0.7498498038333445;0.012609726963809038;1.0442818040284958;0.7184272616075218;0.9996967199436889
18.600984;1.0444276587298782;0.750250140780819;0.7175540937957057;-2.5302085240465855e-07;-3.7943601832056187e-07;1.0004640341419753;9.99683402003933;0.7501921286214167;0.012614587173944229;0.012597751154275673;0.7499423330323381;0.012606008638567817;0.7182238469795079;0.012069136447152894;0.749845293951183;0.012609826872546364;1.0442757760611558;0.7184326382339216;0.9996909370588645
19.600984;1.0444296121623566;0.7502512342438876;0.7175519690077444;-2.520749934121723e-07;-3.8037865253182144e-07;1.0004706738698026;9.996793817919983;0.7501893539941249;0.012614634051000467;0.012597703375258777;0.7499407580288419;0.01260598132415962;0.7182303584891261;0.012069178697017072;0.7498410218737552;0.012609924988813161;1.0442702067295806;0.7184377412175313;0.9996854642868211
19.999996;1.0444315707260086;0.7502521707935981;0.7175502783890395;-2.5122485583178226e-07;-3.813031656868019e-07;1.0004768900744558;9.99675683886142;0.7501866214973781;0.012614672903545508;0.012597661609587169;0.7499394176812995;0.012605954063764276;0.7182366582629789;0.012069218669219143;0.7498370074474849;0.012610021079797725;1.044265133269916;0.718442547091215;0.99968032408054
19.999996;1.0444335347210314;0.7502529359511745;0.717549058614656;-2.5047873575888167e-07;-3.822075286529783e-07;1.000482649591633;9.99672332680066;0.7501839320070526;0.012614703083248278;0.012597626360203982;0.7499383288318237;0.012605926815057742;0.7182427288758375;0.012069256129365437;0.7498332713685754;0.012610114899134973;1.0442605945216978;0.7184470312626329;0.9996755400032873
20.079996;1.044435504018515;0.7502535150191035;0.7175483467876839;-2.4984515666137003e-07;-3.83089116751993e-07;1.0036879186953365;9.996693523575436;0.7501812865346464;0.012614723940911584;0.012597598147438467;0.7499375090720746;0.012605899535147992;0.7182485519516141;0.012069290838475508;0.7498298362244069;0.01261020617081471;1.0442566299810534;0.718451168599311;1.0028711377054382
20.159996;1.0444374754865418;0.7502538943130501;0.7175481761123897;-2.493316753688276e-07;-3.839434256600362e-07;1.0068926661549547;9.996667634787464;0.7501786867161032;0.0126147349288967;0.012597577466304624;0.7499369756074842;0.01260587219916915;0.7182541078576576;0.01206932257685732;0.7498267288846587;0.012610294508699873;1.0442532768875918;0.7184549357773803;1.0060671464542983
20.249996;1.0444394382823496;0.7502540610411473;0.7175485710051379;-2.489426651156684e-07;-3.847641074770795e-07;1.0093818657535736;9.99664580305629;0.7501761349424528;0.012614735726061255;0.012597564689524204;0.7499367414985451;0.012605844851291344;0.7182593755301876;0.012069351146810538;0.7498239801286501;0.012610379282810375;1.0442505683331367;0.7184583141775086;1.0085485965144636
20.249996;1.0444413740061491;0.7502540019267276;0.7175495444222494;-2.486782922186232e-07;-3.855456400391314e-07;1.0105004967365838;9.996628112573616;0.7501736339753052;0.012614726271638605;0.01259755998176558;0.7499368110467182;0.012605817648501123;0.7182643308991491;0.012069376314872036;0.7498216183291891;0.012610459550206597;1.0442485312563512;0.7184612906083857;1.0096605117370088
20.329746;1.0444432650870192;0.7502537038275189;0.7175510972617761;-2.4853554559676464e-07;-3.862855678222719e-07;1.0105035456201694;9.996614632510457;0.7501711866586581;0.012614706665545159;0.012597563288345008;0.7499371772780629;0.012605790829401385;0.7182689450474662;0.01206939776723662;0.7498196637060093;0.012610534140313098;1.0442471791748655;0.7184638547828593;1.0096579036580229
20.409496;1.0444450997757153;0.7502531560441483;0.717553219514642;-2.485100150158055e-07;-3.8698386326336284e-07;1.0105060076206063;9.996605480963119;0.7501687957994966;0.012614677050303127;0.012597574376594995;0.7499378217423213;0.012605764649352707;0.7182731866893934;0.012069415154994993;0.7498181289213864;0.012610601874695657;1.044246509472266;0.7184659936696319;1.0096557687043033
20.568996;1.0444468676753418;0.7502523528981249;0.7175558900546969;-2.4859776618394664e-07;-3.8764052453410704e-07;1.0105078823643274;9.996600794811947;0.750166465789777;0.01261463765326128;0.012597592916234477;0.7499387174591496;0.012605739333908407;0.7182770262156982;0.01206942818368708;0.7498170207692951;0.012610661773242023;1.0442465098102234;0.7184676881335305;1.0096540900871807
20.887996;1.0444485557551968;0.7502512943650714;0.7175590759977084;-2.487967990117878e-07;-3.882531532951575e-07;1.0105091660932404;9.996600587086244;0.7501642045074506;0.012614588907856746;0.012597618601289415;0.7499398355076498;0.012605714978080879;0.7182804369656757;0.012069436650154782;0.7498163400245481;0.012610713103563192;1.0442471602768557;0.7184689175975064;1.009652848876471
21.525996;1.0444501496598304;0.7502499817981076;0.7175627386826825;-2.491075526876301e-07;-3.8881604031304717e-07;1.0105098489313007;9.996604696192342;0.7501620196852608;0.012614531425550626;0.01259765123219273;0.7499411526806832;0.012605691442143574;0.7182833945192344;0.012069440385723655;0.7498160836497274;0.012610755355977131;1.0442484350039658;0.7184696670080648;1.009652037899491
22.525996;1.044451638261527;0.7502484158137874;0.7175668421854198;-2.495322384803265e-07;-3.893213693228846e-07;1.0105099201821182;9.996612896807934;0.7501599142729543;0.01261446584216996;0.012597690670714165;0.7499426547153293;0.012605668449842572;0.7182858761721579;0.012069439218345994;0.7498162467562539;0.01261078826742357;1.0442503102943752;0.7184699299703291;1.0096516641980784
23.525996;1.044453018618692;0.7502466027858399;0.7175713554407435;-2.500735704752828e-07;-3.897617484504451e-07;1.010509374610885;9.996624994771773;0.7501578892661345;0.012614392683704815;0.012597736728181886;0.7499443315460722;0.012605645832248833;0.7182878662206911;0.012069433049845861;0.7498168197574471;0.012610811868042571;1.044252764726324;0.7184697080833317;1.0096517361620478
24.525996;1.0444542951304605;0.7502445600058782;0.7175762510886363;-2.507336128417835e-07;-3.901326572387064e-07;1.0105082172872637;9.996640809176743;0.7501559478786772;0.012614312331130088;0.01259778910944756;0.7499461719184608;0.012605623621305476;0.7182893636420438;0.012069421928843171;0.7498177854773427;0.012610826471633491;1.0442557682112779;0.7184690077876813;1.0096522493037106
25.525996;1.0444554739691625;0.7502423105675985;0.7175815038932479;-2.5151182377689253e-07;-3.9043339917025503e-07;1.0105064682954688;9.996660125018886;0.7501540936496234;0.012614225127995973;0.012597847429412046;0.7499481637634984;0.01260560192928401;0.7182903822486723;0.01206940603450709;0.7498191207974967;0.012610832567397751;1.044259279235731;0.718467841237897;1.009653184739163
26.525996;1.0444565603019371;0.7502398753865211;0.7175870873127963;-2.5240346266731847e-07;-3.906663383562076e-07;1.0105041611685663;9.996682698055258;0.7501523272390754;0.01261413151187604;0.012597911255233843;0.7499502954738436;0.012605580821697864;0.7182909453659033;0.01206938563392151;0.7498208003992827;0.01261083069095759;1.044263254800949;0.7184662302584066;1.0096545165452826
27.525996;1.0444575586742577;0.7502372715071072;0.71759297254745;-2.53400942217318e-07;-3.9083532180525754e-07;1.0105013348730438;9.996708285688312;0.750150646819305;0.012614032006025348;0.01259798014658574;0.7499525556285506;0.012605560307661814;0.7182910803029798;0.012069361037065268;0.7498227992270834;0.012610821366167087;1.0442676567709601;0.7184642037479674;1.0096562176717185
28.525996;1.0444584733877382;0.7502345142578094;0.7175991309225778;-2.5449621561657957e-07;-3.9094444058133607e-07;1.010498027982114;9.996736658182531;0.7501490498493092;0.01261392713959673;0.012598053678122988;0.7499549331254627;0.012605540380279816;0.7182908144367263;0.012069332556035657;0.7498250932495619;0.012610805094768368;1.0442724502779503;0.7184617915874278;1.0096582619566095
29.525996;1.0444593085652587;0.7502316182151234;0.7176055351382127;-2.5568161891004676e-07;-3.909976418271272e-07;1.0104942773384618;9.996767597419415;0.7501475337294136;0.012613817415582925;0.012598131444380246;0.749957417394204;0.012605521033955047;0.7182901739869348;0.012069300491471976;0.7498276595389208;0.012610782354401889;1.0442776021397453;0.7184590224081211;1.0096606244391393
30.525996;1.0444600681460483;0.7502285971455285;0.7176121592142495;-2.569498625757937e-07;-3.909987279380305e-07;1.0104901180961001;9.996800895946407;0.750146095812614;0.012613703311398756;0.01259821306008008;0.7499599983201527;0.012605502264273665;0.7182891841072602;0.012069265133191218;0.7498304761828125;0.012610753599199626;1.044283080792523;0.718455923639333;1.0096632813575912
31.525996;1.0444607557886845;0.7502254640325785;0.7176189784780588;-2.5829400452238034e-07;-3.909513590829248e-07;1.0104855837772593;9.9968363558402;0.7501447334229123;0.01261358528068381;0.012598298159838947;0.7499626662004166;0.012605484066574116;0.7182878689855637;0.012069226759564716;0.7498335221586284;0.012610719261575322;1.0442888562092316;0.7184525215345016;1.0096662100559128
32.525996;1.0444613748322438;0.7502222311595498;0.7176259695287439;-2.597074169622141e-07;-3.908590575600328e-07;1.0104807062916976;9.99687378731377;0.750143443896437;0.012613463754050095;0.01259838639646979;0.7499654117470211;0.012605466435354805;0.7182862518608539;0.012069185636079272;0.7498367773066449;0.01261067975363218;1.044294899818141;0.7184488411640172;1.009669388861357
33.525996;1.0444619283315681;0.7502189101380717;0.7176331101775244;-2.611837793432882e-07;-3.907252223869731e-07;1.010475515931651;9.996913007845206;0.750142224625282;0.012613339139474277;0.012598477439390566;0.7499682261188486;0.012605449364276974;0.7182843549652852;0.0120691420149292;0.7498402223637408;0.012610635468077763;1.0443011844373715;0.7184449063845663;1.0096727970384296
34.525996;1.0444624191636043;0.7502155118843087;0.717640379444144;-2.6271709174328326e-07;-3.905531303610582e-07;1.010470041414776;9.996953842168962;0.7501410730977963;0.01261321182400642;0.012598570974352668;0.7499711009298292;0.012605432845449524;0.7182821994910525;0.012069096136045522;0.7498438389879487;0.012610586779616927;1.0443076842057195;0.7184407398654962;1.0096764147941313
35.525996;1.0444628501752735;0.7502120466205963;0.7176477575918029;-2.643016736965433e-07;-3.9034591842036055e-07;1.0104643099583877;9.996996122418395;0.7501399869290233;0.012613082176063025;0.012598666704211755;0.7499740281538781;0.012605416868714593;0.7182798056127783;0.012069048227671093;0.7498476097802321;0.012610534046504163;1.0443143745440693;0.7184363632019625;1.0096802232629516
36.525996;1.0444632242625276;0.750208523918672;0.7176552261229404;-2.6593213065071707e-07;-3.901065825719988e-07;1.0104583473257416;9.997039688597711;0.7501389638647639;0.012612950547425885;0.012598764349111157;0.749977000003339;0.012605401422360569;0.7182771925256181;0.012068998505579971;0.7498515182607717;0.012610477611373698;1.0443212321939659;0.7184317970323558;1.0096842044343852
37.525996;1.0444635443608967;0.7502049527445063;0.7176627677040994;-2.676033040941732e-07;-3.8983797140933296e-07;1.010452177878303;9.997084389276408;0.7501380017690418;0.012612817274024883;0.012598863645143996;0.7499800089324139;0.012605386494818271;0.7182743784924591;0.0120689471722171;0.7498555487882163;0.012610417801693785;1.0443282352780494;0.7184270610848095;1.00968834105698
38.525996;1.044463813398434;0.7502013414972961;0.7176703660431714;-2.6931024390915143e-07;-3.8954274314781384e-07;1.0104458246534396;9.997130081456561;0.7501370985732128;0.012612682675098366;0.012598964342301169;0.7499830477183628;0.01260537207582685;0.7182713809156465;0.012068894417445516;0.7498596865229544;0.012610354930589722;1.044335363302331;0.7184221741517013;1.0096926165881512
39.525996;1.0444640342424336;0.7501976980563041;0.7176780057880829;-2.710482176665872e-07;-3.8922335365780015e-07;1.0104393094512607;9.997176629269473;0.750136252169782;0.01261254705265268;0.012599066202942013;0.7499861094778056;0.012605358156348358;0.7182682164247257;0.012068840420743403;0.749863917461778;0.012610289297618881;1.0443425970839004;0.7184171540596418;1.0096970151837985
40.525996;1.04446420966142;0.7501940297986475;0.7176856724494072;-2.728127281567297e-07;-3.888821103968095e-07;1.010432652930605;9.997223902571168;0.750135460340587;0.012612410692548775;0.012599169001342267;0.7499891876348757;0.012605344727962294;0.7182649009407563;0.012068785352571866;0.749868228438985;0.01261022118899195;1.0443499185919884;0.7184120177115307;1.0097015216943046
41.525996;1.044464342291063;0.7501903435914923;0.7176933523173081;-2.7459950892448384e-07;-3.885212195674868e-07;1.0104258746594867;9.997271776802183;0.7501347208126827;0.012612273865591411;0.012599272524067284;0.7499922759589898;0.012605331782260535;0.7182614496975191;0.012068729374132543;0.7498726070695331;0.012610150877330027;1.0443573107354864;0.7184067811538828;1.009706121707594
42.525996;1.0444644346366412;0.7501866458356047;0.7177010324167642;-2.76404504947845e-07;-3.881427953258467e-07;1.0104189931194825;9.997320133404836;0.7501340313555711;0.01261213682771175;0.012599376570683968;0.749995368653408;0.012605319309756046;0.7182578772464775;0.012068672637290103;0.7498770417020267;0.012610078621250466;1.0443647572538017;0.7184014595714155;1.0097108016405887
43.525996;1.0444644891296582;0.7501829425314405;0.7177087005087296;-2.782238715963571e-07;-3.877488638806949e-07;1.0104120257676708;9.997368859391129;0.7501333898037994;0.012611999820200798;0.012599480954198475;0.7499984603574015;0.012605307298918426;0.7182541974585501;0.012068615285682854;0.7498815213721941;0.012610004665941312;1.0443722427538495;0.7183960672328932;1.0097155487662466
44.525996;1.0444645081629076;0.7501792392876916;0.7177163451096396;-2.800539924743122e-07;-3.8734136782103974e-07;1.0104049891588531;9.997417846448506;0.7501327940622892;0.012611863069716366;0.012599585500438194;0.750001546035049;0.012605295736494649;0.7182504235283504;0.01206855745598294;0.7498860357582589;0.012609929245147252;1.0443797527398506;0.7183906174971885;1.0097203510922566
45.525996;1.0444644940946994;0.7501755413204881;0.7177239555227407;-2.818914828150366e-07;-3.8692215774071873e-07;1.0103978990250562;9.997466990323876;0.7501322421140478;0.01261172678774398;0.012599690046075212;0.7500046208676096;0.012605284608430665;0.7182465679894201;0.012068499277777402;0.7498905751725857;0.012609852582807743;1.0443872735707642;0.7183851229047512;1.0097251971902201
46.525996;1.0444644492610076;0.7501718534995048;0.7177315218423936;-2.8373317033311707e-07;-3.864929758594237e-07;1.0103907702813901;9.997516190848641;0.7501317319590002;0.012611591170766604;0.012599794436286836;0.7500076802283359;0.012605273900484673;0.7182426427067111;0.012068440872310335;0.7498951305336041;0.012609774892849254;1.0443947923749772;0.7183795952832955;1.0097300761798702
47.525996;1.0444643759829622;0.7501681803811877;0.7177390349062404;-2.855760662175992e-07;-3.8605544598159826e-07;1.0103836170254885;9.997565353226241;0.7501312615327741;0.01261145640153249;0.012599898523772145;0.7500107197131451;0.012605263598883148;0.7182386588369551;0.012068382352288978;0.7498996933103159;0.01260969637752008;1.044402296945363;0.718374045840359;1.0097349778173905
48.525996;1.0444642765577106;0.750164526209877;0.7177464862296102;-2.8741733835056517e-07;-3.8561107640729125e-07;1.0103764525579935;9.997614389639914;0.7501308286743508;0.012611322650458725;0.012600002169401419;0.750013735178308;0.012605253690704915;0.7182346268491072;0.012068323823215724;0.7499042555028365;0.01260961722585784;1.0444097757080395;0.7183684852315074;1.0097398924874914
49.525996;1.0444641532308714;0.7501608949638764;0.7177538679597512;-2.8925430626626796e-07;-3.8516127916696165e-07;1.010369289407283;9.997663218787707;0.7501304311291016;0.01261119007666724;0.012600105242811603;0.7500167227503759;0.012605244163281905;0.7182305566568219;0.01206826538402642;0.7499088096332726;0.0126095376143129;1.0444172177802638;0.7183629235811524;1.0097448111545637
50.525996;1.0444640081490844;0.7501572904401309;0.717761172846363;-2.910844612264804e-07;-3.8470739132945497e-07;1.0103621393728555;9.997711764158144;0.7501300666028384;0.012611058828349266;0.012600207621579594;0.7500196788094369;0.012605235003544523;0.7182264577322566;0.012068207126886606;0.7499133487046193;0.012609457709521077;1.044424612972405;0.7183573704972683;1.0097497253472694
51.525996;1.044463843319054;0.7501537162887175;0.7177683941878531;-2.929054799176391e-07;-3.842506678315234e-07;1.0103550135414074;9.997759953837058;0.7501297328496925;0.012610929042537881;0.012600309189857373;0.7500225999628509;0.01260522619865616;0.718222339085307;0.012068149137738491;0.7499178661431448;0.012609377670230832;1.0444319517207148;0.7183518350972466;1.0097546271068292
52.525996;1.0444636606113906;0.750150175974898;0.7177755257528269;-2.9471520143403725e-07;-3.8379226222131925e-07;1.010347922231628;9.997807721043621;0.7501294276887449;0.012610800845766634;0.012600409837986984;0.7500254830024059;0.01260521773737468;0.7182182091935647;0.012068091497038174;0.7499223557649198;0.012609297646906;1.0444392250565444;0.7183463260241933;1.0097595089268483
53.525996;1.0444634618246702;0.7501466727224047;0.7177825617351749;-2.9651157848353956e-07;-3.833332331074758e-07;1.0103408749380114;9.997855003757579;0.75012914896601;0.012610674356188628;0.012600509462414207;0.7500283248649826;0.012605209610534913;0.71821407600669;0.012068034279988912;0.7499268117990682;0.012609217781031854;1.0444464246226834;0.718340851470017;1.0097643637556968
54.525996;1.0444632487748307;0.7501432094923584;0.7177894967446333;-2.982926367903817e-07;-3.8287456852796965e-07;1.0103338803559252;9.997901744144793;0.7501288945865926;0.012610549685255558;0.012600607964848276;0.7500311226549211;0.012605201810297716;0.7182099470226958;0.01206797755678894;0.749931228926419;0.01260913820585654;1.0444535427242205;0.7183354192003637;1.0097691850264514
55.525996;1.0444630233251564;0.7501397890109697;0.717796325771316;-3.0005645750587636e-07;-3.8241720612541554e-07;1.0103269465113198;9.99794788829118;0.7501286625918508;0.01261042693706255;0.012600705251512183;0.7500338737398283;0.012605194329086357;0.7182058293548832;0.012067921392882397;0.7499356022639256;0.012609059047662394;1.0444605723721407;0.7183300365645162;1.009773966632917
56.525996;1.0444627873185441;0.7501364138338833;0.7178030441189677;-3.0180117927475457e-07;-3.8196203809951885e-07;1.010320080933089;9.997993386316924;0.7501284511807298;0.01261030620609742;0.012600801232934496;0.7500365758341935;0.012605187159213691;0.7182017297495579;0.012067865848980461;0.7499399273136623;0.012608980425957964;1.0444675072277783;0.7183247104872782;1.0097787028699816
57.525996;1.0444625424650242;0.7501330864093552;0.7178096473884429;-3.0352501836166734e-07;-3.8150989586210767e-07;1.0103132907676078;9.998038192777871;0.7501282586754006;0.012610187575903632;0.012600895823940719;0.7500392269931971;0.01260518029351945;0.7181976545936369;0.012067810980920291;0.7499441999282149;0.012608902452733894;1.0444743414631281;0.7183194474348672;1.009783388426796
58.525996;1.0444622902867455;0.7501298091009468;0.7178161315534137;-3.0522630271724804e-07;-3.81061531435995e-07;1.0103065828070288;9.998082266907302;0.750128083457225;0.012610071119515849;0.012600988943951475;0.7500418255486975;0.012605173725909215;0.718193609929988;0.012067756839600383;0.749948416270386;0.012608825231759135;1.044481069659363;0.718314253389264;1.009788018374842
59.525996;1.044462032200552;0.7501265841859717;0.7178224930413192;-3.069035015415113e-07;-3.806176251866514e-07;1.010299963464478;9.998125572796987;0.7501279238906191;0.012609956900651467;0.012601080517142128;0.7500443700450599;0.012605167450628495;0.7181896014535387;0.012067703471804228;0.7499525727400859;0.01260874885828424;1.0444876867648112;0.7183091338776839;1.0097925880987801
60.525996;1.0444617696506622;0.7501234138388646;0.7178287287226686;-3.085552289941992e-07;-3.801788112908492e-07;1.010293438726534;9.998168079009957;0.7501277783058937;0.012609844975093121;0.012601170472082156;0.7500468592049091;0.012605161461216275;0.7181856345122355;0.012067650922139881;0.7499566659128528;0.012608673419430342;1.0444941880521463;0.7183040940195046;1.0097970932864777
61.525996;1.0444615040915464;0.7501203001053183;0.7178348358310817;-3.101802171287918e-07;-3.7974568117376235e-07;1.0102870141167575;9.99820975724646;0.7501276450770532;0.01260973539224301;0.012601258741728684;0.7500492919486089;0.012605155750593153;0.71818171412887;0.012067599234264837;0.7499606925396679;0.012608598995317303;1.0445005691077975;0.7182991385261832;1.0098015299386578
62.525996;1.044461236813019;0.7501172449129743;0.7178408118868848;-3.117772707966013e-07;-3.7931876625050646e-07;1.0102806947109308;9.998250581665827;0.7501275226898763;0.012609628196138657;0.01260134526460677;0.7500516674240607;0.01260515031205856;0.7181778449942944;0.012067548450081273;0.7499646496040261;0.01260852566034212;1.044506825837518;0.7182942716745853;1.0098058942993755
63.525996;1.044460968850396;0.7501142500690903;0.7178466546346991;-3.1334523618985673e-07;-3.7889853362744597e-07;1.0102744852075254;9.998290529704905;0.7501274097206795;0.012609523425026251;0.012601429986640503;0.7500539849553051;0.012605145139920558;0.7181740314327149;0.012067498608316931;0.7499685343908915;0.012608453483956361;1.0445129544145848;0.7182894973053519;1.009810182826105
64.525996;1.0444607010931515;0.7501113171838957;0.7178523619890441;-3.148830047695092e-07;-3.78485403139888e-07;1.0102683899894722;9.998329582945997;0.7501273048255473;0.01260942111023942;0.012601512861834271;0.7500562439374325;0.012605140229114764;0.7181702773936146;0.012067449743850631;0.7499723444954531;0.012608382531216869;1.0445189512510875;0.7182848188338469;1.0098143922157625
65.525996;1.0444604343711064;0.7501084476219022;0.7178579320280971;-3.163895296448524e-07;-3.780797788959767e-07;1.0102624131125324;9.998367726598623;0.7501272067951121;0.012609321276182674;0.012601593850810609;0.7500584438000658;0.01260513557447428;0.7181665864759174;0.012067401887386052;0.749976077742959;0.012608312863589925;1.0445248130358762;0.7182802392504589;1.0098185194071216
66.525996;1.0444601693869011;0.7501056425395982;0.7178633630425133;-3.1786383973014274e-07;-3.776820823645267e-07;1.0102565582758538;9.998404947832269;0.7501271145475285;0.012609223942023441;0.012601672918694632;0.7500605840332554;0.012605131170462046;0.7181629619470065;0.012067355065261343;0.749979732096695;0.012608244538758005;1.0445305367611515;0.7182757611456603;1.0098225616175722
67.525996;1.0444599066683775;0.7501029029531567;0.7178686535754447;-3.1930506011873744e-07;-3.7729275970708697e-07;1.0102508288735945;9.998441234705952;0.7501270270098566;0.012609129123997741;0.012601750034068538;0.7500626641807763;0.012605127011458862;0.7181594067474854;0.012067309299742198;0.749983305621698;0.012608177608767654;1.0445361197576621;0.7182713867730393;1.0098265163932196
68.525996;1.0444596466396423;0.7501002298181784;0.717873802468837;-3.2071242383433187e-07;-3.7691226307228654e-07;1.0102452281092147;9.998476576259279;0.7501269430304178;0.01260903683653279;0.012601825168860149;0.7500646838440909;0.012605123092019672;0.718155923502519;0.012067264609565644;0.7499867964828594;0.012608112119067899;1.0445415597314924;0.7182671181070643;1.0098303815882514
69.525996;1.0444593896956056;0.7500976240806695;0.7178788089560357;-3.2208527503182483e-07;-3.7654103956052937e-07;1.0102397590492804;9.998510962324119;0.750126861427656;0.012608947091805304;0.012601898298293956;0.7500666427435003;0.012605119406646461;0.7181525145446995;0.012067221010297922;0.749990202960304;0.012608048109728879;1.0445468547139465;0.71826295687281;1.009834155289784
70.525996;1.044459136190424;0.7500950866537744;0.7178836726749255;-3.2342308626713767e-07;-3.761795326098305e-07;1.0102344245360484;9.99854438315442;0.7501267810693866;0.012608859899231006;0.01260196940068874;0.7500685407226033;0.012605115949443316;0.7181491819507682;0.012067178514458377;0.7499935234795602;0.012607985616428268;1.0445520029744666;0.7182589045602252;1.0098378356944298
71.525996;1.044458886416742;0.7500926183698119;0.7178883935603925;-3.247254735761881e-07;-3.758281705509225e-07;1.0102292270559907;9.998576830329602;0.7501267008739793;0.012608775265412455;0.012602038457560734;0.750070377668122;0.012605112714329384;0.7181459275905652;0.01206713713157971;0.7499967566292678;0.012607924670298691;1.0445570029952123;0.7182549624375605;1.0098414209990787
72.525996;1.0444586406710543;0.7500902199601428;0.7178929717578231;-3.25992172754556e-07;-3.7548734025190905e-07;1.010224168705605;9.998608298236613;0.7501266198314023;0.012608693194005649;0.012602105454092995;0.7500721534549647;0.01260510969583781;0.7181427531511603;0.012067096868047213;0.7499999011699043;0.012607865298327884;1.0445618535154995;0.7182511315404165;1.0098449094582214
73.525996;1.0444583993522272;0.7500878920578283;0.7178974075759392;-3.2722298810801727e-07;-3.7515737144551717e-07;1.0102192512215018;9.998638784331138;0.7501265371013316;0.01260861368582439;0.012602170379382188;0.750073867969645;0.012605106889005867;0.718139660097278;0.01206705772682581;0.7500029560380496;0.012607807524382614;1.0445665536185533;0.7182474126243535;1.0098482995468212
74.525996;1.0444581629835974;0.750085635200307;0.7179017014512332;-3.284177564205847e-07;-3.7483854591373775e-07;1.010214475998686;9.998668288014459;0.7501264520830898;0.012608536739361102;0.012602233226087122;0.750075521202657;0.012605104287799169;0.7181366495815754;0.012067019708339172;0.750005920302628;0.012607751369775292;1.0445711027829199;0.7182438061369845;1.009851590013078
75.525996;1.0444579321163716;0.7500834497995599;0.7179058539700949;-3.2957633608890263e-07;-3.74531112233462e-07;1.0102098441400733;9.99869680949839;0.7501263643700083;0.012608462350979403;0.012602293989701816;0.7500771133520845;0.012605101883968664;0.7181337223964069;0.012066982812259656;0.7500087931073357;0.012607696853470012;1.0445755008368507;0.7182403122489006;1.009854779826985
76.525996;1.04445770720564;0.7500813360974139;0.7179098658825649;-3.306986125158704e-07;-3.742352959793783e-07;1.010205356544258;9.99872434965978;0.7501262736173998;0.01260839051427403;0.012602352668345675;0.7500786448305313;0.012605099667521954;0.7181308790542608;0.012066947038120017;0.7500115737036626;0.012607643991865545;1.0445797479026675;0.7182369309447008;1.0098578681524737
77.525996;1.0444574886028888;0.750079294171854;0.7179137380343206;-3.31784514989187e-07;-3.7395132240467165e-07;1.0102010139577084;9.998750910297588;0.7501261794566422;0.012608321219457848;0.012602409263392367;0.750080116163991;0.012605097628257012;0.718128119929719;0.012066912384513155;0.7500142615509736;0.012607592797659635;1.0445838444336806;0.7182336621123716;1.0098608543690617
78.525996;1.0444572766203766;0.7500773239716757;0.7179174713086486;-3.328340241264995e-07;-3.736794337545108e-07;1.0101968170005666;9.998776494064142;0.7501260814933763;0.01260825445353612;0.012602463779923575;0.7500815279052973;0.01260509575684496;0.718125445322278;0.012066878848014056;0.7500168563456077;0.012607543278757754;1.0445877912448558;0.7182305055040975;1.009863738134509
79.525996;1.044457071533576;0.7500754253213896;0.7179210666497035;-3.338471618866607e-07;-3.7341986382054257e-07;1.0101927662008026;9.998801104543785;0.7501259793164438;0.012608190200366211;0.012602516226668324;0.7500828806207365;0.012605094044231517;0.7181228554322449;0.01206684642300786;0.7500193579434536;0.012607495438468664;1.0445915894116369;0.7182274606241363;1.0098665194270744
80.525996;1.0444568735392696;0.7500735978985731;0.7179245251236616;-3.3482397896835147e-07;-3.731727911669753e-07;1.0101888619618273;9.998824746588928;0.7501258725288408;0.012608128440102628;0.012602566616036471;0.7500841749229786;0.012605092480498497;0.7181203503367083;0.012066815103356061;0.7500217663024744;0.012607449276541375;1.0445952401268117;0.7182245267306976;1.0098691984898627
81.525996;1.044456682763331;0.7500718412038971;0.7179278479542828;-3.3576453994423526e-07;-3.729383157290551e-07;1.0101851044282646;9.998847426048984;0.7501257608101003;0.012608069149348585;0.012602614964027722;0.7500854115500166;0.012605091055035279;0.7181179299959407;0.012066784884362242;0.750024081499079;0.012607404790488037;1.0445987446576008;0.718221702913672;1.0098717757363629
82.525996;1.0444564993322174;0.7500701545726215;0.7179310365009967;-3.366689201942283e-07;-3.727164619811643e-07;1.0101814933754816;9.998869149114897;0.7501256439455903;0.012608012302372892;0.012602661289712897;0.7500865914423921;0.012605089757815328;0.7181155942669932;0.012066755762326768;0.7500263037220156;0.012607361976875587;1.0446021044130596;0.7182189881258914;1.009874251698159
83.525996;1.0444563234045172;0.7500685372239786;0.7179340922112192;-3.375372276239122e-07;-3.7250719028334397e-07;1.0101780282276691;9.99888992260676;0.7501255218119348;0.012607957871502661;0.012602705615093674;0.750087715717465;0.012605088580348403;0.7181133429266402;0.01206672773257106;0.7500284332386838;0.01260732083135033;1.0446053210163644;0.7182163812138047;1.0098766269786896
84.525996;1.0444561551261047;0.7500669882802677;0.7179370165961327;-3.3836961593332365e-07;-3.723104046766924e-07;1.0101747081619261;9.998909755387087;0.75012539436438;0.012607905826352935;0.012602747965442007;0.750088785586655;0.01260508751558169;0.7181111756889401;0.012066700789146286;0.7500304704069699;0.012607281347468247;1.0446083963047121;0.718213880964655;1.0098789021805352
85.525996;1.0444559946254688;0.7500655067764906;0.7179398112442593;-3.3916628128054154e-07;-3.721259532194029e-07;1.010171532203132;9.998928659460733;0.7501252616356252;0.012607856133148618;0.012602788368702662;0.7500898023255262;0.01260508655730223;0.7181090921931812;0.012066674925693787;0.750032415709188;0.012607243516107815;1.044611332281441;0.7182114861072132;1.0098810778527394
86.525996;1.0444558420938777;0.7500640916741258;0.7179424778274313;-3.399274717510231e-07;-3.7195362389247643e-07;1.0101684992562179;9.99894664991454;0.7501251237353225;0.012607808754568543;0.01260282685398974;0.750090767267179;0.012605085699512531;0.718107092023636;0.01206665013560811;0.7500342697678576;0.012607207326151948;1.0446141310505137;0.7182091953100916;1.00988315450188
87.525996;1.0444556978690023;0.7500627418464308;0.7179450180400974;-3.406535058056751e-07;-3.7179314918714405e-07;1.0101656080831918;9.998963744495962;0.7501249808859671;0.01260776365069397;0.012602863451186072;0.7500916818106631;0.01260508493554585;0.7181051747671314;0.012066626412789248;0.7500360333330808;0.012607172765520114;1.0446167947721952;0.7182070072215154;1.009885132681774
88.525996;1.0444555624772973;0.7500614560972606;0.717947433542013;-3.413447722985107e-07;-3.716442323445071e-07;1.0101628572390668;9.998979963314074;0.7501248334852121;0.012607720780452036;0.012602898192024373;0.750092547449105;0.0126050842577944;0.7181033400387586;0.012066603752940053;0.7500377072459579;0.012607139821234478;1.0446193256668779;0.7182049204849654;1.009887013118741
89.525996;1.0444554366316356;0.7500602332136251;0.7179497260099549;-3.420017088948568e-07;-3.7150657790971867e-07;1.010160244967088;9.998995328148123;0.7501246820962157;0.012607680102470998;0.012602931111011153;0.7500933657216222;0.012605083658808452;0.7181015874991202;0.01206658215349844;0.7500392924414279;0.012607108478655833;1.0446217260145796;0.7182029337189345;1.0098887967699115
90.525996;1.0444553211065515;0.7500590719588224;0.7179518972419391;-3.426247867106399e-07;-3.713798917792733e-07;1.0101577691384906;9.999009861175772;0.7501245273510913;0.012607641576047914;0.012602962245523883;0.750094138080875;0.012605083132335295;0.7180999168386268;0.012066561612342153;0.7500407900033256;0.012607078721189813;1.0446239981122722;0.7182010455214065;1.0098904847988481
91.525996;1.0444552164720837;0.7500579710325744;0.7179539492024622;-3.43214512332095e-07;-3.7126386338817724e-07;1.0101554273299176;9.999023583850153;0.7501243698792727;0.012607605161502082;0.012602991635723386;0.7500948658066459;0.012605082673261455;0.7180983276690265;0.012066542126107995;0.7500422012017232;0.012607050530542686;1.0446261442523657;0.7181992544793206;1.0098920785311032
92.525996;1.0444551228900198;0.7500569290677924;0.7179558840140968;-3.4377143592090135e-07;-3.711581720630632e-07;1.010153216974906;9.99903651651257;0.7501242103327757;0.012607570818685385;0.01260301932446084;0.7500955500515618;0.012605082277307375;0.7180968194246772;0.012066523688485242;0.7500435274823072;0.012607023886819129;1.0446281667763204;0.718197559129621;1.0098935793999708
93.525996;1.044455040150278;0.7500559446658712;0.7179577039458941;-3.4429616113502375e-07;-3.710625111266514e-07;1.0101511354680828;9.99904867853373;0.7501240494124566;0.012607538505436468;0.012603045356815171;0.7500961919552036;0.012605081941198536;0.7180953913654683;0.012066506289088902;0.7500447704128047;0.012606998768223557;1.0446300681275882;0.7181959579132811;1.0098949889342315
94.525996;1.0444549678488324;0.7500550164518258;0.7179594114173258;-3.4478933813739514e-07;-3.709765940290357e-07;1.0101491801704463;9.99906008885005;0.7501238877981498;0.012607508177350566;0.012603069779583798;0.7500967927101364;0.012605081662468855;0.7180940426343085;0.012066489913621305;0.7500459316341828;0.012606975150392408;1.0446318508402168;0.7181944491568293;1.0098963088647894
95.525996;1.0444549055215415;0.7500541431164904;0.7179610090313024;-3.452516373783811e-07;-3.709001316994798e-07;1.0101473483205967;9.99907076649666;0.7501237260994531;0.012607479787970275;0.012603092641065865;0.750097353559043;0.012605081438415565;0.7180927722853463;0.012066474545157777;0.7500470128758556;0.01260695300612989;1.0446335175138555;0.7181930310460558;1.0098975412379578
96.525996;1.0444548527003432;0.7500533234077006;0.717962499590001;-3.4568374714460763e-07;-3.708328047111596e-07;1.0101456369286639;9.999080730515239;0.7501235649108503;0.012607453288861691;0.012603113990658351;0.7500978757779209;0.012605081265887745;0.7180915792594493;0.012066460165292442;0.7500480159986266;0.01260693230625502;1.0446350708085357;0.7181917016185911;1.009898688373101
97.525996;1.0444548089326287;0.7500525560935383;0.7179638860368137;-3.46086400422512e-07;-3.707742555234409e-07;1.0101440427767585;9.999089999694835;0.7501234048369118;0.012607428629922039;0.012603133877810358;0.7500983606523444;0.012605081142409016;0.7180904623660846;0.012066446754324027;0.7500489430328725;0.012606913020379116;1.044636513462653;0.7181904588097955;1.0098997527038829
98.525996;1.0444547737958905;0.7500518399564823;0.7179651713872242;-3.464603779807441e-07;-3.7072408714315834e-07;1.0101425625124965;9.999098592827748;0.7501232464435841;0.012607405760280339;0.01260315235054561;0.7500988094588155;0.01260508106693544;0.718089420299081;0.012066434290780864;0.7500497962244168;0.012606895116728153;1.0446378483465435;0.7181893004955122;1.0099007366561057
99.525996;1.0444547469258116;0.7500511737938895;0.7179663587079622;-3.4680647717374874e-07;-3.70681866387922e-07;1.010141192717684;9.999106529256352;0.7501230902536719;0.012607384629325657;0.012603169454817221;0.7500992234989953;0.012605081039550133;0.7180884516501118;0.012066422751329204;0.7500505780280436;0.012606878561864055;1.0446390785234534;0.71818822451566;1.009901642650655
99.99998;1.0444547280052716;0.7500505563941371;0.7179674511115188;-3.4712550303123837e-07;-3.70647151759616e-07;1.0101399299565972;9.999113829146523;0.7501229367988206;0.012607365186892558;0.012603185235266037;0.7500996041324386;0.01260508106035962;0.7180875548891427;0.012066412111254542;0.750051291024266;0.012606863320326333;1.0446402072846288;0.7181872287163537;1.0099024731720616
99.99998;1.0444547166800067;0.7500499865211369;0.7179684517731111;-3.474182944478413e-07;-3.7061951097130913e-07;1.0101387708269733;9.999120513193011;0.7501227866576313;0.012607347382680099;0.012603199735918948;0.7500999527594059;0.012605081128032701;0.7180867283182841;0.012066402344534278;0.7500519378564362;0.012606849353967522;1.0446412381778978;0.7181863109793057;1.009903230784517
99.99998;1.0444547124550445;0.7500494628864836;0.7179693639871914;-3.476857348613392e-07;-3.7059850189382306e-07;1.010137711962149;9.999126602398976;0.7501226404497938;0.01260733116529397;0.012603213000445174;0.7501002707946914;0.012605081238943345;0.7180859700417276;0.012066393423645183;0.7500525212386557;0.012606836621856158;1.0446421750253376;0.71818546919527;1.0099039181066796
99.99998;1.0444547146200516;0.7500489840943995;0.7179701912029768;-3.4792873373159615e-07;-3.705836526165412e-07;1.0101367499896192;9.999132118666942;0.7501224987676334;0.012607316480836331;0.012603225073031955;0.7501005596480856;0.012605081387528916;0.7180852779754674;0.012066385320015917;0.7500530439875609;0.012606825080803599;1.0446430218397287;0.7181847011971617;1.00990453781662
99.99998;1.0444547222467164;0.7500485486272197;0.7179709370128196;-3.4814820460591136e-07;-3.7057445801259886e-07;1.0101358814642523;9.999137085445657;0.7501223621195809;0.012607303271818306;0.012603235999345227;0.7501008207073555;0.012605081567195364;0.7180846498735862;0.012066378004844617;0.7500535090588907;0.01260681468580831;1.0446437826692054;0.7181840046809771;1.0099050927039006
99.99998;1.0444547343059007;0.7500481548650579;0.7179716051298056;-3.483450625805961e-07;-3.705703904919018e-07;1.0101351027799779;9.999141527663499;0.7501222309765451;0.012607291476909742;0.012603245826742306;0.7501010553034337;0.012605081770769359;0.7180840833425887;0.012066371448966289;0.7500539195826771;0.012606805390039172;1.0446444615608708;0.7181833771500761;1.0099055857749324
99.99998;1.0444547498541574;0.7500478010799038;0.7179721993670937;-3.4852024740258724e-07;-3.7057091995821615e-07;1.0101344100948648;9.999145471536654;0.7501221058292734;0.012607281030677599;0.012603254604225097;0.7501012646823659;0.012605081990807713;0.7180835758364942;0.012066365621715161;0.7500542788542742;0.012606797144257937;1.0446450626416461;0.7181828159234095;1.0099060203244619
99.999981;1.0444547681316787;0.7500474854518211;0.7179727236265927;-3.4867474566039826e-07;-3.7057552032167185e-07;1.0101337992785615;9.999148944625341;0.7501219871763434;0.012607271863074462;0.012603262382199745;0.7501014500414269;0.01260508222048718;0.7180831246510426;0.012066360490226568;0.7500545902981334;0.012606789896454614;1.0446455901614105;0.7181823181972035;1.009906399867505
99.999981;1.0444547884828819;0.7500472061373282;0.7179731819067837;-3.4880959708680873e-07;-3.705836456574593e-07;1.01013326591418;9.999151975442453;0.7501218755063799;0.012607263899337388;0.012603269211489104;0.7501016125803622;0.012605082454371577;0.7180827269650111;0.012066356019244556;0.7500548574302727;0.012606783592041718;1.0446460485034839;0.718181881068755;1.0099067280258
99.999983;1.0444548102398397;0.7500469613092868;0.7179735783035273;-3.4892590437974293e-07;-3.705946819909095e-07;1.0101328053769099;9.999154592369255;0.7501217713001872;0.012607257060516259;0.012603275142729319;0.750101753543334;0.012605082687875037;0.7180823799221048;0.012066352170718187;0.750055083797188;0.012606778173634833;1.044646442187202;0.7181815014715807;1.0099070085015969
99.999985;1.044454832696621;0.7500467491274224;0.7179739169746555;-3.4902485405860914e-07;-3.70607912709414e-07;1.010132412890472;9.999156823191484;0.7501216750677142;0.012607251264608784;0.012603280227860775;0.7501018742752176;0.012605082916255037;0.7180820806733117;0.012066348903707504;0.7500552729292963;0.01260677358043722;1.0446467758379088;0.7181811761092781;1.0099072450805708
99.99999;1.0444548550851978;0.7500465677296183;0.7179742020974622;-3.4910772388707456e-07;-3.706225227000229e-07;1.0101320835182221;9.99915869599678;0.7501215874457686;0.012607246428164777;0.012603284522174022;0.7501019762133176;0.01260508313451814;0.7180818263555019;0.012066346174781271;0.7500554283452865;0.012606769748307597;1.0446470541955;0.7181809014542807;1.0099074415598424
100.0;1.044454876554091;0.7500464153001464;0.7179744378728756;-3.4917585614909464e-07;-3.7063762573354197e-07;1.0101318121665686;9.999160239982475;0.7501215092508491;0.01260724246742828;0.012603288084591647;0.7501020608024915;0.012605083337278925;0.7180816140321449;0.012066343938185467;0.7500555535697261;0.012606766610607688;1.0446472821500017;0.7181806737721192;1.0099076016786417
