time;BusPDR_BUS_Voltage;BusPDR_BUS_ActivePower;BusPDR_BUS_ActiveCurrent;BusPDR_BUS_ReactivePower;BusPDR_BUS_ReactiveCurrent;StepUp_Xfmr_XFMR_Tap;Wind_Turbine_GEN_ActivePowerSetpointPu;Wind_Turbine_GEN_ReactivePowerSetpointPu;Wind_Turbine_GEN_InjectedActiveCurrent;Wind_Turbine_GEN_InjectedReactiveCurrent;Wind_Turbine_GEN_MagnitudeControlledByAVRPu;Wind_Turbine_GEN_InjectedCurrent
0.0;1.0441598727814831;0.7498737366506046;0.7180391548509857;-3.317693777805185e-07;-3.77598401295532e-07;10.000194677965196;0.7500879359116095;0.012605068655296491;0.7177674421076342;-0.012802014408287217;1.0450465638716193;0.7179343776387216
0.0;1.0441583712523659;0.7498731074192173;0.7180388955902476;-3.31630569056262e-07;-3.7764796379826965e-07;10.000197105340638;0.7500877709935168;0.012605068988508258;0.717766501260355;-0.012802014421382589;1.045046412979896;0.717933971474238
3.3e-05;1.0441567537502072;0.7498724294364008;0.7180386162746558;-3.314809849914029e-07;-3.7770134582348343e-07;10.00019972229989;0.750087593253335;0.01260506934749705;0.7177654874443948;-0.012800014435535783;1.045046250589264;0.7179334982016692
6.7e-05;1.0441550133806452;0.7498716995667679;0.7180383156847091;-3.3131994212636676e-07;-3.7775874484304455e-07;10.000202542837377;0.7500874018751615;0.012605069733878453;0.7177643959372516;-0.01279901445085418;1.0450460760093463;0.7179330091808128
0.000133;1.0441531437048732;0.749870914783341;0.7180379926503435;-3.3114677434645267e-07;-3.7782031143534084e-07;10.000205581141557;0.7500871961183627;0.012605070149216913;0.7177632221616511;-0.01279701446743725;1.0450458883969895;0.7179324666199051
0.000267;1.0441511387067088;0.7498700721962029;0.7180376460183288;-3.309608040777246e-07;-3.778861598391919e-07;10.000208851332316;0.750086975283341;0.012605070595023698;0.717761961751606;-0.012791014485358385;1.045045686816786;0.7179318150099656
0.000534;1.0441489927988552;0.7498691690140753;0.7180372746894224;-3.307613323398484e-07;-3.779563781856376e-07;10.00021236717857;0.750086738679873;0.012605071072754171;0.7177606106121324;-0.01278101450466277;1.0450454703767196;0.717931052537274
0.001067;1.044145747099991;0.749867831578199;0.7180371783083473;-1.1108086532489171e-06;-1.1250901573128743e-06;10.000216141701584;0.7500864856620316;0.01260507158380607;0.7177591649368804;-0.01276101452536404;1.045044238272889;0.7179300710476301
0.001601;1.0441430037859194;0.7498668969750524;0.7180370554196358;-2.7915810851004636e-06;-2.734639954260461e-06;10.000220187089571;0.7500862156838729;0.012605072129535601;0.7177576211852431;-0.012742014547419628;1.0450439897904633;0.7179290650711874
0.002135;1.0441394523413163;0.7498644282818788;0.7180359515503895;-3.885575011299878e-06;-3.782402525494189e-06;10.00022451523766;0.7500859283243146;0.012605072711283543;0.7177549760406767;-0.012723014570712196;1.0450427243191633;0.7179270157121876
0.002668;1.0441357420543673;0.7498622018650063;0.7180351203656448;-5.975680907391337e-06;-5.78391360319635e-06;10.000229138358634;0.7500856233013089;0.012605073330372377;0.7177522263971327;-0.012705014595076938;1.0450414413462628;0.7179249393048727
0.003202;1.044131869501856;0.7498602150438708;0.7180345611771032;-9.06189532195168e-06;-8.739172916786877e-06;10.000234069097708;0.750085300463601;0.012605073988076898;0.7177503693566948;-0.01268801462035846;1.0450401404663745;0.7179238344947484
0.004269;1.0441256234877723;0.7498561974407175;0.7180336201807452;-1.4707418824089086e-05;-1.4144901408631178e-05;10.000239320369008;0.7500849597228242;0.012605074685606909;0.717745402164219;-0.012654014646432685;1.0450368214473489;0.7179193834086881
0.005337;1.0441192092802942;0.7498517321803824;0.7180322967151395;-2.2659114967231354e-05;-2.1758742521321668e-05;10.000244905112979;0.7500846009782418;0.01260507542412373;0.7177403221265627;-0.01262201467317206;1.0450324842752476;0.7179149207997548
0.007471;1.0441082080025401;0.7498408629721574;0.7180279257334582;-4.1965763285454355e-05;-4.0244721437115135e-05;10.000250836099019;0.7500842241495113;0.012605076204777408;0.7177311266355891;-0.012565014700404777;1.0450241290877476;0.7179059732082724
0.009606;1.0440948252387459;0.7498269599063104;0.7180222172286869;-6.414526829061541e-05;-6.148179424941219e-05;10.000257125817646;0.7500838293103496;0.012605077028723521;0.7177208132573067;-0.012516014727908687;1.045013756038375;0.7178961198143802
0.011741;1.0440809660883061;0.7498113904982698;0.7180151704621752;-8.96293004471005e-05;-8.588333371213275e-05;10.000263786012408;0.7500834167739796;0.012605077897106532;0.7177093797600547;-0.0124740147554261;1.0450023652391898;0.717885341059856
0.013875;1.0440656745702122;0.7497941498648163;0.7180074377585476;-0.00011689172115293578;-0.00011198829176420558;10.00027082682675;0.7500829870775891;0.012605078811049325;0.717696824082653;-0.01244001478267772;1.0449899568113827;0.7178736526940295
0.01601;1.044050202960877;0.7497748266175174;0.7179977639453758;-0.00014478144175910846;-0.0001386944809023;10.000278256288382;0.7500825409043258;0.012605079771662612;0.7176851443252125;-0.012413014809375478;1.044977530945737;0.7178630358146499
0.018145;1.0440345493084107;0.7497550968803386;0.7179877550160895;-0.00017167446161195135;-0.00016444692046231732;10.000286080378881;0.7500820789566567;0.012605080780044731;0.7176743387529853;-0.012391014835225755;1.0449650879279981;0.7178534550553094
0.020279;1.0440196655284542;0.7497369533213422;0.7179786644155274;-0.000198468953076845;-0.00019010542672990498;10.000294303357254;0.750081601887256;0.01260508183727082;0.7176634057427675;-0.012376014859911631;1.0449536281516985;0.7178439446078276
0.022414;1.044004596136958;0.7497180850702031;0.7179689365005715;-0.00022327078252927163;-0.0002138564315247378;10.000302928075751;0.7500811103900877;0.012605082944392068;0.717652343716561;-0.01236501488307271;1.044942152124068;0.7178344525492116
0.024549;1.0439896400438187;0.7497003299670425;0.7179601258911565;-0.000247073417337109;-0.00023665109592901356;10.000311956121532;0.750080605326155;0.012605084102439375;0.7176431511555577;-0.01235901490430866;1.0449316604557919;0.7178269960327996
0.028818;1.0439682232279073;0.7496707804440761;0.7179443932727047;-0.00028862423484372196;-0.00027644265705348953;10.000321388083467;0.750080087738195;0.012605085312414797;0.7176298266419363;-0.012357014923199046;1.0449131538644882;0.7178155592975427
0.033088;1.0439494251330648;0.7496472378964133;0.7179325424411702;-0.0003206922963666464;-0.000307154255421483;10.000331224244665;0.750079558820578;0.012605086575270048;0.7176193688443424;-0.012365014939313922;1.0448986331804617;0.7178072455453203
0.037357;1.0439345505795472;0.7496296411420457;0.7179236186540806;-0.0003453937982325864;-0.0003308112992380694;10.000341465281343;0.7500790198952713;0.012605087891887395;0.7176117764974725;-0.012380014952213077;1.044887099280379;0.7178020046278164
0.041626;1.0439222919425726;0.749617050688751;0.7179176222813068;-0.00036092759582929913;-0.0003456890072877216;10.000352112476124;0.7500784723579081;0.012605089263078741;0.7176070484490241;-0.01239901496144525;1.0448795530002457;0.7177997866448403
0.045896;1.0439120469758314;0.7496083497634336;0.7179138990476305;-0.0003699732286306905;-0.0003543531868489188;10.000363167215607;0.7500779176652456;0.012605090689596714;0.7176031837215343;-0.01241801496654655;1.0448749951792207;0.7177985246658126
0.050165;1.0439047686541538;0.7496038523462597;0.7179120956634393;-0.0003750528871750011;-0.0003592185976803834;10.000374630198317;0.7500773573966107;0.01260509217215388;0.7176001814919988;-0.01243701496702949;1.0448734268160136;0.717798220523666
0.054434;1.0438988495136239;0.7496017749545052;0.7179116108620619;-0.00037305765603408674;-0.00035730867679876593;10.000386501180362;0.7500767932865371;0.012605093711453632;0.717597041038123;-0.012454014962353684;1.0448728491746258;0.7177978416820242
0.062973;1.0438955954599358;0.7496043620636487;0.7179136975380762;-0.000366471251822389;-0.00035100137162205413;10.000398779126922;0.7500762271904908;0.012605095308200441;0.7175967617617135;-0.012478014951893119;1.0448752637905334;0.7178005460706187
0.071512;1.0438936998288304;0.7496076863920879;0.717915494746093;-0.00035443365822669247;-0.0003394736643142581;10.000411462615453;0.7500756610567831;0.012605096963068848;0.7175953432307598;-0.012490014934930852;1.0448796724193339;0.7178020065940452
0.080051;1.0438913069247875;0.749609990324417;0.71791659660337;-0.0003443905269980326;-0.00032985603086910773;10.000424551139844;0.7500750969591287;0.012605098676669892;0.7175917851510106;-0.01249301491067595;1.0448830769649613;0.717801277658954
0.088589;1.0438874631222541;0.7496109013343281;0.7179173033824602;-0.0003371217729307666;-0.00032289555814219855;10.000438046629416;0.7500745371485796;0.01260510044953926;0.7175870873376747;-0.012490014878276832;1.044886479466904;0.7177994141838182
0.097128;1.0438812152243069;0.749608055026181;0.7179160079148575;-0.00033403515285708354;-0.00031994051669639016;10.000451953203983;0.7500739840802289;0.0126051022821316;0.7175822497376564;-0.012483014836825458;1.044886882139689;0.7177974542420112
0.105667;1.0438738186199488;0.7496033467184533;0.7179136639348294;-0.00033434822865604743;-0.0003202412491563091;10.000466275326803;0.7500734403974979;0.012605104174820744;0.7175762724331225;-0.012476014785355814;1.0448862873480498;0.7177944713171568
0.114206;1.0438652748279564;0.749598139199154;0.7179115776573243;-0.0003354411602624538;-0.0003212890658807052;10.000481016744695;0.7500729088635173;0.012605106127921518;0.7175701556106636;-0.01247001472283833;1.0448846975279142;0.7177914865985274
0.131283;1.0438549846120961;0.7495909486086704;0.717908742721623;-0.0003422991476594136;-0.00032785786399213514;10.000496180732044;0.7500723923291385;0.012605108141721432;0.7175638995685185;-0.012463014648178065;1.0448821151758494;0.7177884695474245
0.148361;1.04384415269373;0.7495846845709279;0.7179071198382051;-0.00034825367886289046;-0.00033356169652943305;10.000511770180468;0.7500718937949439;0.012605110216492433;0.7175595047715314;-0.012460014560226093;1.044878542930357;0.71778751114089
0.165438;1.0438340882283232;0.7495793413490962;0.7179058065320918;-0.00035211837591723387;-0.0003372640856391179;10.000527787515157;0.750071416466094;0.012605112352484394;0.7175549719076121;-0.012458014457793442;1.0448759836508648;0.7177865644222283
0.199593;1.0438238408977667;0.7495767987332989;0.7179072596892545;-0.0003583432159163739;-0.00034322653641555935;10.000544235175834;0.7500709637559425;0.012605114549912628;0.7175513019393435;-0.012454014339654384;1.0448724404114496;0.7177865824157083
0.233748;1.0438127616486754;0.7495723435326103;0.7179074162122729;-0.00036298507503369857;-0.0003476734060191705;10.000561116316307;0.7500705392843331;0.012605116808941306;0.7175474961625802;-0.0124490142045554;1.0448689164105287;0.7177865881934877
0.302058;1.0437983465055698;0.7495676803789734;0.7179096343804446;-0.0003746350105379171;-0.00035883223927643125;10.000578434937099;0.7500701468782467;0.01260511912967615;0.7175455562491264;-0.012438014051225578;1.0448634148888027;0.7177885007092253
0.438678;1.0437792944364193;0.7495624448665987;0.7179144646645066;-0.0003967848607807492;-0.0003800474980778669;10.000596195502537;0.7500697905877541;0.012605121512177554;0.717547484229;-0.012418013878353435;1.0448519391195135;0.7177942743470466
0.575297;1.043760079513919;0.749557754435989;0.717919906450403;-0.00041762425518164;-0.0004000082789008172;10.000614402916526;0.7500694747137835;0.012605123956497549;0.7175482824354821;-0.012398013684556322;1.044840492421367;0.7177990727986379
0.848537;1.0437324252392703;0.7495525764384524;0.7179306676521169;-0.000457061111239867;-0.0004377821879153363;10.00063306273402;0.7500692038150445;0.012605126462716401;0.7175549534859443;-0.012362013468390066;1.044821078197737;0.7178096267599743
1.121776;1.0437062289872905;0.749547839347941;0.7179408386469721;-0.0004923198615336657;-0.00047155558476430324;10.000652181247546;0.7500689827083754;0.012605129030928952;0.7175615003317988;-0.012328013228368385;1.0448027000492093;0.717820256278003
1.395016;1.0436821000245853;0.7495429250777998;0.7179494149768587;-0.0005256472376955974;-0.0005034794205422526;10.000671766084809;0.7500688164963918;0.012605131661188528;0.7175659263337477;-0.012298012962951852;1.0447863618719953;0.717829004064426
1.941495;1.0436444866235934;0.749537389644755;0.7179666724159924;-0.0005848247794157458;-0.0005601671828293356;10.000691826574728;0.7500687106149275;0.012605134353476228;0.7175792352722634;-0.012243012670514527;1.044757067854556;0.7178463820027423
2.487974;1.0436115193705406;0.7495326808895503;0.7179815375493823;-0.0006338122604689455;-0.0006070961364823839;10.000712372422768;0.750068670845326;0.01260513710772023;0.7175894312880868;-0.01219701234930589;1.0447328224457553;0.717860983968121
3.034453;1.0435822547363711;0.7495264360322146;0.7179924038341728;-0.0006740185167204455;-0.0006456148412756996;10.000733412117437;0.7500687032739525;0.012605139923807965;0.7175965188492902;-0.012159011997428228;1.044712630368464;0.7178728014968816
4.034453;1.0435474671154759;0.7495211826446133;0.71800804508111;-0.0007281718281105485;-0.0006974962024975526;10.000754952857587;0.7500688142875414;0.012605142801550248;0.7176085028040252;-0.012109011612841432;1.0446854966002548;0.7178895054412281
4.934453;1.0435224799453704;0.7495157215429333;0.7180167830621853;-0.0007598694356416928;-0.0007278658528217946;10.000777000794345;0.7500690106527825;0.0126051457406299;0.7176123884608714;-0.012079011193379867;1.0446694262770098;0.7178986491276665
5.834453;1.0435031386699454;0.74950883811078;0.7180203209529193;-0.0007792386383771883;-0.0007464245036238384;10.00079956107181;0.7500692995836404;0.01260514874055999;0.7176121816297915;-0.012061010736767698;1.0446594246707581;0.7179041071561824
6.734453;1.0434872488440747;0.7495025080518966;0.7180220703345668;-0.000790882703447397;-0.0007575819930870823;10.000822638576487;0.7500696887520749;0.012605151800660602;0.7176078886566087;-0.012051010240627224;1.0446544973305638;0.7179058243778604
7.634453;1.0434754263611663;0.7494964834689476;0.7180213808174666;-0.0007947423110641539;-0.0007612808299684478;10.000846238484902;0.7500701863122278;0.012605154920076298;0.7176025164814797;-0.012047009702479244;1.0446526502199887;0.717906780240233
8.534453;1.043464224199969;0.7494895336993252;0.7180194557366688;-0.0007955200945388146;-0.0007620274925783929;10.000870366110412;0.7500708009296108;0.012605158097812756;0.7175950726790591;-0.01204600911975025;1.044651889704919;0.7179059390871257
9.434453;1.0434549133451207;0.7494831890620788;0.7180168982702317;-0.0007947396013021521;-0.0007612802633493519;10.000895027262567;0.7500715417853191;0.01260516133274597;0.7175875654848988;-0.01204700848977965;1.0446532225157688;0.7179052993614318
10.334453;1.0434453034820197;0.7494758649324016;0.7180137094908544;-0.0007926522049347997;-0.0007592815091712579;10.000920229199902;0.7500724185994384;0.01260516462360718;0.7175790038686882;-0.012050007809797886;1.0446546558288392;0.7179038776665825
11.234453;1.0434369688176617;0.749468994821018;0.718010192629015;-0.0007891009781838738;-0.0007558797997540413;10.000945981170515;0.7500734416442678;0.012605167968968942;0.7175703976199495;-0.012052007076893499;1.0446571973486265;0.7179026410212315
12.234453;1.0434277217641623;0.74946261828339;0.7180079040065631;-0.000786014945954775;-0.000752924295375097;10.000972293769653;0.750074621710685;0.012605171367224942;0.7175617573696559;-0.012056006288015625;1.0446588552486915;0.7179016583575306
13.234453;1.0434194918010833;0.7494554874499392;0.7180043360352449;-0.0007824636763093118;-0.0007495224744264408;10.000999177291263;0.750075970139086;0.012605174816562087;0.717553094595138;-0.012058005439994579;1.0446616380594818;0.717900882230642
14.234453;1.0434103950861287;0.7494478591551083;0.7180010460032584;-0.0007796915424833611;-0.0007468675218401689;10.00102664040291;0.7500774989542799;0.012605178314947535;0.7175444216857699;-0.012061004529540027;1.0446635546429581;0.7179003838676651
15.234453;1.0434014107057907;0.7494404210474062;0.7179980356523508;-0.0007779151868949336;-0.0007451662337320356;10.001054689728122;0.7500792209291215;0.012605181860115397;0.7175357520194608;-0.01206200355322854;1.044665614238686;0.7179001350000555
16.234453;1.0433925658756706;0.7494331765612117;0.7179953070942658;-0.0007771346151381856;-0.000744418605984507;10.00108333018632;0.7500811494992612;0.012605185449532345;0.7175280999971773;-0.012064002507483974;1.0446678265105243;0.7179012092838314
17.234453;1.0433829359522406;0.7494248170227054;0.7179922614846694;-0.0007751416299923314;-0.0007425103790995602;10.001112566181172;0.7500832987032763;0.01260518908036366;0.7175204810902416;-0.012065001388536542;1.0446692016131862;0.7179025980243747
18.234453;1.0433744593796315;0.7494176578142565;0.7179898029063894;-0.0007753568514400292;-0.0007427163297717259;10.001142402782303;0.7500856832521061;0.012605192749461725;0.7175119119223609;-0.012065000192390169;1.0446707502645616;0.7179033275188759
19.234453;1.0433652617398361;0.7494093924978859;0.7179870325552878;-0.0007743596676862335;-0.000741761671882937;10.00117284582903;0.7500883186056235;0.012605196453385967;0.7175044103331393;-0.012065998914824053;1.0446734837625593;0.71790545867462
19.999996;1.0433563320396209;0.7494013387687524;0.7179845545636261;-0.000774358285170135;-0.0007417606551277364;10.001203901554984;0.7500912209876003;0.012605200188429795;0.7174969954044841;-0.012065997551404051;1.0446754140218755;0.7179079870603778
19.999996;1.0433477079336428;0.7493931883845176;0.7179820714994336;-0.0007743569185642561;-0.0007417595446853879;10.001235577175805;0.7500944074363509;-0.007394796049390537;0.7174896874863301;-0.012065996097477811;1.0446775536865502;0.7179109599952472
19.999998;1.0433394295402927;0.7493849475704479;0.7179795868336747;-0.0007743555717805871;-0.0007417583344442058;10.001267882004134;0.7500978959199144;-0.007394792264378525;0.7174825082515222;-0.0120639945481494;1.0446799162280918;0.7179143759806036
20.0;1.0433315394652063;0.749376623108577;0.7179771043215277;-0.0007743542489992362;-0.0007417570179584969;10.001300827489677;0.7501017054201587;-0.007394788461190961;0.7174754807603786;-0.0120619928982405;1.0446825160080238;0.7179183024470086
20.000003;1.0433240823231398;0.7493682249255504;0.7179746280654414;-0.0007743529545631188;-0.0007417555880988868;10.001334403891287;0.7501058565199085;-0.007394784644805833;0.7174686278846836;-0.012057991143227776;1.0446853667083995;0.7179227403360717
20.000011;1.0433171041681955;0.7493597739589977;0.7179721621001394;-0.0007743516919544144;-0.000741754035858481;10.001368521605253;0.7501103738143667;-0.007394780820536164;0.7174619671131357;-0.012050989282912017;1.0446884784561195;0.7179277055507778
20.000026;1.043310651992983;0.7493513071207089;0.717969708399736;-0.0007743504613125844;-0.0007417523487544025;10.001402994287316;0.7501152869706278;-0.0073947769941950835;0.7174555061736513;-0.012035987325691444;1.0446918573539887;0.7179331442606741
20.000056;1.0433047698275262;0.7493428692821269;0.7179672633392585;-0.0007743492579801682;-0.0007417505097342826;10.001437610546335;0.7501206255195185;-0.00739477317156778;0.7174492441882033;-0.01200598528774477;1.0446955042781458;0.7179389684803367
20.000116;1.0432994929921244;0.7493345007420457;0.7179648154967481;-0.0007743480745133866;-0.0007417484973573006;10.00147221321641;0.7501264133661796;-0.007394769356729401;0.7174431743250557;-0.01194698318713633;1.044699412976432;0.7179449733342071
20.000235;1.0432938942183936;0.7493248672138745;0.7179616941272124;-0.0007754399935385607;-0.0007427938876486234;10.001506726701393;0.7501326679223649;-0.0073947655517092176;0.7174372873510361;-0.011827981039763492;1.044702576804361;0.7179506743871915
20.000474;1.0432886488381004;0.7493160872494241;0.7179594327815291;-0.0007802039437079951;-0.0007473562134537043;10.001541130865855;0.7501393996833897;-0.007394761759130381;0.7174315777679081;-0.011592978860070526;1.0447049980083418;0.717955206175551
20.000952;1.0432780552994423;0.7493016076873387;0.717955653061015;-0.0007968759445950199;-0.0007633278448709463;10.001575397453188;0.7501466146824752;-0.007394757984890616;0.7174260452282953;-0.011131976662139808;1.044702686126209;0.7179569729934601
20.00143;1.043264037805353;0.7492841797412558;0.7179516558189415;-0.0008232693942970517;-0.0007886135636479988;10.001609433343495;0.7501543198797732;-0.007394754239036975;0.7174206910570934;-0.010681974458623582;1.044694653334699;0.717959894263576
20.002387;1.043226025696425;0.749246296608699;0.7179448152127759;-0.0009053162601343295;-0.0008672245027326474;10.001643047921007;0.7501625243292188;-0.007394750535226357;0.7174155179141591;-0.009814972259879567;1.0446629212552883;0.7179579617854177
20.003235;1.0431804748971487;0.7492026996314254;0.7179379143720823;-0.0010077935087827946;-0.0009654174592585367;10.001675933092416;0.750171234134262;-0.007394746888314345;0.7174105317913878;-0.00908297007536095;1.0446215305165198;0.717959436067327
20.004083;1.0431245031602598;0.749151931568497;0.7179315084874587;-0.0011353372346628763;-0.0010876411751210462;10.001707651249141;0.7501804434038233;-0.007394743311899729;0.7174067418811362;-0.008384967915571197;1.0445685332955692;0.7179636859729729
20.004931;1.0430590356878078;0.7490937529382383;0.7179246953130847;-0.0012851694931628585;-0.001231241089729883;10.001737623892366;0.7501901287272619;-0.007394739817626147;0.7174031569058221;-0.007721965790828983;1.0445049733628766;0.7179695780958679
20.00578;1.0429840483740764;0.7490291650211279;0.7179184239444506;-0.0014569676014835771;-0.0013959162971189222;10.001765157081511;0.7502002529709928;-0.007394736414884969;0.7173997834750834;-0.007092963707771792;1.044432876371132;0.7179769543457135
20.006628;1.0429026833610648;0.7489598597102408;0.7179121416010487;-0.0016453984327873103;-0.0015765616855959392;10.001789563984213;0.7502107741673506;-0.007394733110412267;0.7173976329892786;-0.00649796166710776;1.0443532573698466;0.7179866815555069
20.007476;1.0428146136273133;0.7488859275198998;0.7179061485036174;-0.0018521335943206955;-0.0017747869374882175;10.001810302522154;0.750221653865656;-0.00739472990852068;0.717396728777424;-0.005935959662826589;1.0442651334388917;0.717998635758484
20.008325;1.042720105965699;0.748807328670149;0.7179002003534958;-0.002072184846486022;-0.0019858200609515417;10.001826988455718;0.7502328624330101;-0.007394726813003699;0.7173961040222937;-0.005406957683407461;1.0441715296017773;0.7180117137204481
20.009173;1.0426210355715413;0.7487261252403876;0.7178949545999308;-0.0023046708717442636;-0.0022088202200098877;10.00183934396985;0.7502443781128842;-0.007394723830844553;0.7173967941111753;-0.004909955714878966;1.044073474416722;0.7180268050651308
20.010021;1.0425183294742326;0.7486423888098994;0.7178898145203099;-0.0025478125902505355;-0.002442086774077432;10.00184719867572;0.7502561779699166;-0.007394720974505003;0.7173998288775368;-0.004443953743374752;1.0439699892193484;0.7180447950522084
20.010869;1.0424113129708232;0.7485563468565604;0.7178854359098982;-0.0027993925041139454;-0.002683501693435819;10.001850495568439;0.7502682284089799;-0.007394718260561272;0.7174032280559287;-0.004008951756133894;1.0438630802321371;0.7180635712459631
20.011718;1.0423015737927366;0.7484685261841062;0.7178812097479135;-0.0030585358288720914;-0.002932227764159277;10.001849234450619;0.7502804831937243;-0.007394715707630363;0.7174090011525998;-0.0036049497400604657;1.04375373980676;0.7180850218932388
20.012566;1.0421893920851477;0.7483798201311507;0.7178777951129472;-0.0033232453846357896;-0.0031863538800290785;10.001843415601924;0.750292885341558;-0.007394713336566267;0.7174171488282324;-0.0032299476797027038;1.0436409552900208;0.718109031665556
20.013414;1.0420757001173997;0.7482915771120611;0.7178758596084721;-0.0035924278173171554;-0.0034448323980821455;10.001833063484153;0.750305369683749;-0.0073947111705825064;0.7174256654083387;-0.0028839455584976897;1.0435277190106789;0.7181335074793709
20.014263;1.0419617365926184;0.748204050864529;0.7178748257631213;-0.0038636267343660244;-0.003705306073429572;10.001818285287365;0.7503178671488032;-0.007394709231796178;0.7174375455523349;-0.0025649433614553675;1.0434130328803217;0.7181613655128486
20.015111;1.0418468932270648;0.7481157848680455;0.7178737624165252;-0.004138521455826035;-0.0039693890404856776;10.001799296258902;0.7503303125090613;-0.00739470753624022;0.7174507928880774;-0.002272941075821119;1.0432989060840294;0.7181905501005703
20.015959;1.0417317705326317;0.7480295522805293;0.7178749801146919;-0.004412813510314701;-0.004232957839254714;10.001776416309463;0.7503426540949629;-0.007394706092434796;0.7174654235310329;-0.00200793869111848;1.0431843489663584;0.7182210188824129
20.016807;1.0416170200677095;0.7479444880319268;0.7178772760121012;-0.004686725409434896;-0.004496223433741447;10.001750036672574;0.7503548549934127;-0.007394704904136761;0.7174834637523696;-0.001767936200625884;1.0430703663366685;0.7182547288425707
20.017656;1.0415038916619723;0.7478611571237502;0.7178804090967602;-0.0049588004234484935;-0.004757782325507765;10.001720554281924;0.7503668866370722;-0.007394703973676768;0.7175029465549565;-0.0015509336018753764;1.0429569520806685;0.7182896356893
20.018504;1.0413914247806029;0.7477808288188257;0.7178863386969578;-0.005228192151505926;-0.005016825392033564;10.001688291604411;0.7503787265258794;-0.007394703304191131;0.7175249079151805;-0.0013589308943629526;1.0428460865361404;0.7183266974233783
20.019352;1.0412805665565115;0.7477015279661827;0.7178925979930509;-0.0054937619860279535;-0.005272254018469402;10.001653444773197;0.7503903561371809;-0.007394702900672378;0.7175483833943733;-0.0011879280785090868;1.0427367343527392;0.7183648533048081
20.020201;1.0411722662831755;0.7476271906005513;0.7179023853980996;-0.005755786581205082;-0.005524326514526599;10.001616149510031;0.7504017563602159;-0.007394702768558366;0.7175754061167007;-0.0010389251572352752;1.0426298407570573;0.7184060518146392
20.021049;1.0410652657883621;0.7475542671477079;0.7179132213014312;-0.0060133700573924125;-0.005772187163895178;10.00157663434787;0.7504129078060133;-0.007394702910109695;0.7176040027351759;-0.0009099221359274828;1.042525333454384;0.7184482428348076
20.021897;1.0409620657349241;0.7474858565512394;0.7179263951687646;-0.006266272159971743;-0.0060155887572665625;10.001535262122868;0.7504237903252378;-0.007394703322807994;0.7176351894507094;-0.0008009190207945595;1.0424231336153484;0.718492391420736
20.022745;1.0408607410926696;0.747419640489048;0.7179410311077923;-0.006511072635990271;-0.006251255134473191;10.001492423978034;0.7504343772269345;-0.0073947040028712555;0.7176689733402933;-0.0007099158184766529;1.0423241633229268;0.718538471605472
20.023594;1.0407625668371285;0.7473578341931643;0.7179583878072274;-0.006750265020445351;-0.006481568923089652;10.001448475063478;0.7504446354360276;-0.007394704949977438;0.7177043542583921;-0.0006369125359683639;1.0422283411796909;0.718585466186616
20.024442;1.040668095501436;0.7472998739832523;0.7179775367016688;-0.00698280085815474;-0.006705515872947728;10.001403786822467;0.750454534372075;-0.007394706167912045;0.7177423237997237;-0.0005799091797126745;1.042134576138785;0.718634356697368
20.02529;1.040576002762677;0.7472455213349171;0.717999130689226;-0.007207837973051233;-0.006922291373460503;10.001358818090338;0.7504640532663163;-0.007394707661870584;0.7177828662032102;-0.0005389057541247818;1.0420447695821162;0.7186851222511333
20.026139;1.0404874628704572;0.7471956711391634;0.7180231686376749;-0.007424920061436443;-0.007131445083027369;10.001314143180943;0.7504731798106429;-0.007394709436411351;0.7178249622664773;-0.0005119022594897073;1.0419588238340138;0.7187367376245231
20.026987;1.0404030535218094;0.7471497785452756;0.718048676856729;-0.007635270645495908;-0.007334143424921274;10.001270455121185;0.7504819014667907;-0.007394711494899404;0.7178695933276332;-0.0004988986911685682;1.041875651467737;0.7187901856011858
20.027835;1.0403211109779658;0.7471080416099448;0.71807695824611;-0.007835152574719218;-0.007526803806462053;10.001228515852409;0.750490199931082;-0.0073947138381000995;0.7179157434381664;-0.000498895042378318;1.0417951808509271;0.7188444619903065
20.028683;1.0402432036598523;0.747070218748991;0.7181066860974529;-0.008028311498694138;-0.007713008813992501;10.00118902122913;0.7504980543505341;-0.007394716462498214;0.7179643987288982;-0.0005108913076879822;1.041718355659454;0.7189005770103255
20.03038;1.0400873494298293;0.7470117336807713;0.7181708399078635;-0.008388894861029858;-0.008060710110892808;10.001152485363882;0.7505054448477244;-0.007394719360712899;0.7180565451493085;-0.0005668874826623692;1.0415601322091965;0.7189995754925371
20.031907;1.0399608380440237;0.7469733092158655;0.71823451500864;-0.008683291696382305;-0.00834467874937156;10.001119240185295;0.750512350800348;-0.00739472252303841;0.7181451675336614;-0.0006488835612308372;1.0414324781175655;0.7190944713247849
20.033434;1.0398458856110366;0.746947759423986;0.7183030881050672;-0.008950759675972319;-0.00860274302510264;10.001089486947915;0.7505187478138703;-0.0073947259387924695;0.7182362520986046;-0.0007558795357306801;1.0413163681783386;0.719191285505307
20.034961;1.0397418150084756;0.746933287938304;0.7183752936122082;-0.009189731614650965;-0.00883338408554415;10.001063331213357;0.7505246086708528;-0.007394729597881312;0.7183317904757122;-0.000884875399770726;1.0412117783727342;0.7192920292713229
20.036488;1.0396498918867298;0.746933387676629;0.7184535896445656;-0.009403396723746417;-0.009039640129141874;10.001040842036108;0.7505299097384046;-0.00739473349146829;0.7184287809687283;-0.0010318711503003496;1.0411196821455355;0.719393706924231
20.038015;1.0395684588531873;0.7469422925776781;0.7185335336049827;-0.009589907316416036;-0.009219734593607493;10.001022147416096;0.7505346363221547;-0.007394737610955178;0.7185272278071099;-0.00119186678780987;1.0410380468129474;0.7194963189280527
20.039542;1.0394974666340984;0.7469629095183565;0.7186178916298004;-0.009751625116770574;-0.009375925824994618;10.001007452752017;0.7505387813639475;-0.007394741947031058;0.7186271423157432;-0.0013628623152566975;1.0409678334989705;0.7195998678668605
20.041068;1.0394375328485395;0.7469933974754402;0.7187043934816039;-0.009889104484696877;-0.009508730584361122;10.000996936249999;0.7505423410606844;-0.007394746488947039;0.7187285443143995;-0.0015408577361571494;1.0409080012971774;0.719704349842199
20.042595;1.0393857761901704;0.7470323438138948;0.7187935943473086;-0.010003661200326822;-0.009619431612976384;10.000990691376083;0.7505453108209398;-0.007394751223721528;0.7188304613517931;-0.0017228530544339726;1.040857505752028;0.7198087602298712
20.044122;1.039343788488868;0.747079234570309;0.7188838132227433;-0.010098055527405832;-0.009710661757561195;10.000988765178674;0.7505476841621213;-0.007394756137640067;0.7189319253122354;-0.0019058482768354043;1.04081629210304;0.719912092386534
20.045649;1.0393090027791416;0.747132273558139;0.7189749985277284;-0.010170933101165597;-0.00978113718200413;10.00099111517453;0.7505494573560236;-0.007394761219583391;0.7190329640710715;-0.0020888434144444258;1.0407832948297748;0.7200143395766766
20.047176;1.039282723549734;0.7471913654015708;0.719066053385218;-0.01022771790497416;-0.009836057754987436;10.000997534193386;0.7505506346337548;-0.007394766461930926;0.7191335949576025;-0.0022688384816900577;1.0407584474115124;0.720115479460704
20.048703;1.0392630492513812;0.7472551817131313;0.7191569242043888;-0.010267961610435104;-0.009875007515623117;10.001007706197104;0.7505512270696614;-0.007394771858858399;0.7192318288590338;-0.0024448334938721983;1.0407396959127038;0.7202134828684756
20.05023;1.039249330203796;0.7473226220598619;0.7192469305647518;-0.010292062826211631;-0.009898374032269808;10.001021307780944;0.7505512478156219;-0.007394777405481306;0.7193296761042556;-0.0026148284640156237;1.0407270055012843;0.7203103088490669
20.053284;1.0392334012497713;0.7474755306624659;0.7194203867845126;-0.010304442030289747;-0.00991048518585577;10.001038046071686;0.7505507108508522;-0.007394783098302899;0.7195031459528733;-0.002931823401592247;1.0407113535484427;0.7204825312625489
20.056338;1.039235209982457;0.7476327453068141;0.7195854014989701;-0.010276904192001179;-0.0098840330254074;10.00105764629261;0.7505496329523189;-0.007394788934931537;0.7196662442667321;-0.003213818314436765;1.0407147191209156;0.7206434928199987
20.059391;1.0392518916779216;0.7477927488993514;0.7197424827400136;-0.010217333533722795;-0.009826628267686521;10.001079851672355;0.7505480325580139;-0.007394794912505521;0.7198169681303253;-0.003455813209432968;1.0407320780253988;0.7207911241789646
20.062445;1.0392777785154963;0.7479480047267119;0.7198883014084053;-0.010136462979932693;-0.009748649869206762;10.001104504215837;0.7505459258086358;-0.00739480102726268;0.719956298792322;-0.0036588080892735633;1.0407593995218607;0.7209263892890886
20.065499;1.039309719458319;0.7480947818618243;0.7200214363343816;-0.010043484401579612;-0.00965897052348788;10.00113160596252;0.7505433263115453;-0.00739480727565006;0.7200812026232556;-0.003820802950429647;1.0407926475767637;0.7210462367885557
20.068553;1.039345817733026;0.7482319392703174;0.7201420626785097;-0.009945513858493854;-0.009564453729458751;10.0011612303725;0.7505402476746681;-0.0073948136532669545;0.72019463758042;-0.003943797785699147;1.0408287894536619;0.7211536286514018
20.071607;1.0393826131413775;0.7483552753624408;0.7202484723831392;-0.009848148988849122;-0.009470515656375845;10.001193417835486;0.7505367045972244;-0.007394820152096676;0.7202955594118762;-0.004031792587400094;1.040863803665826;0.7212475349748662
20.074661;1.0394175459232529;0.7484648782185833;0.720342446139401;-0.009755977465490423;-0.009381591186166053;10.001228179959341;0.7505327149993398;-0.0073948267601088285;0.7203839262755829;-0.0040887873481436614;1.0408976840513566;0.7213279316870292
20.077714;1.0394493581998978;0.7485591960844916;0.7204232809638688;-0.00967076551190923;-0.009299389068686412;10.001265544031428;0.7505283024839167;-0.007394833463548513;0.7204626977293638;-0.004117782061177514;1.040927442871401;0.7213977989409182
20.080768;1.0394780509975365;0.7486398400076149;0.7204924463310561;-0.009597473332480877;-0.009228677650251815;10.00130558250421;0.7505234948790368;-0.007394840249063453;0.7205308320087896;-0.00412377672268349;1.0409521148370309;0.7214561336065861
20.083822;1.039502023960879;0.7487057128926248;0.7205499244254443;-0.009534966799466032;-0.009168379115491983;10.00134839940692;0.7505183196282662;-0.007394847103019066;0.7205912872560163;-0.004111771334558214;1.0409707588168673;0.7215059312588398
20.086876;1.0395200225723094;0.7487578875996838;0.7205975507641906;-0.009486366329418934;-0.009121503435788351;10.001394079167687;0.7505128003076647;-0.007394854008905939;0.7206440258036582;-0.0040847659047061596;1.0409844502417978;0.7215471733793047
20.08993;1.03953455219418;0.7487979242442925;0.7206350300934232;-0.00944976690689508;-0.009086195566557419;10.001442667841285;0.7505069584186783;-0.007394860946644046;0.7206900194371185;-0.004048760445222996;1.0409912669832586;0.7215808603669455
20.092983;1.039543704838078;0.7488274814166089;0.720665231408987;-0.009423774376286402;-0.009061130862876118;10.001494198382932;0.7505008188832419;-0.007394867894800644;0.7207312483243542;-0.0040047549703747555;1.0409932821367087;0.721608972485714
20.096037;1.0395474949985202;0.748846923878391;0.7206884639677821;-0.009409381114493584;-0.009047262894371804;10.001548681253727;0.7504944130728731;-0.007394874832788573;0.720767691819725;-0.003956749494655427;1.0409905676173836;0.7216315166877462
20.099091;1.0395481609457229;0.7488595627647158;0.720706343823242;-0.009404736218820252;-0.009042792479885415;10.001606013373117;0.7504877766431073;-0.007394881740383107;0.7208013227945993;-0.00390774403128491;1.0409821987269565;0.7216505027911466
20.102145;1.0395450929465613;0.7488656646574954;0.7207195419444653;-0.009407623367332465;-0.009045594211511103;10.001665888211516;0.7504809442953789;-0.007394888596248233;0.7208321101360063;-0.0038587385915731503;1.0409702542082198;0.7216659388480701
20.105199;1.0395402532211024;0.7488663326981106;0.720727757090845;-0.009417504075758747;-0.009055133822572508;10.001727844039413;0.7504739456983682;-0.007394895379033217;0.720861021736485;-0.0038107331852580157;1.0409558123725957;0.7216788390025607
20.111306;1.0395225746662902;0.7488645033997038;0.7207414936645852;-0.009451529483859444;-0.009087999971631074;10.001791406186912;0.7504668067609601;-0.007394902069485989;0.7208940237160764;-0.0037277278216086146;1.0409289448495107;0.7216950243743173
20.117414;1.0395010663032747;0.7488536919601773;0.7207483001631709;-0.0094966951145413;-0.009131612050058054;10.001856132132383;0.7504595543682953;-0.0073949086498933244;0.720925076913447;-0.0036587225101685716;1.0408957138433987;0.7217087617202762
20.123522;1.0394773763281155;0.7488403817082746;0.720753316935072;-0.009547989448409048;-0.009181138493674556;10.00192157876112;0.7504522152716597;-0.007394915101932726;0.72095613581016;-0.0036047172613585927;1.0408611756498805;0.7217220611949816
20.129629;1.0394535053463552;0.7488257460977411;0.7207563488751674;-0.009598297342055218;-0.00922972121074462;10.001987350042757;0.7504448088040333;-0.007394921405672705;0.7209871537453143;-0.0035657120874333253;1.040825383888724;0.7217349278066637
20.135737;1.0394310939881768;0.7488142303452976;0.7207605970066007;-0.00964652525333315;-0.009276294735382353;10.002053183914292;0.7504373448236703;-0.0073949275398869025;0.7210200857888179;-0.003536707002414469;1.0407913876897767;0.7217493415723168
20.141845;1.039412409435139;0.7488071810937083;0.72076583483633;-0.009688163157884153;-0.009316502007115727;10.002118947964787;0.7504298289165287;-0.007394933482808276;0.7210528863956959;-0.003514702020476277;1.0407592312596137;0.7217632944241091
20.147952;1.0393949755653171;0.7488021160776492;0.7207714252258358;-0.00972543253664004;-0.009352501167726129;10.00218457008177;0.750422266111182;-0.007394939213572317;0.7210865100888706;-0.003496697153437543;1.0407299609263503;0.7217777773166497
20.15406;1.0393797681148447;0.7487994251146213;0.7207770896440109;-0.009757569319333905;-0.009383548547611843;10.002249998532738;0.7504146595786981;-0.00739494471427277;0.7211209118785582;-0.0034806924076222494;1.040702634029247;0.7217927828230477
20.160168;1.0393674090220715;0.7488005253971114;0.7207837792420494;-0.009786178779802165;-0.00941118205814263;10.0023151628038;0.7504070079662907;-0.007394949971451988;0.7211550435384332;-0.003464687781850557;1.0406763181126246;0.7218073035000777
20.166275;1.0393560532164532;0.7488027655258037;0.7207902439862114;-0.009812410617072845;-0.009436523916476681;10.00237990226131;0.7503993023658191;-0.007394954976686001;0.721187851672243;-0.0034466832689729705;1.0406520790076492;0.7218203367162717
20.178491;1.039333579884401;0.7488085335631739;0.7208072107618175;-0.009861753792724543;-0.009484197418637054;10.00244397427729;0.7503915246550463;-0.007394959726670348;0.7212322795759774;-0.003404678859509634;1.040614973380136;0.7218447918115505
20.190706;1.039312142011735;0.7488131171930615;0.7208217505255793;-0.009911642491472453;-0.009532391923187491;10.002507177843011;0.750383654600804;-0.007394964224148195;0.7212732731934691;-0.0033556745446109734;1.0405790544780906;0.7218657714265435
20.202921;1.039290152157651;0.748816679087068;0.720835148878788;-0.009961615236293504;-0.009580678337475581;10.002569432976252;0.7503756821420264;-0.007394968479581572;0.721312790247673;-0.003303670318785363;1.0405433791450873;0.7218853178943899
20.215137;1.039267976844316;0.7488177778921482;0.7208457956365911;-0.01001488755519758;-0.00963214620484468;10.002630744429958;0.7503676118523648;-0.007394972509472205;0.7213508030751232;-0.0032506661813347937;1.040506005085628;0.7219034651947844
20.227352;1.039245585706124;0.748819379643785;0.7208566009968453;-0.01006823599217382;-0.009683695959930976;10.002691142665904;0.7503594600263748;-0.007394976330744218;0.7213882911468439;-0.00319666213383305;1.04046898472907;0.7219212416160831
20.239567;1.0392233390963312;0.7488217098045966;0.7208675779621229;-0.010123256416285574;-0.009736859394821743;10.00275065811336;0.7503512535869424;-0.007394979957092641;0.7214242358929465;-0.00314465817747929;1.040432365741213;0.7219376926443334
20.263998;1.0391764142466187;0.7488238427303037;0.7208951071301412;-0.010231845423337564;-0.00984178850372029;10.002809351262393;0.750343031757793;-0.0073949834000645465;0.7214786248677134;-0.0030436543147864194;1.0403691929016123;0.7219726310476412
20.288428;1.0391302414534276;0.7488275166942169;0.7209232695333324;-0.010338431118057089;-0.009944798157979327;10.002867355156036;0.7503348453283775;-0.00739498667118387;0.7215334557568447;-0.0029436505527966586;1.0403065063095016;0.7220083021329224
20.312859;1.0390851487530781;0.748831656262464;0.7209508294197311;-0.010443933581861464;-0.010046769696310553;10.002924839291184;0.7503267487364171;-0.007394989781709937;0.7215867338232189;-0.0028446469047679547;1.0402463406092348;0.7220427165502538
20.33729;1.0390407559205823;0.7488366643081366;0.7209784433472912;-0.010548738550636242;-0.010148077246408017;10.002981954454496;0.750318786930912;-0.007394992740641768;0.7216384659308579;-0.002746643389185679;1.0401857254739808;0.7220758777826694
20.386151;1.0389483671098314;0.7488437397500839;0.72104104945981;-0.010756162426396855;-0.010348601571145144;10.003038833905793;0.7503109894834358;-0.007394995552867778;0.7217266560606042;-0.0025506400261393492;1.0400756888928124;0.7221454344146121
20.435012;1.0388572503420317;0.7488502192931876;0.7211018955666499;-0.01096110641652919;-0.010546768077507769;10.003095605758084;0.7503033779549915;-0.007394998218612615;0.7218133035155083;-0.0023576368346555922;1.039966261996499;0.7222138001896018
20.532735;1.0386725601972218;0.7488581226009458;0.7212287746943068;-0.011362225891800143;-0.01093473593760816;10.00315239235684;0.7502959746664541;-0.007395000735514807;0.7219674026968447;-0.0019796338328523758;1.0397594740208567;0.7223494410431157
20.630457;1.0384938267743764;0.7488667014531509;0.7213519052668202;-0.011751657528693938;-0.01131153418539861;10.003209291599402;0.7502888027071716;-0.007395003102554075;0.722117943030986;-0.001612631038975549;1.0395593381589787;0.7224820674554568
20.825902;1.0381454225469864;0.7488777115744243;0.7215950545178086;-0.012498323363853273;-0.012034349923480105;10.003266331431316;0.750281882006456;-0.007395005321749525;0.7223929058728658;-0.0009086284722601985;1.0391818458818018;0.7227391491249447
21.021347;1.0378178712516528;0.7488884861457936;0.7218233868155007;-0.013200620744105206;-0.012714671318072489;10.003323430032328;0.7502752263031497;-0.007395007396500106;0.72265226229193;-0.00024562615388458046;1.0388249718997524;0.7229817068750478
21.216792;1.0375095802512748;0.7488997671720898;0.7220387308825308;-0.013862447404456064;-0.013356192027412344;10.003380394448646;0.7502688391142114;-0.007395009329884327;0.72289697874344;0.0003773758930850915;1.0384906747617395;0.7232106238727423
21.412237;1.0372211279469152;0.7489122862750803;0.7222413980142742;-0.01448351934276781;-0.013958559338022727;10.003436943876249;0.7502627132706517;-0.007395011124977888;0.7231270264488893;0.0009633776459184566;1.038175897501795;0.7234257895158134
21.607682;1.0369505927061047;0.7489249525188355;0.7224316827249787;-0.015064448279221442;-0.01452232178524271;10.003492695746006;0.7502568382038046;-0.007395012786605546;0.7233433866166304;0.0015133790854936378;1.037881576478747;0.7236281013638102
21.803127;1.036697353757249;0.7489372201665747;0.7226094950378645;-0.015609960862836258;-0.015051985760348833;10.003547110121632;0.7502512042940961;-0.007395014322477952;0.7235450512437922;0.002027380198530012;1.0376056467088655;0.723816465638624
21.998572;1.0364619949492313;0.7489508227029478;0.722776098537818;-0.016119433147048647;-0.015546888308834769;10.003599485653911;0.7502457978573488;-0.007395015741697119;0.7237350253221098;0.002508380976622206;1.0373480441629386;0.7239938127232657
22.194017;1.0362416284307365;0.7489630015942715;0.7229308444810532;-0.016593528961928644;-0.016007664028873866;10.003649055614332;0.7502405987931449;-0.007395017051802218;0.7239113286076521;0.0029573814133015326;1.0371077134180224;0.7241580821797413
22.389462;1.0360381307505115;0.7489780164288221;0.723076535530136;-0.01703510799972386;-0.016436999531669418;10.003695149084011;0.7502355887049859;-0.007395018257728457;0.7240759886063495;0.0033753815040697944;1.0368836113675473;0.724311218076947
22.584906;1.0358489706922254;0.7489916633375241;0.7232109036365343;-0.017448038663800878;-0.016838628771650273;10.00373732248911;0.7502307591152613;-0.0073950193629710274;0.7242300308728771;0.0037643812487319233;1.0366757009939405;0.7244541739236194
22.780351;1.0356731546313411;0.7490062030910909;0.7233368773008868;-0.01782889701316704;-0.017209230907262955;10.003775337960514;0.7502261116499597;-0.007395020370747579;0.7243724774444464;0.004125380651389037;1.036482942004623;0.7245859076246305
22.975796;1.035511348006905;0.7490200206155624;0.7234525141977947;-0.018182547839105945;-0.017553460614588727;10.003809011355095;0.7502216549319283;-0.00739502128497401;0.724504348210133;0.004459379718825635;1.0363032865932456;0.7247073866285579
23.171241;1.0353623115330923;0.7490354191554918;0.7235609962059838;-0.018509517285494166;-0.01787182072015758;10.003838096823008;0.7502173986555781;-0.007395022111114836;0.7246256566476168;0.00476937845864517;1.0361376851011155;0.7248185994966888
23.366686;1.0352254068562963;0.7490495642867918;0.7236601225915924;-0.01881183245475466;-0.018166256677696568;10.003862303198828;0.7502133436202855;-0.0073950228564271725;0.7247384042137642;0.005054376877183043;1.0359850935880521;0.7249215138474734
23.562131;1.0350999875706206;0.7490655413842056;0.7237534010184736;-0.019089627496503985;-0.018436889299403347;10.00388138899969;0.750209477305413;-0.007395023529872;0.7248425809864799;0.005318374980413963;1.0358434724557872;0.7250161323001284
23.757576;1.0349844836657884;0.7490794918013441;0.723838258719088;-0.019345986618528356;-0.018686707718464007;10.003895223731044;0.7502057794835765;-0.00739502414069737;0.7249371701324909;0.005560372778130636;1.0357137816945938;0.7251014262057348
23.953021;1.034879173095368;0.7490938922991834;0.7239169255082295;-0.019580602509840055;-0.01891539495372476;10.003903799626077;0.7502022293731926;-0.00739502469591161;0.7250241501219559;0.005781370285950819;1.0355949844778523;0.7251793859073395
24.148466;1.0347843168961344;0.7491085832456644;0.723989075036234;-0.019795095846647688;-0.019124497504770674;10.003907232567498;0.7501988106453434;-0.007395025198987948;0.7251034954903155;0.005985367522899949;1.0354850547382521;0.7252500349173421
24.343911;1.034697349845285;0.749123299003787;0.7240562405605921;-0.019992030848516053;-0.019316527683998976;10.003905729967709;0.750195517686763;-0.007395025650885037;0.725176181516842;0.006170364508251322;1.0353849762070766;0.7253143563202843
24.539356;1.0346197870749665;0.7491381829608428;0.7241174851318424;-0.020170605192122375;-0.019490671709855037;10.003899557472781;0.750192357507165;-0.007395026052318505;0.7252411937363613;0.0063393612597883175;1.0352937347609195;0.7253713800583795
24.734801;1.0345493897071674;0.7491522292521778;0.7241733843226106;-0.020333008547792634;-0.019649078319955018;10.003889031569354;0.7501893410961801;-0.007395026404489227;0.725299535260606;0.006492357792934783;1.0352103142755784;0.7254221175986937
24.930246;1.0344854957702523;0.7491665829040419;0.724225489711066;-0.020479983386202633;-0.019792470550375516;10.00387447720536;0.750186474207671;-0.007395026708493385;0.7253522259904562;0.006631354121827206;1.0351337012749948;0.7254676017418665
25.125691;1.0344287504833534;0.7491806826790891;0.7242727897564124;-0.02061277564085379;-0.01992203422527325;10.003856188538856;0.7501837561569639;-0.007395026965885346;0.7253992978735646;0.0067573502619334164;1.0350648936182187;0.7255078567121263
25.516581;1.034326377805794;0.7491950285425557;0.7243527153852248;-0.020841092771553552;-0.020144828288921068;10.003834446828193;0.7501811821377748;-0.007395027179222767;0.7254797909649264;0.00697234623084634;1.0349479015437422;0.7255828694598468
25.868382;1.0342537153306572;0.7492096272163602;0.7244124840883504;-0.021005827819630212;-0.02030561874435245;10.003809534877409;0.7501787454492435;-0.007395027351446631;0.7255377486623723;0.007128342046742221;1.0348617407852208;0.7256352729805561
26.220182;1.0341964753079393;0.7492232514657312;0.7244608889700401;-0.02113853547258549;-0.020435163890209385;10.003781726211583;0.7501764392056816;-0.007395027485361103;0.7255832132861106;0.0072543377270336325;1.0347924273303384;0.7256753393213194
26.571983;1.034151801635591;0.749235729679212;0.7244997403510227;-0.021244422901291696;-0.020538542963613182;10.003751279170896;0.7501742568640665;-0.0073950275835749455;0.725618224701682;0.007353333288080434;1.0347359762149693;0.7257051027448779
26.923784;1.0341193523010919;0.749249095939205;0.7245312217915795;-0.021325518109951175;-0.020617715817410738;10.003718437293092;0.7501721921783723;-0.007395027648512414;0.7256438204854829;0.007429328745234971;1.034692401522262;0.7257256113119949
27.275585;1.0340959673789358;0.749261011032674;0.7245552655395134;-0.02138506209606216;-0.02067587359962788;10.003683429442864;0.7501702391893955;-0.007395027682426195;0.725662036102274;0.007485324112881487;1.0346597164872202;0.7257389055193131
27.627386;1.034081649045012;0.7492740294886969;0.7245743206001694;-0.021427670640391656;-0.020717475742845656;10.003646469881401;0.7501683922120627;-0.007395027687411949;0.7256739050291244;0.007525319404489515;1.0346349336145797;0.7257460378130016
27.979187;1.0340744944557543;0.7492867381122316;0.7245883363295004;-0.02145613614393071;-0.0207452582466476;10.003607759091738;0.7501666458237212;-0.007395027665412139;0.7256794587987038;0.0075513146326868655;1.0346180647139125;0.7257470408332601
28.330988;1.0340719526916642;0.749298265830454;0.7245982416153408;-0.02147201018984804;-0.020760771436176988;10.003567485705396;0.7501649949104161;-0.007395027618236623;0.7256807270400037;0.007565309809321462;1.0346071208873635;0.7257439471736852
28.682789;1.0340749787949273;0.7493099239248961;0.7246046189517787;-0.021477504244512023;-0.020766133895276595;10.00352582839259;0.7501634347100817;-0.007395027547601012;0.7256787375946733;0.007570304945493336;1.034601112565482;0.7257377997023217
29.03459;1.0340823183867334;0.7493214152394896;0.7246080452299883;-0.02147503273253926;-0.020763705138096875;10.003482956646247;0.7501619607438669;-0.007395027455141158;0.7256725166654522;0.007567300051573616;1.0345990495989936;0.7257276200566634
29.38639;1.0340911163988493;0.7493316297903031;0.7246094343058627;-0.021466829889785946;-0.020755702800776595;10.003439030429437;0.750160568708779;-0.007395027342424133;0.7256640889382576;0.007559295137233476;1.0346009413261017;0.7257154498865328
29.738191;1.0341029367088863;0.749342716557529;0.7246097544411784;-0.02145145270830865;-0.0207407004732549;10.003394199312973;0.7501592544568254;-0.007395027210978391;0.7256534776645354;0.007545290211478065;1.0346047965711573;0.7257012884638828
30.089992;1.0341171731358012;0.7493534825085961;0.724608264419053;-0.0214348397873575;-0.02072445239580514;10.00334860203828;0.7501580140155739;-0.007395027062307513;0.7256417047320773;0.007528285282673221;1.0346106236190116;0.7256861758956776
30.441793;1.0341312749239056;0.7493637702897974;0.7246065880981011;-0.021413970747380617;-0.02070408959491499;10.003302366818946;0.7501568435602289;-0.0073950268978834905;0.7256287907741502;0.007508280358578336;1.0346174302275442;0.7256701202824586
30.793594;1.0341471498478838;0.74937360708133;0.7246034034518822;-0.021391926168025887;-0.02068255251014502;10.003255612227571;0.7501557393944605;-0.007395026719131274;0.7256147552809512;0.007486275446396727;1.034626223714156;0.7256531393112676
31.145395;1.0341628954682947;0.7493835946036033;0.7246006151198202;-0.0213675956411374;-0.02065880578074226;10.003208448300779;0.75015469800604;-0.00739502652738848;0.7255996166465636;0.007463270552815504;1.0346350110669134;0.7256352498026497
31.848997;1.034190593376852;0.7493932180040829;0.7245892479464646;-0.021319484611727956;-0.02061182747898088;10.003160977076856;0.7501537161073429;-0.007395026323863444;0.7255763921673499;0.00741726568401517;1.0346557989752077;0.7256092325150424
32.552599;1.0342172145561532;0.7494025820372727;0.7245785253940006;-0.021273101138924982;-0.020566540406446242;10.00311329276965;0.7501527906157941;-0.007395026109646686;0.7255540980461821;0.0073722608456987665;1.0346765937686788;0.7255843399720485
33.2562;1.0342427614333016;0.749412001906071;0.7245687411400863;-0.021229430845935163;-0.020523897195183705;10.003065482634184;0.7501519186419171;-0.007395025885772021;0.7255317494427811;0.007331256043163903;1.0346954013257943;0.7255596069478885
33.959802;1.0342656356330184;0.7494209795376132;0.724560524756798;-0.021189280339036297;-0.02048470905005884;10.00301762825356;0.7501510974832514;-0.007395025653261934;0.7255113605562067;0.007293251281350615;1.034712227017393;0.7255370267192125
34.663404;1.03428618356835;0.7494290494435802;0.7245531747908973;-0.02115555900357154;-0.020451781289198674;10.002969805937129;0.7501503245995589;-0.007395025413116373;0.7254929446774356;0.007261246564839067;1.0347260756882883;0.7255166324494535
35.367006;1.0343040636958947;0.7494382943683358;0.7245489356851115;-0.02112701471095668;-0.020423909738018414;10.002922086122034;0.7501495975795174;-0.00739502516627963;0.7254765141997951;0.007233241897846218;1.034737951630714;0.7254984065109528
36.070608;1.0343189740186471;0.7494468609220523;0.7245462193529605;-0.02110267632770835;-0.02040016118494573;10.002874533242544;0.7501489140952496;-0.007395024913639473;0.7254610806358097;0.0072112372842392716;1.034746858586793;0.7254813711253191
37.070608;1.0343356796574958;0.7494546685491544;0.7245416015658596;-0.021076175738455705;-0.02037428543212754;10.002827206892967;0.7501482718743208;-0.0073950246560491656;0.7254456546641834;0.007186232727557908;1.0347567998178704;0.7254644390237039
38.070608;1.0343484673277865;0.7494626912068921;0.7245400200297034;-0.021058568571926867;-0.020357082453811282;10.002780163163553;0.7501476687054784;-0.007395024394329418;0.7254322461927717;0.007169228231053236;1.0347627782009285;0.7254497213097488
39.070608;1.0343576435244677;0.7494712119802361;0.724541526973283;-0.021045900122938457;-0.02034472290099102;10.002733455124169;0.7501471024175524;-0.007395024129252914;0.7254218643915875;0.007157223797725145;1.0347657963052765;0.7254381896972933
40.070608;1.0343645071393528;0.7494785212165861;0.7245435534671119;-0.021038677730384293;-0.02033767151118056;10.00268713289148;0.7501465708414605;-0.007395023861538551;0.7254125176963564;0.007150219430327302;1.0347668564480685;0.7254278456900857
41.070608;1.03436966911925;0.7494857715029423;0.7245467798311476;-0.02103423282421134;-0.02033333657694916;10.002641243605408;0.7501460718190338;-0.007395023591863818;0.7254052138702088;0.007146215131358117;1.0347659607526651;0.7254196707344167
42.070608;1.0343737802125554;0.7494930945322646;0.7245508719083116;-0.02103250419739748;-0.02033164615404298;10.00259583101989;0.7501456032192461;-0.007395023320886694;0.725397960094667;0.007144210903069784;1.0347641111820907;0.7254116560496033
43.070608;1.0343768429645819;0.7494998629699372;0.7245552163509908;-0.021031521024955938;-0.020330695081316703;10.00255093508419;0.7501451629345421;-0.007395023049257449;0.7253917629804922;0.007143206747486119;1.0347623095353984;0.7254047924144945
44.070608;1.034379812555608;0.7495067633545957;0.7245598028206953;-0.021031523220943545;-0.020330696554115485;10.002506592128988;0.750144748897258;-0.0073950227776089636;0.7253856285432743;0.007143202666420555;1.0347595574303152;0.725398080273837
45.070608;1.0343826915649854;0.7495134833124458;0.7245643230646646;-0.02103152536546161;-0.020330697990675266;10.002462835182692;0.7501443591214897;-0.007395022506527269;0.7253795622286204;0.007144198661503658;1.0347558562598387;0.7253915198003495
46.070608;1.0343854825291765;0.74952034004938;0.7245690777312808;-0.021032512878674556;-0.020331651972945924;10.002419694123706;0.7501439917595291;-0.0073950222365221285;0.7253735689809997;0.007144194734203524;1.0347532071667853;0.7253850913020047
47.070608;1.0343881879513177;0.7495270211677997;0.7245737592009379;-0.02103350034083649;-0.020332605919269817;10.002377196416875;0.7501436451523618;-0.007395021968028702;0.7253676533497826;0.007145190885824762;1.0347506110909674;0.7253788143690121
48.070608;1.0343898576517638;0.7495325299852936;0.7245780661187051;-0.02103326241929294;-0.02033239405281182;10.002335368212718;0.7501433178290846;-0.00739502170143092;0.725361819609742;0.007145187117503361;1.0347480688092168;0.7253726690800909
49.070608;1.0343923989782324;0.7495388668769529;0.7245825923137862;-0.02103424977944943;-0.02033334792791527;10.002294234482493;0.7501430084405775;-0.007395021437084518;0.7253570718193549;0.007146183430210988;1.0347445809112439;0.7253676747686448
50.070608;1.0343948613391685;0.7495447203973206;0.7245867326731107;-0.021034251670727783;-0.020333349186174965;10.002253818203112;0.7501427156811619;-0.007395021175343197;0.7253514138120569;0.007146179824766033;1.034742147801663;0.7253618113308791
51.070608;1.0343972466578604;0.7495507225033815;0.7245910934548027;-0.021035238931543982;-0.020334302991419726;10.002214139628105;0.7501424382661626;-0.007395020916562078;0.72534584919796;0.007147176301840469;1.0347397697659348;0.7253560977749083
52.070608;1.0343995568437225;0.7495562462382654;0.7245950640155139;-0.021035240724330256;-0.020334304180580604;10.002175215880914;0.7501421749818757;-0.007395020661063152;0.7253403813776155;0.0071471728619489526;1.0347374470404618;0.7253505136222201
53.070608;1.0344008411884182;0.7495609249190424;0.7245989528112682;-0.021035002553579076;-0.02033409214008315;10.002137060943168;0.7501419247629841;-0.007395020409100985;0.7253350135252609;0.00714716950541934;1.0347351798740945;0.7253450678611005
54.070608;1.0344030066605678;0.7495661299685014;0.7246027464004279;-0.021035004249861874;-0.020334093262122193;10.002099686106723;0.7501416867078559;-0.007395020160847596;0.7253297485594432;0.007147166232364542;1.0347329685308404;0.7253397595111737
55.070608;1.0344051024435128;0.7495711801256209;0.7246064496304849;-0.021035005898810428;-0.020334094351485;10.002063100478876;0.7501414600123145;-0.0073950199164108735;0.7253245891080193;0.007147163042682828;1.034730813189135;0.7253345874867819
56.070608;1.0344071303571456;0.7495760783880293;0.7246100616607227;-0.02103500750107707;-0.02033409540878513;10.002027311298297;0.7501412439287357;-0.007395019675903403;0.7253195374574191;0.007147159936088198;1.0347287138621684;0.7253295505998887
57.070608;1.0344090923159543;0.7495808277318753;0.7246135819071541;-0.021035009057299898;-0.020334096434649652;10.00199232390259;0.750141037816933;-0.007395019439503535;0.7253145955259528;0.0071471569121448015;1.0347266704017657;0.7253246475320695
58.070608;1.0344109902790195;0.7495857458251939;0.7246173143224324;-0.021035995986097445;-0.020335050011380768;10.001958141433036;0.7501408412238072;-0.0073950192074515395;0.7253097649005231;0.007147153970305013;1.034724682481327;0.7253198768043302
59.070608;1.0344128262088137;0.7495902059588895;0.7246206502262528;-0.0210359974520802;-0.020335050976352336;10.001924764936005;0.7501406539275586;-0.00739501898001945;0.725305046919029;0.007147151109967837;1.0347227496037552;0.7253152368037349
60.070608;1.0344146020965694;0.7495945257814989;0.7246238939607292;-0.021035998873855932;-0.02033505191192106;10.001892193929558;0.7501404759438033;-0.0073950187574879245;0.7253004427518335;0.007147148330529539;1.0347208712779712;0.7253107258764419
61.070608;1.0344163200035068;0.7495983934858881;0.7246267414439233;-0.021035014834029774;-0.020334100237179;10.00186042693706;0.7501403074818048;-0.007395018540116778;0.7252959534357366;0.007147145631393191;1.0347190472296388;0.725306342428324
62.070608;1.0344179820044246;0.7496024416099314;0.7246298015330033;-0.02103501616920054;-0.020334101116213057;10.00182946195337;0.7501401488256738;-0.007395018328120302;0.725291579850987;0.007147143011951701;1.034717277382037;0.7253020849674036
63.070608;1.0344195900481474;0.7496063582951453;0.7246327703126852;-0.021035017461954516;-0.02033410196817741;10.001799296455516;0.7501400001628598;-0.007395018121657054;0.7252873226963751;0.007147140471571218;1.0347155616401813;0.7252979520798775
64.070608;1.0344211458979757;0.7496101462844097;0.7246356482912238;-0.0210350187128705;-0.020334102793867676;10.001769926716651;0.7501398614630252;-0.007395017920825439;0.7252831825019855;0.00714713800958444;1.0347138997516707;0.7252939423819323
65.070608;1.0344226511961532;0.7496138081178706;0.7246384361654581;-0.0210350199225389;-0.02033410359404816;10.001741347572304;0.7501397325079184;-0.007395017725678747;0.7252791596587799;0.007147135625282213;1.0347122913399256;0.7252900544660149
66.070608;1.0344241075094944;0.7496173461540372;0.7246411347847009;-0.021035021091574898;-0.02033410436943969;10.001713553189521;0.7501396130074255;-0.007395017536261137;0.7252752544393171;0.0071471333178933305;1.0347107359594074;0.725286286847849
67.070608;1.034425516299351;0.7496207626070609;0.7246437450816132;-0.021035022220603977;-0.02033410512070039;10.001686537912049;0.7501395026545069;-0.00739501735262444;0.7252714670029586;0.0071471310865742375;1.0347092331008936;0.7252826379639578
68.070608;1.0344268789151003;0.7496240595654257;0.7246462680529545;-0.021035023310231517;-0.020334105848399984;10.001660296754837;0.750139401126911;-0.007395017174808229;0.7252677973845155;0.007147128930418138;1.034707782217441;0.7252791062344518
69.070608;1.034428196605519;0.7496272390262901;0.7246487047744989;-0.021035024361034244;-0.020334106553000483;10.001634825764222;0.7501393081058394;-0.007395017002806271;0.7252642454537845;0.00714712684846029;1.034706382774716;0.7252756901099243
70.070608;1.0344294704935253;0.7496303029793127;0.7246510563864966;-0.021035025373578146;-0.020334107234859004;10.00161012211716;0.7501392232853652;-0.007395016836554072;0.7252608108576913;0.0071471248396801365;1.0347050342647313;0.7252723880602229
71.070608;1.0344307016099579;0.7496332534646231;0.7246533240575146;-0.021035026348431147;-0.020334107894263775;10.001586183893172;0.7501391463853551;-0.007395016675966475;0.7252574930300781;0.007147122903014766;1.0347037361961315;0.725269198565367
72.070608;1.0344318910370538;0.7496360925699928;0.7246555089450887;-0.0210350272861616;-0.020334108531482643;10.001563009513621;0.750139077208826;-0.007395016520987324;0.725254291293514;0.007147121037370448;1.0347024880815852;0.7252661201238314
73.070608;1.0344330399951258;0.7496388224350448;0.7246576121609875;-0.021035028187337226;-0.020334109146788317;10.001540596946976;0.7501390156680912;-0.007395016371586275;0.7252512049351741;0.007147119241617139;1.0347012894037395;0.72526315123683
74.070608;1.0344341497284866;0.7496414452702412;0.7246596347699109;-0.021035029052517355;-0.02033410974046068;10.001518943215583;0.7501389617348311;-0.007395016227720117;0.7252482331841417;0.007147117514575465;1.0347001396111168;0.7252602903727925
75.070608;1.0344352213213368;0.749643963336699;0.7246615777905072;-0.021035029882242904;-0.02033411031278277;10.001498044308038;0.7501389153857225;-0.007395016089319012;0.7252453751259942;0.007147115855020739;1.0346990381809373;0.725257535928933
76.070608;1.0344362556312672;0.7496463788807876;0.7246634422044838;-0.02103503067706534;-0.02033411086403357;10.0014778951068;0.750138876551369;-0.007395015956307846;0.7252426296179159;0.007147114261714337;1.0346979846486002;0.7252548862036907
77.070608;1.0344372533139388;0.7496486940935444;0.7246652290657766;-0.02103503143759946;-0.02033411139448582;10.001458489315793;0.7501388450437501;-0.007395015828628822;0.7252399952556906;0.007147112733440643;1.0346969785274098;0.7252523393979471
78.070608;1.034438214865312;0.7496509111189043;0.7246669396202994;-0.021035032164532327;-0.020334111904407995;10.00143981966354;0.7501388205286317;-0.007395015706249512;0.7252374703907686;0.007147111269016428;1.0346960191959291;0.725249893643727
79.070608;1.034439140673472;0.7496530320294731;0.7246685752804309;-0.021035032858597254;-0.020334112394066677;10.001421878307385;0.750138802573449;-0.00739501558915241;0.725235053184185;0.007147109867268916;1.0346951058244924;0.7252475470531917
80.070608;1.034440031045448;0.7496550587788243;0.7246701375410853;-0.021035033520569818;-0.02033411286374532;10.00140465709813;0.7501387906870405;-0.007395015477300542;0.7252327416968867;0.007147108527005333;1.034694237343927;0.7252452977635917
81.070608;1.0344408861936258;0.7496569932389632;0.7246716279510168;-0.021035034151270036;-0.02033411331377164;10.001388147500245;0.7501387843024416;-0.00739501537061035;0.7252305339768063;0.007147107246982858;1.034693412495409;0.7252431439576599
82.070608;1.0344417062299285;0.7496588373028545;0.724673048121453;-0.021035034751545254;-0.02033411374451247;10.001372340013699;0.750138782771872;-0.007395015268961172;0.7252284280830633;0.0071471060258878625;1.0346926299662755;0.7252410838745794
83.070608;1.0344424912318169;0.7496605929367313;0.7246743997437359;-0.021035035322263855;-0.020334114156328915;10.001357223546357;0.7501387854250653;-0.00739501517221094;0.7252264220509498;0.007147104862337976;1.0346918885365481;0.7252391158154398
84.070608;1.03444324135259;0.7496622621657195;0.7246756845797326;-0.021035035864319467;-0.020334114549547828;10.001342785680801;0.750138791633251;-0.007395015080194449;0.7252245138677164;0.0071471037548966046;1.034691187132384;0.7252372381250596
85.070608;1.034443956866978;0.749663847055626;0.7246769044335746;-0.021035036378627383;-0.020334114924481138;10.001329013613686;0.7501388008137905;-0.007395014992735703;0.7252227014777942;0.007147102702088592;1.0346905247283489;0.7252354491567349
86.070608;1.0344446381379773;0.7496653497224403;0.724678061142387;-0.021035036866116165;-0.020334115281451983;10.001315894625384;0.7501388124068668;-0.007395014909671446;0.7252209827615947;0.00714710170242281;1.0346899002251413;0.7252337472438842
87.070608;1.034445285567197;0.7496667723759756;0.724679156553072;-0.02103503732770476;-0.02033411562079273;10.00130341580222;0.7501388258608559;-0.007395014830846826;0.7252193554646336;0.007147100754423422;1.0346893124545444;0.7252321306880188
88.070608;1.0344458995533827;0.7496681173520192;0.72468019248434;-0.021035037764279802;-0.020334115942833388;10.001291563697476;0.7501388406047504;-0.007395014756099983;0.7252178171338377;0.007147099856655608;1.0346887602379726;0.7252305977773742
89.070608;1.0344464804553615;0.7496693870560227;0.7246811707186185;-0.021035038176705868;-0.020334116247914296;10.00128032439656;0.7501388560635357;-0.007395014685270676;0.7252163651565458;0.0071470990077325365;1.0346882423682853;0.7252291468295546
90.070608;1.0344470285897236;0.7496705838950675;0.7246820930246599;-0.02103503856583712;-0.020334116536414336;10.001269683643494;0.750138871742046;-0.007395014618231158;0.7252149968915731;0.007147098206311543;1.034687757542573;0.7252277761763333
91.070608;1.034447544341797;0.7496717103020895;0.7246829611902141;-0.021035038932486785;-0.020334116808753272;10.001259626772812;0.7501388872491055;-0.007395014554909739;0.7252137097333459;0.007147097451082842;1.0346873043500913;0.725226484034665
92.070608;1.0344480283446813;0.7496727687632646;0.7246837770346526;-0.021035039277402395;-0.0203341170653641;10.001250138812116;0.7501389022544401;-0.007395014495272727;0.7252125010460967;0.007147096740732034;1.034686881328102;0.7252252683854354
93.070608;1.034448481540682;0.749673761789234;0.7246845424063424;-0.021035039601299862;-0.02033411730666824;10.00124120477776;0.7501389165113163;-0.007395014439280847;0.7252113680860991;0.0071470960738887705;1.0346864870048698;0.7252241269858899
94.070608;1.034448905115497;0.7496746918882735;0.7246852592020143;-0.021035039904913868;-0.02033411753307529;10.001232809810974;0.7501389299371661;-0.00739501438687091;0.7252103079903758;0.007147095449106923;1.0346861198871469;0.7252230574211173
95.070608;1.0344493004316457;0.7496755615683426;0.7246859293818207;-0.021035040189018944;-0.020334117745004796;10.00122493915284;0.7501389426256856;-0.007395014337960882;0.7252093178026601;0.0071470948648779085;1.0346857784325736;0.7252220571133865
96.070608;1.0344496689372533;0.7496763733812357;0.7246865549543298;-0.02103504045442701;-0.020334117942916386;10.001217577792563;0.7501389547443958;-0.007395014292445009;0.7252083944948627;0.00714709431963113;1.034685461062595;0.7252211233381559
97.070608;1.0344500120497497;0.7496771299714093;0.7246871379682529;-0.021035040701966948;-0.02033411812733558;10.001210709448381;0.750138966411858;-0.0073950142501800955;0.7252075349621172;0.007147093811701181;1.0346851662052161;0.7252202532297691
98.070608;1.0344503311298159;0.7496778340696529;0.724687680513417;-0.02103504093246205;-0.020334118298865292;10.001204315180752;0.7501389776474042;-0.007395014210982092;0.7252067359756714;0.007147093339293851;1.0346848923341294;0.7252194437594737
99.070608;1.034450627528867;0.7496784884624759;0.7246881847191657;-0.021035041146740062;-0.0203341184581816;10.001198372570355;0.7501389883793608;-0.007395014174642299;0.7252059941191574;0.007147092900486315;1.0346846380214136;0.7252186917265915
100.0;1.034450902618088;0.7496790959948795;0.7246886527786576;-0.021035041345677147;-0.020334118606018133;10.0011928562012;0.75013899849707;-0.007395014140951151;0.7252053058061306;0.007147092493257011;1.0346844019751655;0.725217993759084
