time;BusPDR_BUS_Voltage;BusPDR_BUS_ActivePower;BusPDR_BUS_ActiveCurrent;BusPDR_BUS_ReactivePower;BusPDR_BUS_ReactiveCurrent;InfiniteBus_BUS_NetworkFrequencyPu;StepUp_Xfmr_XFMR_Tap;Wind_Turbine_GEN_ActivePowerSetpointPu;Wind_Turbine_GEN_ReactivePowerSetpointPu;Wind_Turbine_GEN_AVRSetpointPu;Wind_Turbine_GEN_InjectedActiveCurrent;Wind_Turbine_GEN_InjectedReactiveCurrent;Wind_Turbine_GEN_MagnitudeControlledByAVRPu;Wind_Turbine_GEN_InjectedCurrent;NetworkFrequencyPu
0.0;1.0442893026409683;0.7500316510052464;0.7182064401454524;-3.2125722865199314e-07;-3.579488729035143e-07;1.00007029106341;9.999188869438546;0.7501620544362695;0.012605752303922533;0.012604545079001214;0.7180221814420673;-0.012801956866754142;1.0450355969667107;0.7180048973980897;0.9999656131057666
0.0;1.0442885059316807;0.7500317395456205;0.7182068489791117;-3.2108766953516784e-07;-3.5794623687614944e-07;1.0000704321328548;9.999185195725282;0.7501621304040462;0.012605754866168115;0.012604541037793633;0.7180223862947364;-0.012801956669740957;1.045035432942036;0.7180044107723614;0.9999655235955448
3.4e-05;1.044287648044122;0.7500318349001299;0.7182072892947218;-3.2090507999826737e-07;-3.579434439703271e-07;1.0000705844069042;9.999181239112062;0.7501622121802808;0.012605757630187871;0.012604536683133412;0.7180226067915966;-0.012799956457439508;1.0450352560204332;0.7180038509103109;0.9999654272077246
6.8e-05;1.0442867257549304;0.7500319373652697;0.7182077628690569;-3.207087555762321e-07;-3.579405170207286e-07;1.000070748801256;9.999176984891834;0.7501622999574109;0.012605760612350707;0.012604531994484079;0.7180228437715788;-0.012798956228848166;1.0450350653063976;0.7180032692493729;0.9999653236292794
0.000136;1.0442857362108569;0.7500320471459732;0.718208271400989;-3.204980554631869e-07;-3.579374755935527e-07;1.0000709261943286;9.999172419966456;0.7501623937383615;0.012605763830676976;0.012604526952956403;0.7180230980185135;-0.012795955982990955;1.045034860033143;0.718002610638517;0.9999652126601596
0.000272;1.0442846768241565;0.750032164462262;0.718208816540738;-3.2027238574182914e-07;-3.5793434448671255e-07;1.0000711174252486;9.999167531396262;0.7501624933697;0.012605767305257766;0.012604521542468165;0.7180233702048618;-0.01279095571892358;1.045034639594474;0.7180018736918364;0.9999650940663242
0.000545;1.0442835451860915;0.7500322895818722;0.7182093998355392;-3.2003120494289173e-07;-3.5793116815737854e-07;1.0000713232948537;9.999162306192197;0.7501625986242729;0.012605771057503235;0.012604515749659392;0.7180236608479448;-0.012780955435729904;1.045034403534612;0.718001003823197;0.9999649673752203
0.00109;1.0442813852716368;0.7500320518746706;0.7182103232989606;-1.1000350292467248e-06;-1.104987136067957e-06;1.0000715445644843;9.999156731717216;0.7501627092513828;0.012605775108764716;0.012604509563415477;0.7180239703115286;-0.012760955132520502;1.0450331514808173;0.7179999112976689;0.9999648318216136
0.001635;1.0442798017791757;0.750032291447001;0.7182112875314015;-2.780762416697718e-06;-2.7144547212712957e-06;1.000071781951282;9.999150795510603;0.7501628249915615;0.012605779479115908;0.012604502974943962;0.7180242988457949;-0.01274095480844427;1.045032883053147;0.7179987733591884;0.9999646864148198
0.002179;1.0442774864225857;0.750031074373152;0.7182113398570719;-3.874709942640628e-06;-3.762130691430484e-06;1.0000720360843394;9.999144485093652;0.7501629455982007;0.012605784186156519;0.012604495977683167;0.7180236466203538;-0.012721954462703428;1.045031597853284;0.7179966070197016;0.9999645300099619
0.002724;1.0442750904923461;0.7500301799369501;0.7182117356028243;-5.964768181528632e-06;-5.763550796475128e-06;1.0000723074706779;9.999137788236448;0.7501630708918977;0.012605789244460949;0.012604488566573493;0.7180230137300843;-0.012702954094571868;1.0450302955291182;0.7179943935765547;0.9999643613912698
0.003269;1.04427261239523;0.7500296082800251;0.7182124756956138;-9.050933709346538e-06;-8.71871481808215e-06;1.0000725965178496;9.999130693126803;0.7501632008351423;0.012605794666341654;0.012604480737739806;0.7180224002429344;-0.012684953703426344;1.0450289758245548;0.7179921499672194;0.9999641793454795
0.004359;1.0442678425742067;0.7500274057143974;0.7182132084994902;-1.5692533127843814e-05;-1.5078087720508155e-05;1.0000729035809417;9.999123188176162;0.7501633355766479;0.012605800463092856;0.012604472488623031;0.7180208062578254;-0.012650953288764226;1.0450256386194796;0.7179885757949569;0.9999639826421206
0.005449;1.0442629877249126;0.7500235337992475;0.7182123798157957;-2.3958153076542385e-05;-2.2992445260215264e-05;1.000073229009791;9.99911526182876;0.7501634754421009;0.01260580664595996;0.012604463817838389;0.718018231872377;-0.012618952850169254;1.0450212839547588;0.7179839885563755;0.9999637699540728
0.007628;1.0442523759132698;0.7500144401024795;0.7182104877841158;-4.341970821419618e-05;-4.16267429262764e-05;1.0000735731803116;9.999106902385037;0.7501636208975205;0.012605813226614757;0.012604454725246817;0.7180116771322312;-0.012560952387256016;1.0450119119823607;0.7179748971956257;0.9999635398359276
0.009807;1.0442407227285369;0.7500016278151679;0.7182057293796495;-6.690919820846042e-05;-6.411806858994061e-05;1.0000739365085944;9.999098097598946;0.7501637725010314;0.012605820216442251;0.012604445212329486;0.7180031420587886;-0.012510951899650144;1.0450015228930802;0.7179638984553381;0.9999632908000416
0.011987;1.0442286801135054;0.7499882400844159;0.7182006657538502;-9.338921776462543e-05;-8.9473238767579e-05;1.000074319444407;9.999088834682135;0.7501639308442943;0.012605827625162111;0.012604435282306556;0.7179946267086927;-0.012469951386994773;1.0449891169296304;0.7179530071084481;0.9999630214250542
0.014166;1.0442143394183139;0.7499712830839774;0.7181937424731207;-0.0001207495036643003;-0.00011567200993621219;1.000074722419811;9.999079100835177;0.7501640964838275;0.01260583546077131;0.012604424940029028;0.7179851312103473;-0.012435950848950189;1.044976694434291;0.7179411866778289;0.999962730410805
0.016346;1.0442008614504277;0.74995402332644;0.7181859137151068;-0.00014863907076726477;-0.00014237807641967785;1.000075145817226;9.999068883199266;0.7501642698591579;0.012605843730905892;0.012604414191271791;0.7179766557993984;-0.012408950285178463;1.044964255775679;0.7179304354497422;0.9999624165530199
0.018525;1.0441872916694963;0.7499367721280448;0.7181781336292755;-0.00017652800598249856;-0.00016908413711316203;1.0000755900212297;9.999058168481724;0.7501644512175162;0.012605852443645892;0.012604403041185567;0.7179682008393662;-0.01238794969532264;1.044951801203208;0.7179197350963851;0.9999620786979526
0.020705;1.0441745833189744;0.7499199003809993;0.7181701018914272;-0.00020363628424874223;-0.00019504312063348982;1.0000760554293924;9.99904694351275;0.7501646406026337;0.012605861607043183;0.012604391493370854;0.7179607667347854;-0.012372949079011084;1.0449393308314556;0.7179100845594195;0.9999617157596727
0.022884;1.044161782411094;0.7499034054878452;0.7181624719866895;-0.0002284379595363509;-0.00021879399041545704;1.0000765423291154;9.999035196251818;0.7501648379257616;0.012605871228504208;0.012604379550190664;0.7179543537848585;-0.012362948435897005;1.0449278447608017;0.7179014659134585;0.9999613267762376
0.025064;1.0441498426679063;0.7498876040474135;0.7181548914953647;-0.00025345517785663115;-0.0002427515220960763;1.0000770507930192;9.999022916060353;0.7501650430384318;0.012605881314590664;0.01260436721312163;0.7179489621447529;-0.01235794776569559;1.0449173431524736;0.7178938786089633;0.9999609109018287
0.029422;1.0441302324283424;0.7498611727985136;0.7181423836699072;-0.00029379105027395623;-0.00028137993644981424;1.000077580695534;9.99901009343228;0.7501652557419948;0.012605891871293818;0.01260435448326822;0.7179395918701251;-0.012356947068186496;1.0448998261837783;0.7178823057338699;0.999960467349494
0.033781;1.0441149462643977;0.7498407040314795;0.7181325898145067;-0.0003250790439141356;-0.0003113443049676372;1.0000781317308456;9.998996719753402;0.7501654757602304;0.012605902905084601;0.012604341362391025;0.7179332429196974;-0.012366946343193984;1.044885293978655;0.7178738665465095;0.999959995404727
0.03814;1.044101776605436;0.7498262360801072;0.7181270646903206;-0.00034925039296785905;-0.00033449394615870444;1.0000787033863772;9.998982787153173;0.7501657027399592;0.012605914423636061;0.012604327853822225;0.7179309151347326;-0.012382945590579402;1.0448747465965889;0.7178694750603457;0.9999594944860761
0.042499;1.0440932328446935;0.7498179469131276;0.7181242537666408;-0.0003636903516954168;-0.0003483238283788414;1.0000792949787978;9.998968288558677;0.7501659363280273;0.012605926435263901;0.012604313963286201;0.7179306082584294;-0.012402944810256954;1.0448671841085158;0.7178670975236293;0.99995896413847
0.046858;1.0440871077239189;0.7498132009690864;0.7181231512507016;-0.00037226743242407004;-0.0003565387949726465;1.0000799057366372;9.9989532179414;0.7501661762956404;0.012605938947697742;0.01260429969903512;0.7179313219676202;-0.012422944002210673;1.044863606716272;0.7178656654343532;0.9999584040149765
0.051217;1.0440828010001164;0.7498122481849832;0.7181244096602426;-0.00037504118053548115;-0.0003591959622755998;1.0000805348230195;9.998937570369574;0.750166422597861;0.01260595196647717;0.012604285071416184;0.7179330558953299;-0.012441943166490527;1.0448610147848416;0.7178651618657248;0.9999578139317095
0.055576;1.0440799610770977;0.7498144681768399;0.7181276770776227;-0.0003727320414668624;-0.00035698530545604206;1.000081181321671;9.998921341944866;0.7501666752866104;0.012605965493633929;0.012604270093362157;0.7179358096442668;-0.01245794230318568;1.044861408777216;0.7178655525741582;0.9999571939106158
0.064294;1.0440801959149206;0.7498203865294486;0.7181323515244775;-0.0003644649707071485;-0.00034906837068385656;1.0000818442516959;9.998904530352966;0.7501669343533505;0.012605979527764257;0.012604254780991732;0.7179395827657635;-0.012480941412397091;1.0448647892386616;0.7178670117581633;0.9999565441490352
0.073011;1.0440822523836173;0.7498277385148486;0.7181371259885926;-0.00035332819778470303;-0.00033840291480434563;1.0000825226155685;9.998887135742129;0.7501671996554512;0.01260599406528977;0.01260423915328481;0.7179433747575417;-0.012491940494232391;1.0448691568258406;0.7178682101886692;0.999955864981363
0.081729;1.044082316983829;0.7498330493067251;0.7181412950143663;-0.0003430689442647636;-0.00032857847653673363;1.0000832154324582;9.998869160653996;0.7501674709798283;0.01260600910189221;0.012604223231762053;0.7179451851245392;-0.012492939548818157;1.044872512257442;0.7178671833974475;0.9999551568290522
0.090447;1.044081998500187;0.7498367901893315;0.7181442039936522;-0.00033611413376764793;-0.0003219184591952544;1.0000839216889312;9.998850609110328;0.7501677481603112;0.012606024633480765;0.01260420704057524;0.717946013443747;-0.012488938576328027;1.0448748562678338;0.717865019301184;0.9999544200630125
0.099165;1.044079391656923;0.7498382197152562;0.7181464531503152;-0.0003340235739651734;-0.00031991703849735664;1.0000846402632628;9.998831486262393;0.7501680311360154;0.012606040656262505;0.012604190606700032;0.7179468594030807;-0.01248193757703213;1.0448751896650639;0.7178627538642617;0.9999536548483297
0.107882;1.0440757534044656;0.7498376109844868;0.7181474401965304;-0.0003343367135594245;-0.00032021764418289266;1.0000853699266616;9.99881179873841;0.7501683199698729;0.01260605716537744;0.012604173959264957;0.7179467228001525;-0.012474936551324707;1.0448745134076844;0.7178594407952275;0.999952861114847
0.1166;1.0440707861836886;0.7498357440264732;0.7181481171740951;-0.00033742432628915115;-0.00032317541263438096;1.0000861093740925;9.998791554626314;0.7501686148735359;0.012606074153466944;0.012604157127137342;0.7179466034762445;-0.012468935499696394;1.0448728286210098;0.7178560987253235;0.9999520386421423
0.134036;1.0440638403167055;0.7498324643155818;0.7181487835440532;-0.0003433815869597244;-0.00032888170628143324;1.0000868571961645;9.998770762960916;0.7501689161698548;0.012606091611235503;0.01260414013642308;0.7179465012549648;-0.012461934422695659;1.044869136545362;0.7178526943863015;0.9999511871927346
0.151471;1.0440580814730336;0.74983240231833;0.7181516978084348;-0.00034923844946439754;-0.0003344915070441359;1.0000876118073128;9.998749433360299;0.750169224200198;0.01260610952862158;0.01260412301029156;0.7179484159441913;-0.012458933320914434;1.0448654384551892;0.7178513158112394;0.9999503066585206
0.168907;1.0440522592720018;0.7498317235577319;0.7181540487836401;-0.00035310327080221253;-0.00033819380185769784;1.0000883714233502;9.998727576457695;0.7501695392728662;0.012606127894804569;0.0126041057707805;0.7179503473248265;-0.012457932194995407;1.044862735620237;0.717849930237512;0.9999493971044349
0.203778;1.0440454240464596;0.749833304942514;0.7181592451677254;-0.0003591121031093794;-0.0003439495025766664;1.000089134119012;9.998705204991746;0.7501698616699783;0.012606146698006564;0.012604088440719223;0.7179532951133003;-0.012453931045656924;1.0448600293435697;0.7178494526230256;0.9999484586740199
0.238649;1.0440388345237237;0.749833803605245;0.7181632214428653;-0.00036375411667719464;-0.0003483962997334465;1.000089897888447;9.998682334224645;0.7501701916913577;0.012606165925889916;0.01260407104462582;0.7179572589683372;-0.0124479298737103;1.0448563210171;0.7178499024118896;0.999947491515725
0.308391;1.044029033051915;0.749834240284328;0.7181693333941805;-0.00037540421693900677;-0.0003595550738583889;1.0000906606453146;9.998658981267061;0.7501705296863896;0.012606185565849392;0.012604053608264738;0.7179622385131829;-0.012436928680056872;1.0448496121205848;0.7178512299574654;0.9999464957932706
0.447875;1.044014718488992;0.7498345651597234;0.7181784291107484;-0.00039855021645202396;-0.00038172403603306554;1.0000914201516697;9.99863516439383;0.7501708760094998;0.012606205604462248;0.012604036157763801;0.717970233345273;-0.012415927465685287;1.0448379041812477;0.717855351220474;0.9999454716858172
0.587359;1.0440003644898537;0.7498352684509291;0.7181879033830872;-0.0004193897928959802;-0.00040168478647602225;1.000092173909869;9.998610902867451;0.7501712309550123;0.012606226026873673;0.012604018719658015;0.7179792430214958;-0.012395926231684215;1.0448261987266294;0.7178604599497309;0.9999444194043268
0.866328;1.0439776938092127;0.7498356318602182;0.7182027609456881;-0.00045882681609062353;-0.00043945867731618506;1.000092919098696;9.998586216890756;0.7501715947779335;0.0126062468169321;0.012604001322152038;0.717993266962382;-0.012358924979258706;1.0448064972556954;0.717870248393999;0.999943339300386
1.145296;1.0439566028800005;0.7498372118169199;0.7182176892856791;-0.0004960776300180572;-0.0004751395699337833;1.0000936526225033;9.998561127911648;0.7501719677511826;0.012606267957357533;0.012603983996699;0.7180073043415716;-0.012324923709722603;1.0447878012189769;0.7178800661951595;0.9999422319272541
1.424265;1.0439367462093887;0.7498374497111829;0.7182304772976827;-0.0005291888648110362;-0.0005068567120713488;1.0000943711934192;9.99853565933041;0.750172350168861;0.01260628942948054;0.012603966778942476;0.7180193540849437;-0.012294922424480093;1.044771111957391;0.7178879338164788;0.9999410979436886
1.982202;1.043904478431779;0.7498378982693426;0.7182519971833581;-0.0005883664857161704;-0.0005635444960046171;1.000095071296236;9.998509836479448;0.7501727423588336;0.012606311212265738;0.012603949709204596;0.7180414149338331;-0.01223892112503366;1.0447404306431727;0.717905340737786;0.999939938009683
2.540139;1.0438772757199284;0.7498398503619739;0.7182714719996396;-0.0006376653020913072;-0.0006107713521601308;1.0000957490637825;9.998483685795888;0.750173144742022;0.012606333280748911;0.012603932832473333;0.7180594854499807;-0.012192919813014153;1.0447157582873334;0.7179189094268714;0.9999387527765277
3.098076;1.043853291173023;0.7498393511240016;0.7182863862955247;-0.0006775605934316966;-0.0006489923044890566;1.000096400202768;9.998457234331532;0.7501735578513777;0.012606355605489748;0.012603916196953717;0.7180735639864385;-0.012155918490214041;1.0446950958183219;0.7179286251995636;0.9999375429068923
4.098076;1.04382419962693;0.7498402040855164;0.7183061108817483;-0.0007307182903904449;-0.000699920048709571;1.0000970200482995;9.99843050998027;0.7501739822958834;0.012606378153427833;0.012603899851828141;0.7180936487211685;-0.012105917158610808;1.0446674442233692;0.7179441185348346;0.9999363090823431
4.998076;1.043805976068182;0.7498416764975397;0.718318960080358;-0.000761637055792049;-0.0007295429331999085;1.0000976036893572;9.99840354230294;0.7501744187222777;0.012606400888734246;0.012603883846473037;0.7181047376976494;-0.012077915820359053;1.044651804664696;0.7179509870244037;0.9999350519993793
5.898076;1.0437925568522297;0.7498411821445626;0.7183266302499909;-0.0007800109316468302;-0.0007471480803974892;1.0000981460249043;9.998376363695028;0.7501748677849237;0.01260642377293369;0.01260386823195983;0.7181128287960216;-0.012059914477763476;1.044642178462631;0.7179550309219418;0.9999337723691811
6.798076;1.043783653285655;0.7498420633312467;0.7183325247226697;-0.0007908763801725126;-0.0007575589123218598;1.0000986417156716;9.998349010476659;0.7501753301294111;0.012606446764688313;0.01260385306309877;0.718116919719243;-0.012050913133276739;1.0446365670251794;0.7179552385673057;0.9999324709590357
7.698076;1.0437779720405618;0.7498430135577956;0.718336285875734;-0.0007947365698308517;-0.0007612580652614734;1.0000990850954443;9.998321523512937;0.750175806396831;0.012606469820026178;0.012603838399095365;0.7181200080403914;-0.012046911789524951;1.0446339718994195;0.717954548196466;0.999931148620402
8.598076;1.0437730179399178;0.7498431693329288;0.7183388074287301;-0.0007955149793706416;-0.0007620050893992956;1.0000994701077468;9.998293948151744;0.7501762972121547;0.01260649289337245;0.012603824303028057;0.7181210912176518;-0.01204591044932723;1.0446323949241807;0.7179519328099631;0.9999298062277061
9.498076;1.0437700598482473;0.7498440570720205;0.7183406834962417;-0.000794735158821613;-0.0007612582702359251;1.0000997903079902;9.998266334410458;0.7501768031176609;0.01260651593835425;0.012603810841506838;0.7181221665414621;-0.012046909115697849;1.0446328383493646;0.7179493822914582;0.9999284446164062
10.398076;1.0437669049956317;0.7498440879144305;0.7183419056403749;-0.0007926484844665042;-0.0007592599779438015;1.000100038869822;9.998238737837598;0.7501773244905563;0.012606538907146045;0.01260379808496851;0.7181222310833179;-0.012049907791836708;1.0446333048725087;0.71794590424991;0.999927064571311
11.298076;1.0437651247312014;0.7498446907787154;0.7183427669154197;-0.000789098031859207;-0.0007558587856941589;1.0001002085274637;9.99821121893036;0.7501778615173026;0.012606561749073677;0.012603786108141082;0.7181222816640661;-0.01205290648111482;1.044634797588687;0.7179424729360677;0.9999256668147954
12.298076;1.0437634818299388;0.7498462710174296;0.7183445117918555;-0.0007852336818622107;-0.0007521569287242166;1.0001002915636208;9.998183840939689;0.7501784142522206;0.012606584409895158;0.012603774990367477;0.7181223148171116;-0.012055905187074348;1.0446353199029463;0.7179390967361583;0.9999242520456774
13.298076;1.0437610405694555;0.7498464632331956;0.7183455235438905;-0.0007824624466499553;-0.0007495026753173437;1.0001002799157868;9.998156669500009;0.7501789827268016;0.012606606831757542;0.012603764815933316;0.7181223267636224;-0.012058903913462107;1.0446368754748436;0.7179357845316091;0.9999228210584516
14.298076;1.043758773563256;0.7498466308246778;0.7183464440977136;-0.0007796912617156421;-0.0007468484284220698;1.0001001652237174;9.998129774446868;0.7501795669978155;0.012606628953187898;0.012603755674648349;0.7181223134056819;-0.012060902664282523;1.0446374682233759;0.7179325289932396;0.9999213748423433
15.298076;1.0437567007561823;0.7498470845037961;0.7183475623881742;-0.0007779159199146796;-0.000745147917188595;1.0000999387228033;9.998103230875325;0.7501801670802396;0.012606650709332208;0.01260374766239625;0.7181222703545485;-0.012062901443830074;1.044638102426842;0.7179293570257865;0.9999199145656086
16.298076;1.0437548433175723;0.749847820894784;0.7183488658282181;-0.0007771364304991705;-0.000744401142178201;1.0000995911359867;9.998077119206409;0.7501807828789517;0.012606672032480238;0.012603740881148412;0.7181231930168019;-0.012063900256680317;1.0446387828751367;0.7179272624657022;0.9999184415012444
17.298076;1.0437522699942339;0.749847523921526;0.7183497398262096;-0.0007751446001093196;-0.0007424938488751745;1.0000991126514647;9.998051525612771;0.7501814142211131;0.012606692851786531;0.01260373543853821;0.7181230766675825;-0.012064899107668175;1.0446385149274702;0.7179242738283323;0.9999169570506246
18.298076;1.0437509121030297;0.7498485010381258;0.7183510716128695;-0.000775361052748077;-0.0007427008192248723;1.000098492909399;9.998026542275067;0.7501820609645213;0.012606713092260965;0.012603731447594826;0.7181239164235367;-0.0120648980018893;1.0446383044303422;0.7179223861635768;0.9999154628297116
19.298076;1.0437488875056034;0.7498484373191195;0.7183519444361803;-0.0007743651808005276;-0.0007417472726481342;1.0000977209323487;9.998002266517497;0.7501827230849966;0.012606732674139198;0.012603729027365772;0.7181247071440524;-0.012065896944712289;1.04463915761675;0.7179206460703746;0.9999139606659464
19.999996;1.0437471767748583;0.7498486413210954;0.7183529434095011;-0.0007743651950907204;-0.0007417474647169458;1.0000967850031188;9.997978799228852;0.7501834006857568;0.012606751512481106;0.01260372830394417;0.7181254433620158;-0.012065895941783677;1.0446390810725952;0.7179190335039581;0.9999124525415992
19.999996;1.0437458083674827;0.7498487949527302;0.7183537509930146;-0.0007743653149195136;-0.000741747666856376;1.0000956725271493;9.99795624411509;0.7501840939658339;0.012606769516769565;0.012603729410498279;0.7181261192667926;-0.012065894999042164;1.0446390817567597;0.7179175795905175;0.9999109405688777
20.079996;1.0437448117996502;0.749848893499725;0.718354349838822;-0.0007743655478916964;-0.0007417478793750008;1.0032943705876372;9.997934714208448;0.7501848031179882;0.012606786609834032;0.012603732499466943;0.718126728911263;-0.012065894122651686;1.0446391675243165;0.7179162982851149;1.0031094273817402
20.159996;1.0437442146388671;0.7498489305832432;0.7183547247162302;-0.0007743658977004591;-0.0007417481010485949;1.006492869008801;9.99791436293503;0.7501855267175184;0.01260680277523008;0.012603737759991277;0.718127267143717;-0.012065893319232603;1.0446393498648086;0.7179152008842437;1.0063079174886356
20.249996;1.0437440381922096;0.7498488988526659;0.7183548675762552;-0.0007743663622792718;-0.0007417483268233132;1.0089761655164016;9.99789540510519;0.7501862585147316;0.012606818046644678;0.012603745379347914;0.7181277306320001;-0.012065892596723691;1.0446396454319082;0.7179142981862942;1.008791417603607
20.249996;1.0437442946324749;0.7498487948206212;0.7183547786744879;-0.0007743669357892351;-0.0007417485488042438;1.0100892682940037;9.997878053143095;0.7501869871833363;0.012606832363137012;0.01260375546463576;0.7181281176731809;-0.012065891964406023;1.0446400669814302;0.7179136057179001;1.0099049351318867
20.329746;1.0437449830680812;0.7498486215814053;0.7183544602268961;-0.0007743676112257048;-0.0007417487607449666;1.010087192616497;9.997862458537975;0.7501876994341636;0.012606845426400217;0.012603768002475887;0.7181284269979787;-0.012065891432372983;1.044640610490089;0.7179131418348276;1.009903481088959
20.409496;1.0437460872916249;0.7498483857747326;0.7183539132446054;-0.0007743683808340414;-0.0007417489586120765;1.0100849558651817;9.997848778816122;0.7501883828024906;0.0126068567573738;0.012603782834063267;0.7181286551298854;-0.012065891012675968;1.0446412555884135;0.7179129208161519;1.0099020760664956
20.568996;1.0437475830736638;0.7498480960573024;0.7183531420436441;-0.000774369235517048;-0.0007417491384598142;1.0100825792102313;9.997837234015797;0.7501890285103691;0.012606865880678253;0.012603799639698801;0.7181287930264988;-0.01206589071923581;1.0446419754167586;0.7179129504094949;1.0099007458711933
20.887996;1.043749447423147;0.7498477629325868;0.718352154728391;-0.0007743701652249652;-0.0007417492990507543;1.0100800949113864;9.997828036234374;0.750189631828522;0.012606872445176515;0.012603817972496842;0.7181288277122871;-0.012065890563437095;1.0446427449053737;0.7179132335492652;1.00989951112569
21.525996;1.0437516576823853;0.7498473944510595;0.7183509583991128;-0.0007743711596780128;-0.0007417494439057188;1.0100775486944675;9.997821314433056;0.7501901875750571;0.012606876291402638;0.012603837329210792;0.7181287491334997;-0.012065890549407316;1.0446435460315109;0.7179137687127012;1.0098983875126508
22.525996;1.0437541861302342;0.749846992833551;0.7183495584123311;-0.0007743722085701349;-0.0007417495768271439;1.010074991785727;9.997817153703567;0.7501906860180702;0.012606877480652713;0.012603857253616166;0.7181285533116293;-0.01206589067299844;1.0446443692434864;0.7179145477664735;1.0098973906014779
23.525996;1.0437570014611386;0.7498465564951013;0.7183479618701689;-0.0007743733017354765;-0.0007417496980500158;1.0100724682032796;9.9978156728011;0.7501911123928638;0.012606876204441123;0.012603877421838447;0.7181282405177878;-0.012065890924324644;1.0446452135062478;0.7179155560528901;1.0098965349703872
24.525996;1.0437600746246114;0.7498460834913565;0.7183461798736659;-0.0007743744292687212;-0.000741749806005275;1.0100700079933354;9.997816982566563;0.7501914508017234;0.012606872654200652;0.012603897639089973;0.7181278142220558;-0.012065891292092778;1.0446460852888761;0.7179167755103217;1.0098958330554086
25.525996;1.0437633807101911;0.7498455734145788;0.7183442262228409;-0.000774375582561134;-0.0007417499000472173;1.010067627682355;9.997821073059722;0.7501916919184212;0.012606866987403242;0.012603917796011542;0.7181272804308604;-0.012065891766488873;1.0446469920739285;0.7179181873435146;1.0098952924160984
26.525996;1.043766897497046;0.749845027894807;0.7183421152254406;-0.0007743767556927888;-0.0007417499806746438;1.0100653324007847;9.997827802823833;0.7501918365438732;0.012606859358585791;0.012603937842663324;0.718126646355724;-0.01206589233902704;1.0446479356440903;0.7179197741389306;1.009894911002329
27.525996;1.043770604457502;0.7498444498661639;0.7183398609098062;-0.0007743779449050609;-0.0007417500487525769;1.0100631202907593;9.997836977604225;0.7501918913058965;0.012606849929975773;0.012603957763806219;0.7181259196857547;-0.012065893001644073;1.0446489127583294;0.7179215207141393;1.009894679262092
28.525996;1.0437744823629818;0.7498438425094953;0.7183374767228192;-0.0007743791471666023;-0.0007417501051878463;1.0100609877080415;9.99784840382493;0.7501918637494998;0.012606838859430957;0.012603977554954513;0.7181251081039013;-0.012065893746627348;1.0446499189687264;0.7179234132240834;1.0098945859909423
29.525996;1.043778513029029;0.7498432088733725;0.7183349753562781;-0.0007743803596541272;-0.0007417501508770482;1.010058931153377;9.997861898715174;0.7501917609626757;0.012606826294266724;0.012603997213897001;0.7181242189191309;-0.012065894566722536;1.0446509499954062;0.7179254385408294;1.0098946205117545
30.525996;1.0437826792364082;0.7498425519117269;0.7183323687559372;-0.0007743815797620778;-0.0007417501866597685;1.010056947304749;9.997877289163593;0.7501915895647212;0.012606812371930001;0.012604016739459396;0.7181232589713147;-0.01206589545509533;1.0446520016810616;0.7179275842539693;1.0098947727114271
31.525996;1.0437869647223852;0.7498418745162234;0.7183296681154772;-0.0007743828050881836;-0.0007417502132994652;1.010055033004334;9.997894411069085;0.7501913557119303;0.012606797220907287;0.012604036130284439;0.7181222345699781;-0.012065896405298204;1.0446530700178052;0.7179298386868378;1.0098950330350582
32.525996;1.043791354162311;0.7498411794984542;0.7183268839022621;-0.0007743840333852539;-0.0007417502315010434;1.010053185221849;9.997913109543132;0.7501910651449113;0.012606780961323729;0.01260405538383583;0.7181211514451922;-0.012065897411253568;1.0446541512416956;0.7179321908694107;1.0098953924094065
33.525996;1.043795833145703;0.7498404695453649;0.7183240258970571;-0.0007743852625316149;-0.0007417502419223448;1.01005140104097;9.997933239229923;0.7501907232408943;0.012606763706164242;0.012604074496058944;0.7181200148377118;-0.012065898467237327;1.0446552419100155;0.7179346304399743;1.0098958422461606
34.525996;1.0438003881651516;0.7498397471828128;0.7183211032474528;-0.0007743864905530329;-0.000741750245165324;1.0100496776568937;9.997954664184858;0.7501903350230336;0.012606745562707824;0.012604093462337845;0.7181188297113537;-0.01206589956786441;1.0446563389145362;0.7179371475767748;1.009896374517835
35.525996;1.0438050066093627;0.7498390147526849;0.7183181245516264;-0.0007743877156615435;-0.0007417502417717395;1.0100480123671534;9.99797725743794;0.7501899051419384;0.012606726632505404;0.012604112278620036;0.7181176008608768;-0.012065900708077892;1.0446574394821828;0.7179397330286611;1.009896981775772
36.525996;1.0438096767242453;0.7498382744011737;0.7183150979073816;-0.0007743889362613099;-0.0007417502322362653;1.0100464025766234;9.99800090001333;0.750189437876331;0.012606707010468263;0.012604130941687835;0.7181163328577679;-0.012065901883133475;1.0446585411960987;0.7179423781400285;1.0098976571282607
37.525996;1.0438143875234;0.7498375280797818;0.7183120309006932;-0.0007743901509155873;-0.0007417502170193319;1.010044845814248;9.998025479588046;0.7501889371640056;0.012606686784979695;0.012604149448829587;0.718115029973603;-0.012065903088577034;1.0446596419792722;0.7179450747766706;1.0098983942199395
38.525996;1.0438191286965635;0.7498367775576384;0.7183089306405877;-0.0007743913582953161;-0.0007417501965560382;1.0100433397459276;9.998050889773292;0.750188406636388;0.01260666603915559;0.012604167796819067;0.718113696154781;-0.012065904320223985;1.0446607400539996;0.7179478152287756;1.0098991871833185
39.525996;1.0438238905801045;0.7498360244299703;0.7183058038510108;-0.000774392557141982;-0.0007417501712675416;1.0100418821532589;9.998077030092814;0.7501878496452626;0.012606644851823954;0.012604185980912558;0.718112335054249;-0.01206590557414321;1.0446618339583689;0.717950592188679;1.0099000305807702
40.525996;1.0438286641448367;0.7498352700905576;0.7183026569174681;-0.0007743937462783674;-0.0007417501415601158;1.010040470879851;9.998103805820177;0.7501872693027899;0.012606623297056413;0.012604203995326729;0.7181109501242896;-0.012065906846640129;1.0446629225465278;0.7179533987674452;1.0099009193758763
41.525996;1.043833440932154;0.7498345156904783;0.7182994958790936;-0.0007743949246443669;-0.000741750107815484;1.0100391038043317;9.998131127594094;0.7501866685495455;0.012606601443049825;0.01260422183422413;0.7181095447065068;-0.01206590813423852;1.0446640048865186;0.7179562285075117;1.009901848911835
42.525996;1.0438382130358295;0.7498337621795189;0.718296326414601;-0.0007743960913050666;-0.0007417500703922912;1.0100377788704615;9.998158911215398;0.7501860501877117;0.012606579352710912;0.012604239491209776;0.7181081220581005;-0.012065909433664566;1.04466508014145;0.7179590754112062;1.0099028148554148
43.525996;1.04384297319917;0.7498330104418153;0.7182931538701947;-0.0007743972454267612;-0.0007417500296315196;1.010036494181418;9.99818707737715;0.7501854168355969;0.012606557085703855;0.012604256957947533;0.7181066853351592;-0.012065910741846769;1.0446661474890409;0.7179619339479874;1.0099038130971194
44.525996;1.043847714879472;0.7498322614095306;0.7182899833398492;-0.0007743983862422615;-0.0007417499858514957;1.0100352480982335;9.998215551386396;0.7501847708983188;0.01260653469917053;0.012604274223898029;0.7181052375449627;-0.01206591205591637;1.0446672060777502;0.717964798989975;1.0099048396767727
45.525996;1.0438524321606473;0.7498315160576695;0.718286819704434;-0.0007743995130179375;-0.0007417499393305655;1.0100340392306428;9.998244263474568;0.7501841146173088;0.012606512246991062;0.012604291277450634;0.7181037814793536;-0.012065913373179955;1.0446682550694932;0.7179676657251928;1.0099058908179963
46.525996;1.0438571195947182;0.7498307752848419;0.7182836675824057;-0.0007744006250435542;-0.0007417498902981375;1.0100328663317815;9.998273149072881;0.7501834501269695;0.012606489779268697;0.012604308106966507;0.7181023196893759;-0.012065914691100509;1.0446692937370061;0.7179705295848978;1.0099069630146251
47.525996;1.043861772091085;0.7498300398054892;0.7182805312812582;-0.0007744017216497599;-0.0007417498389552105;1.0100317282127202;9.998302148338254;0.7501827794599987;0.01260646734212046;0.01260432470074217;0.7181008545149402;-0.012065916007307791;1.0446703214791033;0.7179733861802362;1.0099080530696702
48.525996;1.043866384894546;0.7498293101871673;0.7182774148017431;-0.0007744028022259589;-0.0007417497854946959;1.010030623736968;9.998331205911514;0.7501821045272493;0.012606444977669712;0.012604341046557423;0.7180993881388089;-0.012065917319600104;1.044671337706759;0.7179762313149203;1.0099091580697204
49.525996;1.0438709535966237;0.7498285869721694;0.7182743218695099;-0.0007744038662208364;-0.0007417497300916911;1.0100295518319498;9.99836027138529;0.7501814270987471;0.012606422724692987;0.012604357132091673;0.7180979226408205;-0.012065918625935475;1.0446723417383437;0.7179790610698891;1.0099102753124498
50.525996;1.0438754740967333;0.7498278707025996;0.7182712559810478;-0.0007744049131294785;-0.0007417496728874461;1.01002851144788;9.998389299110896;0.7501807487808374;0.012606400619486556;0.012604372945873493;0.7180964599968719;-0.012065919924432449;1.044673332834256;0.7179818718421372;1.0099114022634812
51.525996;1.0438799425901177;0.7498271618209453;0.7182682204397581;-0.0007744059424782763;-0.000741749613998224;1.0100275014902664;9.998418246899664;0.7501800709827872;0.012606378696105595;0.012604388477319645;0.7180950020314694;-0.012065921213375783;1.0446743102979477;0.7179846603218918;1.0099125365792898
52.525996;1.0438843556477286;0.749826460598985;0.7182652183589268;-0.0007744069538227255;-0.0007417495535352711;1.0100265207743218;9.998447075111569;0.7501793948827133;0.012606356986324388;0.012604403716443594;0.7180935504161485;-0.012065922491210414;1.0446752735075875;0.7179874234673598;1.009913676094156
53.525996;1.0438887102367729;0.7498257671609398;0.7182622526490064;-0.0007744079467647995;-0.0007417494916019949;1.010025568041753;9.998475746825468;0.7501787214571474;0.012606335520269128;0.012604418654426257;0.7180921067233291;-0.012065923756519232;1.044676221856186;0.7179901584678647;1.009914818747065
54.525996;1.0438930036375806;0.7498250815015084;0.7182593260162514;-0.0007744089209672054;-0.0007417494282890326;1.0100246420441699;9.998504228292298;0.7501780515784685;0.012606314327204786;0.01260443328425898;0.7180906724702352;-0.012065925008013527;1.044677154702813;0.7179928626849312;1.0099159625322611
55.525996;1.043897233402071;0.7498244034864846;0.7182564409877668;-0.0007744098761448456;-0.0007417493636896702;1.0100237416331956;9.998532488731257;0.7501773860656231;0.012606293434871933;0.012604447600901148;0.7180892491218065;-0.012065926244549732;1.0446780714340038;0.7179955336295373;1.0099171054639795
56.525996;1.0439013973805582;0.7498237329179411;0.7182535999381113;-0.0007744108120590013;-0.0007417492978985061;1.0100228657924073;9.99856049937923;0.750176725677044;0.01260627286757179;0.012604461601384422;0.7180878380696795;-0.012065927465134654;1.044678971558598;0.7179981690005738;1.009918245525494
57.525996;1.0439054937301822;0.7498230696254038;0.7182508050726996;-0.0007744117285299931;-0.0007417492309881071;1.0100220135856768;9.998588233080733;0.7501760711288243;0.012606252644973568;0.012604475284811206;0.71808644062575;-0.012065928668901348;1.044679854748812;0.7180007667294405;1.0099193806469882
58.525996;1.0439095208868883;0.7498224135122654;0.7182480583701478;-0.0007744126254390356;-0.0007417491630044715;1.0100211840870001;9.998615664938171;0.7501754231186827;0.012606232782351243;0.012604488652028824;0.7180850580566437;-0.012065929855087159;1.0446807208577822;0.7180033249833842;1.0099205087459353
59.525996;1.0439134775318364;0.7498217645635751;0.7182453615308493;-0.0007744135027051118;-0.0007417490939846755;1.0100203763690192;9.998642772599693;0.7501747823081122;0.012606213291009732;0.012604501705234191;0.7180836916413221;-0.012065931023026683;1.0446815698638938;0.7180058421222675;1.0099216278253713
60.525996;1.043917362539968;0.7498211228158924;0.7182427160118493;-0.0007744143602633207;-0.000741749023955349;1.0100195895168431;9.998669535597811;0.7501741492720619;0.012606194178338031;0.01260451444803905;0.7180823426978057;-0.012065932172137136;1.0446824017394312;0.7180083166271446;1.0099227360707796
61.525996;1.0439211748995343;0.7498204883103756;0.7182401231501789;-0.0007744151980613684;-0.0007417489529115932;1.010018822610466;9.998695934878098;0.7501735244237943;0.012606175448660923;0.01260452688555608;0.7180810125408343;-0.012065933301897529;1.044683216397727;0.7180107470437227;1.0099238318427413
62.525996;1.0439249136371682;0.7498198610634512;0.7182375842359942;-0.0007744160160592865;-0.0007417488808294899;1.0100180747062488;9.998721953067754;0.7501729079622349;0.012606157104795472;0.01260453902361765;0.7180797023893641;-0.012065934411844184;1.0446840137331639;0.7180131319886662;1.0099249135717838
63.525996;1.043928577753629;0.7498192410600869;0.7182351004927463;-0.0007744168142315716;-0.0007417488077087019;1.0100173448837424;9.998747574543396;0.7501722999083867;0.012606139148577385;0.012604550867591212;0.7180784132863943;-0.012065935501571314;1.044684793657359;0.7180154701985069;1.009925979732544
64.525996;1.043932166159497;0.7498186282744711;0.7182326730573215;-0.0007744175925864137;-0.0007417487335959219;1.0100166323247373;9.998772784768619;0.7501717001905073;0.012606121580051472;0.012604562421744408;0.7180771460769046;-0.012065936570718375;1.044685556107957;0.7180177605362544;1.0099270289887063
65.525996;1.0439356776811717;0.7498180226976526;0.7182303029678584;-0.0007744183511877171;-0.0007417486585769825;1.0100159363478813;9.998797570005244;0.7501711086882774;0.012606104396781446;0.012604573689386488;0.7180759014350427;-0.01206593761896048;1.0446863010307683;0.7180200019660212;1.0099280603318668
66.525996;1.0439391111900014;0.7498174243789998;0.7182279911384669;-0.0007744190901478885;-0.0007417485827495121;1.010015256405079;9.998821917778619;0.7501705251953619;0.012606087594344846;0.012604584673269758;0.718074679908946;-0.012065938646019077;1.04468702838972;0.718022193571239;1.0099290730659147
67.525996;1.0439424657652174;0.7498168334825306;0.7182257383498402;-0.0007744198095899513;-0.0007417485061905311;1.0100145920601264;9.998845817054619;0.7501699493697219;0.012606071167341729;0.012604595375866319;0.7180734819682006;-0.012065939651678455;1.0446877382119193;0.7180243345637973;1.0099300667237827
68.525996;1.0439457407537367;0.7498162502848317;0.718223545223516;-0.0007744205096159521;-0.0007417484289452844;1.0100139429645592;9.998869258132908;0.7501693808065466;0.012606055109920833;0.012604605800171595;0.7180723080353623;-0.012065940635784521;1.0446884306051336;0.7180264242378418;1.0099310410115172
69.525996;1.043948935705778;0.7498156751175566;0.7182214121589237;-0.0007744211903024556;-0.0007417483510516415;1.0100133088656873;9.998892232435308;0.7501688191800275;0.012606039416149599;0.01260461595097223;0.7180711584834085;-0.012065941598233614;1.0446891057770797;0.7180284619398072;1.0099319957405266
70.525996;1.043952050312421;0.7498151083276741;0.7182193392758843;-0.0007744218517137613;-0.0007417482725608161;1.0100126896468895;9.998914731815487;0.7501682642814834;0.012606024080591933;0.012604625835081306;0.7180700336245579;-0.012065942538977076;1.044689764035187;0.7180304470960122;1.0099329307359284
71.525996;1.0439550844268612;0.7498145502677465;0.7182173263809177;-0.0007744224939332984;-0.0007417481935296814;1.0100120853202519;9.998936748267143;0.7501677159756299;0.012606009098684534;0.012604635460369485;0.7180689337199836;-0.01206594345803643;1.044690405712304;0.7180323792803041;1.0099338458351217
72.525996;1.0439580381202775;0.7498140012916971;0.7182153730122982;-0.0007744231170945727;-0.0007417481140144758;1.0100114959387216;9.998958274684403;0.7501671741731819;0.012605994466717256;0.012604644834809697;0.7180678590041871;-0.012065944355490134;1.0446910310740152;0.718034258265882;1.0099347409741757
73.525996;1.0439609117024593;0.7498134617457681;0.7182134785589508;-0.0007744237213718006;-0.0007417480340665957;1.0100109215309472;9.998979305333258;0.7501666388174311;0.01260598018151733;0.012604653965873305;0.7180668096922517;-0.01206594523141863;1.0446916402703599;0.7180360840389215;1.009935616211531
74.525996;1.043963705658413;0.749812931954581;0.7182116423087777;-0.0007744243069441109;-0.0007417479537283228;1.0100103620752503;9.998999834995258;0.7501661098966842;0.012605966240266983;0.01260466286030009;0.7180657859474974;-0.012065946085860984;1.044692233376927;0.7180378567969874;1.009936471691797
75.525996;1.0439664205299568;0.7498124121986586;0.7182098634282751;-0.0007744248739816872;-0.0007417478730546024;1.0100098174725942;9.999019857872083;0.750165587491383;0.012605952640436877;0.01260467152440583;0.7180647878549888;-0.012065946918831508;1.0446928104978064;0.7180395768733745;1.0099373076014775
76.525996;1.0439690568489524;0.7498119026895723;0.7182081410025223;-0.0007744254226630417;-0.0007417477921476024;1.0100092875371154;9.99903936738139;0.7501650717944208;0.01260593937930047;0.012604679964138187;0.7180638154468195;-0.012065947730369389;1.0446933718094054;0.7180412445983942;1.0099381240838898
77.525996;1.043971615184486;0.749811403560485;0.7182064741217585;-0.000774425953185376;-0.000741747711175176;1.0100087719845232;9.99905835646452;0.75016456307164;0.012605926453587473;0.0126046881846045;0.7180628687538717;-0.012065948520567528;1.044693917500335;0.7180428602596353;1.009938921202479
78.525996;1.043974096231337;0.749810914884723;0.7182048619185413;-0.0007744264657338869;-0.0007417476303683845;1.0100082704840154;9.999076817753835;0.7501640615972269;0.012605913859783045;0.012604696190278387;0.7180619478497896;-0.012065949289561857;1.0446944476934577;0.7180444241714949;1.009939698993607
79.525996;1.0439765007916366;0.7498104366951324;0.7182033035116895;-0.0007744269604438243;-0.0007417475499998621;1.0100077828104812;9.999094743883056;0.750163567620844;0.012605901594432228;0.012604703985892605;0.7180610528538409;-0.01206595003750566;1.0446949624198534;0.7180459367288553;1.0099404574792477
80.525996;1.043978829663866;0.7498099689904325;0.7182017979254273;-0.0007744274374188553;-0.0007417474703478275;1.0100073089329213;9.999112128852408;0.7501630813779824;0.012605889653953617;0.012604711576528286;0.7180601838664189;-0.012065950764563828;1.0446954616200708;0.7180473984127062;1.0099411966651415
81.525996;1.0439810836140304;0.7498095117871394;0.7182003440964391;-0.0007744278967860296;-0.0007417473916606514;1.0100068489709648;9.999128969540465;0.7501626031026981;0.012605878034644195;0.012604718966700424;0.7180593408843848;-0.012065951470921505;1.0446959451603461;0.7180488097677687;1.0099419166082098
82.525996;1.0439832634495048;0.7498090652045851;0.718198940943148;-0.0007744283387177163;-0.0007417473141490414;1.0100064031121134;9.999145265194676;0.7501621330283386;0.012605866733614373;0.012604726159655603;0.7180585237591396;-0.012065952156785546;1.0446964128849583;0.7180501713803494;1.0099426174651494
83.525996;1.0439853700629054;0.7498086294834113;0.7181975873961078;-0.000774428763427961;-0.0007417472380056722;1.010005971522867;9.999161016107472;0.7501616713991305;0.012605855749398463;0.012604733157233533;0.7180577322133456;-0.012065952822383883;1.044696864668854;0.7180514838444296;1.0099432994381554
84.525996;1.0439874043839683;0.7498082049206277;0.7181962823736833;-0.0007744291711769533;-0.0007417471634248911;1.0100055542617907;9.999176223960593;0.7501612185069342;0.01260584508113182;0.012604739959621802;0.7180569659348954;-0.012065953467960201;1.044697300428881;0.7180527477116667;1.0099439626820101
85.525996;1.0439893672813945;0.7498077917967675;0.7181950247525177;-0.000774429562260354;-0.0007417470906149038;1.0100051512664219;9.99919089257802;0.7501607747106355;0.0126058347273572;0.012604746564894177;0.7180562246924949;-0.012065954093749616;1.0446977201106746;0.7180539635168988;1.0099446072796177
86.525996;1.0439912595268084;0.7498073903416361;0.71819381336859;-0.0007744299369787453;-0.0007417470197948945;1.010004762454641;9.999205027366239;0.7501603404137915;0.012605824685446854;0.012604752968869674;0.7180555083610014;-0.012065954699954763;1.0446981236733297;0.7180551318497569;1.0099452332732823
87.525996;1.0439930818586742;0.749807000714587;0.7181926470511983;-0.0007744302956248115;-0.000741746951168814;1.01000438785766;9.999218634094635;0.7501599160754131;0.012605814951739376;0.012604759165766378;0.71805481688481;-0.012065955286742707;1.0446985110829403;0.7180562533405087;1.0099458406811292
88.525996;1.0439948350471175;0.7498066229998223;0.7181915246759104;-0.0007744306385016786;-0.000741746884900644;1.0100040276461588;9.999231717759232;0.7501595022457802;0.01260580552195721;0.012604765149597153;0.7180541502598452;-0.012065955854238412;1.0446988823043095;0.7180573285970959;1.0099464294906657
89.525996;1.0439965199254393;0.7498062572234968;0.7181904452042365;-0.0007744309659479477;-0.0007417468211195202;1.0100036820489497;9.999244282176447;0.7501590995291548;0.012605796391250793;0.012604770915559907;0.718053508508402;-0.012065956402517156;1.0446992372651172;0.718058358183604;1.0099469996655166
90.525996;1.0439981374493652;0.7498059033623788;0.7181894076919765;-0.0007744312783530298;-0.0007417467599387295;1.010003351279402;9.999256330571724;0.7501587085005353;0.012605787554294052;0.012604776460524204;0.7180528916004698;-0.012065956931641073;1.0446995758250264;0.718059342650406;1.0099475511474894
91.525996;1.043999688728579;0.7498055613626851;0.7181884112672882;-0.0007744315761709981;-0.0007417467014567156;1.0100030354701037;9.999267866192307;0.7501583296436976;0.012605779006195575;0.012604781782655628;0.7180522993622528;-0.012065957441715817;1.0446998978161448;0.7180602826108854;1.0099480838251804
92.525996;1.0440011749027078;0.7498052311638485;0.7181874550872803;-0.0007744318599181324;-0.0007417466457483849;1.0100027346110847;9.999278892490663;0.7501579633215132;0.012605770743554994;0.012604786881022708;0.7180517314688386;-0.012065957932898108;1.0447002031396444;0.7180611788007757;1.0099485975680138
93.525996;1.0440025969789852;0.7498049126742196;0.7181865383260716;-0.0007744321301354977;-0.0007417465928666842;1.0100024485689874;9.999289413280334;0.75015760980434;0.01260576276435094;0.012604791755385846;0.7180511875229149;-0.012065958405353317;1.0447004918356786;0.7180620320483764;1.0099490923562797
94.525996;1.0440039558612206;0.749804605723292;0.7181856602117679;-0.000774432387342364;-0.0007417465428533344;1.0100021771206773;9.99929943290941;0.7501572693525889;0.012605755067027937;0.012604796406226972;0.7180506671173629;-0.012065958859207937;1.044700764088184;0.7180628432086621;1.0099495683825888
95.525996;1.044005252495334;0.7498043100637873;0.7181848200702105;-0.0007744326320092313;-0.0007417464957480924;1.0100019199176518;9.999308956298053;0.7501569422756829;0.012605747650323542;0.012604800835433846;0.7180501698556662;-0.012065959294531386;1.0447010201948166;0.7180636131552469;1.0099500260423786
96.525996;1.0440064879570474;0.7498040254345694;0.7181840173577019;-0.0007744328645516251;-0.0007417464515820075;1.0100016764616662;9.999317989041014;0.750156628903375;0.012605740513460235;0.012604805047136439;0.7180496953701682;-0.012065959711360309;1.0447012605667354;0.7180643428223329;1.009950465824127
97.525996;1.0440076635014055;0.7498037516258379;0.718183251648597;-0.0007744330853383748;-0.0007417464103640619;1.0100014461460556;9.999326537927109;0.7501563295206739;0.012605733655097859;0.012604809047860904;0.7180492433210675;-0.012065960109736327;1.0447014857676842;0.7180650332333505;1.00995088821139
98.525996;1.0440087805500133;0.7498034885235163;0.7181825225541442;-0.0007744332947130732;-0.0007417463720871748;1.0100012283372326;9.999334611467257;0.7501560443209387;0.012605727071897423;0.012604812846082386;0.7180488133601792;-0.01206596048972599;1.044701696504468;0.7180656855176825;1.0099512936685642
99.525996;1.044009840556951;0.7498032360972677;0.7181818296301068;-0.0007744334930160444;-0.0007417463367371026;1.0100010224519547;9.999342220048648;0.7501557733357903;0.012605720759149936;0.012604816451658825;0.7180484050993408;-0.012065960851435877;1.0447018935552648;0.7180663009263409;1.0099516826211756
99.99998;1.0440108448943966;0.7498029942979622;0.7181811723223186;-0.0007744336805874343;-0.0007417463042733836;1.0100008279683623;9.999349376113958;0.7501555163837956;0.012605714712890384;0.012604819874964217;0.7180480180999739;-0.01206596119503036;1.044702077740298;0.7180668808028872;1.00995205537055
99.99998;1.044011794886705;0.7498027630157731;0.718180549959305;-0.0007744338577631974;-0.0007417462746109571;1.0100006443973526;9.999356094188975;0.7501552731321992;0.012605708930794277;0.01260482312554361;0.7180476518671401;-0.01206596152074247;1.0447022499306569;0.7180674265154305;1.0099524120067622
99.99998;1.0440126919119752;0.7498025421841438;0.7181799618060535;-0.000774434024879904;-0.0007417462476312414;1.0100004713075799;9.999362390454893;0.7501550432184727;0.012605703411817526;0.012604826211325183;0.7180473058569463;-0.01206596182887054;1.044702411013296;0.7180679394039954;1.0099527523811411
99.99998;1.0440135374327892;0.7498023318370901;0.7181794071298181;-0.00077443418227296;-0.0007417462231897004;1.0100003083771822;9.999368282159915;0.7501548263138201;0.012605698155956087;0.012604829138945435;0.7180469794989516;-0.01206596211975763;1.0447025618102028;0.7180684207591252;1.0099530761430036
99.99998;1.0440143329386506;0.7498021320219259;0.7181788851716332;-0.0007744343302598164;-0.0007417462011096332;1.0100001553872595;9.999373787179925;0.7501546220945476;0.012605693164205995;0.012604831914561082;0.7180466722216762;-0.012065962393771149;1.0447027029941387;0.7180688718355055;1.0099533828502456
99.99998;1.044015079921822;0.7498019427051776;0.7181783950384192;-0.0007744344691301358;-0.0007417461811927982;1.0100000121584911;9.999378923948463;0.7501544301811853;0.012605688438211814;0.012604834544396454;0.7180463834717536;-0.01206596265130258;1.044702835080014;0.7180692939024481;1.0099536721424607
99.99998;1.0440157799613148;0.7498017637626117;0.7181779356574873;-0.0007744345991666578;-0.0007417461632378496;1.0099998784735045;9.999383711226333;0.7501542501243443;0.012605683979421483;0.012604837034023137;0.7180461127044965;-0.012065962892795622;1.0447029584899492;0.7180696882840291;1.009953943865051
99.999981;1.0440164348182663;0.7498015950312028;0.7181775058460118;-0.0007744347206810445;-0.0007417461470366893;1.009999754038587;9.99938816734955;0.7501540814468738;0.012605679788122983;0.01260483938695946;0.7180458593643998;-0.012065963118776021;1.044703073596631;0.71807005632607;1.0099541981073232
99.999981;1.0440170464158745;0.7498014363758093;0.7181771043991578;-0.0007744348340254261;-0.0007417461323677997;1.0099996384953573;9.99939231014114;0.7501539236842479;0.012605675862379512;0.01260484160461128;0.7180456228746266;-0.012065963329838288;1.0447031807571452;0.7180703993206173;1.0099544352641665
99.999983;1.0440176167404671;0.7498012876942057;0.718176730098703;-0.0007744349395798586;-0.0007417461190199617;1.0099995314320915;9.999396157839248;0.7501537763821111;0.012605672196996051;0.01260484368753401;0.7180454025935901;-0.012065963526610988;1.0447032803567975;0.7180707184949955;1.0099546560615287
99.999985;1.0440181477917032;0.7498011488388091;0.7181763816688667;-0.0007744350377406092;-0.0007417461068202359;1.009999432363764;9.999399729284265;0.7501536390784427;0.012605668783339147;0.012604845636805587;0.718045197760424;-0.01206596370974588;1.0447033728073647;0.7180710150863048;1.0099548614167864
99.99999;1.044018641583341;0.7498010195465972;0.7181760577715741;-0.0007744351289161783;-0.0007417460956280781;1.009999340705006;9.999403042948995;0.7501535113108737;0.012605665610077027;0.01260484745488981;0.71804500751474;-0.012065963879928879;1.0447034585274164;0.718071290403399;1.0099550522598868
100.0;1.0440191001563748;0.7498008994260499;0.7181757570291002;-0.0007744352135284774;-0.0007417460853177458;1.0099992558195179;9.999406116449487;0.7501533926135417;0.012605662664107826;0.012604849145872236;0.7180448309612901;-0.012065964037895009;1.0447035379606286;0.7180715458136036;1.009955229465678
