time;BusPDR_BUS_Voltage;BusPDR_BUS_ActivePower;BusPDR_BUS_ActiveCurrent;BusPDR_BUS_ReactivePower;BusPDR_BUS_ReactiveCurrent;StepUp_Xfmr_XFMR_Tap;Wind_Turbine_GEN_ActivePowerSetpointPu;Wind_Turbine_GEN_ReactivePowerSetpointPu;Wind_Turbine_GEN_AVRSetpointPu;Wind_Turbine_GEN_InjectedActiveCurrent;Wind_Turbine_GEN_InjectedReactiveCurrent;Wind_Turbine_GEN_MagnitudeControlledByAVRPu;Wind_Turbine_GEN_InjectedCurrent
0.0;1.0446758820745425;0.7501048112148704;0.7179454604198986;0.40016106651310257;0.3829676919542043;9.999144929448251;0.7500078380674368;0.4163237445461413;0.41627743783191185;0.7113695468756703;-0.39542596519102974;1.05490756389003;0.8139323206572094
0.0;1.0446768938194415;0.7501053732646599;0.7179448727090573;0.400161867527737;0.38296765047140763;9.999139843101373;0.750006894974052;0.41632445512076854;0.41627779022709305;0.7113698982811683;-0.3954259650403163;1.0549072028582622;0.8139327716132366
3e-05;1.0446779840268308;0.750105978939183;0.7179442392959495;0.40016273054006624;0.38296760588865214;9.999134367383505;0.750005879020291;0.416325220643028;0.4162781698907579;0.7113702768379891;-0.3954249648779698;1.054906814066178;0.8139327717111173
5.9e-05;1.0446791578005554;0.7501066309949589;0.7179435571019294;0.4001636594285821;0.38296755812810096;9.999128482237824;0.7500047857538101;0.416326044471552;0.4162785785075332;0.7113706842530428;-0.39542296470329297;1.0549063959046188;0.8139323232555712
0.000118;1.044679478821537;0.7501065267182222;0.7179426993156623;0.40016453986988876;0.3829677392712308;9.999122169721621;0.7500036108763127;0.4163269297995987;0.41627901768757325;0.7113711221861094;-0.39542096451560166;1.0549059468284852;0.8139319143278496
0.000236;1.0446808344322378;0.7501072788225249;0.7179419106299696;0.40016561152014424;0.3829676850581907;9.999115414174923;0.7500023502669935;0.4163278796778765;0.4162794889491861;0.7113715922021236;-0.3954149643142117;1.0549054654760408;0.813929603510263
0.000473;1.0446822879492241;0.7501080841661601;0.7179410644821032;0.400166759737682;0.38296762768258563;9.999108202271678;0.7500010000411477;0.4163288970291289;0.41627999369090213;0.7113720957573024;-0.3954029640984441;1.0549049507873476;0.8139244211794294
0.000945;1.044683843772728;0.7501083142013479;0.7179395546346516;0.4001666520516701;0.3829662883918319;9.999100522575452;0.7499995564887165;0.4163299846638156;0.416280533197834;0.7113726342591138;-0.39538096386764676;1.0549044019742946;0.8139144262233906
0.001418;1.0446855060581524;0.7501095844021671;0.7179389235922754;0.4001669799925904;0.38296528392813534;9.99909236504136;0.7499980159250192;0.4163311453065453;0.4162811086495999;0.7113732091478135;-0.3953579636212125;1.0549028184316813;0.8139039936846026
0.001891;1.0446863374145905;0.7501091252442227;0.7179371626421577;0.40016692327966347;0.3829641714124022;9.999083720410232;0.7499963746376268;0.41633238163484054;0.4162817211088667;0.7113738219389109;-0.39533696335856405;1.05490219971108;0.8138945830948078
0.002364;1.0446869451797849;0.7501091977816253;0.7179360173409152;0.4001651671345489;0.38296146816300053;9.999074579592467;0.7499946289441093;0.4163336963154737;0.41628237153341185;0.7113734742122637;-0.39531596307913175;1.0549005454965532;0.8138843506763024
0.002836;1.0446880081917074;0.7501095680676693;0.7179347951376782;0.4001633247281324;0.3829584687488781;9.99906493371115;0.7499927752506613;0.4163350919849828;0.416283060820325;0.711373167562606;-0.3952949627823476;1.0548978555187245;0.813874172330483
0.003309;1.0446891923968449;0.750110003662995;0.7179335012842479;0.4001615765199408;0.3829554675135482;9.99905477469357;0.7499908100797971;0.41633657115714606;0.41628378984778663;0.7113729035443938;-0.39527496246763794;1.0548961295122965;0.8138645355333812
0.004254;1.0446882811221092;0.7501081058782636;0.7179313613260836;0.40015522907245105;0.38294878262882326;9.999044095402933;0.749988730064601;0.41633813614723203;0.416284559487173;0.7113706836491204;-0.3952369621344392;1.0548923672557524;0.8138444650810139
0.0052;1.044686219036723;0.7501049597014793;0.7179287627708892;0.40014672166891174;0.3829404022698981;9.999032889213995;0.749986531885999;0.4163397890860337;0.41628537057265486;0.7113685093442318;-0.3952009617822388;1.054887568591025;0.8138254261161605
0.007091;1.0446801855964563;0.7500967621082135;0.7179240018192379;0.4001241085796389;0.3829199219756758;9.99902114955597;0.7499842122041758;0.4163415319874219;0.4162862238347112;0.7113613821328086;-0.3951359614105762;1.0548767333895925;0.8137879948511114
0.008981;1.0446726702678508;0.7500864546816266;0.7179181816251972;0.4000981827949531;0.38289676157335;9.999008869402921;0.749981767685286;0.4163433668102946;0.4162871198466268;0.711353303547638;-0.39507896101901463;1.0548648615208858;0.8137536399945168
0.010872;1.0446630725002006;0.7500718549488103;0.717909623790571;0.40006696266521113;0.3828692426192907;9.998996041359048;0.7499791951087578;0.41634529549376337;0.41628805903891763;0.7113442750947384;-0.39502996060713336;1.054851952872269;0.8137223621855084
0.012763;1.044654218998949;0.7500572713765891;0.7179005084843044;0.40003481170132277;0.3828405055300192;9.998982658990679;0.7499764914375314;0.4163473199551487;0.4162890417699041;0.711335298210973;-0.39498896017453256;1.0548380074229633;0.8136950364805944
0.014654;1.0446445674329916;0.7500399941224661;0.7178892998284361;0.40000194895138513;0.38281132422295017;9.99896871797343;0.7499736537983566;0.4163494420513148;0.4162900683904404;0.7113253742397498;-0.39495495972084604;1.0548240253215695;0.8136703041224181
0.016545;1.044635665169673;0.7500223834015212;0.7178771922648473;0.39996914317988547;0.3827818663070087;9.998954215622906;0.7499706794232418;0.41635166353464703;0.41629113926485856;0.7113165044452029;-0.3949279592457695;1.0548100069284754;0.8136499146723782
0.020327;1.0446147971046569;0.749986119304721;0.7178553845177418;0.3999024744924354;0.3827243110692925;9.99893914976171;0.7499675656098277;0.41635398603704893;0.4162922547646305;0.7112986900737667;-0.39489195874907734;1.0547829528443764;0.8136173596575442
0.02373;1.0445988572148697;0.7499555290035728;0.7178355539085075;0.39984977509528313;0.3826782653881935;9.998923518399884;0.7499643097027459;0.4163564110833435;0.4162934152679371;0.7112859323892295;-0.3948779582306138;1.0547608639214496;0.8135999286679824
0.027134;1.0445852899175672;0.7499293885027175;0.7178182849064488;0.3998025971509667;0.3826365763276094;9.99890732003419;0.7499609090890306;0.4163589401019635;0.4162946211488676;0.7112762326700873;-0.39487595769027284;1.0547417412226174;0.8135910200624046
0.030537;1.0445757137771936;0.7499072105320209;0.7178019975669431;0.3997656190206081;0.38260313014796743;9.998890553586788;0.7499573611928224;0.41636157441873733;0.4162958727276636;0.711268592220043;-0.3948849571279794;1.054725585980638;0.8135892756718631
0.033941;1.0445685142913284;0.74989074512267;0.7177894771327354;0.3997368365017494;0.38257659872132854;9.998873217994975;0.7499536634354195;0.416364315248851;0.4162971702297963;0.7112640123366306;-0.39489995654367643;1.054713399622081;0.8135931442038491
0.037344;1.0445640310668725;0.7498779094600517;0.717778495056422;0.39971635115304793;0.38255695426497516;9.998855311770168;0.7499498131706469;0.41636716368904514;0.4162985137971042;0.7112614942220665;-0.39491995593731766;1.0547031838122674;0.8136012674954576
0.040748;1.0445632075745557;0.7498708449281889;0.717770452762312;0.39970365199819924;0.38254336119629284;9.998836832364423;0.7499458076245131;0.4163701207280538;0.41629990351070484;0.711260038977783;-0.3949429553088736;1.054695940475338;0.813611801862975
0.044151;1.0445647672010694;0.7498678822901889;0.7177646289689769;0.3996974656626008;0.38253506708074675;9.998817775912427;0.7499416438841526;0.4163731872817971;0.4163013393910247;0.71126064771785;-0.39496495465833686;1.0546916717581423;0.8136236808333756
0.047555;1.0445681084304597;0.749867469432372;0.7177599504167835;0.3996971458094035;0.3825316725029906;9.99879813803766;0.7499373189804579;0.4163763642062805;0.41630282137509544;0.711262321655765;-0.39498595398572434;1.054688379922552;0.8136360312303312
0.054362;1.0445738370547553;0.7498694724800663;0.7177558719915832;0.3997049560880752;0.38253512237034903;9.998777914814708;0.7499328300102068;0.41637965229385304;0.41630434928355864;0.7112650620882225;-0.3950209532910959;1.0546890672884324;0.8136561376283513
0.061169;1.044582896283553;0.7498770158638866;0.7177547368060885;0.3997207383466875;0.3825449188025362;9.998757102662434;0.7499281741812241;0.41638305230671496;0.41630592282102125;0.7112698703227527;-0.39504595257457586;1.0546927362897054;0.8136732221897246
0.067976;1.0445946841179856;0.7498863036915636;0.717753323269173;0.39974082290792573;0.3825577672916341;9.998735697435245;0.7499233487626022;0.41638656501436744;0.4163075416139233;0.7112727476195276;-0.3950589518363555;1.0546973895444787;0.8136828175573962
0.074783;1.0446044241463304;0.7498945450500077;0.717752242118302;0.39975902445056893;0.3825694937850474;9.998713693711096;0.7499183510817801;0.4163901911778363;0.41630920523298526;0.711275695190512;-0.39506195107668063;1.0547010299067363;0.8136876443365681
0.08159;1.044614000212556;0.7499017374069794;0.717750195293848;0.3997738922436084;0.3825780182545432;9.998691084829185;0.7499131786042296;0.41639393150401915;0.41631091319950525;0.7112777142079427;-0.3950589502958358;1.0547036605139113;0.8136887721699685
0.088397;1.0446228095561796;0.7499063284883108;0.7177461102914017;0.3997847796906816;0.38258294169532486;9.998667863778076;0.7499078289440533;0.41639778660345655;0.4163126650024852;0.7112788057841919;-0.39505194949412464;1.0547052848013219;0.813687173726927
0.095204;1.0446292364837877;0.7499093631879873;0.7177420980477989;0.3997916487421432;0.38258481895672686;9.998644024406145;0.749902299788013;0.41640175696965187;0.4163144601122328;0.7112799709822212;-0.3950439486718666;1.054704906485948;0.8136851813371822
0.102011;1.044635235672245;0.749910663531425;0.7177366438842475;0.3997956980516387;0.3825840810540881;9.998619561984963;0.7498965888384954;0.4164058430063199;0.4163162979720242;0.7112812108531047;-0.39503594782941687;1.0547035295637033;0.8136832817264288
0.115625;1.0446388535921751;0.7499101312464078;0.7177309963523336;0.39979341337374286;0.3825780778387665;9.998594473409392;0.7498906938049025;0.4164100450683512;0.4163181779609649;0.7112815264444515;-0.3950249469671821;1.0546991583266179;0.8136791448200096
0.129239;1.0446420444842772;0.7499101101891699;0.7177260558632154;0.39979133511581827;0.38257235577848064;9.998568757965552;0.7498846124193935;0.4164143634382996;0.4163200993357016;0.7112829188004186;-0.3950199460856188;1.054694797361273;0.8136788897904993
0.142853;1.0446463532662782;0.7499119763686617;0.7177220773176783;0.3997898778904693;0.3825667453709895;9.998542417805934;0.7498783424590237;0.4164187982507092;0.4163220611743328;0.711285388970068;-0.39501794518522765;1.0546914515129309;0.8136810602860723
0.156467;1.0446511758636496;0.7499144553533457;0.7177182550351876;0.3997907127282985;0.38256306766189857;9.998515457258346;0.7498718817868034;0.4164233494437974;0.41632406233843894;0.7112889379965663;-0.39501694426656403;1.0546881258747856;0.813684685505851
0.183695;1.0446565117891236;0.7499195883762788;0.7177165436615072;0.3997912439160332;0.3825588368668751;9.99848788201303;0.7498652284010892;0.41642801676416014;0.4163261014671416;0.7112945669027371;-0.3950139433302685;1.0546848258733108;0.8136891832823765
0.210923;1.0446607439606828;0.7499237830295689;0.7177146146605178;0.3997919882071899;0.3825551400726223;9.99845969911571;0.7498583804495795;0.4164327997948458;0.41632817701177754;0.7112982767103234;-0.39500994237709586;1.054680557338497;0.8136915427608569
0.26538;1.0446636053606868;0.7499278364862022;0.717713414875504;0.3997862219070701;0.3825456362874529;9.998430917714446;0.7498513362053513;0.4164376979610509;0.4163302872821307;0.7113050684709833;-0.39499994140791783;1.054674326413789;0.813693707641087
0.319836;1.0446663022357456;0.74993210971902;0.717712460640599;0.39977980424468296;0.38253549426988426;9.998401550129413;0.7498440940405533;0.4164427105114706;0.41633243044993307;0.7113109432547994;-0.39499094042370286;1.0546681394305566;0.813695580531671
0.428748;1.044665139268533;0.7499361027309539;0.7177138139037629;0.3997637492142144;0.3825174623735091;9.998371612752852;0.7498366524534273;0.41644783650802586;0.41633460450664644;0.7113209021102599;-0.39497293942549583;1.0546580029198933;0.8136966777373706
0.646573;1.0446556740425232;0.7499406345114941;0.7177213136156458;0.39972846601339546;0.3824839828045414;9.998341126619318;0.749829010158621;0.4164530748090908;0.4163368072406387;0.7113359460787957;-0.39493993841440916;1.0546389237248188;0.8136949616906202
0.864398;1.04464731678042;0.7499453687273698;0.7177281678839924;0.39969542132329344;0.38245216497067197;9.998310117107392;0.7498211661439138;0.41645842404743744;0.4163390362539363;0.7113500762494722;-0.394909937391614;1.0546209091184335;0.8136939268578746
1.082223;1.0446410054369457;0.7499494224923446;0.7177328859001006;0.3996663453780713;0.3824233224558205;9.99827861201476;0.7498131196415717;0.41646388263662926;0.4163412889566887;0.7113642937358143;-0.39488093635832616;1.0546049668886708;0.8136934763747213
1.517873;1.0446229545208139;0.749954555915374;0.7177466320401545;0.3996075663774078;0.38237025713893236;9.998246639189773;0.7498048700775769;0.41646944877977;0.4163435625332671;0.7113865995912394;-0.3948299353158055;1.054576105371005;0.8136894409609131
1.953522;1.0446078827224134;0.7499590340301916;0.7177576241746159;0.39955814071006124;0.38232498125161274;9.99821422633224;0.7497964170412607;0.41647512044554924;0.4163458539402102;0.7114059947830839;-0.39478593426537595;1.0545513334708176;0.8136862803418299
2.824822;1.044581062442343;0.7499649440407132;0.7177779892869248;0.399478032790605;0.3822545446324253;9.998181402927608;0.7497877602774962;0.4164808953342406;0.4163481599199052;0.7114344802070259;-0.39471693320845375;1.0545136606941599;0.8136789573043541
3.696122;1.0445666239999034;0.7499695834046239;0.7177885453471972;0.3994264180943496;0.3822067865858452;9.998148201545513;0.7497788996965536;0.41648677086284924;0.41635047697306715;0.711456056646296;-0.39466993214656776;1.0544880971332027;0.8136762891988241
4.567421;1.0445601211319957;0.7499753818915977;0.7177946770809343;0.39939538965340327;0.38217576544338755;9.998114657381938;0.7497698353912954;0.4164927441638538;0.4163528013064125;0.7114707247090964;-0.3946409310813702;1.0544716534980556;0.8136763304534036
5.438721;1.0445590613497406;0.7499805857804515;0.7177964197573851;0.3993801302287426;0.3821577819569544;9.998080807237494;0.7497605676577924;0.4164988120862521;0.4163551287998366;0.7114804848404092;-0.39462293001463383;1.0544613413040984;0.8136774310376089
6.31002;1.0445634377874284;0.7499859734362176;0.7177945248054162;0.39937537025720143;0.38214779317322156;9.998046689164044;0.7497510970196745;0.41650497119961677;0.4163574549947168;0.7114883373735303;-0.3946139289482312;1.0544561730335231;0.8136812423983971
7.18132;1.0445710945970395;0.7499912865691297;0.7177902292078069;0.39937878645552816;0.3821443644306882;9.998012342899004;0.7497414242610309;0.41651121779400513;0.4163597750957536;0.7114932825309311;-0.39460992788413407;1.0544541621058254;0.8136849485093547
8.052619;1.0445804072481564;0.7499966575911687;0.7177847791714659;0.3993866831022496;0.3821445520173881;9.997977810160284;0.749731550454763;0.4165175478581558;0.4163620839966654;0.7114973204118592;-0.39460992682444923;1.0544543228131027;0.8136898122555569
8.923919;1.0445907636235547;0.7500022194356525;0.7177787255143914;0.39939679636189923;0.382146413177832;9.997943134540094;0.7497214769740229;0.41652395703898487;0.4163643763001202;0.7115014510329087;-0.3946119257714517;1.054455670362582;0.8136957369250643
9.795219;1.0446008756683085;0.7500072815694439;0.7177722956613889;0.3994082003559888;0.38214953423128706;9.997908361711701;0.7497112055067102;0.41653044060685107;0.41636664627283126;0.7115046743547896;-0.3946149247275911;1.0544572209430265;0.8137013617794001
10.795219;1.0446123502426512;0.7500131164823006;0.7177656065253127;0.399420652670734;0.38215309671715486;9.99787353989839;0.7497007381025667;0.41653699341359157;0.41636888776331193;0.7115079902599251;-0.3946179236954956;1.0544599917561588;0.8137070746684321
11.795219;1.044623897988004;0.7500190330677573;0.7177588866397546;0.39943322658973096;0.3821566871398512;9.997838720028428;0.7496900772468148;0.41654360983458444;0.41637109416939394;0.7115103985742853;-0.3946209226779943;1.0544630010716858;0.8137119993423021
12.795219;1.0446355077867422;0.7500250276198959;0.7177521441848088;0.3994459170908961;0.38216030727432837;9.99780395583015;0.7496792259218846;0.4165502837285884;0.4163732584459725;0.7115138991072059;-0.3946239216781378;1.0544652682866722;0.8137178825931111
13.795219;1.0446462265474283;0.750030996199966;0.7177459396811458;0.3994566358323262;0.382162308727997;9.997769304396648;0.7496681876567397;0.4165570084150296;0.4163753730839117;0.7115184915874763;-0.39462592069919306;1.0544688139238971;0.8137242367788656
14.795219;1.044656982893932;0.7500366815989365;0.7177393931841584;0.39946844213021515;0.3821652850938475;9.9977348267737;0.7496569665780719;0.41656377665813904;0.4163774300740983;0.7115221755377312;-0.3946279197446257;1.0544716596032175;0.8137297950903875
15.795219;1.0446677632650947;0.7500431364128105;0.717733527915166;0.3994783809392071;0.382166414764269;9.99770058822531;0.7496455674514609;0.41657058064823893;0.41637942088393537;0.7115269502162942;-0.3946289188180989;1.0544738280191077;0.8137358176849858
16.795219;1.0446772741934665;0.7500489622287333;0.7177279005867808;0.3994874881104692;0.38216716748474544;9.997666658768368;0.7496339956964012;0.4165774119533606;0.41638133642335434;0.7115308146380955;-0.39462991792350754;1.0544773429596372;0.8137410366681831
17.795219;1.0446871166715663;0.7500547233258118;0.7177219577230646;0.3994974826965358;0.382168608250526;9.997633113864044;0.7496222573760577;0.4165842614636879;0.41638316700967587;0.7115357675971548;-0.3946299170650231;1.0544802294346058;0.8137467111855601
18.795219;1.0446969362522478;0.7500608828742739;0.7177163944226691;0.3995065681779253;0.38216915099025967;9.997600034539298;0.7496103591925165;0.4165911193540476;0.41638490234406506;0.7115408076744195;-0.39462991624710203;1.0544835138688304;0.8137524468748579
19.795219;1.0447067148698113;0.7500670812462277;0.7177108868114219;0.3995157177909587;0.382169739669163;9.997567506817651;0.7495983084996694;0.4165979750331773;0.4163865314720241;0.7115459332486068;-0.39463091547447376;1.0544872242010832;0.8137587234160537
19.999996;1.0447164330446825;0.7500733108339768;0.7177054496925814;0.39952492124503497;0.38217037716612284;9.997535621065918;0.7495861133380387;0.416604817072843;0.41638804272772156;0.7115511424741935;-0.3946309147521641;1.0544913898128283;0.8137645647046502
19.999996;1.0447260697859293;0.7500795634520285;0.7177000989436931;0.39953416740057063;0.3821710665564906;9.997504472414613;0.712073782482023;0.4166116331511027;0.41638942370403015;0.7115564332374446;-0.3946309140855388;1.0544960414175353;0.8137704496261701
19.999996;1.0447356025657857;0.7500858303881817;0.717694851502379;0.39954344420432203;0.38217181109074644;9.997474162413754;0.7120613254655673;0.4166184100303046;0.41639066125672036;0.7115618031431874;-0.3946309134803183;1.0545012111112493;0.8137763715697677
19.999997;1.044745007276817;0.7500921024150639;0.7176897253947174;0.39955273864048;0.38217261417691006;9.997444800637773;0.7120487526242152;0.4166251335530122;0.4163917414937849;0.7115672495189651;-0.3946309129425826;1.0545069326396583;0.8137823235758875
19.999997;1.0447542581788194;0.7500983696547301;0.7176847398103103;0.3995620366807596;0.38217347938931556;9.99741650539137;0.7120360751925471;0.41663178860803424;0.41639264971831325;0.711572769436847;-0.3946309124787934;1.0545132416823892;0.8137882983001777
19.999998;1.0447633278743664;0.7501046214264894;0.7176799151830365;0.3995713231996096;0.3821744104895236;9.997389403743092;0.7120233054098813;0.4166383590583489;0.4163933703417398;0.7115783597575245;-0.39463091209580353;1.0545201759574785;0.8137942879509016
20.0;1.0447721872125704;0.750110846201936;0.7176752733091444;0.3995805818820515;0.38217541143540523;9.99736363155343;0.7120104565966755;0.4166448276581017;0.4163938867963031;0.7115840171229101;-0.3946309118008661;1.054527775277834;0.8138002841932237
20.000004;1.0447808051084362;0.750117030269278;0.7176708365829029;0.3995897949870276;0.38217648652515196;9.997339356347265;0.7119975441851475;0.41665117590504186;0.4163941819216078;0.7115897373170821;-0.3946309116019319;1.0545360803869424;0.8138062764729309
20.000012;1.0447891471003543;0.7501231540110379;0.7176666255913908;0.399598942998418;0.3821776414513636;9.997316841423514;0.7119845879160241;0.4166573840419401;0.41639424017153626;0.7115955156669245;-0.39463091150806945;1.0545451301240896;0.8138122493012809
20.000028;1.0447971725643803;0.7501291904971842;0.7176626565964914;0.3996080042150916;0.38217888509632036;9.997296490321457;0.711971610191805;0.4166634316404106;0.4163940514453062;0.7116013499458376;-0.39463091152857804;1.0545549635306888;0.8138181846306911
20.000061;1.0448048348689691;0.7501351097537998;0.7176589386183271;0.3996169542088171;0.38218022949829783;9.997278822588546;0.7119586286739917;0.41666929810401904;0.41639361249200685;0.7116072375320991;-0.39463091167110914;1.0545656297247563;0.8138240676238404
20.000126;1.0448120854984402;0.7501408836789323;0.7176554718017717;0.3996257669778119;0.38218168753922027;9.997264425124785;0.7119456537171948;0.41667496219900646;0.41639292367142716;0.711613165112894;-0.3946309119406933;1.0545771921107308;0.8138298870154925
20.000256;1.0448188780130983;0.750146488599743;0.717652255301511;0.3996344180912775;0.3821832709700629;9.997253936691655;0.7119326965004145;0.4166804023520342;0.4163919851559606;0.7116191059483202;-0.3946309123389549;1.054589716403773;0.8138356323673225
20.000515;1.0448251704371263;0.7501519070119322;0.7176493015590026;0.399642886266884;0.3821849897505936;9.997248084225681;0.7119197754034572;0.4166855998456012;0.4163907951683958;0.7116250271419392;-0.3946309128641309;1.0546032513456485;0.8138412933435718
20.001034;1.0448309289430955;0.7501571305679331;0.717646641150438;0.3996511532979882;0.38218685294216864;9.997247704237944;0.711906912379424;0.4166905425013641;0.4163893492967365;0.7116288951957215;-0.394630913513753;1.054617818562769;0.813845109888749
20.001553;1.044837076834893;0.7501619862821516;0.7176434981862885;0.39965896939713713;0.38218830001909904;9.997253687314087;0.7118941300946013;0.4166952241240405;0.4163876415063122;0.7116306759842126;-0.3946309142865021;1.054633417884812;0.8138470695945601
20.002592;1.0448413985286924;0.7501646456959116;0.7176396807428782;0.3996662666410675;0.3821900978598073;9.997266881411846;0.7118814562346695;0.4166996396579235;0.4163856645691792;0.7116153323851139;-0.3946309151805584;1.0546500353748034;0.8138340458811579
20.003526;1.04484580336552;0.7501654049573893;0.7176342170420533;0.3996738989600299;0.3821923908434604;9.997288021742932;0.7118689248955173;0.4167037815788616;0.41638340810392666;0.7115828237091091;-0.39463091619260077;1.0546676390096241;0.8138060340233814
20.004461;1.044849660298792;0.7501592528283805;0.7176228262308132;0.3996794647603434;0.38219313812771655;9.997317762554124;0.7118565693169328;0.4167076400181239;0.416380859409035;0.7115291078100345;-0.3946309173205808;1.0546861696127474;0.8137595322761935
20.005395;1.0448539673789778;0.7501466578347628;0.7176053719104611;0.39968405371045196;0.3821930461082225;9.997356760760551;0.7118444144319442;0.4167112033822143;0.4163780082655846;0.7114481452773291;-0.39463091856648;1.054706545145337;0.813689285826214
20.00633;1.0448577787575877;0.7501220086443181;0.7175772335965944;0.3996864291201804;0.3821913041115011;9.997405648471196;0.711832476296122;0.4167144588742009;0.41637485022530635;0.711338905523917;-0.39463091993551264;1.054727677425489;0.8135944107572163
20.007264;1.044861775858352;0.7500839094108023;0.71753670177911;0.3996861765113965;0.3821872948523985;9.997464908451724;0.7118207630791415;0.41671739333265867;0.41637138678475855;0.711195370223218;-0.3946319214344646;1.0547494842917442;0.8134701423259592
20.008199;1.0448666452865394;0.7500286411027667;0.7174798260634032;0.3996831635508679;0.38218066758774677;9.997534805204658;0.7118092747439686;0.41671999221426603;0.41636762381304915;0.7110175307793357;-0.39463292307013814;1.0547728902592535;0.8133159998787513
20.009133;1.0448723903594581;0.749952364414938;0.7174029991956133;0.39967663648222623;0.38217071807918535;9.997615414405391;0.7117980105358303;0.4167222384854999;0.41636356816261844;0.7108023824635832;-0.3946349248460604;1.054797821261623;0.8131298603193583
20.010068;1.0448790710429567;0.7498524014407045;0.717303678586964;0.3996678641146567;0.3821586495256933;9.997706689564788;0.711786981542468;0.41672411409527965;0.41635922580981666;0.7105489199718988;-0.39463692676060674;1.054824200031231;0.8129103891114119
20.011002;1.0448870086739603;0.7497245208551881;0.7171776472965784;0.3996545843338266;0.38214218662826754;9.997808494956354;0.7117762109659692;0.41672560132602793;0.41635460475802494;0.7102551398689577;-0.3946409288086184;1.0548519483056908;0.8126568430649008
20.011936;1.0448968686081503;0.7495685869899236;0.7170243664755938;0.399639067460719;0.3821232763246965;9.997920577700144;0.7117657221605734;0.4167266810190163;0.416349716934664;0.7099210466774233;-0.3946449309841649;1.0548819948476058;0.812368286978625
20.012871;1.0449080386582883;0.7493795704124198;0.7168394727474505;0.39961893577230917;0.38209988787692445;9.998042529332533;0.7117555301414796;0.41672732983801697;0.4163445756646328;0.7095456515359152;-0.3946499332842714;1.0549132812547581;0.8120443679997498
20.013805;1.0449221164201858;0.7491578656956159;0.7166222584125308;0.3995942644355278;0.3820715305885635;9.998173795123426;0.7117456420768357;0.4167275196840086;0.4163391944043744;0.7091289636440522;-0.3946569357123807;1.0549477593701215;0.8116856106514861
20.01474;1.044938200245999;0.7488996508869645;0.716369677009852;0.3995671986649029;0.38204060373327153;9.998313734984377;0.7117360613380742;0.4167272184138501;0.4163335887152064;0.7086699843716144;-0.3946649382776873;1.054983380161696;0.8112907044951176
20.015674;1.0449569289819685;0.7486052213080374;0.716081557407846;0.39953574105582246;0.3820049666231083;9.998461707504688;0.711726788619664;0.4167263930621724;0.4163277791913786;0.7081697091478638;-0.3946739409905128;1.0550210835414044;0.8108605852528648
20.016609;1.0449780026529674;0.7482720337379261;0.7157556497580626;0.3995003790962302;0.38196519569311327;9.998617126972718;0.7117178188062829;0.41672501588162225;0.4163217938980059;0.7076281354366639;-0.39468494385729286;1.0550617999979288;0.8103958034181765
20.017543;1.0450024069254022;0.747900550520656;0.7153917049336596;0.3994622491017481;0.3819220151175733;9.998779475568796;0.7117091412426343;0.416723065775672;0.4163156667954707;0.7070452696335922;-0.3946979468790892;1.05510446235856;0.8098964121721831
20.017746;1.0450118452863217;0.7478172687750295;0.7153149350592;0.3994563105858757;0.3819155883920879;9.99894830319269;0.7117007467644184;0.41672052450699176;0.4163094317838314;0.7069141258936159;-0.39470095005486716;1.0551330135528223;0.8097869578157234
20.017746;1.0450160047955614;0.7478198356307738;0.7153249079636299;0.3994587426540318;0.38191954858708943;9.999123176249931;0.7116926324678651;0.4167173763317639;0.41630311939311376;0.7069147184110017;-0.3947009533846508;1.0551564034824525;0.8097914333886342
20.017749;1.0450202328228702;0.747820052184737;0.7153334981356994;0.3994602673333386;0.3819230411798197;9.999303577181594;0.7116847986450672;0.4167136115677396;0.4162967588891775;0.7069130540214817;-0.3947009568690215;1.0551795867512799;0.8097943266967039
20.017752;1.0450249008592132;0.7478210814478493;0.7153434829439458;0.3994617588680988;0.3819267540076889;9.999488918479818;0.7116772410351427;0.41670922870427424;0.41629037979287115;0.7069101303741941;-0.39470096050690107;1.0552025306716735;0.8097965088455508
20.017759;1.045030976481964;0.747820403756065;0.7153517836517723;0.3994632650741196;0.3819303682549806;9.999678696493325;0.7116699471550858;0.416704233828398;0.4162840096562723;0.7069059416768043;-0.39470096429262747;1.0552252237719717;0.8097979611088858
20.017772;1.0450368575381443;0.7478164563891891;0.7153579837940571;0.3994627081030877;0.38193247104003547;9.999872601056751;0.7116629042515887;0.4166986375546449;0.41627767114190506;0.7068974846579458;-0.3947009682134383;1.0552476730311027;0.8097960317841868
20.017798;1.045044429050737;0.7478074699399271;0.7153590589771168;0.39946355321714794;0.3819356848092904;10.00007048369796;0.7116561116765587;0.4166924517278792;0.4162713814387734;0.7068797549595703;-0.39470097225031103;1.0552708935077189;0.8097863163913023
20.017849;1.045052344868527;0.7477857104440032;0.715348477586822;0.39946076402013336;0.38193567600504935;10.00027223829598;0.7116495847211155;0.41668568907289366;0.4162651539338089;0.706844741773907;-0.394701976381512;1.0552938982384055;0.8097622824472704
20.017952;1.0450626903522446;0.7477423531523493;0.7153163111005905;0.3994551599658976;0.38193246951699733;10.000477722276038;0.7116433473395296;0.4166783624791911;0.41625899975287406;0.7067744319274726;-0.3947039805858474;1.0553176920712035;0.809708191867154
20.018158;1.0450761389314185;0.7476523028707875;0.7152380144131318;0.3994456437949435;0.3819247779331187;10.000686787024225;0.7116374217388303;0.41667048262756357;0.41625292786544654;0.7066348165982306;-0.3947069848456795;1.0553442750980386;0.8095943560182952
20.018364;1.0450897397855101;0.7475592920261287;0.715157435150863;0.3994338803028737;0.38191529194445206;10.000899278017599;0.7116318237645961;0.41666206026078983;0.4162469452442363;0.7064928896204042;-0.39470998914927297;1.0553706541871353;0.8094787797225885
20.018571;1.0451044435888202;0.7474654228629833;0.7150758800120983;0.3994226426617142;0.38190633891255643;10.001114920659274;0.7116265651548075;0.4166531116744394;0.4162410587637837;0.7063486400652824;-0.39471399348929986;1.0553978461642877;0.8093619593173954
20.018777;1.0451193111769248;0.7473679586516102;0.714991320962208;0.39941109505047734;0.3818974747057307;10.0013332453615;0.7116216584986662;0.41664365831306155;0.4162352770519408;0.7062020535766623;-0.394716997859024;1.0554238630420611;0.8092429241992929
20.018983;1.0451343287472221;0.7472695912654128;0.7149062946636584;0.3993979617113335;0.38188748572667963;10.001553645637918;0.7116171194134047;0.41663372102444163;0.4162296104764664;0.7060531232568408;-0.39472100225128803;1.0554496938124198;0.8091226465061104
20.019189;1.0451513471342413;0.7471692704185987;0.714818471609406;0.3993847379913894;0.3818771207791055;10.00177552433752;0.7116129629013839;0.4166233160219506;0.41622407093260144;0.7059028523606464;-0.39472400665912716;1.0554763023710956;0.809001008682926
20.019395;1.0451674937951765;0.7470655870525313;0.7147284088641263;0.39937141405413024;0.3818674062861248;10.001998451061798;0.7116092003046639;0.41661245390742;0.41621867101246296;0.7057502476874231;-0.3947280110742047;1.055502642360808;0.8088780911279013
20.019601;1.0451858760195198;0.7469625254870296;0.714637730885602;0.3993575333977367;0.38185675056454493;10.00222222976018;0.7116058415230948;0.41660114049824415;0.41621342140442597;0.7055953191353408;-0.39473201548526654;1.055528674222446;0.8087533786054106
20.019807;1.04520294031683;0.7468552674598378;0.7145441817356807;0.39934240323794234;0.38184576915085805;10.002446823246055;0.71160289417656;0.41658937810126656;0.41620832811481023;0.7054390858942235;-0.39473601987928136;1.0555543716451492;0.8086277231404093
20.02022;1.0452281443099842;0.7466363714258312;0.7143383140403013;0.3993168717556353;0.38182221905851493;10.002672206638817;0.7116003592055667;0.4165771660547469;0.416203390081251;0.7051255793624673;-0.39474402424330507;1.0555857191812978;0.8083669601502086
20.020632;1.04525409684096;0.7464090199438658;0.7141239144223915;0.39928975803690553;0.38179722443464637;10.002898308302875;0.7115982326980886;0.41656450230696035;0.41619859929999287;0.7048068400646869;-0.3947520285652633;1.0556177140383598;0.8081017715801777
20.021044;1.0452807635492782;0.7461748471151974;0.7139025045455024;0.39926276276500844;0.3817724035379733;10.003125061436146;0.711596510516875;0.4165513865496817;0.416193945200162;0.7044839105132146;-0.3947610328338291;1.055650373452741;0.80783350884
20.021457;1.0453084520199956;0.7459344471866467;0.7136743859098642;0.39923473854193314;0.3817465202741292;10.00335240381962;0.7115951898992685;0.4165378219836671;0.4161894180206269;0.7041548292274921;-0.394770037038236;1.0556827323751132;0.8075599248877766
20.021869;1.0453358542458246;0.7456854625836481;0.713438138937865;0.39920640690509457;0.3817207126667837;10.003580186972096;0.7115942721950385;0.41652381343535627;0.4161850069570299;0.7038226308612696;-0.39478004116811133;1.0557158286212645;0.8072841117977787
20.022281;1.045365149282994;0.7454310561217469;0.7131952522668078;0.39917721983402543;0.38169362278878016;10.003808158331273;0.7115937650896816;0.4165093644973143;0.4161806978128787;0.7034873469555067;-0.3947900452124461;1.0557496912976627;0.8070055694099042
20.023106;1.04541201544;0.7448992750024593;0.7126745861477167;0.39912637786223065;0.38163956712191976;10.004036071051651;0.7115936774679261;0.4164944782701093;0.41617647618222164;0.7028140030350493;-0.3948100491599036;1.0558003410009256;0.8064371366026902
20.02393;1.0454624249034494;0.7443449017716792;0.7121296724295341;0.39907495280098615;0.38158380984191154;10.004263773461117;0.7115940114949005;0.4164791593892228;0.4161723336853451;0.7021316189857512;-0.39483205300170987;1.0558537944110977;0.8058618451405323
20.024755;1.0455147691320008;0.7437681813671907;0.7115618155196207;0.3990242807802644;0.3815281805573642;10.004491181048369;0.711594763957408;0.41646341277551646;0.4161682702260214;0.7014442123561766;-0.3948550567321952;1.0559090646967673;0.805282720726175
20.025579;1.0455693089876918;0.7431722930449624;0.7109738419197461;0.39897529823310274;0.3814734452788999;10.0047181646706;0.7115959343041613;0.41644724138692024;0.41616429041431;0.7007547973437082;-0.3948790603460656;1.055967161658048;0.8047024108325642
20.026404;1.0456256881198387;0.7425588568510967;0.7103675056511908;0.3989282734505205;0.3814199608570641;10.004944425532738;0.7115975244207821;0.41643064691169085;0.4161603985731603;0.7000643831405364;-0.3949040638374203;1.0560270971715973;0.8041218187594306
20.027228;1.0456841626335092;0.7419323744056228;0.7097469197791081;0.39888348394662715;0.3813678775266172;10.00516945481967;0.7115995314840705;0.4164136327809473;0.4161565984066079;0.6993759766952665;-0.39492906720063026;1.0560888897774696;0.8035430939472485
20.028053;1.0457450046133856;0.7412963550951603;0.7091152574384441;0.3988408484393168;0.38131700281283015;10.005392596535977;0.7116019466029286;0.4163962076784974;0.41615289743870915;0.6986915876513562;-0.3949550704304982;1.0561535630164984;0.802968489934035
20.028878;1.0458069504915108;0.7406502703539338;0.7084728760907121;0.3988011146162282;0.38126850214936114;10.005613127553538;0.7116047555273444;0.41637838720158654;0.416149309194005;0.6980132331776742;-0.3949810735223635;1.0562201384997296;0.802399262030802
20.029702;1.0458703017789694;0.7399982639519627;0.7078235349848099;0.39876551397707816;0.38122343855651186;10.005830327650203;0.7116079348770781;0.41636019043389483;0.41614585010156463;0.6973409405966768;-0.3950070764726271;1.0562886282272876;0.8018353989840377
20.030527;1.0459341000540487;0.7393421937464129;0.7071696486336859;0.3987326704825031;0.3811808490225568;10.006043536062053;0.7116114523055479;0.4163416353601112;0.4161425351218235;0.6966767453654332;-0.39503307927884035;1.0563580334929334;0.8012786207257412
20.031351;1.0460002836961753;0.7386857718725666;0.7065134413938783;0.39870516333307365;0.3811425098418726;10.00625217908475;0.7116152741545455;0.4163227398839329;0.4161393758821809;0.6960226844457513;-0.3950590819396963;1.056430350113615;0.8007306483442671
20.032176;1.0460672939719313;0.7380292980857621;0.7058562344293664;0.3986809346738324;0.38110703788591876;10.00645581228996;0.7116193719943386;0.41630352533407944;0.4161363817310037;0.6953777894331085;-0.39508408445513715;1.0565035749981668;0.8001901030871911
20.033;1.0461338345168525;0.7373747076037924;0.7052007154477884;0.3986610926832869;0.3810759791161741;10.006654158473705;0.7116237243408846;0.41628401698697276;0.41613356054941075;0.6947450846152148;-0.39510808682619736;1.0565777113385006;0.7996595742858396
20.03465;1.0462645403338549;0.7360830032478177;0.703891833506777;0.39864401925333903;0.3810242286360013;10.006847063347;0.7116283155813363;0.416264242502815;0.41613091762590126;0.6935185891857872;-0.39515208905451693;1.0567147670010428;0.79862288668993
20.036134;1.0463852200160384;0.7349432352577006;0.7027347285244547;0.3986425124584966;0.3809910710332688;10.007034420953675;0.7116331313539646;0.4162442303093147;0.4161284559353632;0.6924563197923522;-0.39518709114051703;1.0568437478695307;0.7977245634179203
20.037618;1.0465073518874626;0.733831112716529;0.7016026642367668;0.3986544240873361;0.3809702460759745;10.007216137020865;0.711638151401274;0.4162240095100148;0.4161261801557922;0.6914362922611235;-0.3952150930812389;1.0569746563275375;0.7968594594358291
20.039102;1.0466293286760477;0.7327535368688612;0.7005032945405567;0.3986776455210528;0.3809602996919674;10.007392080462282;0.7116433449304085;0.41620361118100785;0.4161241017232463;0.6904585219272534;-0.3952370948710363;1.0571064962734669;0.7960279666738508
20.040586;1.0467524388255478;0.7317126193913869;0.6994377736684471;0.398713902053484;0.3809623942767324;10.007562023708331;0.7116486711885698;0.4161830668398473;0.4161222393860277;0.6895240214466494;-0.39525109650463425;1.0572402782806207;0.7952298530220085
20.042071;1.0468747894121926;0.730711422468701;0.6984103180319582;0.39875887843844804;0.38097308159152193;10.007725617118519;0.7116540830388989;0.41616240432011087;0.4161206141703151;0.6886327976647002;-0.39525609797875494;1.0573750177054884;0.7944645250219908
20.043555;1.0469954474206173;0.7297510913793028;0.6974226721502869;0.39881297633571483;0.38099308241723057;10.007882381388129;0.7116595305864231;0.41614164768394657;0.4161192445704904;0.6877848520387129;-0.3952530992899441;1.057507729294116;0.7937324061626531
20.045039;1.0471141318498778;0.7288328962713446;0.6964762550916617;0.3988738638931804;0.381020269398029;10.00803174298126;0.7116649646770998;0.41612082137367823;0.4161181455710776;0.6869781845267804;-0.39524110043128496;1.0576404332001397;0.7930312067965184
20.046523;1.0472308430313624;0.7279558067059795;0.6955700928292151;0.3989410376569758;0.3810541625049189;10.008173123078539;0.7116703378418887;0.41609995124558846;0.41611732905679927;0.6862117947282261;-0.3952191013932501;1.0577711672825674;0.7923595096601818
20.048007;1.0473446359076612;0.7271216544698161;0.6947065867701243;0.39901291427924457;0.38109359371106855;10.008305978142475;0.7116756027755261;0.4160790604793225;0.4161168017765555;0.6854846797810417;-0.39518810216824674;1.057899987282504;0.7917168983728963
20.049492;1.04745486331449;0.726327685063152;0.6938835729408701;0.3990867640256543;0.3811361895330983;10.00842975874635;0.7116807149511797;0.4160581676647238;0.4161165613223085;0.6847968326143561;-0.39514810275271617;1.0580269546922187;0.7911033295930924
20.050976;1.0475612382217008;0.7255731281439785;0.69310056149746;0.3991628954045284;0.3811823477364159;10.008543898666312;0.7116856362625879;0.4160372910593813;0.416116595425309;0.6841442388851489;-0.39509910314494295;1.0581501205309713;0.790515301232393
20.05246;1.047663734790156;0.7248571226153281;0.6923568137396408;0.39923830812449096;0.3812292092748004;10.008647913648177;0.7116903336210965;0.4160164530422737;0.4161168859967788;0.6835278751058561;-0.3950421033432103;1.058269514528795;0.7899541427815906
20.053944;1.0477620566377053;0.7241775666868753;0.6916505847102915;0.3993139793662022;0.38127781672864325;10.008741526003908;0.7116947777051332;0.41599567995579234;0.41611741301147376;0.6829447130306989;-0.3949771033464703;1.0583861460147392;0.7894172191071885
20.055429;1.0478552210009768;0.7235334856721378;0.69098164869778;0.3993881254025492;0.3813268248545387;10.008824659390049;0.7116989438914534;0.41597499914411523;0.4161181559366714;0.6823937245078088;-0.3949041031556494;1.0584980078963637;0.7889036342868521
20.056913;1.047943213694825;0.7229225443162834;0.6903478262193563;0.3994576554391357;0.38137328928287234;10.00889730522053;0.7117028129582161;0.415954437002287;0.4161190951369715;0.6818728809206845;-0.3948251027741474;1.0586070796411786;0.7884126437820658
20.058397;1.048026963274584;0.7223444627112661;0.6897482707510307;0.39952559125864595;0.38141976574066766;10.008959397260785;0.7117063725502861;0.4159340193507851;0.4161202149093392;0.6813811501892527;-0.3947401022073716;1.0587103342451205;0.7879433813400059
20.059881;1.0481058035794752;0.7217968531263123;0.6891811645205981;0.3995882975057909;0.38146303204739673;10.009010744783843;0.7117096175456399;0.4159137713632915;0.4161215064437005;0.6809174957380508;-0.3946501014625081;1.0588097428651762;0.7874954930984485
20.061365;1.0481787714612498;0.7212775943072665;0.6886451301468711;0.39964621984735665;0.3815038723622316;10.009051000133915;0.7117125456789081;0.4158937160495325;0.4161229673039628;0.6804788791030454;-0.3945551005486862;1.0589042736110763;0.787066400867702
20.06285;1.0482474312335577;0.7207860503939948;0.688138543282504;0.3996991147365045;0.38154149492132483;10.009079676478615;0.7117151520008995;0.41587387424279415;0.416124598189539;0.6800652648022455;-0.39445709947635493;1.0589948930025987;0.7866571295284791
20.064334;1.0483105242610489;0.7203202639930844;0.6876603685434245;0.39974667256699337;0.38157607840274055;10.009096230487106;0.7117174298178333;0.4158542658880363;0.41612640124349043;0.6796746262676201;-0.3943560982568505;1.059079570892798;0.7862659765183259
20.067302;1.0484263487813994;0.719465298802406;0.6867761475685014;0.3998376475711208;0.381632956264419;10.009100189445729;0.711719376321175;0.415834910058243;0.4161283795168519;0.6789589501702444;-0.3941480969032873;1.0592182849262217;0.7855398069156122
20.069974;1.048515098772199;0.7187713923893009;0.6860637134704848;0.3998985208919041;0.38167099981156455;10.009091297796413;0.7117209961950008;0.41581582495336405;0.41613053417098694;0.6783822339139547;-0.39395909543109847;1.0593300220310302;0.784943210280182
20.072645;1.0485899710735462;0.7181425240811452;0.6854226463584265;0.3999414455377012;0.38169700956520275;10.009069593520982;0.7117223021562841;0.41579702961441556;0.41613285996613225;0.6778644778114088;-0.39377109385745646;1.059427772210745;0.784397987518567
20.075317;1.0486524794731402;0.717571963138384;0.6848454880892861;0.3999658441960312;0.3817098779429681;10.009035359910488;0.7117233122033704;0.41577854551837284;0.4161353429754887;0.6773986803662498;-0.3935880922009156;1.0595125189661447;0.7839001182822217
20.077989;1.0487016281586472;0.7170541541296598;0.6843275613745888;0.3999738684319388;0.3817120140738566;10.008989058020589;0.711724046117333;0.4157603953522498;0.41613796386266105;0.6769808416415997;-0.39341209048137493;1.0595852342606462;0.7834471642770482
20.08066;1.0487414769660877;0.7165856102233895;0.6838628633648999;0.39996751748543674;0.3817038381789354;10.008931305683431;0.7117245261392819;0.41574260091735765;0.4161407051272109;0.6766059688173486;-0.3932460887196615;1.0596468742124667;0.7830363136926579
20.083332;1.0487713458012542;0.7161606474487068;0.6834463824113222;0.39994977242448326;0.38168842961397936;10.008862836412993;0.7117247803321912;0.41572518373949213;0.41614355489889804;0.676271074349845;-0.39309208693619324;1.0597003769273905;0.7826659728955756
20.086003;1.048793079272032;0.7157757152666846;0.6830734914596361;0.39992097418800177;0.3816654222092565;10.008784395880564;0.7117248450108722;0.41570816524109394;0.41614650409894716;0.6759711700840998;-0.3929500851490897;1.0597446705477527;0.7823318149680428
20.088675;1.0488072735036502;0.7154264256553358;0.6827395808541503;0.3998830702761993;0.38163643267452263;10.00869666164401;0.7117247647010582;0.41569156435089966;0.41614954340118865;0.6757022632515203;-0.3928220833737979;1.05978168236349;0.782031391275459
20.091347;1.0488151538014006;0.7151106124640857;0.6824417534950298;0.3998400483626324;0.38160479040972956;10.008600266065162;0.711724588659565;0.4156753984476484;0.4161526633039298;0.675463352464946;-0.3927070816242755;1.0598133386538602;0.7817633465187053
20.094018;1.0488179550781227;0.7148241331897668;0.6821752286106121;0.3997919256990781;0.38157002839081705;10.008495852864982;0.7117243663519391;0.41565968899495676;0.41615585216129614;0.6752504274258594;-0.3926060799127292;1.0598395613202025;0.781524739088384
20.09669;1.0488172478950757;0.7145666666508451;0.681938672628358;0.3997408448545504;0.381533582741801;10.008384091350425;0.7117241454581017;0.41564446342254435;0.41615909233776566;0.675061474663033;-0.39251907824804116;1.059861268153009;0.7813138479245122
20.099361;1.048812712337196;0.7143340345273084;0.681728310690271;0.3996890007946307;0.38149761862183185;10.008265644153445;0.7117239713478322;0.41562975092718124;0.4161623616837419;0.6748924826322447;-0.3924440766367575;1.0598793788747594;0.7811262081514874
20.102033;1.0488059206741838;0.7141239349958073;0.6815409264121183;0.3996378945261132;0.3814629416051223;10.008141091346095;0.7117238858796598;0.41561557976085567;0.41616563957160396;0.6747434420154956;-0.392381075085081;1.05989582394449;0.7809618125363896
20.104704;1.0487971834297485;0.7139347777482681;0.6813748024568352;0.39958746207268614;0.38142932508606786;10.008010864282213;0.7117239258208249;0.41560197729627907;0.41616891006827056;0.6746113425861318;-0.3923290735970079;1.0599085482178188;0.7808175584294609
20.107376;1.0487874530916388;0.713765686629022;0.6812284785893528;0.3995395080628333;0.38139809968891897;10.007875232517666;0.7117241217473103;0.4155889696421381;0.4161721595905911;0.6744941731387776;-0.3922870721712208;1.0599205083235776;0.7806912068087424
20.110048;1.0487760829443178;0.7136133300245902;0.6810991689162167;0.399493488010894;0.38136893977221437;10.007734316651954;0.7117244990911622;0.4155765820206813;0.4161753726951118;0.674389929195131;-0.392253070802062;1.0599316696813965;0.7805800085760928
20.112719;1.0487639926228736;0.7134768471651111;0.6809854031972816;0.3994512024014892;0.38134318760139485;10.007588130213284;0.7117250806551358;0.4155648390561652;0.4161785330524979;0.6742986203054613;-0.3922270694840096;1.0599410048330464;0.7804839406363314
20.115391;1.0487520919865216;0.7133547194668532;0.6808850702133176;0.399413126018383;0.3813209203301747;10.007436657057273;0.7117258871050859;0.4155537634295554;0.4161816290108603;0.6742182677071308;-0.39220806821453436;1.0599494923527473;0.7804007464411534
20.120734;1.0487395824369468;0.7131599880238911;0.6807156101710239;0.399357862100859;0.38128195847266977;10.007279948248355;0.7117269354624031;0.4155433745479067;0.41618465406073735;0.6740848963857268;-0.3921820669926669;1.0599571161373438;0.7802680514662859
20.125543;1.0487272767897238;0.713019207439083;0.6805972084829797;0.39931892548506476;0.38125795049855227;10.007118192908997;0.7117282393210419;0.41553368824707415;0.41618760119835213;0.6739915303151466;-0.3921710658164316;1.0599648607028715;0.7801772952605137
20.130352;1.0487148141642768;0.7129058674033951;0.6805047383962131;0.39928849005916217;0.38124152856800214;10.006951673554346;0.7117298113942514;0.41552471842751765;0.41619045987045705;0.6739171937966545;-0.3921680646819648;1.0599737047747348;0.780106799957751
20.135161;1.0487044036450663;0.7128156241917127;0.6804325802483498;0.39926642575123084;0.3812317528053742;10.00678066422481;0.7117316637727223;0.41551647844548373;0.4161932190092125;0.6738589138438931;-0.3921680635846572;1.0599826237439531;0.780051438469867
20.139969;1.0486935200003842;0.7127416335416311;0.6803758144798019;0.3992512201847301;0.3812280955081502;10.00660542143571;0.7117338060706152;0.4155089784269625;0.41619587310149264;0.6738127161416622;-0.39216906252163924;1.0599905948725885;0.7800067134984262
20.144778;1.0486821662346266;0.7126818203248368;0.6803324368726997;0.3992407021085491;0.38122848370350276;10.006426250947124;0.7117362468630289;0.41550222181407714;0.4161984273639394;0.673776617412992;-0.39217006149329225;1.0599995921795569;0.7799703535848765
20.149587;1.048670990416587;0.7126325087825737;0.6802984985094764;0.3992315758234766;0.3812295434254283;10.006243550625639;0.7117389949378182;0.41549620569300993;0.41620089869806026;0.6737476248501463;-0.3921700605030864;1.060006580497703;0.7799392247917526
20.154396;1.048658755115869;0.7125911327769427;0.6802723336044326;0.3992255590426869;0.3812333843801415;10.006057789097028;0.7117420557861288;0.4154909228530964;0.4162033124862747;0.6737247401496568;-0.3921690595563791;1.0600135219261169;0.7799124234352351
20.159205;1.0486461266262534;0.712556343271059;0.6802522008827788;0.3992190163246621;0.3812363270921051;10.005869446218576;0.711745429092706;0.41548636395521915;0.41620569779973315;0.6737059598278778;-0.3921660586579342;1.0600183927659406;0.7798876735936814
20.164014;1.0486318829888914;0.7125259029066362;0.6802367421298081;0.3992126578877471;0.3812395334579744;10.005678973468859;0.7117491093171029;0.41548252123592466;0.41620808243322927;0.6736912787556703;-0.39216105780903066;1.060021198871696;0.7798649311744261
20.168822;1.048617022212098;0.7124986237215503;0.6802241745586015;0.39920592857188486;0.38124215233676295;10.005486801316641;0.7117530863419307;0.41547939098737946;0.41621048936760385;0.6736796981293771;-0.39215605700612316;1.060022971625126;0.779844301552892
20.173631;1.048601591958372;0.7124745274030805;0.6802144958068496;0.39919880070229163;0.38124417840205466;10.005293392787102;0.7117573477875624;0.4154769717966596;0.4162129364936563;0.6736702244854023;-0.3921510562428903;1.060022744286515;0.7798248955779559
20.183249;1.0485856137759535;0.7124440951936081;0.6801986148246204;0.3991895649155786;0.38124400352759336;10.005099324592349;0.7117618822576931;0.4154752619460894;0.416215439082979;0.6736558630306391;-0.39213905551441514;1.0600205331013772;0.7797971322898896
20.191905;1.048567556747596;0.7124208478948196;0.6801904346092703;0.39917673799655345;0.38124079394475;10.004905356931392;0.7117666804319506;0.41547425754538975;0.4162180117693096;0.6736476175100574;-0.39213105481964944;1.0600173402133322;0.7797760567645853
20.200561;1.0485493435802458;0.7124016912672422;0.6801857551789806;0.39916456189760363;0.3812379203260477;10.004712419342368;0.7117717357281949;0.41547395076692756;0.4162206676828002;0.673641490963118;-0.3921230541620372;1.0600111690229919;0.7797562086718063
20.209217;1.0485300457131042;0.7123844319407692;0.6801830793558027;0.39915205482609134;0.3812347983668109;10.004521464897373;0.711777045157758;0.41547433035775627;0.4162234161355809;0.6736384818664375;-0.39211805354870116;1.0600040343078132;0.779739971147349
20.217873;1.048510006331412;0.7123692848816431;0.6801823778679409;0.39913899269775094;0.381231095801152;10.004333322327689;0.711782608301268;0.41547538280239066;0.41622626166360327;0.6736365819304494;-0.39211405298653207;1.0599959632737097;0.7797246216335434
20.226529;1.0484911444974983;0.7123564737379948;0.680182607913794;0.3991263291293297;0.38122702604268693;10.004148692800358;0.7117884259882924;0.4154770923883677;0.4162292054050384;0.6736367781682707;-0.3921110524782607;1.0599869930744943;0.7797110411527559
20.235185;1.0484715931901336;0.7123448022313578;0.6801838340778704;0.39911610142064363;0.3812252131449341;10.003968204958122;0.7117945001493352;0.41547944139016946;0.41623224835770756;0.6736370547133583;-0.392108052022595;1.0599771662103732;0.7796970192919267
20.243841;1.048452963928098;0.7123346249028217;0.6801853544158782;0.39910518568581016;0.3812220927510627;10.003792419285313;0.7118008331918992;0.4154824082405988;0.416235394328338;0.6736373911752244;-0.3921060516169458;1.0599675210979598;0.7796830832979627
20.252497;1.0484333987258698;0.7123247161112526;0.6801872248013172;0.399095620625957;0.3812202948699245;10.003621820205566;0.7118074269655558;0.41548596508823454;0.41623864765786756;0.6736387632715151;-0.3921040512597069;1.0599560809777429;0.7796696172709217
20.261152;1.0484148332913945;0.7123162498323762;0.6801893468345118;0.39908538273261684;0.38121719803161513;10.003456795857453;0.7118142814632574;0.4154900804693746;0.4162420073828602;0.673640150106366;-0.392101050950362;1.059944852892697;0.7796552726482409
20.269808;1.048395417902681;0.7123069888656628;0.6801908383452034;0.399076178086661;0.3812151193491522;10.003297601229939;0.7118213928395802;0.4154947252297265;0.4162454668071972;0.6736415400096435;-0.3920990506874031;1.0599318376756717;0.779641072748344
20.278464;1.048376156201318;0.7122983340262086;0.6801924442218447;0.39906617502020914;0.3812119626016405;10.00314440172228;0.7118287513142467;0.4154998738873222;0.4162490182102241;0.6736429285274835;-0.39209605046571666;1.0599190367199411;0.7796260336356383
20.295776;1.0483564787958513;0.7122900270365016;0.6801943316232346;0.39905401931155066;0.38120665742548704;10.002997379784835;0.7118363391681012;0.41550549953321;0.41625265526449673;0.6736453128488935;-0.39209005027405697;1.0599034532123535;0.7796100458438815
20.313088;1.0483367529748295;0.7122831194368537;0.680197285101886;0.39904164835614825;0.3812009315742992;10.002856763237189;0.7118441332258939;0.4155115689410233;0.41625637190310116;0.673647689088049;-0.392085050092888;1.0598870936221312;0.7795943015878957
20.3304;1.0483176730802974;0.7122753566656033;0.6801987105398972;0.3990299379365258;0.38119538097783817;10.002722773445424;0.7118521137341086;0.4155180430687083;0.41626016077239797;0.6736500547175236;-0.3920800498948979;1.0598699639409084;0.7795783554676855
20.347712;1.048298659606051;0.7122680464529376;0.6802002458145896;0.39901770318868596;0.38118909952900226;10.002595606294667;0.7118602700800443;0.41552488065236753;0.41626401352916925;0.6736514119285388;-0.39207504964848655;1.0598520634618944;0.7795614134179812
20.365024;1.0482800820374618;0.7122610666756376;0.6802015551039483;0.39900572287724495;0.38118270997691306;10.002475467300505;0.7118685974116075;0.4155320402075291;0.4162679223889175;0.6736537670057974;-0.3920700493214883;1.0598333883003395;0.7795452736509554
20.382336;1.0482622938163457;0.7122549479684323;0.6802029344172082;0.39899610197393476;0.381178104883312;10.002362573068183;0.7118770922544982;0.41553947981870126;0.41627188117313074;0.6736561284665716;-0.3920650488845506;1.0598139406209162;0.7795291273484093
20.399647;1.0482446719521397;0.7122486741602938;0.6802038303414092;0.3989846660951667;0.3811715338017191;10.002257059264169;0.7118857552805476;0.41554715881762244;0.41627588626153417;0.6736585079375562;-0.3920600483144715;1.059793736362556;0.7795130114278862
20.434271;1.0482259545736428;0.7122437590810105;0.6802065164177014;0.39896936510683717;0.3811614991576066;10.002158888194574;0.7118945967056315;0.4155550407459117;0.41627993700637056;0.6736619204549413;-0.392051047596399;1.0597708093479394;0.7794958038048869
20.468895;1.0482067551317609;0.7122374635470752;0.6802079942997272;0.3989538880014;0.38115129369727063;10.002067891339324;0.7119036367251624;0.415563093213245;0.41628403461216107;0.6736663797348962;-0.39204304672381074;1.0597472066660167;0.7794800458020952
20.503519;1.048188945036725;0.7122329661431224;0.6802101025280943;0.3989401967651723;0.381142101268464;10.001983889078863;0.7119129013844625;0.4155712869337397;0.4162881804359236;0.6736698931110564;-0.39203404569556244;1.0597229819282847;0.7794630300282758
20.538142;1.0481721754258537;0.7122287410897689;0.6802116301571571;0.398925872791734;0.38113173013106133;10.001906726881657;0.711922417371675;0.41557959566110175;0.4162923727568852;0.6736734638667842;-0.392026044512243;1.059699193786887;0.7794466515957902
20.60739;1.0481516845880448;0.7122247250354037;0.6802156201081538;0.3989040802153533;0.3811153749695216;10.001836171641514;0.7119322078231807;0.41558799455048107;0.4162966031179272;0.6736800978631009;-0.39201204317518173;1.059669905528122;0.7794300051874814
20.676637;1.0481321745431484;0.7122212483374257;0.6802193438190168;0.3988839765369665;0.3811000507098144;10.00177178061865;0.7119422895642291;0.41559645862450306;0.41630085621008406;0.6736858052832034;-0.39199804168745106;1.0596421850150066;0.7794126798978092
20.815132;1.0481076188845841;0.7122176396256734;0.6802260738000855;0.39885118686446935;0.3810742047369348;10.001712940305033;0.7119526718473168;0.4156049649381936;0.41630511221174493;0.6736945951957158;-0.39197604005532893;1.0596081033619484;0.7793941409963355
20.953627;1.0480868282908655;0.7122151398697854;0.6802312762579612;0.3988254858673875;0.3810534814571822;10.001659034273148;0.7119633570230034;0.4156134971689653;0.41630934810430914;0.6737024684422304;-0.39195803828983283;1.0595767310094886;0.7793769993370612
21.092122;1.0480682005167783;0.7122120550232974;0.6802343706668684;0.3988073523063559;0.38103889834532084;10.001609514916398;0.7119743407889936;0.4156220476402233;0.4163135371225959;0.6737084156064866;-0.391946036407511;1.059548136998978;0.779361426583689
21.230617;1.048052673973467;0.71220881560737;0.6802351584165739;0.39879460511771336;0.3810280250619491;10.00156387950035;0.7119856084606826;0.4156306146975872;0.41631764848930297;0.673712420038088;-0.39193703443037664;1.0595213895821542;0.7793459466596672
21.507607;1.048038363187722;0.7122062029249783;0.6802356146167354;0.39878661568447005;0.38102095486007886;10.001521681450411;0.7119971289885237;0.4156391981346028;0.41632164936021054;0.6737164594936469;-0.3919330323846175;1.059495550390543;0.779333331842408
21.784597;1.0480316046572864;0.7122043799502664;0.6802317917978463;0.3987961826893164;0.3810276163033576;10.001482555195993;0.7120088534056777;0.4156477966030562;0.4163255074476076;0.6737155045398914;-0.3919420302974127;1.0594776651677493;0.7793233248328462
22.061587;1.0480314686075756;0.7122022464468566;0.6802232524215074;0.3988208225408009;0.38104599330811095;10.001446180813074;0.7120207207066912;0.41565640772897033;0.4163291925416841;0.6737105177412122;-0.39196202819374915;1.0594667600111702;0.7793158237087623
22.338577;1.048035124903587;0.71219982401584;0.680211864573866;0.39885644725001135;0.3810732293318954;10.001412221837349;0.7120326664549307;0.41566502786614046;0.41633267682743347;0.6737024549520784;-0.39199102609648523;1.0594598467767726;0.7793107248799964
22.615567;1.0480438523706792;0.7121980625751883;0.680197713811683;0.3989029569214702;0.3811087797314438;10.001380299123255;0.7120446294228364;0.41567365084088365;0.4163359347798273;0.6736912669226172;-0.3920280240284113;1.059456930665127;0.7793075631174271
22.892557;1.048056393303015;0.7121963515088454;0.6801810312668761;0.39895611073559156;0.38114906775253565;10.001350008873734;0.7120565579586011;0.41568226825061466;0.4163389431548521;0.6736779018303447;-0.3920710220110907;1.0594570131918204;0.7793062304864624
23.169547;1.048070540748453;0.7121944327177296;0.680162985569745;0.39901666382521384;0.38119563203367757;10.001320975017734;0.712068416292259;0.41569087242457076;0.41634168064047794;0.673662310814693;-0.3921180200607346;1.0594600974566857;0.7793057475687128
23.446536;1.0480865896719735;0.7121923860538741;0.6801434318956513;0.39907956335897027;0.38124356344533045;10.001292908986677;0.7120801857795198;0.4156994599422828;0.4163441283910736;0.6736464566959979;-0.39216801818713193;1.0594641941345304;0.7793073613388353
23.723526;1.048104508578167;0.7121912120594432;0.6801233112061862;0.3991451248173264;0.3812931986347197;10.001265611993661;0.7120918606603395;0.4157080316746702;0.41634627271145186;0.6736283238076906;-0.3922190163968336;1.059469319988641;0.7793083542688628
24.000516;1.0481229963750762;0.7121897617571508;0.6801023446005744;0.3992125862955514;0.38134430591980417;10.001238913956712;0.71210344190846;0.4157165892487503;0.41634810782513165;0.6736109221287099;-0.39227201469576806;1.0594754973411862;0.7793118312496307
24.554496;1.0481672764833534;0.712187692302786;0.6800638349623515;0.39934615331094914;0.38144899962928086;10.001212651129402;0.7121149308653898;0.41572513107826853;0.4163496367623937;0.6735752794439583;-0.3923770130884656;1.0595087558442076;0.7793265440739879
25.053078;1.0482060492167455;0.7121875625379084;0.6800305427188064;0.39946341242844535;0.38154002758982386;10.001186715442921;0.7121263249273649;0.41573365035822973;0.4163508705719972;0.6735434264028741;-0.3924680115758953;1.0595351272161446;0.7793382668633151
25.55166;1.04824119844269;0.712185902147704;0.6799979574621132;0.39957290964861775;0.38162487863186273;10.001161079626996;0.7121376172876909;0.41574213684698835;0.41635182591123343;0.6735123867017134;-0.392555010155304;1.0595596385339914;0.7793494120698093
26.050242;1.0482749359368273;0.7121860720395805;0.6799678779044397;0.39967635673386276;0.38170439896823083;10.00113576105354;0.7121487993189174;0.41575058003941473;0.4163525215501714;0.6734841775335713;-0.39263500882221425;1.059581312070753;0.7793601638378426
26.548823;1.048304098632393;0.7121845887487427;0.6799390561691132;0.3997698872448698;0.38177606752468224;10.00111078447993;0.7121598625914015;0.4157589703016698;0.4163529758922373;0.6734588136645205;-0.3927080075720109;1.0595981676800723;0.779370489310204
27.047405;1.0483299520512106;0.7121840481052619;0.6799131714525998;0.399855069286025;0.38184093583056533;10.00108617190237;0.7121707994693612;0.41576729879710966;0.41635320634126544;0.6734343090197143;-0.39277300640030516;1.0596122236194645;0.7793781257963548
27.545987;1.0483524950924095;0.7121837794337749;0.679889606071244;0.39993056567878893;0.38189774321495995;10.001061942436996;0.7121816031396836;0.4157755574423699;0.4163532293731896;0.6734136767468417;-0.3928310053029285;1.0596224966289305;0.7793861387158258
28.044569;1.0483710894047444;0.712183729103457;0.6798687428792205;0.3999958291717419;0.38194621386382455;10.001038113031118;0.7121922675539958;0.41578373886438225;0.41635306057386723;0.6733949292922627;-0.392881004275919;1.059628002035378;0.7793922682831307
29.041733;1.0484056397512724;0.7121836169163456;0.6798374284524507;0.4000992762574117;0.3820253014614961;10.001014699376254;0.7122027872913749;0.4157918363459238;0.4163527146355152;0.6733650784566124;-0.3929620033154938;1.0596507538226463;0.7794049205549177
30.038896;1.0484283445345854;0.712183858923381;0.6798141025275701;0.4001741563899743;0.3820814593684099;10.000991716173466;0.7122131574359619;0.41579984377395246;0.41635220538993867;0.6733431353878646;-0.39302000241803287;1.059661764712659;0.779413261448348
31.03606;1.0484423641492107;0.7121839348910269;0.6797962350386958;0.4002262947256852;0.38211910723817305;10.00096917682954;0.7122233735094751;0.41580775559694555;0.4163515458922174;0.6733281105332598;-0.39305800158007337;1.0596630462753134;0.7794179119322903
32.033224;1.048448007491038;0.7121828902014754;0.6797827293580662;0.4002602583356374;0.382142500840034;10.000947093258354;0.7122334314638787;0.4158155667892112;0.4163507484910331;0.6733170135993672;-0.39308300079829217;1.0596566090291426;0.7794197867380569
33.030387;1.0484503305185837;0.7121843923630338;0.6797738201944996;0.40028084919741225;0.3821543883023673;10.00092547605083;0.7122433277104314;0.4158232728177441;0.41634982487192196;0.6733098535411269;-0.39309800006950396;1.0596454625284593;0.7794203772787147
34.027551;1.048448382992562;0.7121850052878388;0.6797668580674248;0.40029255030537486;0.3821594008064444;10.000904334363064;0.7122530591197089;0.4158308696008158;0.41634878609647097;0.6733056386314745;-0.3931049993906984;1.0596306154661785;0.7794198089806618
35.024715;1.0484443692779826;0.7121859753539962;0.6797616147457137;0.400298236772888;0.3821594852113683;10.00088367563385;0.7122626229731619;0.41583835346066067;0.4163476426215127;0.6733023766285614;-0.39310799875907176;1.0596130757555628;0.7794183537564727
36.021878;1.0484389240278118;0.7121863369299721;0.6797567685898787;0.4003014229645252;0.38215776964191356;10.000863505742789;0.7122720169304219;0.41584572108355805;0.4163464042768177;0.6733000749094222;-0.3931089981720192;1.059595850523146;0.7794170030853832
37.019042;1.0484326743375818;0.7121866613340415;0.6797524684812697;0.4003024783178362;0.38215438425919657;10.000843828875944;0.7122812390148723;0.4158529694988357;0.41634508023689165;0.6732977404738769;-0.393107997627103;1.0595769460399047;0.7794148772144556
38.016206;1.0484265657891685;0.7121877083014427;0.6797488360312084;0.40030154474981433;0.3821491255470242;10.000824646867484;0.7122902875635952;0.41586009606445606;0.4163436790356763;0.6732953799145998;-0.3931059971220131;1.0595583676903522;0.779412465052286
39.016206;1.048420914513095;0.7121883248065318;0.6797445755683912;0.40030236554959786;0.3821454544545281;10.000805959099795;0.7122991611844689;0.4158670984530897;0.4163422086302463;0.6732939994392446;-0.39310399665453977;1.0595401200485535;0.7794111198258235
40.016206;1.0484150811970157;0.7121891306977007;0.6797407015559193;0.4003024123965828;0.3821411966490525;10.00078776301009;0.7123078587575156;0.41587397465079506;0.41634067649142054;0.6732926048952096;-0.39310199622257597;1.0595222070233128;0.7794099641966852
41.016206;1.0484093822721061;0.7121899751470595;0.6797368733089489;0.4003024482257904;0.38213696893459626;10.000770054676662;0.7123163794222406;0.4158807229378944;0.4163390896767046;0.6732902017689524;-0.3931009958241228;1.0595046319565782;0.7794086259366927
42.016206;1.048404763786014;0.7121912851595636;0.6797328927581351;0.4003036097489047;0.38213351491187114;10.00075282940772;0.7123247225345718;0.41588734184640785;0.4163374548513752;0.6732887951770962;-0.39309999545727536;1.0594883976186689;0.7794083156321373
43.016206;1.048399328007559;0.7121918584437724;0.6797288501708165;0.40030460952998637;0.3821303015227928;10.000736082149013;0.7123328876470989;0.41589383014938386;0.41633577827685064;0.673286389851996;-0.3930989951202045;1.0594715061462485;0.7794072947535441
44.016206;1.0483949687088134;0.7121932223059156;0.6797249811237934;0.4003057366795367;0.38212691756812095;10.000719807966961;0.7123408745262292;0.41590018686955227;0.41633406581257654;0.6732839901607626;-0.39309799481115704;1.059455958985129;0.7794064160363907
45.016206;1.0483907357422517;0.712194273198687;0.6797208540239251;0.4003078370584521;0.3821245189974019;10.000704002337285;0.7123486831505557;0.4159064112523618;0.4163323229492063;0.6732816001658385;-0.39309799452847133;1.0594407568790585;0.779406173589302
46.016206;1.048386626825381;0.712195675285555;0.6797171084712905;0.40030892142227187;0.3821212113923601;10.000688660359684;0.7123563136718466;0.4159125027225661;0.4163305548441553;0.673279223673317;-0.3930979942705765;1.0594258999581954;0.7794060535475505
47.016206;1.0483826397654563;0.7121967575608683;0.6797131097244538;0.40031097523135817;0.382118891859546;10.000673776014436;0.7123637663984469;0.4159184608725243;0.41632876634403876;0.6732768642637862;-0.39309799403596396;1.0594113879214169;0.7794060469386097
48.016206;1.0483787725643172;0.7121978509221202;0.6797091783239455;0.40031300314507573;0.3821166135600055;10.00065934276453;0.7123710418085186;0.41592428548844884;0.41632696201438035;0.6732745253095462;-0.39309799382317473;1.0593972201864554;0.7794061453600094
49.016206;1.0483750233644629;0.712198952599572;0.6797053160877706;0.4003150036276935;0.3821143774138101;10.000645354437607;0.7123781405478202;0.4159299765747894;0.4163251461733474;0.6732722099622929;-0.3930979936308289;1.0593833958991838;0.7794063408805395
50.016206;1.0483713903160274;0.7122000599574883;0.6797015246260598;0.4003169752948448;0.3821121842101093;10.0006318056048;0.7123850634317869;0.41593553433212627;0.4163233229086813;0.6732699211471366;-0.39309799345765684;1.0593699138323975;0.7794066259660167
51.016206;1.0483678714785387;0.7122011705098465;0.6796978053044126;0.40031891684184634;0.3821100345756823;10.000618691753754;0.7123918114860668;0.4159409590945313;0.4163214960763356;0.6732676615931579;-0.39309799330249046;1.0593567722868549;0.7794069934712199
52.016206;1.0483644647437085;0.7122022819576995;0.679694159184199;0.4003208270009143;0.382107928946972;10.000606008935291;0.7123983859781328;0.4159462512750452;0.41631966928555075;0.6732654338696283;-0.3930979931642349;1.059343969081312;0.7794074366109033
53.016206;1.0483611678348101;0.7122033921644414;0.6796905870109532;0.4003227045733997;0.38210586761432536;10.00059375333355;0.7124047883725846;0.41595141136025926;0.41631784590103105;0.6732632403815255;-0.39309799304185084;1.0593315016733134;0.7794079489033273
54.016206;1.048357978460835;0.7122044990992554;0.679687089260379;0.40032454848136606;0.38210385079104203;10.000581921636527;0.7124110202420069;0.4159564399366254;0.41631602909449694;0.6732610833226221;-0.39309799293434333;1.0593193673288799;0.7794085241488574
55.016206;1.0483548944578538;0.7122056008101398;0.6796836662252705;0.4003263577839927;0.3821018786461698;10.000570511294153;0.712417083218063;0.41596133769337246;0.4163142218847923;0.6732589646526097;-0.39309799284076347;1.0593075631606252;0.779409156422667
56.016206;1.0483519137460078;0.7122066954230936;0.6796803181087094;0.4003281316632364;0.3820999512882262;10.000559519958541;0.712422978993682;0.4159661054044921;0.4163124271204356;0.6732568861423368;-0.39309799276022833;1.059296086046041;0.7794098400511992
57.016206;1.0483490342484698;0.712207781180979;0.6796770450620766;0.4003298693962461;0.3820980687437491;10.000548944763153;0.7124287093290776;0.415970743940424;0.41631064747103974;0.6732548494358574;-0.3930979926919292;1.059284932573282;0.7794105695989537
58.016206;1.048346253933177;0.7122088565070952;0.6796738471732507;0.4003315703097231;0.3820962309876848;10.00053878160219;0.7124342760373765;0.41597525430684856;0.4163088854510541;0.6732528560669304;-0.3930979926351084;1.0592740990474079;0.7794113398891545
59.016206;1.048343570913558;0.712209919978762;0.679670724474764;0.400333233739066;0.3820944379810983;10.000529024442995;0.7124396809583763;0.4159796376501832;0.41630714342771996;0.6732509074314945;-0.3930979925890323;1.059263581564232;0.7794121460524556
60.016206;1.048340983495115;0.7122109702291664;0.679667676979131;0.4003348590330537;0.38209268965538284;10.000519665231892;0.7124449259410364;0.41598389520269746;0.416305423595381;0.6732490047487522;-0.39309799255297995;1.0592533761253526;0.7794129835447268
61.016206;1.0483384901359796;0.7122120059346203;0.6796647046933115;0.4003364455982536;0.3820909858833843;10.000510694321763;0.7124500128524669;0.41598802822637365;0.41630372794873366;0.6732471490424867;-0.3930979925262447;1.0592434786836793;0.7794138480776567
62.016206;1.0483360893550522;0.7122130258857241;0.6796618076191346;0.4003379929386026;0.38208932648784466;10.000502101106019;0.7124549435998243;0.41599203800890916;0.41630205829693706;0.6732453411655679;-0.3930979925081334;1.0592338851198073;0.7794147355364133
63.016206;1.0483337796583667;0.7122140290245078;0.6796589857749442;0.4003395006621785;0.3820877112787634;10.000493875024794;0.7124597201252655;0.4159959258832629;0.4163004162874469;0.6732435818795529;-0.39309799249795896;1.0592245912428668;0.7794156419673278
64.016206;1.0483315595303002;0.712215014395315;0.6796562392310791;0.40034096846887707;0.382086140085011;10.00048600637888;0.7124643443783304;0.4159996932391536;0.4162988033878657;0.6732418719434737;-0.39309799249503463;1.0592155928251574;0.7794165635927701
65.016206;1.0483294274179529;0.71221598103322;0.6796535681185427;0.40034239614173794;0.3820846127609658;10.000478486361137;0.7124688183286829;0.4160033415230778;0.4162972208761898;0.6732402120985064;-0.3930979924986883;1.0592068856645085;0.7794174968047738
66.016206;1.0483273816691376;0.7122169278833239;0.6796509725887858;0.40034378355195127;0.3820831291768443;10.000471307001344;0.7124731440167628;0.4160068722379776;0.4162956698953794;0.67323860294338;-0.3930979925082831;1.0591984656558906;0.779418438165573
67.016206;1.048325420514334;0.71221785383175;0.6796484527314811;0.40034513066526695;0.38208168921585783;10.000464461366935;0.712477323567796;0.41601028695241266;0.41629415152233273;0.6732370448242441;-0.39309799252321415;1.0591903287611335;0.7794193844584885
68.016206;1.0483235421174382;0.7122187578177603;0.679646008472441;0.400346437521193;0.38208029277984523;10.000457943469405;0.712481359161545;0.41601358729639504;0.4162926667991167;0.6732355377963488;-0.3930979925428956;1.0591824708999846;0.7794203327360024
69.016206;1.0483217446328676;0.7122196389274082;0.6796436395334348;0.4003477042036299;0.38207893977520774;10.000451747897065;0.7124852529937078;0.41601677494499756;0.41629121673215996;0.6732340816633247;-0.3930979925667641;1.0591748879028051;0.7794212802860998
70.016206;1.0483200262346768;0.7122204964250207;0.6796413455114789;0.4003489308539812;0.3820776300804913;10.000445869383004;0.7124890072546501;0.41601985161066807;0.41628980227617673;0.6732326760888515;-0.3930979925942859;1.0591675754780228;0.77942222458892
71.016206;1.0483183851244067;0.7122213297379199;0.6796391259972719;0.4003501177058381;0.3820763635266073;10.000440302020841;0.7124926241370995;0.416022819032329;0.4162884243136399;0.6732313206944388;-0.3930979926249502;1.0591605291468296;0.7794231633293996
72.016206;1.0483168195056993;0.712222138384647;0.679636980622552;0.4003512650790542;0.38207513989832;10.000435038679573;0.7124961058537068;0.41602567895237225;0.4162870836417361;0.6732300150762603;-0.3930979926582623;1.059153744261863;0.7794240943887061
73.016206;1.04831532749316;0.7122229218969662;0.6796349090138412;0.4003523733331072;0.3820739589498724;10.000430071405084;0.7124994546569057;0.41602843309576565;0.4162857809776263;0.6732287587826452;-0.3930979926937533;1.059147216133978;0.7794250158090217
74.016206;1.0483139070027745;0.7122236798195684;0.6796329107335444;0.40035344282095453;0.3820728204158541;10.000425392027484;0.7125026728304442;0.4160310831708265;0.41628451695895863;0.6732275513013904;-0.3930979927309942;1.0591409401499106;0.7794259257837028
75.016206;1.0483125557341344;0.7122244117457395;0.6796309852779412;0.4003544738716966;0.3820717240019795;10.000420992160805;0.7125057626476418;0.4160336308826008;0.4162832921223882;0.6732263920587476;-0.3930979927695944;1.05913491181186;0.779426822616222
76.016206;1.0483112712725273;0.7122251173334877;0.6796291320786623;0.400355466803426;0.38207066938333556;10.00041686287092;0.7125087263797008;0.4160360779194329;0.4162821068899017;0.6732252804348114;-0.3930979928091836;1.0591291267131313;0.7794277046345108
77.016206;1.0483100512120753;0.7122257963336377;0.6796273504880924;0.40035642194729;0.3820696562244565;10.000412994573713;0.7125115663442525;0.4160384259235149;0.4162809615817405;0.6732242157873415;-0.39309799284939523;1.0591235804592631;0.7794285701554661
78.016206;1.0483088931999693;0.7122264486288615;0.6796256397977415;0.4003573396630577;0.38206868417809237;10.000409377380194;0.7125142849025338;0.41604067649823245;0.4162798564558022;0.6732231974474923;-0.39309799288987907;1.059118268573664;0.7794294175213647
79.016206;1.0483077948994586;0.71222707423262;0.6796239992521126;0.4003582203341385;0.38206775284185335;10.0004060013133;0.7125168844106956;0.4160428312489459;0.4162787917433264;0.6732222246913772;-0.3930979929303282;1.059113186465313;0.779430245147282
80.016206;1.0483067539885147;0.7122276732609398;0.6796224280178709;0.4003590643517586;0.3820668617170466;10.000402856359248;0.7125193671854895;0.4160448918385033;0.4162777676117413;0.6732212967089048;-0.3930979929704785;1.0591083294653942;0.7794310515626521
81.016206;1.0483057682691241;0.7122282459299779;0.6796209251638736;0.40035987211397356;0.382066010223205;10.000399932850874;0.7125217355285384;0.4160468600514428;0.4162767840833526;0.6732204125753166;-0.39309799301008974;1.0591036928874078;0.7794318354534683
82.016206;1.0483048357262834;0.7122287925638324;0.6796194897006818;0.4003606440614757;0.3820651977504266;10.000397221472891;0.7125239917889037;0.41604873781619484;0.4162758410363638;0.6732195712594954;-0.3930979930489361;1.0590992720402534;0.7794325956721756
83.016206;1.0483039544739394;0.7122293135944312;0.6796181206272256;0.400361380732035;0.3820644236677193;10.000394712764752;0.7125261383879207;0.4160505271597362;0.4162749382847209;0.6732187716720499;-0.39309799308680254;1.0590950621552977;0.779433331199774
84.016206;1.048303122731807;0.71222980957906;0.6796168169133794;0.40036208275847895;0.3820636872786984;10.000392397441463;0.712528177809837;0.41605223014046777;0.4162740756192969;0.6732180126844333;-0.3930979931234902;1.0590910583516147;0.7794340411264153
85.016206;1.0483023388127855;0.7122302811789119;0.6796155774370485;0.40036275080145395;0.3820629878092829;10.000390267097291;0.7125301125995394;0.41605384880984053;0.4162732527793963;0.6732172931117243;-0.39309799315882904;1.0590872557373991;0.7794347246919366
86.016206;1.048301601081549;0.7122307290517942;0.6796144009382848;0.4003633855047839;0.3820623244423303;10.000388313730745;0.7125319453717567;0.4160553852210714;0.4162724694019602;0.6732166117424963;-0.39309799319268757;1.0590836495035068;0.7794353812959001
87.016206;1.0483009079578982;0.7122311537689221;0.6796132860344352;0.4003639875047497;0.38206169632797177;10.00038652852842;0.7125336788329961;0.4160568414454051;0.41627172500175574;0.6732159673946169;-0.3930979932249834;1.0590802348485788;0.7794360104563614
88.016206;1.04830025790685;0.7122315558310922;0.679612231280295;0.4003645574654229;0.3820611025533761;10.00038490102541;0.7125353157982833;0.41605821954299144;0.41627101899657754;0.6732153589020897;-0.3930979932556811;1.0590770068167137;0.7794366118258904
89.016206;1.0482996493435237;0.7122319357188649;0.6796112352084618;0.40036509611642707;0.3820605421119755;10.000383418985614;0.7125368591777502;0.41605952153080633;0.4162703507279184;0.6732147850805583;-0.3930979932847711;1.0590739602406947;0.7794371852281531
90.016206;1.04829908055915;0.7122322939246997;0.6796102963215703;0.40036560426025636;0.38206001389906064;10.000382069073627;0.7125383119348077;0.41606074941318444;0.4162697194504155;0.6732142447547188;-0.3930979933122528;1.0590710897875697;0.7794377306065537
91.016206;1.0482985497306703;0.7122326309848258;0.6796094130525505;0.40036608275160673;0.38205951674491095;10.000380837772349;0.7125396770814262;0.41606190524479;0.4162691243198677;0.6732137367984137;-0.3930979933381329;1.0590683899520728;0.77943824796346
92.016206;1.0482980549452094;0.7122329475143614;0.6796085837242054;0.40036653248598764;0.38205904946723296;10.000379711937699;0.7125409577262762;0.41606299118309853;0.4162685644027365;0.6732132601084554;-0.3930979933624246;1.0590658549951375;0.7794387373713274
93.016206;1.0482975942211437;0.7122332442397742;0.6796078065422327;0.40036695439584086;0.38205861090922894;10.000378679236873;0.7125421570792706;0.4160640095192103;0.416268038698295;0.6732128135418454;-0.39309799338515145;1.0590634789403481;0.7794391989777264
94.016206;1.048297165543585;0.7122335220427177;0.6796070796199564;0.40036734943427543;0.38205819994960893;10.000377728672408;0.7125432784107151;0.4160649626796518;0.41626754614433875;0.6732123958976362;-0.39309799340636936;1.059061255590328;0.7794396329933272
95.016206;1.048296766918911;0.7122337819306205;0.6796064009751521;0.40036771857424064;0.3820578154920029;10.00037685081614;0.7125443250457608;0.41606585322429296;0.41626708559366166;0.6732120059447281;-0.3930979934261808;1.0590591784992882;0.7794400397503435
96.016206;1.0482963964542096;0.7122340248631354;0.6796057684799311;0.4003680628503842;0.38205745644879263;10.00037603764966;0.712545300409103;0.4160666838498764;0.4162666557898041;0.6732116424525326;-0.393097993444702;1.059057241047144;0.7794404198162987
97.016206;1.0482960524068057;0.7122342516188859;0.6796051798576284;0.4003683833991113;0.3820571217192146;10.000375282458334;0.7125462080759886;0.41606745737796136;0.4162662553774397;0.6732113042023775;-0.393097993462015;1.0590554366039726;0.7794407740565059
98.016206;1.0482957331477285;0.712234462868358;0.679604632750642;0.4003686814520093;0.38205681016458765;10.000374580015519;0.7125470517546052;0.4160681767389351;0.41626588292923167;0.6732109899390354;-0.3930979934781617;1.0590537584937032;0.7794411035936486
99.016206;1.0482954370791757;0.7122346593127755;0.679604124754506;0.40036895829710434;0.38205652059584416;10.000373926555724;0.7125478352036512;0.4160688449586126;0.4162655369450444;0.6732106982849069;-0.39309799349317515;1.0590521997853826;0.7794414097163043
100.0;1.0482951625868298;0.7122348417320051;0.6796036534111738;0.4003692152393597;0.38205625176837105;10.000373319241897;0.7125485621890213;0.4160694651345978;0.41626521584524856;0.6732104277514699;-0.3930979935071062;1.0590507532410594;0.7794416938112347
