time;BusPDR_BUS_Voltage;BusPDR_BUS_ActivePower;BusPDR_BUS_ActiveCurrent;BusPDR_BUS_ReactivePower;BusPDR_BUS_ReactiveCurrent;StepUp_Xfmr_XFMR_Tap;Wind_Turbine_GEN_InjectedActiveCurrent;Wind_Turbine_GEN_InjectedReactiveCurrent;Wind_Turbine_GEN_AVRSetpointPu;Wind_Turbine_GEN_MagnitudeControlledByAVRPu;Wind_Turbine_GEN_NetworkFrequencyPu;Wind_Turbine_GEN_InjectedCurrent;NetworkFrequencyPu
0.0;1.0443356622193762;0.7505798746063783;0.718361097142343;-5.561127808508369e-05;-2.71280600033965e-05;10.01208048347481;0.7273198764963636;-0.017928399998834214;1.045382985442968;1.0441858231333854;0.9995614198116191;0.7279014755446538;0.9989262978910793
0.0;1.044334692942115;0.7505805805366338;0.7183610315673614;-5.584112024423374e-05;-2.7054224845806445e-05;10.012093711487035;0.7273194492806144;-0.017928400659430868;1.045384490611176;1.0441860754529873;0.9995594198357007;0.7279005546666716;0.9989242803176622
0.1;1.0443336486157149;0.7505813399180835;0.718360959968562;-5.6088746209329024e-05;-2.6974558521670956e-05;10.01210793815966;0.727318988947417;-0.017928401370430787;1.0453861116609446;1.0441863496407737;0.999557265257609;0.7278995612834415;0.9989221085237678
0.2;1.044332524384605;0.7505821546296612;0.7183608807932383;-5.6355232722043715e-05;-2.6888544888271572e-05;10.01212319103058;0.7273184933421449;-0.01792840213395451;1.0453878550306115;1.0441866500465704;0.9995549465423078;0.7278984892572894;0.9989197753443179
0.4;1.0443313154756033;0.7505830257341959;0.7183607919503763;-5.664158095722346e-05;-2.6795600057969354e-05;10.012139475223377;0.7273179603988619;-0.01792840295141302;1.0453897264746093;1.0441869824760646;0.999552454533086;0.7278973318003834;0.9989172753484687
0.8;1.044330017173239;0.7505839534998962;0.7183606908053553;-5.694872567272657e-05;-2.669506823025764e-05;10.01215677442013;0.7273173882153887;-0.017928403823546418;1.045391731048677;1.044187354215256;0.9995497804198427;0.7278960815077395;0.9989146048959228
1.6;1.0443286247082904;0.7505849373518924;0.71836057414577;-5.7277542225967455e-05;-2.6586219096581128e-05;10.012175051655387;0.7273167750962596;-0.017928404750469414;1.0453938730927166;1.0441877741267724;0.9995469157427517;0.7278947303683461;0.9989117621095874
2.6;1.0443271332370918;0.7505859757813216;0.7183604382190077;-5.762884940207711e-05;-2.6468246195787594e-05;10.012194248691376;0.7273161195655782;-0.017928405731690637;1.045396156287742;1.044188252730238;0.9995438524602782;0.7278932697261077;0.9989087467917471
3.6;1.0443255378801568;0.7505870662463022;0.7183602788188831;-5.800341207602385e-05;-2.634026805613909e-05;10.012214285312517;0.7273154203900057;-0.01792840676611654;1.0453985837352369;1.0441888021841428;0.9995405829544263;0.7278916902023679;0.9989055603848827
4.6;1.0443238336477136;0.7505882051015955;0.7183600912769578;-5.8401941553817266e-05;-2.620133028852662e-05;10.012235058897238;0.7273146765735596;-0.017928407852055486;1.0454011579749634;1.0441894362446704;0.9995370999087525;0.7278899816363608;0.9989022059930261
5.6;1.0443220153509571;0.7505893875927878;0.7183598703419202;-5.882509726616252e-05;-2.6050397602590127e-05;10.012256443855696;0.7273138872648567;-0.01792840898720845;1.0454038809819701;1.0441901702786722;0.9995333962031067;0.7278881330779803;0.9988986883942522
6.6;1.0443200776362167;0.750590607865872;0.7183596100674354;-5.927349434075698e-05;-2.5886334333577644e-05;10.012278291337465;0.7273130516525926;-0.017928410168639466;1.0454067541839938;1.0441910212828562;0.9995294649484603;0.7278861327675826;0.9988950140591459
7.6;1.0443180150596276;0.7505918589308801;0.7183593037772195;-5.974770599221218e-05;-2.570789052194156e-05;10.012300428827066;0.7273121689480562;-0.017928411392743347;1.045409778418764;1.0441920079218507;0.9995252996239807;0.7278839680764542;0.9988911911843373
8.6;1.044315822099945;0.7505931325978088;0.7183589440623266;-6.024825605432576e-05;-2.5513704459640586e-05;10.012322659292217;0.7273112384194325;-0.017928412655217645;1.0454129538250878;1.0441931506306503;0.9995208941319361;0.7278816254697709;0.9988872297163741
9.6;1.0443134931387532;0.7505944194398064;0.7183585227435586;-6.077561509991596e-05;-2.5302311226793997e-05;10.012344761006498;0.7273102594411613;-0.017928413951028177;1.0454162797881823;1.0441944717123504;0.999516242640953;0.7278790904978111;0.9988831414505622
10.6;1.0443110224607421;0.7505957088110982;0.7183580308008328;-6.133020425165014e-05;-2.5072145453696444e-05;10.012366488380016;0.7273092315605113;-0.017928415274369034;1.045419755012433;1.0441959953887199;0.9995113394042102;0.7278763477883604;0.9988789401801257
11.6;1.0443084042435165;0.7505969888690991;0.7183574583137209;-6.191239733274604e-05;-2.482153827612117e-05;10.012387572158403;0.7273081545127849;-0.017928416618650512;1.0454233776757023;1.0441977478838271;0.9995061787865288;0.727873381047946;0.9988746417676276
12.6;1.0443056325353688;0.7505982465435221;0.7183567944452278;-6.252251959731347e-05;-2.4548711245486897e-05;10.012407717934543;0.7273070281754469;-0.0179284179765263;1.0454271455248865;1.0441997575804984;0.9995007553757123;0.7278701730452158;0.9988702641618269
13.6;1.0443027012873873;0.750599467490745;0.7183560274672078;-6.316084932764502e-05;-2.4251771943127484e-05;10.012426603883;0.7273058525458271;-0.017928419339898163;1.04543105583338;1.0442020551807356;0.9994950639984599;0.7278667055475796;0.9988658273980036
14.6;1.0442996044603647;0.7506006360663551;0.7183551447781888;-6.382762477648014e-05;-2.392871456490524e-05;10.012443878950673;0.7273046277589983;-0.01792842069987178;1.0454351053245723;1.044204673826772;0.9994890997501181;0.7278629592600606;0.9988613535862504
15.6;1.0442963361284174;0.7506017352933914;0.7183541328690466;-6.452305531326687e-05;-2.3577416919399488e-05;10.012459161944209;0.7273033541125825;-0.01792842204672393;1.0454392902031435;1.0442076491874266;0.9994828580708833;0.7278589137946297;0.9988568669652347
16.6;1.044292890473367;0.7506027468287405;0.7183529772707651;-6.524732822491591e-05;-2.3195627636911557e-05;10.012472041312474;0.7273020320756144;-0.01792842336989262;1.0454436062425316;1.044211019507072;0.9994763347280482;0.7278545476205535;0.9988523940673756
17.6;1.0442892617044117;0.7506036509154408;0.7183516625548653;-6.600059940419824e-05;-2.278095260372951e-05;10.012482075037777;0.7273006622676724;-0.017928424657939854;1.04544804875974;1.0442148256650006;0.9994695257831281;0.7278498379680788;0.9988479638893443
18.6;1.0442854439687117;0.7506044262963162;0.7183501723410758;-6.678297778942096e-05;-2.2330850195474906e-05;10.012488789792704;0.7272992454444371;-0.01792842589848776;1.04545261249445;1.0442191113116523;0.9994624276332992;0.7278447607319634;0.9988436079559682
19.6;1.0442814312314752;0.7506050501074322;0.7183484892230511;-6.759452460500449e-05;-2.18426322424136e-05;10.012491678871484;0.7272977825517893;-0.017928427078173614;1.045457291557302;1.0442239230156416;0.9994550369948255;0.7278392904310171;0.9988393603348921
19.999996;1.044277217187225;0.7506054977837853;0.7183465946979306;-6.843526268053798e-05;-2.1313459251684605e-05;10.012490199489383;0.7272962748130207;-0.01792842818263071;1.0454620794689278;1.044229310350417;0.9994473507949525;0.7278334002081716;0.9988352576591621
19.999996;1.044272795250758;0.7506057430048862;0.7183444691724129;-6.930517490591701e-05;-2.0740327680389253e-05;10.012483770754542;0.7272947237595848;-0.017928429196459313;1.0663549691570173;1.044235325996569;0.9994393660812683;0.7278270618172062;0.998831339148319
20.000046;1.04426815791116;0.750605757650741;0.7183420917827347;-7.020424252511182e-05;-2.0120214044666178e-05;10.012471785778912;0.727293129966628;-0.017928430103305172;1.0663599529081136;1.0442420237487937;0.9994310798224778;0.7278202464207817;0.9988276456226265
20.000096;1.0442632952440354;0.7506055118530802;0.7183394409648366;-7.113240164029956e-05;-1.9450578191697955e-05;10.012453656493456;0.7272914894837033;-0.01792843088612561;1.0663650238426787;1.0442494508662712;0.9994224882285583;0.7278129266550434;0.9988242158880386
20.000195;1.0442581933355437;0.7506049742917652;0.718336498921956;-7.208913651489686e-05;-1.8729672895042332e-05;10.012428866707575;0.7272897918888028;-0.017928431527368425;1.066370179800167;1.0442576398489072;0.9994135878074736;0.7278050770135075;0.9988210819195162
20.000395;1.0442528320562048;0.7506041142370512;0.7183332587167918;-7.307334388993657e-05;-1.7956154640167945e-05;10.012396999425107;0.7272880223500484;-0.017928432009287378;1.0663754237426284;1.0442666103503297;0.9994043812186157;0.7277966708157532;0.9988182657175863
20.000793;1.0442471842527756;0.7506029074513841;0.7183297255713376;-7.408410113613991e-05;-1.7129084333443486e-05;10.012357753243407;0.7272861627482062;-0.01792843231530772;1.066380756202546;1.0442763781810827;0.999394882396656;0.7277876782709378;0.9988157781309188
20.00159;1.044241221191013;0.7506013420746345;0.7183259091240084;-7.5120997180247e-05;-1.6248818199688e-05;10.012310937483859;0.7272841905840165;-0.01792943243224237;1.0663861665766081;1.0442869584964038;0.9993851138026447;0.7277780957242503;0.9988136181822562
20.003185;1.0442349221788778;0.7505994197287582;0.7183218134468646;-7.618293082639532e-05;-1.5317337594988053e-05;10.012256426867841;0.727282078660365;-0.01793043235147847;1.066391631812649;1.0442983604098612;0.9993751003612816;0.7277678814547107;0.9988117727848795
20.006373;1.0442282814370185;0.7505970764704232;0.7183173572827076;-7.517928986462425e-05;-1.2338895448466159e-05;10.01219412430645;0.7272797956799867;-0.017938432068473276;1.066397124886497;1.044310581713356;0.9993648651347048;0.7277572074305783;0.9988102220422802
20.009562;1.044221310718041;0.7505942979273665;0.7183124885469715;-7.10610748358422e-05;-6.316973737219315e-06;10.012123956212603;0.7272773088680723;-0.017948431582338206;1.0664026262346225;1.0443236113546193;0.9993544276717072;0.7277459616173999;0.9988089474034594
20.015939;1.0442150359202507;0.7505925611614191;0.7183078896039553;-5.5460037226968105e-05;1.0752193192481721e-05;10.012045887471919;0.7272745882583788;-0.017977430895341293;1.0664081264187337;1.044338434456499;0.9993438084139321;0.7277345787655752;0.9988079290780072
20.021678;1.044208488452863;0.7505902897163532;0.718302698165838;-3.255690299624447e-05;3.485762948990156e-05;10.01195996309801;0.7272716075796734;-0.018009430011088103;1.0664136207935901;1.044355030515981;0.9993330325856715;0.7277226814457496;0.9988071403104625
20.027417;1.0442026895683543;0.7505893535967565;0.718297984631053;-4.421016169696757e-06;6.40105552029753e-05;10.011866358511723;0.7272683424356522;-0.018043428933610627;1.0664191081080021;1.0443723690024114;0.9993221251945185;0.7277102643527635;0.9988065546760366
20.033157;1.0441966469632895;0.7505870227269515;0.7182917910185531;2.7857749711409654e-05;9.716105156518501e-05;10.011765366876949;0.7272637736982951;-0.018079427667971226;1.066424595899516;1.0443914098618072;0.9993111060387062;0.7276963490873698;0.9988061540633095
20.038896;1.0441893952504335;0.7505837639751536;0.7182851972007932;6.298077598896285e-05;0.0001330597482397746;10.011657311527298;0.7272588945806756;-0.0181154262205252;1.0664301024178782;1.0444111075535758;0.9992999935451944;0.7276819066485185;0.9988059240574891
20.050375;1.044184856727119;0.7505820970598682;0.7182779018720826;0.00013598099988090478;0.00020524134119901159;10.011542532396293;0.7272527116008886;-0.018188424598744587;1.0664356467285436;1.044433414837476;0.9992888138395932;0.727666882730053;0.9988058471699794
20.061854;1.0441800883151526;0.7505802480960295;0.7182702381249212;0.00021109297350073742;0.00027945618100121584;10.011421458770611;0.7272462394578081;-0.018261422809561875;1.0664412344173348;1.044457285496793;0.9992776052979506;0.7276513863432701;0.9988059045672291
20.073332;1.0441751264690606;0.7505772037997832;0.718261237286408;0.0002882824677871112;0.0003556659318103027;10.01129456074385;0.7272374961405137;-0.018336420856824773;1.0664468557095128;1.0444816761741993;0.9992664130623946;0.7276335049549981;0.9988060818709726
20.084811;1.044171017666445;0.7505748013183098;0.7182519697829799;0.00036652243988545476;0.00043288240779873856;10.011162210518751;0.7272285024976713;-0.01841441874094174;1.0664524946108642;1.0445065434194785;0.9992552829025267;0.7276153068630798;0.9988063694166873
20.107768;1.0441698079846398;0.750571344199945;0.7182394270640736;0.0005303071471490886;0.0005919968088345072;10.011024651046476;0.7272152894337851;-0.018574416459661503;1.0664581320738546;1.044537839453231;0.9992442630584633;0.7275948561080664;0.9988067580993932
20.130726;1.0441695397903965;0.7505672885504098;0.7182253977857554;0.0007024188599114397;0.0007590753146708325;10.01088205385121;0.7272019056943004;-0.0187414140082824;1.0664637432651813;1.0445705172971396;0.9992334083402133;0.7275743279274144;0.998807238731173
20.153683;1.0441702488080775;0.7505637543356074;0.7182109271544186;0.0008818574375170187;0.0009331566061702399;10.010734546426098;0.727186412903794;-0.018915411381587737;1.0664692992240237;1.0446045387350011;0.9992227818213206;0.7275517906617363;0.9988078067604972
20.176641;1.0441699715040056;0.7505594529212466;0.7181961364723666;0.0010655492253103928;0.0011112941988752393;10.010582179948138;0.7271708720639477;-0.019093408576993435;1.0664747700392505;1.0446388714009627;0.9992124549614098;0.7275292315290687;0.998808467708308
20.199598;1.0441707381153542;0.7505568028767939;0.7181819622066272;0.0012555770362411571;0.001295471609458163;10.01042490609672;0.7271553367781127;-0.019276405595051598;1.0664801239981083;1.0446734781317328;0.9992025032182482;0.7275067390632797;0.9988092342982382
20.222556;1.0441715698822631;0.7505531277012382;0.7181665330762469;0.0014487664248452915;0.0014826404413270805;10.010262642028373;0.7271398539144871;-0.01946340243821027;1.0664853301351214;1.0447093111928607;0.9991929954409438;0.7274843483722504;0.9988101156955954
20.268471;1.0441834647247878;0.7505497821316088;0.7181435949615437;0.0018473867311260843;0.0018664171329778531;10.010095424537889;0.7271124645609395;-0.01984639911075508;1.066490368641075;1.044760314778713;0.9991839846738477;0.7274553328066002;0.9988111138208706
20.314386;1.044196422088416;0.7505457976393266;0.718119095253206;0.0022585656716668885;0.0022621498392761136;10.00992353313689;0.7270842042755122;-0.020241395617774563;1.0664952363891216;1.0448134267306384;0.9991755116699607;0.7274259055861849;0.9988122325296522
20.360301;1.0442094303183254;0.7505415834864836;0.7180941258480174;0.0026802860251528005;0.002667901004423602;10.009747426057094;0.7270551035902212;-0.02064539196138264;1.0664999391505012;1.0448655761874353;0.9991676176219667;0.7273960482995914;0.9988134875504808
20.406215;1.0442234844912202;0.7505378136371786;0.7180686739340062;0.0031135732093098703;0.0030846424344713064;10.009567558472185;0.7270261886048515;-0.02105938813936779;1.0665044781716744;1.0449196847809548;0.9991603485311381;0.7273668521875813;0.9988149079727229
20.45213;1.0442375917198103;0.7505339119089279;0.7180429209261568;0.0035542812534686543;0.0035084018370460978;10.009384294003178;0.726996478513048;-0.021481384149477634;1.0665088412733732;1.04497467157742;0.9991537480673125;0.7273373223545864;0.9988165338745991
20.498045;1.0442517597825298;0.7505298121353852;0.7180168637757113;0.004003457678847981;0.003940178423562659;10.009197938174767;0.7269669792360599;-0.021911379993650486;1.0665130010006418;1.0450284578783307;0.9991478515454807;0.7273085167094056;0.998818416267949
20.589875;1.0442909789415074;0.7505250380386508;0.7179729404279919;0.004922982100040897;0.004821980544223007;10.009008791947167;0.726911682372089;-0.022791375677054717;1.0665169178417513;1.0451189735279136;0.9991426864789629;0.7272682157905735;0.9988206177291153
20.681705;1.0443322426416501;0.750521719406728;0.7179290613343225;0.005870158327175804;0.005730087312170258;10.00881717474957;0.726855574281454;-0.023697371205240795;1.0665205501397508;1.0452111616097153;0.9991382762843716;0.7272291481257849;0.9988232059377146
20.773535;1.0443746477697422;0.7505171551384002;0.7178833100146331;0.00684428415077512;0.006663824507413694;10.00862340663456;0.7267976467237455;-0.024628366585084955;1.0665238645592756;1.045303977477819;0.9991346438728442;0.7271904131556134;0.9988262395550784
20.865365;1.044418180974927;0.750514488041186;0.717838744818263;0.00784372048352425;0.007621617135092575;10.00842775488488;0.7267399007590315;-0.02558236182747816;1.0665268338558191;1.0453993833943085;0.9991318123647294;0.7271540708377512;0.9988297590655767
20.957194;1.0444638677969305;0.7505114250067682;0.7177925013192599;0.008865203008878086;0.008600326352260542;10.00823041769202;0.72668034356337;-0.026558356946749666;1.0665294297598813;1.045495341971239;0.9991298000675303;0.7271182172746709;0.9988337876426062
21.049024;1.044509730850681;0.7505086273638061;0.7177465929874132;0.00990884926120496;0.009600075262338142;10.008031604037336;0.7266209863518516;-0.027554351957883142;1.0665316250386911;1.0455928139603203;0.9991286139716284;0.7270849099262727;0.9988383368409641
21.140854;1.044557775282302;0.7505055183302347;0.717699099990615;0.010972456437696015;0.010618735453632547;10.007831628644313;0.7265608503881748;-0.02857034687356001;1.0665333974099294;1.0456907598059133;0.9991282474314405;0.7270532754859986;0.9988434153858303
21.232684;1.0446059949932853;0.7505027315683572;0.7176520166252;0.012056134643135439;0.011656428724095943;10.007630920613217;0.7264989711691247;-0.02960334170215306;1.0665347267362912;1.045790139186121;0.9991286775762868;0.7270223150430525;0.998849034163583
21.324514;1.0446563697595728;0.7504996607994043;0.7176034223485753;0.013157683860017855;0.012711023937473833;10.007429966255927;0.7264373893561319;-0.030653336449007553;1.0665355878087996;1.0458899081496302;0.9991298636603904;0.7269941360551924;0.99885520165752
21.416343;1.044706869887106;0.7504980895150289;0.7175564421879269;0.014274117227538378;0.01377968009726098;10.007229243196482;0.7263751380483914;-0.031719331119976935;1.0665359443767952;1.0459910164792265;0.9991317556197531;0.7269678068366169;0.9988619190932517
21.508173;1.0447584564987211;0.7504954940959471;0.7175080308589514;0.015407391304205214;0.014864251327728454;10.007029162647362;0.7263132398864465;-0.03279832572374818;1.0665357505568334;1.0460914126054262;0.9991343043380347;0.7269442987203424;0.9988691829472633
21.600003;1.0448110937353128;0.7504920016618906;0.7174583706428399;0.01655332868935329;0.01596073412813716;10.006830058597968;0.7262497090233698;-0.033891320271880875;1.0665349603131817;1.046193060322374;0.999137461286426;0.7269217555206663;0.9988769932559499
21.691833;1.0448647550358767;0.7504906770700249;0.7174104535677404;0.01771309185285088;0.01707023310141445;10.006632246391682;0.7261865486176353;-0.034996314777415445;1.0665335384218946;1.046293950753394;0.9991411759914579;0.7269021818528495;0.9988853607733809
21.875493;1.0449793889859487;0.750486260259852;0.7173181568997666;0.020063451161595917;0.019317259857231546;10.00643608550219;0.72606074815388;-0.037235309252811266;1.0665314650499216;1.0464850962120777;0.9991453968590818;0.7268793257060586;0.9988943026008352
22.040786;1.045084060286231;0.7504832089252546;0.7172344790216297;0.022209693269778074;0.021368681200572427;10.006241981802065;0.7259452876329844;-0.039280303708470556;1.0665287361508418;1.0466595159558714;0.9991500702079297;0.7268636793499352;0.9989038301324248
22.20608;1.045190798561654;0.7504804322812766;0.7171501728943979;0.024382547091786683;0.023444989635991106;10.006050326785008;0.7258291446923156;-0.04134829815337785;1.0665253667477004;1.0468352229437106;0.9991551399368885;0.7268549437975743;0.9989139442967089
22.371374;1.0452976584149316;0.7504758374488321;0.7170646340612544;0.02657154351050233;0.025536199108072102;10.00586143204526;0.7257122976721394;-0.04343229259647324;1.066521390941721;1.0470112170827934;0.9991605514487589;0.7268529135978713;0.9989246400694763
22.536667;1.0454057001822445;0.7504723026948603;0.7169799651279244;0.02877467411969607;0.02764035331296013;10.005675535273115;0.7255957256613165;-0.04552828704663014;1.0665168513045955;1.0471874908473395;0.9991662581784777;0.7268584868158207;0.998935910918114
22.701961;1.0455139858663682;0.7504682871733154;0.716895423346568;0.030985634620868546;0.02975143828496447;10.00549287825049;0.7254784094775941;-0.047631281512446846;1.066511786823787;1.0473630425863367;0.9991722279519539;0.7268704437837991;0.9989477490765972
22.867255;1.0456235657317596;0.7504646882984917;0.7168112256201282;0.03319920493664929;0.03186442570511919;10.005313781993806;0.7253613325296504;-0.04973527600270306;1.0665062288901164;1.0475388885083694;0.9991784455450278;0.7268894213065181;0.9989601444784753
23.032548;1.0457324783171273;0.7504592060277276;0.7167265727065562;0.03541011075695823;0.03397432623066552;10.005138662966889;0.7252444780888704;-0.05183827052606913;1.0665002025800818;1.0477140655440182;0.9991849094925735;0.7269152628021253;0.9989730819825398
23.197842;1.045841755951983;0.750455762376498;0.7166445392249565;0.03761637892721783;0.03607922057398551;10.004968016230603;0.7251288263912639;-0.0539332650901705;1.066493729477302;1.0478876218907076;0.9991916260677186;0.7269484058899184;0.9989865349818968
23.363136;1.0459504421219603;0.7504507368156583;0.7165623420360098;0.0398116023056516;0.03817301907223122;10.004802393501226;0.72501336120687;-0.056019259700568966;1.0664868315287623;1.048060601760914;0.9991986042231726;0.7269876667587781;0.9990004593025191
23.528429;1.0460595981016858;0.7504460218971939;0.7164810819426779;0.04199268336689267;0.040252728606531354;10.00464232976366;0.7249000822475007;-0.058091254359344376;1.0664795329498122;1.0482310331527203;0.9992058534442426;0.7270345205602239;0.9990147950532648
23.693723;1.0461683041060543;0.7504409593580623;0.7164007836899718;0.044158553785162195;0.04231736922966881;10.00448819869878;0.7247870075836882;-0.06014624906482206;1.0664718579876546;1.0483999254142526;0.9992133865437537;0.7270865697619425;0.9990294767465785
23.859017;1.046275641695933;0.7504340790381869;0.7163206981598781;0.04630182058503332;0.0443599294344246;10.004340084659592;0.724675161793056;-0.06218124381378373;1.066463830280204;1.0485662789504735;0.99922122302715;0.7271443802820282;0.999044437904677
24.02431;1.0463836724851314;0.7504288866800352;0.7162427773044904;0.04842362523422958;0.046381429424733896;10.004197777388745;0.7245655595851217;-0.06419323860465989;1.0664554787021847;1.0487310958542204;0.9992293851117797;0.727208483077499;0.9990596094418842
24.189604;1.0464904376182198;0.7504231149621448;0.716166188344566;0.05051864444334336;0.048376885289990956;10.004060893582862;0.7244571976008272;-0.06618123343957091;1.0664468433522971;1.0488923810623436;0.9992378897682901;0.7272775632647424;0.9990749306158658
24.354898;1.0465959617191023;0.750416782550209;0.7160909104841823;0.05258685563075702;0.05034629721533858;10.003929013649294;0.7243500579985427;-0.06814122832393828;1.0664379716722052;1.0490521424275812;0.9992467442810639;0.7273510116191212;0.99909036560988
24.520191;1.0467012591634774;0.7504107814690267;0.7160170712075135;0.054624075383134206;0.05228564418739201;10.003801718330863;0.7242451162683933;-0.07007222326383833;1.066428904220847;1.0492083957498866;0.9992559452752908;0.7274294629422078;0.9991059014601131
24.685485;1.046806330820439;0.7504052064827297;0.7159447175557977;0.056628192175607044;0.05419293096670815;10.003678585028489;0.7241433486202565;-0.07197321826347272;1.0664196639675854;1.0493621677477336;0.9992654789066138;0.7275135444126706;0.9991215303953771
24.850779;1.046909159982388;0.7503985981874383;0.7158737797052217;0.05860017600782761;0.05606921271597411;10.003559266331266;0.7240417368415782;-0.07384121332512676;1.066410260678673;1.0495124932507693;0.9992753210065206;0.7275996930703672;0.9991372352461794
25.016072;1.0470117104213548;0.7503925228371955;0.7158043495749953;0.06053692004582103;0.05791144631237657;10.00344355575289;0.7239432670499117;-0.07567520845062871;1.066400703795146;1.0496604081765173;0.9992854392098562;0.7276904972737479;0.9991529887198581
25.181366;1.047112937025301;0.7503863154609178;0.7157364440040955;0.062437326899350325;0.05971866447220865;10.003331335563308;0.7238469259203211;-0.07747520364196606;1.0663910100367673;1.0498049435642827;0.9992957988921718;0.7277846672249147;0.999168762410197
25.34666;1.0472117904496259;0.7503793111859639;0.7156700825349509;0.06430029191798256;0.06148989992262128;10.003222506689827;0.7237526998034407;-0.0792391989010494;1.0663812013085225;1.0499451255715502;0.9993063677325541;0.7278816981925195;0.9991845318815382
25.511953;1.0473102203073965;0.7503719501543392;0.7156042930957259;0.06612477364920609;0.06322407119782063;10.00311697168978;0.7236595754535584;-0.08096619422955986;1.066371299891417;1.0500839780569784;0.9993171159953255;0.7279801911358584;0.9992002754477486
25.677247;1.0474071809543113;0.7503655819504825;0.7155410211961583;0.06791184231794128;0.0649222837148007;10.003014636045066;0.7235695402785138;-0.08265618962894843;1.0663613267317893;1.0502185235577068;0.9993280158782492;0.7280818402720024;0.9992159729267914
25.842541;1.0475026285378592;0.750359327198973;0.7154794040841197;0.06965724779190377;0.06658050847461434;10.002915408308667;0.7234815823443341;-0.08430918510045447;1.0663513013702421;1.0503497833572877;0.999339041398934;0.7281853654449824;0.9992316055194537
26.007835;1.0475955222120028;0.7503523611426848;0.7154193152358626;0.07136406886597305;0.0682017741289126;10.002819200429558;0.723396690376576;-0.08592418064513281;1.0663412418644893;1.0504777776129153;0.9993501683628272;0.7282913631654121;0.9992471558081762
26.173128;1.0476878212619445;0.7503461283678251;0.7153607481999057;0.07303236592796214;0.06978603464149406;10.002725927599903;0.7233128537705528;-0.0875011762638634;1.0663311648452607;1.0506025254974802;0.9993613743029618;0.7283975694552075;0.9992626077736539
26.338422;1.0477774899747216;0.7503392806867103;0.7153037622132506;0.07465993926488798;0.07133134703659892;10.002635507674475;0.7232310626559085;-0.08904017195734204;1.0663210856643062;1.0507240453209752;0.9993726383140982;0.7285047074623977;0.999277946779104
26.503716;1.0478664920041307;0.7503322135417532;0.7152473530895559;0.07624681706219766;0.07283762739956748;10.002547860472681;0.7231523079634654;-0.09054016772607204;1.0663110185319613;1.0508423545733332;0.9993839408707162;0.7286133825068111;0.9992931595471995
26.669009;1.047952795833304;0.7503265638580562;0.7151944296223581;0.07779510218478809;0.0743070414155156;10.002462907524434;0.7230755813854878;-0.09200316357036374;1.0663009766379503;1.0509574698548112;0.9993952637542808;0.7287225927595413;0.9993082340718967
26.834303;1.048037369783532;0.7503199911745897;0.715142062293888;0.07930260753643265;0.0757374569141951;10.002380572186928;0.7230008752239195;-0.09342915949034294;1.0662909722600364;1.0510704068485284;0.9994065900552536;0.7288320959651667;0.9993231594711708
26.999597;1.0481211840261568;0.7503141888281654;0.7150911701171293;0.08077149999040166;0.07713088806323672;10.002300779193984;0.7229281822623254;-0.09481715548597976;1.0662810168222447;1.0511791803979114;0.999417904104168;0.7289415267485777;0.9993379258775668
27.16489;1.0482022125997048;0.7503066796408798;0.7150407403407042;0.08220162365173367;0.07848735192410716;10.002223454166634;0.7228574957532866;-0.09616815155712889;1.0662711209091298;1.0512848045160834;0.9994291913378387;0.7290507829078247;0.9993525243345059
27.330184;1.0482814291381901;0.7503012916237253;0.7149937285696458;0.08359417598073582;0.07980793755633303;10.002148524037553;0.7227888094494893;-0.09748214770356134;1.0662612942613596;1.0513872923026777;0.9994404382456255;0.7291596428643202;0.9993669466670021
27.495478;1.048358809550247;0.7502949251080632;0.7149471668431099;0.08494797517602524;0.08109153675122614;10.002075917730865;0.7227221175871257;-0.09876114392499104;1.0662515457310053;1.0514876559003503;0.9994516324112451;0.7292681625149569;0.9993811854432375
27.660771;1.0484343312323043;0.75028750641171;0.7149009734349735;0.08626510168806933;0.08234015099889014;10.00200556651698;0.7226574148152771;-0.10000514022109377;1.0662418832482374;1.051584906523781;0.999462762525473;0.7293761438862965;0.9993952340538514
27.826065;1.048508972333626;0.750282862960428;0.7148581050707146;0.08754676289093752;0.08355486882480628;10.001937404079158;0.7225946960995688;-0.10121413659151149;1.0662323139136012;1.0516790545634067;0.9994738182928495;0.7294833951162488;0.9994090867650681
27.991359;1.0485807144884325;0.7502764971180369;0.7148156259560418;0.08879061789852652;0.08473363310246679;10.001871366211558;0.7225329566678083;-0.10239013303585172;1.0662228441571668;1.0517701097467518;0.9994847903070042;0.7295890208250588;0.9994227386461849
28.156652;1.0486515377970678;0.7502707391044049;0.714774385808731;0.09000099973695679;0.08588042991225328;10.001807390692775;0.722474192044875;-0.10353212955368164;1.0662134798568537;1.051859081250086;0.9994956699859938;0.7296946890771672;0.9994361854211165
28.321946;1.048720425529088;0.7502649134896181;0.7147344129731796;0.09117678990858036;0.08699428764434403;10.001745417570579;0.7224173981427595;-0.10464212614452215;1.0662042264369906;1.0519449777304672;0.9995064495138044;0.7297995264118088;0.9994494233880299
28.48724;1.0487873612653618;0.7502578961281596;0.7146946279126019;0.09232003330348414;0.08807716972795267;10.00168538895124;0.7223615713431061;-0.10572012280785201;1.0661950889134157;1.052027807376831;0.9995171217548515;0.7299023878605204;0.9994624495042408
28.652533;1.0488533289162263;0.7502535916494781;0.7146580637911828;0.0934298488754952;0.08912816533709451;10.001627248272445;0.7223077085316212;-0.10676711954310235;1.066186071819333;1.0521085779609698;0.9995276802466934;0.7300042589063694;0.9994752614992218
28.817827;1.048917314797814;0.7502469729279125;0.7146206036100807;0.0945091536601579;0.09015015043130727;10.001570939757956;0.7222558070577014;-0.10778511634964968;1.0661771790925174;1.0521872967994779;0.9995381192432509;0.7301052930798356;0.9994878577892776
28.983121;1.0489793054889112;0.7502422753391111;0.7145862775117593;0.09555704433106627;0.09114227658974568;10.001516408000857;0.7222048645923509;-0.10877411322684284;1.0661684140598007;1.0522639707410002;0.9995484336233645;0.7302043725666932;0.9995002372717604
29.148414;1.0490402878399276;0.7502359841789676;0.714551050257355;0.09657446746380997;0.09210537008271828;10.001463597737695;0.7221558789614791;-0.10973411017403853;1.066159779502769;1.052337606257382;0.9995586186971835;0.7303023617830372;0.999512399194145
29.313708;1.0490992511287867;0.750231460486309;0.7145188003495909;0.09756465213558979;0.09304260483284386;10.001412453966012;0.7221078480889055;-0.11066710719060675;1.0661512777026971;1.052409209485288;0.9995686701041816;0.7303984544177886;0.9995243430528077
29.479002;1.049157184281796;0.7502252667742261;0.7144855679010854;0.0985264505009015;0.09395280829703095;10.001362922153955;0.7220617700442217;-0.1115741042759214;1.066142910483308;1.052478786147338;0.9995785838379856;0.7304936826178894;0.999536068531354
29.644295;1.049213078562728;0.7502208813711772;0.7144553437791696;0.09945994425445462;0.09483615626051282;10.001314948602179;0.7220166431140855;-0.11245510142934943;1.0661346792889055;1.0525463414801768;0.9995883563095218;0.7305869560717432;0.9995475755495717
29.809589;1.0492679246689;0.7502147093907763;0.714424019362185;0.10036818342457267;0.0956954732305174;10.001268481033817;0.7219734658678827;-0.11331109865023063;1.0661265852703605;1.0526118802879572;0.9995979843632847;0.7306793193768099;0.9995588642841173
29.974883;1.049321714711172;0.7502109859005829;0.7143956264291283;0.10125026965629248;0.09652991011076993;10.00122346902885;0.7219312371845745;-0.11414309593786247;1.066118629346349;1.0526754070976585;0.9996074652532306;0.7307698486852406;0.9995699351400051
30.140176;1.0493734421212553;0.7502057293149047;0.7143670491438856;0.10210915612246327;0.09734237930869787;10.001179864182095;0.7218899562127219;-0.11495209329150984;1.066110812219247;1.0527369263158293;0.999616796625612;0.7308586157812518;0.9995807887819882
30.30547;1.049424099469614;0.7501996964653731;0.714338325713236;0.10294385742021592;0.0981318570554696;10.001137620111395;0.7218496223143063;-0.11573909071041526;1.066103134384952;1.052796442306856;0.9996259764594181;0.7309456994621898;0.9995914261707173
30.470764;1.04947368046842;0.7501959956556422;0.7143124144554751;0.10375553483934487;0.09889945535002845;10.001096692241218;0.721811235031559;-0.11650408819379436;1.0660955961441152;1.0528549593541148;0.9996350029856064;0.7310320131253977;0.9996018485432655
30.801351;1.0495621514718496;0.750191533216692;0.7142591693960618;0.10531499300361125;0.1003755397554699;10.001057037445424;0.7217337940610711;-0.11797408574084596;1.066088197564391;1.052969481546444;0.9996438746947235;0.7311939188950447;0.9996120573502686
31.09888;1.0496385426271007;0.7501859159831985;0.7142128952157564;0.10664814136036568;0.10163704788756817;10.001018613621577;0.7216672992160178;-0.11923108335076882;1.0660809384375396;1.0530670127215644;0.9996525903792977;0.7313347774097422;0.9996220541899855
31.396408;1.0497118429920596;0.7501825658075008;0.714170728785513;0.10792148520690142;0.10284175403326569;10.0009813795533;0.7216047503815397;-0.12043008102274802;1.0660738183118887;1.0531595565315475;0.99966114912658;0.7314720871627294;0.9996318407902237
31.693937;1.0497820485152678;0.7501772460642144;0.7141286334713431;0.10913589543219242;0.10399050896465553;10.000945295559546;0.7215451475188218;-0.12157607875592857;1.0660668365685744;1.0532481165116245;0.9996695503019677;0.731605406473202;0.9996414190153063
31.991466;1.049849155708033;0.7501739189858654;0.7140903808297852;0.11029780456686485;0.10508945812701437;10.000910324093683;0.7214874907100916;-0.12267107654941468;1.0660599924794845;1.0533326960325016;0.999677793544697;0.7317338352823313;0.9996507908694787
32.288994;1.0499131615346409;0.7501693575926995;0.7140528964097322;0.11140917551123139;0.10614048880794098;10.000876429396081;0.7214337801594718;-0.1237190744022871;1.0660532852620603;1.053413298188081;0.9996858787979289;0.7318597923335748;0.9996599584870639
32.586523;1.0499760619389775;0.7501647612936878;0.7140159622910568;0.11247644904258686;0.10714954662002528;10.000843576916155;0.7213810161493195;-0.12472307231361267;1.0660467141403995;1.0534899257209558;0.9996938063850934;0.731980629523078;0.9996689240929305
32.884052;1.0500348566375226;0.7501611251294026;0.7139825633162925;0.11349948851183987;0.10811681977415934;10.000811733412101;0.7213311989904291;-0.12568707028244663;1.0660402783389018;1.0535645810158505;0.9997015769946781;0.7320988235647132;0.9996776899703502
33.18158;1.0500925413997089;0.7501562458818549;0.713948563024234;0.1144825650602802;0.10904608078962066;10.000780867346878;0.7212833289461897;-0.12661306830783017;1.0660339769733045;1.053635266137562;0.9997091915264541;0.7322135766850306;0.999686258439433
33.479109;1.0501481149760172;0.7501535251351931;0.713917878745992;0.11542784306840836;0.10993950297567447;10.000750948589257;0.7212374061414882;-0.12750406638877299;1.066027808952551;1.053703982867721;0.9997166509925137;0.7323252671122579;0.9996946318111477
33.776637;1.050201575679154;0.750149656077536;0.7138873619773424;0.11633939374092536;0.11080097204589447;10.000721947461187;0.7211924305507676;-0.12836306452423168;1.0660217729843489;1.0537697327298483;0.9997239565256052;0.7324333084436255;0.9997028123155057
34.074166;1.050253921419934;0.7501453156318088;0.7138569779459347;0.11721834235295628;0.11163146223724361;10.000693834088546;0.7211504020965345;-0.12919106271310732;1.066015867642036;1.0538335170293525;0.9997311093705726;0.7325397339426938;0.9997108020337203
34.371695;1.0503041518216074;0.7501428167755905;0.7138296075474887;0.11806786361879547;0.11243410877553413;10.000666578639793;0.7211083207515518;-0.12999006095427168;1.066010091417042;1.0538943369196692;0.9997381108757134;0.7326418406648871;0.9997186029378484
34.669223;1.0503522662066762;0.7501379586928886;0.7138012523505063;0.11888779269517605;0.11320876282383872;10.000640151944436;0.7210691865545494;-0.13076205924661172;1.066004442715352;1.0539541935140107;0.9997449625450368;0.7327428440206993;0.9997262170156694
34.966752;1.0503992636099397;0.7501355786925105;0.7137758380564518;0.11968046532480973;0.11395754685562094;10.00061452582612;0.7210309995679153;-0.13150905758904669;1.0659989198461515;1.0540110879643698;0.9997516660780535;0.732841049833953;0.9997336463267406
35.264281;1.050445144073509;0.7501313581993302;0.7137492548780452;0.12044886968481001;0.11468330991736715;10.000589673351287;0.7209937598457965;-0.1322330559804976;1.0659935210636615;1.0540660213549258;0.9997582233096552;0.732936743373109;0.999740893022397
35.561809;1.050488908557855;0.7501277279771105;0.7137244959863818;0.12119302980952985;0.11538618917684498;10.000565568881719;0.7209574674095838;-0.13293405441985962;1.065988244638085;1.0541199945268762;0.9997646360930859;0.7330298574768894;0.9997479594113055
35.859338;1.0505315568151476;0.7501253651178361;0.7137015276149903;0.12191407852502419;0.11606715870883746;10.000542187954707;0.7209231222210867;-0.13361305290602007;1.0659830889198811;1.0541720080511225;0.9997709062442773;0.7331214928083692;0.9997548480205837
36.156866;1.050574088711447;0.7501216790367448;0.7136772064810526;0.12261618456621493;0.11673007875010438;10.000519507393381;0.7208887242078146;-0.13427305143789575;1.0659780523494031;1.0542220623036667;0.999777035588962;0.7332101720363815;0.9997615615811708
36.454395;1.0506145062379217;0.7501185398943517;0.713654670749072;0.12329508172315534;0.11737111444146991;10.000497505168099;0.720856273335268;-0.1349130500144394;1.0659731333892353;1.054271157551033;0.9997830260333506;0.7332976273259175;0.9997681029143093
36.751924;1.0506538093105728;0.750116507497009;0.7136337750968439;0.12395505601119824;0.11799423770803566;10.000476160159161;0.7208247696552816;-0.135534048634614;1.0659683304341974;1.0543182940363194;0.9997888795466378;0.7333830089847755;0.9997744748142826
37.049452;1.0506919985189993;0.7501123909497345;0.7136114839587754;0.1245970367367139;0.11860033612126364;10.000455452344765;0.7207932132796558;-0.1361380472973696;1.065963641744379;1.0543644720256429;0.9997945980807459;0.7334656584606486;0.9997806800298426
37.346981;1.0507290744353646;0.7501094177166149;0.7135908693690725;0.12521903761099906;0.1191875227868726;10.000435363037598;0.7207636042905834;-0.13672404600164464;1.0659590654135553;1.0544096917769312;0.9998001835809918;0.7335473140501679;0.9997867213067116
37.644509;1.050765037666604;0.750107430022675;0.713571782038264;0.12582525632980987;0.11975979489953674;10.000415874960435;0.7207349427017933;-0.1372940447463927;1.065954599363581;1.05445295345668;0.999805638081237;0.7336273254987056;0.9997926014493003
37.942038;1.0508008882241215;0.7501040716334315;0.7135513025211881;0.12641356570877338;0.12031501679957435;10.000396972093514;0.7207062285170176;-0.13784804353059105;1.0659502413733617;1.0544952570672428;0.9998109637069914;0.733704674780858;0.9997983234096461
38.239567;1.0508346283909211;0.7501009785627082;0.7135323455182608;0.12698599414876113;0.12085534933032915;10.000378639327076;0.7206794617882679;-0.13838704235321034;1.0659459891895962;1.054536602454854;0.9998161625654186;0.73378148033391;0.9998038903306488
38.537095;1.0508682579469555;0.7500985344133974;0.7135139201059837;0.12754268764297644;0.12138070460777903;10.000360862354269;0.7206526426215255;-0.13891004121320447;1.0659418406630783;1.054575989405825;0.9998212366699836;0.733855557232479;0.9998093054788073
39.132153;1.050927760198609;0.7500959037024457;0.7134775954164545;0.12860921949906737;0.12238808000361574;10.000343627753521;0.7205987711401735;-0.1399140401095381;1.0659377938147796;1.054654417682502;0.9998261879673177;0.7339949244439207;0.9998145721509079
39.667704;1.0509791600244627;0.7500934233527524;0.7134467597302772;0.1295185615028329;0.12324677329483591;10.000326922669846;0.7205538474538508;-0.1407700390412007;1.0659338468810464;1.0547208869055873;0.999831018364549;0.7341159999899719;0.9998196936362521
40.203256;1.0510284544824902;0.7500912880294547;0.7134175289770023;0.13038155750357236;0.12406155987895374;10.00031073425684;0.7205118716893465;-0.1415820380071971;1.065929998303333;1.054783396464313;0.9998357296791398;0.7342324312185489;0.999824673217312
40.738807;1.0510746455054107;0.7500887008068986;0.7133898244520477;0.1312001997884955;0.12483446351800982;10.000295049262222;0.7204708440420596;-0.1423530370065362;1.065926246554924;1.0548429455798987;0.9998403236475085;0.7343426946356495;0.9998295141586074
41.274359;1.0511187336890044;0.7500863001101944;0.7133635763818755;0.13197667636062563;0.12556745741632472;10.000279853907411;0.7204327647876254;-0.14308403603823158;1.0659225899914557;1.0548995333742277;0.9998448020452243;0.7344488215184006;0.9998342196768227
41.80991;1.0511607203528106;0.7500840069577543;0.7133387107271792;0.1327130794420331;0.12626254003691378;10.000265134597262;0.7203966342626877;-0.1437760351013179;1.0659190269275771;1.0549531588622785;0.9998491667428917;0.734549910105675;0.9998387929467967
42.345462;1.0512006068675883;0.7500818207369395;0.7133152279659214;0.13340940070953117;0.12691971122827142;10.000250878995233;0.7203624528496202;-0.14443103419485762;1.0659155557876017;1.0550038209419386;0.9998534196863337;0.7346462464500566;0.9998432370926973
42.881013;1.0512383947055324;0.7500796626046325;0.7132930541901782;0.1340677336451165;0.12754096945287838;10.000237076385076;0.7203302209729117;-0.14505103331792332;1.0659121751326281;1.0550515183964435;0.9998575628717151;0.7347381293813106;0.9998475551154867
43.416565;1.0512740855094225;0.7500774146211174;0.7132720783935663;0.13469122315283505;0.128129312476842;10.000223717275269;0.720298939093667;-0.1456360324695904;1.0659088835959667;1.0550972499062417;0.9998615982375566;0.7348244930228797;0.9998517498527726
43.952116;1.0513076811363649;0.7500751154355771;0.7132523386115651;0.13527881195757385;0.1286837408383141;10.00021079279974;0.7202706076977089;-0.14619003164896033;1.0659056798360422;1.0551400141017704;0.9998655275659153;0.7349080127663445;0.9998558239723698
44.487668;1.0513401828785038;0.750072313979035;0.7132327293147651;0.13583370956888047;0.12920718982933543;10.000198294365445;0.7202432272629159;-0.1467120308551934;1.065902562505669;1.055179809603034;0.9998693525654868;0.7349864614208093;0.9998597799385248
45.023219;1.0513705933801485;0.7500713662856389;0.713216170256383;0.1363580278660955;0.12970179480898408;10.000186213303234;0.7202177982139841;-0.14720403008753138;1.0658995302010366;1.055217635006468;0.9998730750065786;0.7350611542150024;0.9998636199809465
45.558771;1.0513999137786687;0.7500698371768849;0.7131996688075322;0.13685174780812645;0.13016741867224815;10.000174540437566;0.7201933209235429;-0.14766902934530476;1.065896581478857;1.055253488947937;0.999876696740235;0.7351316564678044;0.9998673461358281
46.094322;1.0514271464449318;0.750067981040392;0.7131841458569476;0.13731690279284056;0.13060612230156676;10.000163266144511;0.7201707957679564;-0.14810702862792685;1.0658937149637917;1.0552873702872707;0.9998802196528378;0.7351988992420636;0.999870960412275
46.629874;1.0514522929137529;0.7500646289409083;0.7131684910290951;0.13775660187564154;0.13102086619868408;10.000152380631262;0.7201502231736854;-0.14851902793487007;1.065890929370135;1.0553182782265897;0.9998836456286863;0.7352630386106936;0.9998744649960337
47.165425;1.0514773532986563;0.7500644070631579;0.7131557493809543;0.13817011718453837;0.1314107120310483;10.000141874235167;0.7201296036582148;-0.1489080272656221;1.0658882234073117;1.0553482122214763;0.9998869765304195;0.735322681951918;0.999877862315084
47.700977;1.0515003305547515;0.7500626486503716;0.7131428399122345;0.1385592213775351;0.13177759704369563;10.000131738427518;0.7201109379043238;-0.14927402661964972;1.0658855957094797;1.055376171803335;0.9998902141830405;0.735379753703507;0.9998811549319314
48.236528;1.051522225648334;0.7500610432345532;0.7131306926952692;0.13892615751136547;0.13212353164159715;10.000121966816863;0.7200932268039637;-0.14961802599639623;1.0658830448207934;1.055403156507045;0.999893360340255;0.7354334456852217;0.9998843453423449
48.77208;1.0515420409995542;0.7500588726556258;0.7131193034778601;0.13927081771539365;0.13244854088580132;10.000112554647451;0.7200764714078929;-0.14994302539530133;1.0658805692224753;1.0554271658794538;0.9998964166873376;0.7354843404903834;0.9998874358150303
49.307631;1.0515617769622727;0.7500564031167695;0.7131075709755182;0.13959652510936676;0.13275553483504504;10.00010349716791;0.7200616728431064;-0.15024902481581784;1.0658781673951494;1.0554511994495546;0.9998993849401093;0.7355333934884295;0.9998904284277303
49.843183;1.0515804359428893;0.7500550183722974;0.7130974893234033;0.13990325081525742;0.13304461296925568;10.000094788367543;0.7200468322803452;-0.15053702425741605;1.0658758378870699;1.055472256692654;0.9999022669365176;0.7355788291837722;0.9998933252222273
50.378734;1.0515980196401657;0.7500536668530259;0.7130880593098389;0.1401909541184782;0.1333157378681311;10.000086420796073;0.7200329509429351;-0.15080802371957833;1.0658735793635352;1.055493337057372;0.9999050645963783;0.7356218118053603;0.9998961282390724
50.914286;1.0516145296873194;0.7500532814343143;0.7130801686241877;0.14046282572021443;0.1335719444579795;10.00007838610015;0.7200200301213575;-0.15106302320178983;1.0658713905822588;1.0555124400006306;0.9999077798282591;0.7356625292195296;0.9998988394498238
51.449838;1.0516299675665108;0.7500517200880016;0.7130717814224218;0.14071983711854855;0.13381415741637878;10.000070675533774;0.7200080711761191;-0.15130402270353313;1.0658692702669783;1.055530564979802;0.999910414511297;0.7357013774216881;0.99990146077039
51.985389;1.0516453339238636;0.7500507894932377;0.7130639389406646;0.14096108270011742;0.13404138922983327;10.000063279944042;0.7199960755080755;-0.15153102222429102;1.0658672169816203;1.0555477114611063;0.9999129705397415;0.7357373654955006;0.9999039941330485
52.520941;1.0516586313911453;0.7500489751104308;0.7130565572631314;0.14118844891416155;0.13425568879499206;10.000056189321683;0.7199850444978844;-0.15174502176355006;1.0658652291475503;1.0555638789431243;0.9999154498623152;0.7357716668843425;0.9999064414861822
53.056492;1.0516718597600363;0.7500466599572255;0.7130486465888807;0.14140211071887612;0.1344569682703068;10.000049392565804;0.7199749794661742;-0.15194602132081308;1.0658633051840078;1.0555790669440541;0.9999178544974147;0.7358042716763676;0.9999088047497473
53.592044;1.05168502017612;0.7500458276854796;0.7130420939759656;0.1416052993551159;0.13464829983527982;10.000042877674113;0.7199658816961955;-0.15213602089562087;1.0658614436120841;1.0555932749704127;0.999920186536741;0.7358355840208366;0.9999110858257217
54.127595;1.0516971145103442;0.7500447868802472;0.7130359699096458;0.14179576518162149;0.1348276727221853;10.000036632056567;0.719956752460259;-0.15231502048755244;1.0658596430414666;1.0556075024942193;0.9999224481036104;0.7358646182771992;0.9999132866474922
54.663147;1.0517081440158076;0.7500434581179655;0.7130302001780324;0.14197560964981182;0.1349970853763284;10.00003064295891;0.7199485929890506;-0.15248402009618733;1.0658579021011763;1.0556197490131884;0.999924641261766;0.7358925532900567;0.9999154092124832
55.198698;1.0517191093234257;0.750042557790436;0.7130247898569421;0.14214494066374886;0.13515651240783516;10.000024898156452;0.7199404044364555;-0.15264301972105956;1.0658562194119454;1.055632014183866;0.9999267679611792;0.7359184051476132;0.9999174556022137
55.73425;1.051729012506586;0.750041328011928;0.7130196972612745;0.14230470054184463;0.13530697819676463;10.00001938672022;0.7199331878909174;-0.15279401936165612;1.0658545936309165;1.055642297829393;0.9999288300526491;0.7359435621458384;0.9999194279712428
56.269801;1.0517388543090953;0.7500414971616717;0.7130158895139715;0.1424560878264376;0.13544949388975305;10.000014099205796;0.7199259444079024;-0.15293501901745707;1.0658530235161865;1.055653599823009;0.9999308293118149;0.7359666267440412;0.9999213284860458
57.269801;1.0517536326922146;0.7500402052600464;0.7130072619205104;0.14271624402972383;0.1356947819372718;10.000009027081918;0.7199136750166744;-0.15317901868795228;1.0658515079617723;1.0556719200816707;0.9999327674333964;0.7360062116833118;0.9999231592712053
58.269801;1.051767353081674;0.7500392456208717;0.7129995853020688;0.14294896272958138;0.13591412009566228;10.000004162118012;0.7199013806966832;-0.15339801837262668;1.0658500459875906;1.0556882586620147;0.9999346460134001;0.7360406225428262;0.9999249223952066
59.269801;1.051780016532173;0.7500384995708208;0.7129927480627966;0.14315739588791251;0.13611050615510964;9.999999496263127;0.7198920623824712;-0.1535940180709581;1.0658486366875664;1.0557036157385549;0.999936466530258;0.7360731897732227;0.9999266198725659
60.269801;1.0517906246592281;0.7500360797428081;0.7129856344599672;0.14334454693530416;0.1362869259284718;9.999995021677531;0.7198827210055138;-0.15377001778242652;1.0658472791590679;1.0557169914531013;0.9999382303096082;0.7361015886561829;0.9999282536762041
61.269801;1.0518011769814346;0.7500354442129386;0.7129801783522385;0.14351281459031404;0.13644540189098311;9.999990730565909;0.7198743574883354;-0.15392801750651577;1.065845972408943;1.0557283858114177;0.999939938496711;0.7361272020287207;0.999929825758123
62.269801;1.0518106751435141;0.7500347840826533;0.7129753384352454;0.14366310051910128;0.13658692125532282;9.999986615252201;0.7198679726613948;-0.15406901724271196;1.0658447152637303;1.0557397987023553;0.9999415920738995;0.7361512063537338;0.9999313380437149
63.269801;1.0518191202259775;0.7500339809037996;0.7129710030921635;0.1437985574977543;0.13671448184315185;9.999982668830782;0.7198615671934778;-0.15419601699049995;1.0658435063609555;1.055749229983109;0.9999431918741392;0.7361722654198694;0.9999327923882918
64.269801;1.0518265135027065;0.7500330336655836;0.712967172302916;0.14391918490976655;0.13682808355823767;9.99997888577496;0.7198551416347075;-0.1543090167493517;1.0658423442162366;1.0557576795283603;0.9999447385721777;0.7361903730072852;0.9999341905778291
65.269801;1.051833855673453;0.750032580756402;0.7129637764371015;0.14402719491984323;0.13692969969845134;9.999975261938948;0.7198506965327504;-0.15441101651872244;1.0658412273055664;1.0557651471943192;0.9999462327435641;0.7362081083091165;0.9999355343958838
66.269801;1.0518401487750484;0.7500318255167729;0.7129607361626829;0.144124579403557;0.13702135398930743;9.999971793984063;0.7198462324662196;-0.15450201629806723;1.065840154152058;1.0557716327567197;0.9999476749857336;0.7362235119869067;0.9999368256171064
67.269801;1.0518453940882264;0.7500307672016548;0.7129580514459843;0.1442113380257386;0.13710304631103745;9.999968478274198;0.7198417499711539;-0.15458401608686398;1.0658391234037032;1.0557781358700808;0.9999490659612009;0.7362370007238386;0.9999380658917197
68.269801;1.051850592273441;0.7500300444044957;0.7129556527910766;0.14428968347996257;0.13717674993181941;9.99996530968439;0.7198382495214355;-0.15465701588462685;1.0658381338297802;1.055782656041615;0.9999504063239844;0.7362495499654402;0.9999392566843173
69.269801;1.051855744773871;0.7500296564712482;0.7129535403326414;0.14435961576721099;0.13724246471202667;9.999962281398554;0.7198357315859706;-0.15472301569090474;1.0658371842378138;1.0557881926554247;0.9999516966684721;0.736261577865299;0.9999403993583517
70.269801;1.051859853699766;0.7500298973273392;0.7129526714442638;0.1444221145627704;0.13730125223056655;9.999959386114345;0.7198321966190506;-0.15478201550527396;1.0658362734253206;1.0557917451029508;0.9999529375637305;0.7362711275991555;0.9999414953040564
71.269801;1.0518639197189787;0.7500293425011035;0.7129510152595442;0.14447826337233524;0.13735401200014097;9.999956617453668;0.7198306450072982;-0.1548340153273372;1.065835400216859;1.0557953129385367;0.9999541296006895;0.7362811307470797;0.9999425459604798
72.269801;1.0518669448808031;0.7500283251890166;0.7129495663340405;0.14452799058056062;0.13740080626985432;9.999953970417087;0.7198280770843538;-0.15488201515673133;1.0658345635313256;1.0557988959082782;0.9999552734342527;0.7362892841538714;0.9999435526995704
73.269801;1.0518709291606776;0.7500282018100989;0.7129482601092195;0.14457362014835126;0.13744358305097998;9.999951441271193;0.7198264931797732;-0.15492401499315256;1.0658337624124417;1.0558014938742661;0.999956369818315;0.7362971217069191;0.999944516695649
74.269801;1.0518738752836665;0.750027575855219;0.7129471241869003;0.14461387928894676;0.13748139331567402;9.999949027351967;0.7198248936473015;-0.15496201483638022;1.065832995966437;1.0558041067399155;0.9999574196174073;0.7363040857442349;0.999945438922352
75.269801;1.0518767838882763;0.7500271252863804;0.7129461262569298;0.1446499300236328;0.1375152110190402;9.999946726426646;0.7198232788569235;-0.15499601468626706;1.0658322632257404;1.0558067343942046;0.9999584237981819;0.7363101755741128;0.9999463202488733
76.269801;1.051878656977986;0.7500260929733805;0.7129452242377848;0.1446827126917627;0.13754606055100113;9.999944535841864;0.7198216491465531;-0.15502601454270312;1.0658315630825355;1.055809376674615;0.9999593833837375;0.7363153904687005;0.9999471615338289
77.269801;1.0518814943928727;0.7500259528794239;0.7129444650630731;0.14471139790713775;0.13757289202888448;9.999942452728531;0.7198210047823447;-0.15505401440557662;1.0658308943861006;1.0558110333547828;0.999960299405497;0.7363211284930664;0.9999479636999247
78.269801;1.0518832986054967;0.7500251913138396;0.7129437646179173;0.14473786629360857;0.13759775434688792;9.999940475213219;0.7198193459563201;-0.15507801427474616;1.0658302560739967;1.0558127041537289;0.9999611729206885;0.73632501295625;0.9999487277604708
79.269801;1.0518850698984286;0.7500245647964783;0.7129431650340652;0.14476117757113552;0.1376196228225628;9.999938602957245;0.719818672815161;-0.1551000141500463;1.0658296471586488;1.0558133887928716;0.999962005053237;0.7363294199532124;0.9999494547654035
80.269801;1.0518878085332035;0.750024751610095;0.7129426340640618;0.14478249402596952;0.1376394713885087;9.999936836388745;0.7198179855148068;-0.15511901403130468;1.0658290666708237;1.055815087082424;0.999962796997572;0.7363331613441365;0.9999501457462787
81.269801;1.051889516899162;0.7500243556046942;0.7129421992642146;0.14480054247571758;0.13765635101860912;9.999935175538715;0.7198172842595488;-0.15513701391833207;1.0658285137492;1.0558157989562942;0.9999635500273968;0.7363366587164633;0.9999508017426372
82.269801;1.0518901960191955;0.7500232983833754;0.7129417862975425;0.14481742541232934;0.1376722602000409;9.999933619444269;0.7198165693083619;-0.15515301381092145;1.0658279877406989;1.0558175244487384;0.9999642655140877;0.7363397018297951;0.999951423835517
83.269801;1.0518918454534385;0.750023054137673;0.7129414422292492;0.1448323137662852;0.1376861490901013;9.999932166222786;0.7198158409538854;-0.15516701370888208;1.0658274881151575;1.0558182636478004;0.9999649448776023;0.7363422911490524;0.9999520131010418
84.269801;1.0518934666575666;0.7500228660704847;0.7129411251776268;0.14484614783369423;0.1376990421216715;9.999930813626419;0.7198160994778899;-0.15518001361204886;1.0658270142845372;1.0558190166365065;0.9999655894759824;0.7363456155380468;0.9999525705710877
85.269801;1.051894060842181;0.7500220556847567;0.7129408676804501;0.14485776538370365;0.13770996511909603;9.999929559719865;0.7198153451509596;-0.1551910135202464;1.0658265655102843;1.05581978342496;0.9999662005358938;0.736347509900217;0.9999530972944174
86.269801;1.0518956269458384;0.750021979817599;0.7129406052340062;0.14486949114717357;0.13772086619247373;9.99992840305361;0.7198145782828305;-0.15520101343327597;1.0658261409477678;1.0558195638808185;0.9999667791580289;0.7363491632937325;0.9999535944103971
87.269801;1.0518971658943508;0.7500219991559767;0.7129404075689945;0.14487911169120665;0.13772977187714713;9.999927342190764;0.7198147992331438;-0.15521001335093224;1.0658257397292743;1.0558203577252916;0.9999673263493013;0.7363515540193941;0.9999540631091739
88.269801;1.0518976785689544;0.7500213569780647;0.7129402328833886;0.14488756726816152;0.1377377066353408;9.999926374889611;0.71981400838152;-0.15521801327300827;1.0658253609911388;1.055821164609112;0.9999678431063098;0.7363527277556744;0.9999545045180755
89.269801;1.0518981644468368;0.7500207708077666;0.7129400863654017;0.14489496910664942;0.1377446451903171;9.999925497766283;0.7198142061167216;-0.15522601319929516;1.0658250038703463;1.0558209841745718;0.9999683305544208;0.7363548511709263;0.9999549196429818
90.269801;1.0518996230540893;0.7500209189662215;0.7129399359861721;0.14490247970454406;0.13775156157331206;9.999924706897582;0.7198143928273911;-0.1552320131295966;1.0658246675461194;1.05582181606478;0.999968789988293;0.7363565260351009;0.9999553093947238
91.269801;1.0519000561412162;0.7500204052701628;0.7129398095412889;0.14490882570351035;0.13775750684682936;9.99992399815073;0.7198135688526863;-0.1552380130637485;1.0658243513321561;1.0558216598733314;0.999969222771089;0.7363571973779645;0.9999556746431489
92.269801;1.051900463641423;0.7500199470581739;0.7129397123245347;0.14491411832852646;0.1377624557307609;9.9999233663345;0.7198137344572239;-0.15524301300162055;1.0658240547047344;1.0558225150383507;0.9999696302272228;0.7363586104609804;0.9999560162673625
93.269801;1.0519018457775278;0.7500202224159996;0.7129396124916958;0.14491952003781328;0.1377673822418591;9.99992280436499;0.7198138898952985;-0.15524801294310342;1.0658237771846064;1.0558223808222988;0.9999700135588214;0.7363599996539925;0.9999563352161926
94.269801;1.0519022050003992;0.7500198348674807;0.7129395380046294;0.14492375736605784;0.13777133741534603;9.999922303516641;0.7198140354722691;-0.15525201288810947;1.065823518173167;1.0558232564511745;0.9999703737756751;0.7363611552693341;0.9999566325637945
95.269801;1.0519025416641141;0.7500194623259457;0.7129394570511116;0.14492799273649667;0.13777529524910193;9.999921854293797;0.7198131715355294;-0.15525601283657375;1.0658232768952016;1.0558231412265686;0.9999707116959768;0.7363613117852191;0.9999569094893853
96.269801;1.0519028567361801;0.7500191433367212;0.7129394074200214;0.14493117494962393;0.13777825633757432;9.999921447565816;0.7198132984549457;-0.1552600127884212;1.0658230524485912;1.0558230345073691;0.9999710280336449;0.7363624254053537;0.9999571671893496
97.269801;1.0519031511009815;0.7500188380916495;0.7129393525546296;0.1449343552898716;0.1377812198868271;9.999921075749777;0.7198134166123078;-0.15526301274353205;1.0658228438580786;1.0558229356803062;0.9999713235077318;0.7363633088892247;0.9999574068283348
98.269801;1.0519044248808496;0.7500192634639621;0.7129392979920222;0.1449376449702046;0.137784160576902;9.999920733335067;0.7198135264033597;-0.1552650127017516;1.0658226501297379;1.0558238441693577;0.9999715988865117;0.7363639633740847;0.9999576295347609
99.269801;1.0519046802781218;0.7500189835874583;0.7129392345710082;0.14494082174696044;0.13778712873010004;9.999920416581935;0.7198136282741531;-0.1552680126629163;1.0658224703158308;1.0558237594362665;0.9999718550019294;0.7363648117675208;0.9999578363832876
100.0;1.0519049175127195;0.7500187936038952;0.7129392420071249;0.14494189438291766;0.13778810039919742;9.999920122943239;0.7198137227368236;-0.15526901262685933;1.0658223035123613;1.0558236809608907;0.999972092809905;0.7363652227412887;0.9999580283847054
