time;BusPDR_BUS_Voltage;BusPDR_BUS_ActivePower;BusPDR_BUS_ReactivePower;BusPDR_BUS_ActiveCurrent;BusPDR_BUS_ReactiveCurrent;Wind_Turbine1_GEN_MagnitudeControlledByAVRPu;Wind_Turbine2_GEN_MagnitudeControlledByAVRPu;Wind_Turbine1_GEN_UPuInjTerminal;Wind_Turbine1_GEN_IpInjTerminal;Wind_Turbine1_GEN_IqInjTerminal;Wind_Turbine2_GEN_UPuInjTerminal;Wind_Turbine2_GEN_IpInjTerminal;Wind_Turbine2_GEN_IqInjTerminal;Measurements_BUS_Voltage;Measurements_BUS_ActivePower;Measurements_BUS_ReactivePower;StepUp_Xfmr1_XFMR_Tap;StepUp_Xfmr2_XFMR_Tap;Wind_Turbine1_GEN_ActivePowerSetpointPu;Wind_Turbine1_GEN_ReactivePowerSetpointPu;Wind_Turbine1_GEN_VoltageSetpointPu;Wind_Turbine1_GEN_NetworkFrequencyPu;Wind_Turbine2_GEN_ActivePowerSetpointPu;Wind_Turbine2_GEN_ReactivePowerSetpointPu;Wind_Turbine2_GEN_VoltageSetpointPu;Wind_Turbine2_GEN_NetworkFrequencyPu;NetworkFrequencyPu
0.000000000;1.044e+00;2.500e-01;-3.201e-09;2.394e-01;-1.713e-08;1.044e+00;1.044e+00;1.049e+00;1.223e-01;3.736e-03;1.049e+00;1.223e-01;3.736e-03;1.044e+00;4.500e-01;4.396e-09;1.000e+01;1.000e+01;2.500e-01;0.000e+00;1.044e+00;5.000e+01;2.500e-01;0.000e+00;1.044e+00;5.000e+01;5.000e+01
0.024840000;1.044e+00;2.492e-01;2.444e-05;2.386e-01;2.340e-05;1.044e+00;1.044e+00;1.049e+00;1.219e-01;3.732e-03;1.049e+00;1.219e-01;3.732e-03;1.044e+00;4.486e-01;4.402e-05;1.000e+01;1.000e+01;2.500e-01;0.000e+00;1.044e+00;5.000e+01;2.500e-01;0.000e+00;1.044e+00;5.000e+01;5.000e+01
0.025840000;1.044e+00;2.491e-01;2.722e-05;2.385e-01;2.606e-05;1.044e+00;1.044e+00;1.049e+00;1.219e-01;3.732e-03;1.049e+00;1.219e-01;3.732e-03;1.044e+00;4.484e-01;4.901e-05;1.000e+01;1.000e+01;2.500e-01;0.000e+00;1.044e+00;4.999e+01;2.500e-01;0.000e+00;1.044e+00;4.999e+01;4.999e+01
0.027840000;1.044e+00;2.490e-01;3.333e-05;2.384e-01;3.191e-05;1.044e+00;1.044e+00;1.049e+00;1.218e-01;3.731e-03;1.049e+00;1.218e-01;3.731e-03;1.044e+00;4.481e-01;6.001e-05;1.000e+01;1.000e+01;2.500e-01;0.000e+00;1.044e+00;4.999e+01;2.500e-01;0.000e+00;1.044e+00;4.999e+01;4.999e+01
0.028840000;1.044e+00;2.489e-01;3.667e-05;2.383e-01;3.511e-05;1.045e+00;1.045e+00;1.049e+00;1.217e-01;3.731e-03;1.049e+00;1.217e-01;3.731e-03;1.044e+00;4.479e-01;6.601e-05;1.000e+01;1.000e+01;2.500e-01;0.000e+00;1.044e+00;4.999e+01;2.500e-01;0.000e+00;1.044e+00;4.999e+01;4.999e+01
0.032840000;1.044e+00;2.484e-01;5.167e-05;2.378e-01;4.947e-05;1.045e+00;1.045e+00;1.049e+00;1.215e-01;3.730e-03;1.049e+00;1.215e-01;3.730e-03;1.044e+00;4.472e-01;9.301e-05;1.000e+01;1.000e+01;2.500e-01;0.000e+00;1.044e+00;4.999e+01;2.500e-01;0.000e+00;1.044e+00;4.999e+01;4.999e+01
0.033840000;1.045e+00;2.483e-01;5.611e-05;2.377e-01;5.373e-05;1.045e+00;1.045e+00;1.049e+00;1.215e-01;3.730e-03;1.049e+00;1.215e-01;3.730e-03;1.045e+00;4.469e-01;1.010e-04;1.000e+01;1.000e+01;2.500e-01;0.000e+00;1.044e+00;4.999e+01;2.500e-01;0.000e+00;1.044e+00;4.999e+01;4.999e+01
0.041840000;1.045e+00;2.472e-01;9.389e-05;2.366e-01;8.990e-05;1.045e+00;1.045e+00;1.049e+00;1.209e-01;3.727e-03;1.049e+00;1.209e-01;3.727e-03;1.045e+00;4.449e-01;1.690e-04;1.000e+01;1.000e+01;2.500e-01;0.000e+00;1.044e+00;4.999e+01;2.500e-01;0.000e+00;1.044e+00;4.999e+01;4.999e+01
0.042840000;1.045e+00;2.470e-01;9.944e-05;2.365e-01;9.521e-05;1.045e+00;1.045e+00;1.049e+00;1.209e-01;3.726e-03;1.049e+00;1.209e-01;3.726e-03;1.045e+00;4.446e-01;1.790e-04;1.000e+01;1.000e+01;2.500e-01;0.000e+00;1.044e+00;4.999e+01;2.500e-01;0.000e+00;1.044e+00;4.999e+01;4.999e+01
0.044840000;1.045e+00;2.467e-01;1.106e-04;2.362e-01;1.058e-04;1.045e+00;1.045e+00;1.049e+00;1.207e-01;3.725e-03;1.049e+00;1.207e-01;3.725e-03;1.045e+00;4.440e-01;1.990e-04;1.000e+01;1.000e+01;2.500e-01;0.000e+00;1.044e+00;4.999e+01;2.500e-01;0.000e+00;1.044e+00;4.999e+01;4.999e+01
0.047840000;1.045e+00;2.461e-01;1.278e-04;2.356e-01;1.223e-04;1.045e+00;1.045e+00;1.049e+00;1.204e-01;3.724e-03;1.049e+00;1.204e-01;3.724e-03;1.045e+00;4.431e-01;2.300e-04;1.000e+01;1.000e+01;2.500e-01;0.000e+00;1.044e+00;4.999e+01;2.500e-01;0.000e+00;1.044e+00;4.999e+01;4.999e+01
0.065562000;1.045e+00;2.423e-01;2.511e-04;2.319e-01;2.404e-04;1.045e+00;1.045e+00;1.049e+00;1.186e-01;3.711e-03;1.049e+00;1.186e-01;3.711e-03;1.045e+00;4.362e-01;4.520e-04;1.000e+01;1.000e+01;2.500e-01;0.000e+00;1.044e+00;4.999e+01;2.500e-01;0.000e+00;1.044e+00;4.999e+01;4.999e+01
0.066562000;1.045e+00;2.421e-01;2.589e-04;2.317e-01;2.478e-04;1.045e+00;1.045e+00;1.049e+00;1.185e-01;3.710e-03;1.049e+00;1.185e-01;3.710e-03;1.045e+00;4.357e-01;4.660e-04;1.000e+01;1.000e+01;2.500e-01;0.000e+00;1.044e+00;4.998e+01;2.500e-01;0.000e+00;1.044e+00;4.998e+01;4.998e+01
0.068562000;1.045e+00;2.416e-01;2.744e-04;2.312e-01;2.627e-04;1.045e+00;1.045e+00;1.049e+00;1.182e-01;3.708e-03;1.049e+00;1.182e-01;3.708e-03;1.045e+00;4.348e-01;4.940e-04;1.000e+01;1.000e+01;2.500e-01;0.000e+00;1.044e+00;4.998e+01;2.500e-01;0.000e+00;1.044e+00;4.998e+01;4.998e+01
0.088562000;1.045e+00;2.358e-01;4.489e-04;2.257e-01;4.296e-04;1.045e+00;1.045e+00;1.049e+00;1.155e-01;3.686e-03;1.049e+00;1.155e-01;3.686e-03;1.045e+00;4.245e-01;8.080e-04;1.000e+01;1.000e+01;2.500e-01;0.000e+00;1.044e+00;4.998e+01;2.500e-01;0.000e+00;1.044e+00;4.998e+01;4.998e+01
0.091562000;1.045e+00;2.349e-01;4.772e-04;2.248e-01;4.567e-04;1.045e+00;1.045e+00;1.049e+00;1.150e-01;3.683e-03;1.049e+00;1.150e-01;3.683e-03;1.045e+00;4.227e-01;8.590e-04;1.000e+01;1.000e+01;2.500e-01;0.000e+00;1.044e+00;4.998e+01;2.500e-01;0.000e+00;1.044e+00;4.998e+01;4.998e+01
0.092562000;1.045e+00;2.345e-01;4.867e-04;2.244e-01;4.657e-04;1.045e+00;1.045e+00;1.049e+00;1.148e-01;3.682e-03;1.049e+00;1.148e-01;3.682e-03;1.045e+00;4.222e-01;8.760e-04;1.000e+01;1.000e+01;2.500e-01;0.000e+00;1.044e+00;4.998e+01;2.500e-01;0.000e+00;1.044e+00;4.998e+01;4.998e+01
0.107562000;1.045e+00;2.294e-01;6.339e-04;2.195e-01;6.065e-04;1.045e+00;1.045e+00;1.049e+00;1.124e-01;3.661e-03;1.049e+00;1.124e-01;3.661e-03;1.045e+00;4.129e-01;1.141e-03;1.000e+01;1.000e+01;2.500e-01;0.000e+00;1.044e+00;4.998e+01;2.500e-01;0.000e+00;1.044e+00;4.998e+01;4.998e+01
0.108562000;1.045e+00;2.290e-01;6.439e-04;2.192e-01;6.161e-04;1.046e+00;1.046e+00;1.049e+00;1.122e-01;3.660e-03;1.049e+00;1.122e-01;3.660e-03;1.045e+00;4.123e-01;1.159e-03;1.000e+01;1.000e+01;2.500e-01;0.000e+00;1.044e+00;4.998e+01;2.500e-01;0.000e+00;1.044e+00;4.998e+01;4.998e+01
0.113562000;1.045e+00;2.272e-01;6.950e-04;2.174e-01;6.650e-04;1.046e+00;1.046e+00;1.049e+00;1.113e-01;3.653e-03;1.049e+00;1.113e-01;3.653e-03;1.045e+00;4.090e-01;1.251e-03;1.000e+01;1.000e+01;2.500e-01;0.000e+00;1.044e+00;4.998e+01;2.500e-01;0.000e+00;1.044e+00;4.998e+01;4.998e+01
0.137562000;1.045e+00;2.179e-01;9.467e-04;2.085e-01;9.055e-04;1.046e+00;1.046e+00;1.049e+00;1.068e-01;3.614e-03;1.049e+00;1.068e-01;3.614e-03;1.045e+00;3.923e-01;1.704e-03;1.000e+01;1.000e+01;2.500e-01;0.000e+00;1.044e+00;4.998e+01;2.500e-01;0.000e+00;1.044e+00;4.998e+01;4.998e+01
0.139562000;1.045e+00;2.171e-01;9.678e-04;2.077e-01;9.257e-04;1.046e+00;1.046e+00;1.049e+00;1.065e-01;3.611e-03;1.049e+00;1.065e-01;3.611e-03;1.045e+00;3.908e-01;1.742e-03;1.000e+01;1.000e+01;2.500e-01;0.000e+00;1.044e+00;4.998e+01;2.500e-01;0.000e+00;1.044e+00;4.998e+01;4.998e+01
0.141562000;1.045e+00;2.163e-01;9.889e-04;2.069e-01;9.459e-04;1.046e+00;1.046e+00;1.049e+00;1.061e-01;3.608e-03;1.049e+00;1.061e-01;3.608e-03;1.045e+00;3.893e-01;1.780e-03;1.000e+01;1.000e+01;2.500e-01;0.000e+00;1.044e+00;4.998e+01;2.500e-01;0.000e+00;1.044e+00;4.998e+01;4.998e+01
0.142562000;1.046e+00;2.159e-01;9.994e-04;2.065e-01;9.559e-04;1.046e+00;1.046e+00;1.049e+00;1.059e-01;3.606e-03;1.049e+00;1.059e-01;3.606e-03;1.046e+00;3.886e-01;1.799e-03;1.000e+01;1.000e+01;2.500e-01;0.000e+00;1.044e+00;4.998e+01;2.500e-01;0.000e+00;1.044e+00;4.998e+01;4.998e+01
0.145562000;1.046e+00;2.147e-01;1.031e-03;2.053e-01;9.862e-04;1.046e+00;1.046e+00;1.049e+00;1.053e-01;3.601e-03;1.049e+00;1.053e-01;3.601e-03;1.046e+00;3.864e-01;1.856e-03;1.000e+01;1.000e+01;2.500e-01;0.000e+00;1.044e+00;4.998e+01;2.500e-01;0.000e+00;1.044e+00;4.998e+01;4.998e+01
0.146562000;1.046e+00;2.142e-01;1.042e-03;2.049e-01;9.968e-04;1.046e+00;1.046e+00;1.049e+00;1.051e-01;3.599e-03;1.049e+00;1.051e-01;3.599e-03;1.046e+00;3.856e-01;1.876e-03;1.000e+01;1.000e+01;2.500e-01;0.000e+00;1.044e+00;4.998e+01;2.500e-01;0.000e+00;1.044e+00;4.998e+01;4.998e+01
0.147562000;1.046e+00;2.138e-01;1.053e-03;2.045e-01;1.007e-03;1.046e+00;1.046e+00;1.049e+00;1.049e-01;3.598e-03;1.049e+00;1.049e-01;3.598e-03;1.046e+00;3.849e-01;1.895e-03;1.000e+01;1.000e+01;2.500e-01;0.000e+00;1.044e+00;4.997e+01;2.500e-01;0.000e+00;1.044e+00;4.997e+01;4.997e+01
0.159562000;1.046e+00;2.088e-01;1.179e-03;1.997e-01;1.127e-03;1.046e+00;1.046e+00;1.049e+00;1.025e-01;3.577e-03;1.049e+00;1.025e-01;3.577e-03;1.046e+00;3.758e-01;2.122e-03;1.000e+01;1.000e+01;2.500e-01;0.000e+00;1.044e+00;4.997e+01;2.500e-01;0.000e+00;1.044e+00;4.997e+01;4.997e+01
0.163562000;1.046e+00;2.071e-01;1.221e-03;1.980e-01;1.168e-03;1.046e+00;1.046e+00;1.049e+00;1.016e-01;3.570e-03;1.049e+00;1.016e-01;3.570e-03;1.046e+00;3.728e-01;2.198e-03;1.000e+01;1.000e+01;2.500e-01;0.000e+00;1.044e+00;4.997e+01;2.500e-01;0.000e+00;1.044e+00;4.997e+01;4.997e+01
0.164562000;1.046e+00;2.067e-01;1.231e-03;1.976e-01;1.177e-03;1.047e+00;1.047e+00;1.049e+00;1.014e-01;3.568e-03;1.049e+00;1.014e-01;3.568e-03;1.046e+00;3.720e-01;2.216e-03;1.000e+01;1.000e+01;2.500e-01;0.000e+00;1.044e+00;4.997e+01;2.500e-01;0.000e+00;1.044e+00;4.997e+01;4.997e+01
0.196562000;1.046e+00;1.929e-01;1.553e-03;1.844e-01;1.485e-03;1.047e+00;1.047e+00;1.049e+00;9.480e-02;3.512e-03;1.049e+00;9.480e-02;3.512e-03;1.046e+00;3.471e-01;2.796e-03;1.000e+01;1.000e+01;2.500e-01;0.000e+00;1.044e+00;4.997e+01;2.500e-01;0.000e+00;1.044e+00;4.997e+01;4.997e+01
0.197562000;1.046e+00;1.924e-01;1.563e-03;1.839e-01;1.494e-03;1.047e+00;1.047e+00;1.050e+00;9.459e-02;3.510e-03;1.050e+00;9.459e-02;3.510e-03;1.046e+00;3.464e-01;2.814e-03;1.000e+01;1.000e+01;2.500e-01;0.000e+00;1.044e+00;4.997e+01;2.500e-01;0.000e+00;1.044e+00;4.997e+01;4.997e+01
0.198562000;1.046e+00;1.920e-01;1.573e-03;1.835e-01;1.503e-03;1.047e+00;1.047e+00;1.050e+00;9.438e-02;3.508e-03;1.050e+00;9.438e-02;3.508e-03;1.046e+00;3.456e-01;2.831e-03;1.000e+01;1.000e+01;2.500e-01;0.000e+00;1.044e+00;4.997e+01;2.500e-01;0.000e+00;1.044e+00;4.997e+01;4.997e+01
0.207562000;1.046e+00;1.881e-01;1.658e-03;1.798e-01;1.585e-03;1.047e+00;1.047e+00;1.050e+00;9.251e-02;3.492e-03;1.050e+00;9.251e-02;3.492e-03;1.046e+00;3.386e-01;2.984e-03;1.000e+01;1.000e+01;2.500e-01;0.000e+00;1.044e+00;4.997e+01;2.500e-01;0.000e+00;1.044e+00;4.997e+01;4.997e+01
0.213562000;1.046e+00;1.855e-01;1.713e-03;1.773e-01;1.637e-03;1.047e+00;1.047e+00;1.050e+00;9.127e-02;3.481e-03;1.050e+00;9.127e-02;3.481e-03;1.046e+00;3.339e-01;3.083e-03;1.000e+01;1.000e+01;2.500e-01;0.000e+00;1.044e+00;4.997e+01;2.500e-01;0.000e+00;1.044e+00;4.997e+01;4.997e+01
0.215562000;1.046e+00;1.846e-01;1.731e-03;1.765e-01;1.654e-03;1.047e+00;1.047e+00;1.050e+00;9.085e-02;3.478e-03;1.050e+00;9.085e-02;3.478e-03;1.046e+00;3.323e-01;3.115e-03;1.000e+01;1.000e+01;2.500e-01;0.000e+00;1.044e+00;4.997e+01;2.500e-01;0.000e+00;1.044e+00;4.997e+01;4.997e+01
0.223562000;1.046e+00;1.812e-01;1.801e-03;1.732e-01;1.721e-03;1.047e+00;1.047e+00;1.050e+00;8.921e-02;3.464e-03;1.050e+00;8.921e-02;3.464e-03;1.046e+00;3.262e-01;3.242e-03;1.000e+01;1.000e+01;2.500e-01;0.000e+00;1.044e+00;4.997e+01;2.500e-01;0.000e+00;1.044e+00;4.997e+01;4.997e+01
0.224562000;1.046e+00;1.808e-01;1.810e-03;1.728e-01;1.730e-03;1.048e+00;1.048e+00;1.050e+00;8.901e-02;3.462e-03;1.050e+00;8.901e-02;3.462e-03;1.046e+00;3.254e-01;3.258e-03;1.000e+01;1.000e+01;2.500e-01;0.000e+00;1.044e+00;4.997e+01;2.500e-01;0.000e+00;1.044e+00;4.997e+01;4.997e+01
0.232562000;1.046e+00;1.774e-01;1.877e-03;1.695e-01;1.794e-03;1.048e+00;1.048e+00;1.050e+00;8.738e-02;3.448e-03;1.050e+00;8.738e-02;3.448e-03;1.046e+00;3.193e-01;3.379e-03;1.000e+01;1.000e+01;2.500e-01;0.000e+00;1.044e+00;4.997e+01;2.500e-01;0.000e+00;1.044e+00;4.997e+01;4.997e+01
0.233562000;1.047e+00;1.770e-01;1.886e-03;1.691e-01;1.802e-03;1.048e+00;1.048e+00;1.050e+00;8.718e-02;3.446e-03;1.050e+00;8.718e-02;3.446e-03;1.047e+00;3.185e-01;3.394e-03;1.000e+01;1.000e+01;2.500e-01;0.000e+00;1.044e+00;4.997e+01;2.500e-01;0.000e+00;1.044e+00;4.997e+01;4.997e+01
0.242562000;1.047e+00;1.732e-01;1.958e-03;1.655e-01;1.871e-03;1.048e+00;1.048e+00;1.050e+00;8.537e-02;3.431e-03;1.050e+00;8.537e-02;3.431e-03;1.047e+00;3.118e-01;3.525e-03;1.000e+01;1.000e+01;2.500e-01;0.000e+00;1.044e+00;4.997e+01;2.500e-01;0.000e+00;1.044e+00;4.997e+01;4.997e+01
0.243562000;1.047e+00;1.728e-01;1.966e-03;1.651e-01;1.879e-03;1.048e+00;1.048e+00;1.050e+00;8.518e-02;3.429e-03;1.050e+00;8.518e-02;3.429e-03;1.047e+00;3.110e-01;3.539e-03;1.000e+01;1.000e+01;2.500e-01;0.000e+00;1.044e+00;4.998e+01;2.500e-01;0.000e+00;1.044e+00;4.998e+01;4.998e+01
0.278562000;1.047e+00;1.588e-01;2.212e-03;1.517e-01;2.113e-03;1.048e+00;1.048e+00;1.050e+00;7.848e-02;3.369e-03;1.050e+00;7.848e-02;3.369e-03;1.047e+00;2.859e-01;3.982e-03;1.000e+01;1.000e+01;2.500e-01;0.000e+00;1.044e+00;4.998e+01;2.500e-01;0.000e+00;1.044e+00;4.998e+01;4.998e+01
0.279562000;1.047e+00;1.584e-01;2.219e-03;1.513e-01;2.119e-03;1.048e+00;1.048e+00;1.050e+00;7.830e-02;3.368e-03;1.050e+00;7.830e-02;3.368e-03;1.047e+00;2.852e-01;3.994e-03;1.000e+01;1.000e+01;2.500e-01;0.000e+00;1.044e+00;4.998e+01;2.500e-01;0.000e+00;1.044e+00;4.998e+01;4.998e+01
0.282562000;1.047e+00;1.573e-01;2.237e-03;1.503e-01;2.137e-03;1.048e+00;1.048e+00;1.050e+00;7.776e-02;3.363e-03;1.050e+00;7.776e-02;3.363e-03;1.047e+00;2.831e-01;4.027e-03;1.000e+01;1.000e+01;2.500e-01;0.000e+00;1.044e+00;4.998e+01;2.500e-01;0.000e+00;1.044e+00;4.998e+01;4.998e+01
0.283562000;1.047e+00;1.569e-01;2.243e-03;1.499e-01;2.143e-03;1.048e+00;1.048e+00;1.050e+00;7.758e-02;3.362e-03;1.050e+00;7.758e-02;3.362e-03;1.047e+00;2.825e-01;4.038e-03;1.000e+01;1.000e+01;2.500e-01;0.000e+00;1.044e+00;4.998e+01;2.500e-01;0.000e+00;1.044e+00;4.998e+01;4.998e+01
0.305562000;1.047e+00;1.489e-01;2.364e-03;1.422e-01;2.258e-03;1.048e+00;1.048e+00;1.050e+00;7.375e-02;3.325e-03;1.050e+00;7.375e-02;3.325e-03;1.047e+00;2.681e-01;4.255e-03;1.000e+01;1.000e+01;2.500e-01;0.000e+00;1.044e+00;4.998e+01;2.500e-01;0.000e+00;1.044e+00;4.998e+01;4.998e+01
0.306562000;1.047e+00;1.486e-01;2.369e-03;1.419e-01;2.262e-03;1.049e+00;1.049e+00;1.050e+00;7.358e-02;3.324e-03;1.050e+00;7.358e-02;3.324e-03;1.047e+00;2.675e-01;4.264e-03;1.000e+01;1.000e+01;2.500e-01;0.000e+00;1.044e+00;4.998e+01;2.500e-01;0.000e+00;1.044e+00;4.998e+01;4.998e+01
0.326562000;1.047e+00;1.419e-01;2.458e-03;1.355e-01;2.348e-03;1.049e+00;1.049e+00;1.050e+00;7.037e-02;3.292e-03;1.050e+00;7.037e-02;3.292e-03;1.047e+00;2.554e-01;4.425e-03;1.000e+01;1.000e+01;2.500e-01;0.000e+00;1.044e+00;4.998e+01;2.500e-01;0.000e+00;1.044e+00;4.998e+01;4.998e+01
0.355562000;1.047e+00;1.331e-01;2.557e-03;1.271e-01;2.441e-03;1.049e+00;1.049e+00;1.050e+00;6.619e-02;3.247e-03;1.050e+00;6.619e-02;3.247e-03;1.047e+00;2.396e-01;4.602e-03;1.000e+01;1.000e+01;2.500e-01;0.000e+00;1.044e+00;4.998e+01;2.500e-01;0.000e+00;1.044e+00;4.998e+01;4.998e+01
0.356562000;1.047e+00;1.329e-01;2.559e-03;1.268e-01;2.444e-03;1.049e+00;1.049e+00;1.050e+00;6.606e-02;3.245e-03;1.050e+00;6.606e-02;3.245e-03;1.047e+00;2.391e-01;4.607e-03;1.000e+01;1.000e+01;2.500e-01;0.000e+00;1.044e+00;4.998e+01;2.500e-01;0.000e+00;1.044e+00;4.998e+01;4.998e+01
0.370562000;1.047e+00;1.291e-01;2.593e-03;1.232e-01;2.476e-03;1.049e+00;1.049e+00;1.050e+00;6.426e-02;3.224e-03;1.050e+00;6.426e-02;3.224e-03;1.047e+00;2.324e-01;4.668e-03;1.000e+01;1.000e+01;2.500e-01;0.000e+00;1.044e+00;4.998e+01;2.500e-01;0.000e+00;1.044e+00;4.998e+01;4.998e+01
0.371562000;1.047e+00;1.288e-01;2.596e-03;1.230e-01;2.478e-03;1.049e+00;1.049e+00;1.050e+00;6.414e-02;3.222e-03;1.050e+00;6.414e-02;3.222e-03;1.047e+00;2.319e-01;4.672e-03;1.000e+01;1.000e+01;2.500e-01;0.000e+00;1.044e+00;4.998e+01;2.500e-01;0.000e+00;1.044e+00;4.998e+01;4.998e+01
0.372562000;1.047e+00;1.286e-01;2.597e-03;1.228e-01;2.480e-03;1.049e+00;1.049e+00;1.050e+00;6.401e-02;3.221e-03;1.050e+00;6.401e-02;3.221e-03;1.047e+00;2.314e-01;4.675e-03;1.000e+01;1.000e+01;2.500e-01;0.000e+00;1.044e+00;4.998e+01;2.500e-01;0.000e+00;1.044e+00;4.998e+01;4.998e+01
0.376562000;1.047e+00;1.276e-01;2.606e-03;1.218e-01;2.488e-03;1.049e+00;1.049e+00;1.050e+00;6.353e-02;3.215e-03;1.050e+00;6.353e-02;3.215e-03;1.047e+00;2.296e-01;4.690e-03;1.000e+01;1.000e+01;2.500e-01;0.000e+00;1.044e+00;4.998e+01;2.500e-01;0.000e+00;1.044e+00;4.998e+01;4.998e+01
0.377562000;1.047e+00;1.273e-01;2.607e-03;1.216e-01;2.489e-03;1.049e+00;1.049e+00;1.050e+00;6.341e-02;3.213e-03;1.050e+00;6.341e-02;3.213e-03;1.047e+00;2.292e-01;4.693e-03;1.000e+01;1.000e+01;2.500e-01;0.000e+00;1.044e+00;4.999e+01;2.500e-01;0.000e+00;1.044e+00;4.999e+01;4.999e+01
0.396562000;1.047e+00;1.229e-01;2.636e-03;1.173e-01;2.517e-03;1.049e+00;1.049e+00;1.050e+00;6.129e-02;3.184e-03;1.050e+00;6.129e-02;3.184e-03;1.047e+00;2.212e-01;4.745e-03;1.000e+01;1.000e+01;2.500e-01;0.000e+00;1.044e+00;4.999e+01;2.500e-01;0.000e+00;1.044e+00;4.999e+01;4.999e+01
0.397562000;1.048e+00;1.227e-01;2.637e-03;1.171e-01;2.518e-03;1.049e+00;1.049e+00;1.050e+00;6.119e-02;3.182e-03;1.050e+00;6.119e-02;3.182e-03;1.048e+00;2.208e-01;4.747e-03;1.000e+01;1.000e+01;2.500e-01;0.000e+00;1.044e+00;4.999e+01;2.500e-01;0.000e+00;1.044e+00;4.999e+01;4.999e+01
0.419562000;1.048e+00;1.182e-01;2.653e-03;1.128e-01;2.532e-03;1.049e+00;1.049e+00;1.050e+00;5.906e-02;3.149e-03;1.050e+00;5.906e-02;3.149e-03;1.048e+00;2.128e-01;4.775e-03;1.000e+01;1.000e+01;2.500e-01;0.000e+00;1.044e+00;4.999e+01;2.500e-01;0.000e+00;1.044e+00;4.999e+01;4.999e+01
0.420562000;1.048e+00;1.180e-01;2.653e-03;1.127e-01;2.533e-03;1.049e+00;1.049e+00;1.050e+00;5.897e-02;3.148e-03;1.050e+00;5.897e-02;3.148e-03;1.048e+00;2.125e-01;4.776e-03;1.000e+01;1.000e+01;2.500e-01;0.000e+00;1.044e+00;4.999e+01;2.500e-01;0.000e+00;1.044e+00;4.999e+01;4.999e+01
0.421562000;1.048e+00;1.178e-01;2.653e-03;1.125e-01;2.533e-03;1.049e+00;1.049e+00;1.050e+00;5.889e-02;3.146e-03;1.050e+00;5.889e-02;3.146e-03;1.048e+00;2.121e-01;4.776e-03;1.000e+01;1.000e+01;2.500e-01;0.000e+00;1.044e+00;4.999e+01;2.500e-01;0.000e+00;1.044e+00;4.999e+01;4.999e+01
0.424562000;1.048e+00;1.173e-01;2.654e-03;1.120e-01;2.533e-03;1.049e+00;1.049e+00;1.050e+00;5.863e-02;3.141e-03;1.050e+00;5.863e-02;3.141e-03;1.048e+00;2.111e-01;4.777e-03;1.000e+01;1.000e+01;2.500e-01;0.000e+00;1.044e+00;4.999e+01;2.500e-01;0.000e+00;1.044e+00;4.999e+01;4.999e+01
0.433562000;1.048e+00;1.158e-01;2.654e-03;1.105e-01;2.534e-03;1.049e+00;1.049e+00;1.050e+00;5.789e-02;3.127e-03;1.050e+00;5.789e-02;3.127e-03;1.048e+00;2.084e-01;4.778e-03;1.000e+01;1.000e+01;2.500e-01;0.000e+00;1.044e+00;4.999e+01;2.500e-01;0.000e+00;1.044e+00;4.999e+01;4.999e+01
0.436562000;1.048e+00;1.153e-01;2.654e-03;1.100e-01;2.533e-03;1.049e+00;1.049e+00;1.050e+00;5.765e-02;3.123e-03;1.050e+00;5.765e-02;3.123e-03;1.048e+00;2.075e-01;4.777e-03;1.000e+01;1.000e+01;2.500e-01;0.000e+00;1.044e+00;4.999e+01;2.500e-01;0.000e+00;1.044e+00;4.999e+01;4.999e+01
0.459562000;1.048e+00;1.119e-01;2.641e-03;1.068e-01;2.521e-03;1.049e+00;1.049e+00;1.050e+00;5.606e-02;3.087e-03;1.050e+00;5.606e-02;3.087e-03;1.048e+00;2.015e-01;4.753e-03;1.000e+01;1.000e+01;2.500e-01;0.000e+00;1.044e+00;4.999e+01;2.500e-01;0.000e+00;1.044e+00;4.999e+01;4.999e+01
0.463562000;1.048e+00;1.114e-01;2.637e-03;1.063e-01;2.517e-03;1.049e+00;1.049e+00;1.050e+00;5.581e-02;3.082e-03;1.050e+00;5.581e-02;3.082e-03;1.048e+00;2.005e-01;4.746e-03;1.000e+01;1.000e+01;2.500e-01;0.000e+00;1.044e+00;4.999e+01;2.500e-01;0.000e+00;1.044e+00;4.999e+01;4.999e+01
0.466562000;1.048e+00;1.110e-01;2.634e-03;1.060e-01;2.514e-03;1.049e+00;1.049e+00;1.050e+00;5.564e-02;3.077e-03;1.050e+00;5.564e-02;3.077e-03;1.048e+00;1.999e-01;4.741e-03;1.000e+01;1.000e+01;2.500e-01;0.000e+00;1.044e+00;4.999e+01;2.500e-01;0.000e+00;1.044e+00;4.999e+01;4.999e+01
0.468562000;1.048e+00;1.108e-01;2.632e-03;1.058e-01;2.512e-03;1.049e+00;1.049e+00;1.050e+00;5.552e-02;3.074e-03;1.050e+00;5.552e-02;3.074e-03;1.048e+00;1.995e-01;4.737e-03;1.000e+01;1.000e+01;2.500e-01;0.000e+00;1.044e+00;4.999e+01;2.500e-01;0.000e+00;1.044e+00;4.999e+01;4.999e+01
0.469562000;1.048e+00;1.107e-01;2.631e-03;1.057e-01;2.511e-03;1.049e+00;1.049e+00;1.050e+00;5.547e-02;3.072e-03;1.050e+00;5.547e-02;3.072e-03;1.048e+00;1.992e-01;4.735e-03;1.000e+01;1.000e+01;2.500e-01;0.000e+00;1.044e+00;4.999e+01;2.500e-01;0.000e+00;1.044e+00;4.999e+01;4.999e+01
0.475562000;1.048e+00;1.100e-01;2.623e-03;1.050e-01;2.504e-03;1.049e+00;1.049e+00;1.050e+00;5.515e-02;3.062e-03;1.050e+00;5.515e-02;3.062e-03;1.048e+00;1.980e-01;4.721e-03;1.000e+01;1.000e+01;2.500e-01;0.000e+00;1.044e+00;4.999e+01;2.500e-01;0.000e+00;1.044e+00;4.999e+01;4.999e+01
0.495562000;1.048e+00;1.081e-01;2.591e-03;1.032e-01;2.473e-03;1.049e+00;1.049e+00;1.050e+00;5.423e-02;3.031e-03;1.050e+00;5.423e-02;3.031e-03;1.048e+00;1.946e-01;4.664e-03;1.000e+01;1.000e+01;2.500e-01;0.000e+00;1.044e+00;4.999e+01;2.500e-01;0.000e+00;1.044e+00;4.999e+01;4.999e+01
0.496562000;1.048e+00;1.080e-01;2.589e-03;1.031e-01;2.471e-03;1.049e+00;1.049e+00;1.050e+00;5.419e-02;3.030e-03;1.050e+00;5.419e-02;3.030e-03;1.048e+00;1.944e-01;4.660e-03;1.000e+01;1.000e+01;2.500e-01;0.000e+00;1.044e+00;5.000e+01;2.500e-01;0.000e+00;1.044e+00;5.000e+01;5.000e+01
0.511562000;1.048e+00;1.069e-01;2.558e-03;1.020e-01;2.442e-03;1.049e+00;1.049e+00;1.050e+00;5.366e-02;3.006e-03;1.050e+00;5.366e-02;3.006e-03;1.048e+00;1.924e-01;4.605e-03;1.000e+01;1.000e+01;2.500e-01;0.000e+00;1.044e+00;5.000e+01;2.500e-01;0.000e+00;1.044e+00;5.000e+01;5.000e+01
0.519562000;1.048e+00;1.064e-01;2.540e-03;1.016e-01;2.424e-03;1.049e+00;1.049e+00;1.050e+00;5.343e-02;2.993e-03;1.050e+00;5.343e-02;2.993e-03;1.048e+00;1.916e-01;4.572e-03;1.000e+01;1.000e+01;2.500e-01;0.000e+00;1.044e+00;5.000e+01;2.500e-01;0.000e+00;1.044e+00;5.000e+01;5.000e+01
0.529562000;1.048e+00;1.059e-01;2.516e-03;1.011e-01;2.401e-03;1.049e+00;1.049e+00;1.050e+00;5.319e-02;2.977e-03;1.050e+00;5.319e-02;2.977e-03;1.048e+00;1.906e-01;4.528e-03;1.000e+01;1.000e+01;2.500e-01;0.000e+00;1.044e+00;5.000e+01;2.500e-01;0.000e+00;1.044e+00;5.000e+01;5.000e+01
0.563562000;1.048e+00;1.049e-01;2.417e-03;1.002e-01;2.307e-03;1.049e+00;1.049e+00;1.050e+00;5.273e-02;2.923e-03;1.050e+00;5.273e-02;2.923e-03;1.048e+00;1.889e-01;4.351e-03;1.000e+01;1.000e+01;2.500e-01;0.000e+00;1.044e+00;5.000e+01;2.500e-01;0.000e+00;1.044e+00;5.000e+01;5.000e+01
0.566562000;1.048e+00;1.049e-01;2.408e-03;1.001e-01;2.298e-03;1.049e+00;1.049e+00;1.050e+00;5.271e-02;2.918e-03;1.050e+00;5.271e-02;2.918e-03;1.048e+00;1.888e-01;4.334e-03;1.000e+01;1.000e+01;2.500e-01;0.000e+00;1.044e+00;5.000e+01;2.500e-01;0.000e+00;1.044e+00;5.000e+01;5.000e+01
0.572562000;1.048e+00;1.049e-01;2.388e-03;1.001e-01;2.280e-03;1.049e+00;1.049e+00;1.050e+00;5.269e-02;2.908e-03;1.050e+00;5.269e-02;2.908e-03;1.048e+00;1.888e-01;4.299e-03;1.000e+01;1.000e+01;2.500e-01;0.000e+00;1.044e+00;5.000e+01;2.500e-01;0.000e+00;1.044e+00;5.000e+01;5.000e+01
0.575562000;1.048e+00;1.049e-01;2.378e-03;1.001e-01;2.270e-03;1.049e+00;1.049e+00;1.050e+00;5.269e-02;2.904e-03;1.050e+00;5.269e-02;2.904e-03;1.048e+00;1.887e-01;4.281e-03;1.000e+01;1.000e+01;2.500e-01;0.000e+00;1.044e+00;5.000e+01;2.500e-01;0.000e+00;1.044e+00;5.000e+01;5.000e+01
0.583562000;1.048e+00;1.049e-01;2.351e-03;1.001e-01;2.244e-03;1.049e+00;1.049e+00;1.050e+00;5.269e-02;2.891e-03;1.050e+00;5.269e-02;2.891e-03;1.048e+00;1.888e-01;4.232e-03;1.000e+01;1.000e+01;2.500e-01;0.000e+00;1.044e+00;5.000e+01;2.500e-01;0.000e+00;1.044e+00;5.000e+01;5.000e+01
0.586562000;1.048e+00;1.049e-01;2.341e-03;1.001e-01;2.234e-03;1.049e+00;1.049e+00;1.050e+00;5.270e-02;2.886e-03;1.050e+00;5.270e-02;2.886e-03;1.048e+00;1.888e-01;4.213e-03;1.000e+01;1.000e+01;2.500e-01;0.000e+00;1.044e+00;5.000e+01;2.500e-01;0.000e+00;1.044e+00;5.000e+01;5.000e+01
0.587562000;1.048e+00;1.049e-01;2.337e-03;1.001e-01;2.231e-03;1.049e+00;1.049e+00;1.050e+00;5.270e-02;2.884e-03;1.050e+00;5.270e-02;2.884e-03;1.048e+00;1.888e-01;4.206e-03;1.000e+01;1.000e+01;2.500e-01;0.000e+00;1.044e+00;5.000e+01;2.500e-01;0.000e+00;1.044e+00;5.000e+01;5.000e+01
0.651562000;1.048e+00;1.067e-01;2.088e-03;1.018e-01;1.994e-03;1.049e+00;1.049e+00;1.050e+00;5.355e-02;2.780e-03;1.050e+00;5.355e-02;2.780e-03;1.048e+00;1.920e-01;3.759e-03;1.000e+01;1.000e+01;2.500e-01;0.000e+00;1.044e+00;5.000e+01;2.500e-01;0.000e+00;1.044e+00;5.000e+01;5.000e+01
0.652562000;1.047e+00;1.067e-01;2.084e-03;1.019e-01;1.989e-03;1.049e+00;1.049e+00;1.050e+00;5.358e-02;2.779e-03;1.050e+00;5.358e-02;2.779e-03;1.047e+00;1.921e-01;3.751e-03;1.000e+01;1.000e+01;2.500e-01;0.000e+00;1.044e+00;5.000e+01;2.500e-01;0.000e+00;1.044e+00;5.000e+01;5.000e+01
0.656562000;1.047e+00;1.069e-01;2.067e-03;1.020e-01;1.973e-03;1.049e+00;1.049e+00;1.050e+00;5.366e-02;2.772e-03;1.050e+00;5.366e-02;2.772e-03;1.047e+00;1.924e-01;3.721e-03;1.000e+01;1.000e+01;2.500e-01;0.000e+00;1.044e+00;5.000e+01;2.500e-01;0.000e+00;1.044e+00;5.000e+01;5.000e+01
0.667562000;1.047e+00;1.074e-01;2.021e-03;1.026e-01;1.929e-03;1.049e+00;1.049e+00;1.050e+00;5.392e-02;2.755e-03;1.050e+00;5.392e-02;2.755e-03;1.047e+00;1.934e-01;3.637e-03;1.000e+01;1.000e+01;2.500e-01;0.000e+00;1.044e+00;5.000e+01;2.500e-01;0.000e+00;1.044e+00;5.000e+01;5.000e+01
0.672562000;1.047e+00;1.077e-01;1.999e-03;1.028e-01;1.908e-03;1.049e+00;1.049e+00;1.050e+00;5.405e-02;2.747e-03;1.050e+00;5.405e-02;2.747e-03;1.047e+00;1.938e-01;3.598e-03;1.000e+01;1.000e+01;2.500e-01;0.000e+00;1.044e+00;5.000e+01;2.500e-01;0.000e+00;1.044e+00;5.000e+01;5.000e+01
0.673562000;1.047e+00;1.077e-01;1.994e-03;1.029e-01;1.904e-03;1.049e+00;1.049e+00;1.050e+00;5.408e-02;2.745e-03;1.050e+00;5.408e-02;2.745e-03;1.047e+00;1.939e-01;3.590e-03;1.000e+01;1.000e+01;2.500e-01;0.000e+00;1.044e+00;5.000e+01;2.500e-01;0.000e+00;1.044e+00;5.000e+01;5.000e+01
0.701562000;1.047e+00;1.094e-01;1.872e-03;1.044e-01;1.787e-03;1.049e+00;1.049e+00;1.050e+00;5.485e-02;2.700e-03;1.050e+00;5.485e-02;2.700e-03;1.047e+00;1.969e-01;3.369e-03;1.000e+01;1.000e+01;2.500e-01;0.000e+00;1.044e+00;5.000e+01;2.500e-01;0.000e+00;1.044e+00;5.000e+01;5.000e+01
0.702562000;1.047e+00;1.094e-01;1.867e-03;1.045e-01;1.783e-03;1.049e+00;1.049e+00;1.049e+00;5.488e-02;2.698e-03;1.049e+00;5.488e-02;2.698e-03;1.047e+00;1.970e-01;3.361e-03;1.000e+01;1.000e+01;2.500e-01;0.000e+00;1.044e+00;5.000e+01;2.500e-01;0.000e+00;1.044e+00;5.000e+01;5.000e+01
0.706562000;1.047e+00;1.097e-01;1.849e-03;1.047e-01;1.766e-03;1.049e+00;1.049e+00;1.049e+00;5.500e-02;2.692e-03;1.049e+00;5.500e-02;2.692e-03;1.047e+00;1.974e-01;3.329e-03;1.000e+01;1.000e+01;2.500e-01;0.000e+00;1.044e+00;5.000e+01;2.500e-01;0.000e+00;1.044e+00;5.000e+01;5.000e+01
0.707562000;1.047e+00;1.097e-01;1.845e-03;1.048e-01;1.762e-03;1.048e+00;1.048e+00;1.049e+00;5.503e-02;2.690e-03;1.049e+00;5.503e-02;2.690e-03;1.047e+00;1.975e-01;3.321e-03;1.000e+01;1.000e+01;2.500e-01;0.000e+00;1.044e+00;5.000e+01;2.500e-01;0.000e+00;1.044e+00;5.000e+01;5.000e+01
0.770562000;1.047e+00;1.140e-01;1.561e-03;1.088e-01;1.491e-03;1.048e+00;1.048e+00;1.049e+00;5.706e-02;2.591e-03;1.049e+00;5.706e-02;2.591e-03;1.047e+00;2.051e-01;2.810e-03;1.000e+01;1.000e+01;2.500e-01;0.000e+00;1.044e+00;5.000e+01;2.500e-01;0.000e+00;1.044e+00;5.000e+01;5.000e+01
0.908562000;1.047e+00;1.225e-01;9.694e-04;1.170e-01;9.259e-04;1.048e+00;1.048e+00;1.049e+00;6.116e-02;2.388e-03;1.049e+00;6.116e-02;2.388e-03;1.047e+00;2.206e-01;1.745e-03;1.000e+01;1.000e+01;2.500e-01;0.000e+00;1.044e+00;5.000e+01;2.500e-01;0.000e+00;1.044e+00;5.000e+01;5.000e+01
0.923562000;1.047e+00;1.233e-01;9.111e-04;1.177e-01;8.702e-04;1.048e+00;1.048e+00;1.049e+00;6.151e-02;2.367e-03;1.049e+00;6.151e-02;2.367e-03;1.047e+00;2.219e-01;1.640e-03;1.000e+01;1.000e+01;2.500e-01;0.000e+00;1.044e+00;5.000e+01;2.500e-01;0.000e+00;1.044e+00;5.000e+01;5.000e+01
0.924562000;1.047e+00;1.233e-01;9.072e-04;1.178e-01;8.665e-04;1.047e+00;1.047e+00;1.049e+00;6.153e-02;2.366e-03;1.049e+00;6.153e-02;2.366e-03;1.047e+00;2.219e-01;1.633e-03;1.000e+01;1.000e+01;2.500e-01;0.000e+00;1.044e+00;5.000e+01;2.500e-01;0.000e+00;1.044e+00;5.000e+01;5.000e+01
0.939562000;1.047e+00;1.240e-01;8.500e-04;1.184e-01;8.119e-04;1.047e+00;1.047e+00;1.049e+00;6.185e-02;2.345e-03;1.049e+00;6.185e-02;2.345e-03;1.047e+00;2.232e-01;1.530e-03;1.000e+01;1.000e+01;2.500e-01;0.000e+00;1.044e+00;5.000e+01;2.500e-01;0.000e+00;1.044e+00;5.000e+01;5.000e+01
0.948562000;1.047e+00;1.244e-01;8.161e-04;1.188e-01;7.795e-04;1.047e+00;1.047e+00;1.049e+00;6.204e-02;2.333e-03;1.049e+00;6.204e-02;2.333e-03;1.047e+00;2.238e-01;1.469e-03;1.000e+01;1.000e+01;2.500e-01;0.000e+00;1.044e+00;5.000e+01;2.500e-01;0.000e+00;1.044e+00;5.000e+01;5.000e+01
0.955562000;1.047e+00;1.246e-01;7.906e-04;1.191e-01;7.551e-04;1.047e+00;1.047e+00;1.049e+00;6.217e-02;2.323e-03;1.049e+00;6.217e-02;2.323e-03;1.047e+00;2.243e-01;1.423e-03;1.000e+01;1.000e+01;2.500e-01;0.000e+00;1.044e+00;5.000e+01;2.500e-01;0.000e+00;1.044e+00;5.000e+01;5.000e+01
1.103562000;1.047e+00;1.280e-01;3.117e-04;1.223e-01;2.978e-04;1.047e+00;1.047e+00;1.049e+00;6.379e-02;2.127e-03;1.049e+00;6.379e-02;2.127e-03;1.047e+00;2.304e-01;5.610e-04;1.000e+01;1.000e+01;2.500e-01;0.000e+00;1.044e+00;5.000e+01;2.500e-01;0.000e+00;1.044e+00;5.000e+01;5.000e+01
1.104562000;1.047e+00;1.280e-01;3.089e-04;1.223e-01;2.951e-04;1.047e+00;1.047e+00;1.049e+00;6.379e-02;2.126e-03;1.049e+00;6.379e-02;2.126e-03;1.047e+00;2.304e-01;5.560e-04;1.000e+01;1.000e+01;2.500e-01;0.000e+00;1.044e+00;5.000e+01;2.500e-01;0.000e+00;1.044e+00;5.000e+01;5.000e+01
1.106562000;1.047e+00;1.280e-01;3.033e-04;1.223e-01;2.898e-04;1.047e+00;1.047e+00;1.049e+00;6.380e-02;2.124e-03;1.049e+00;6.380e-02;2.124e-03;1.047e+00;2.304e-01;5.460e-04;1.000e+01;1.000e+01;2.500e-01;0.000e+00;1.044e+00;5.000e+01;2.500e-01;0.000e+00;1.044e+00;5.000e+01;5.000e+01
1.110562000;1.047e+00;1.280e-01;2.922e-04;1.223e-01;2.792e-04;1.047e+00;1.047e+00;1.049e+00;6.381e-02;2.118e-03;1.049e+00;6.381e-02;2.118e-03;1.047e+00;2.305e-01;5.260e-04;1.000e+01;1.000e+01;2.500e-01;0.000e+00;1.044e+00;5.000e+01;2.500e-01;0.000e+00;1.044e+00;5.000e+01;5.000e+01
1.128562000;1.047e+00;1.281e-01;2.422e-04;1.224e-01;2.314e-04;1.047e+00;1.047e+00;1.049e+00;6.386e-02;2.096e-03;1.049e+00;6.386e-02;2.096e-03;1.047e+00;2.307e-01;4.360e-04;1.000e+01;1.000e+01;2.500e-01;0.000e+00;1.044e+00;5.000e+01;2.500e-01;0.000e+00;1.044e+00;5.000e+01;5.000e+01
1.131562000;1.047e+00;1.282e-01;2.344e-04;1.224e-01;2.240e-04;1.047e+00;1.047e+00;1.049e+00;6.386e-02;2.092e-03;1.049e+00;6.386e-02;2.092e-03;1.047e+00;2.307e-01;4.220e-04;1.000e+01;1.000e+01;2.500e-01;0.000e+00;1.044e+00;5.000e+01;2.500e-01;0.000e+00;1.044e+00;5.000e+01;5.000e+01
1.136562000;1.047e+00;1.282e-01;2.206e-04;1.225e-01;2.107e-04;1.047e+00;1.047e+00;1.049e+00;6.387e-02;2.086e-03;1.049e+00;6.387e-02;2.086e-03;1.047e+00;2.307e-01;3.970e-04;1.000e+01;1.000e+01;2.500e-01;0.000e+00;1.044e+00;5.000e+01;2.500e-01;0.000e+00;1.044e+00;5.000e+01;5.000e+01
1.153562000;1.047e+00;1.282e-01;1.756e-04;1.225e-01;1.677e-04;1.047e+00;1.047e+00;1.049e+00;6.389e-02;2.065e-03;1.049e+00;6.389e-02;2.065e-03;1.047e+00;2.307e-01;3.160e-04;1.000e+01;1.000e+01;2.500e-01;0.000e+00;1.044e+00;5.000e+01;2.500e-01;0.000e+00;1.044e+00;5.000e+01;5.000e+01
1.278562000;1.047e+00;1.275e-01;-1.283e-04;1.218e-01;-1.226e-04;1.047e+00;1.047e+00;1.049e+00;6.356e-02;1.913e-03;1.049e+00;6.356e-02;1.913e-03;1.047e+00;2.295e-01;-2.310e-04;1.000e+01;1.000e+01;2.500e-01;0.000e+00;1.044e+00;5.000e+01;2.500e-01;0.000e+00;1.044e+00;5.000e+01;5.000e+01
1.279562000;1.047e+00;1.275e-01;-1.311e-04;1.218e-01;-1.253e-04;1.046e+00;1.046e+00;1.049e+00;6.355e-02;1.912e-03;1.049e+00;6.355e-02;1.912e-03;1.047e+00;2.295e-01;-2.360e-04;1.000e+01;1.000e+01;2.500e-01;0.000e+00;1.044e+00;5.000e+01;2.500e-01;0.000e+00;1.044e+00;5.000e+01;5.000e+01
1.416562000;1.047e+00;1.260e-01;-4.322e-04;1.204e-01;-4.130e-04;1.046e+00;1.046e+00;1.049e+00;6.286e-02;1.754e-03;1.049e+00;6.286e-02;1.754e-03;1.047e+00;2.268e-01;-7.780e-04;1.000e+01;1.000e+01;2.500e-01;0.000e+00;1.044e+00;5.000e+01;2.500e-01;0.000e+00;1.044e+00;5.000e+01;5.000e+01
1.417562000;1.046e+00;1.260e-01;-4.344e-04;1.204e-01;-4.151e-04;1.046e+00;1.046e+00;1.049e+00;6.286e-02;1.753e-03;1.049e+00;6.286e-02;1.753e-03;1.046e+00;2.268e-01;-7.820e-04;1.000e+01;1.000e+01;2.500e-01;0.000e+00;1.044e+00;5.000e+01;2.500e-01;0.000e+00;1.044e+00;5.000e+01;5.000e+01
1.561562000;1.046e+00;1.249e-01;-7.378e-04;1.194e-01;-7.051e-04;1.046e+00;1.046e+00;1.049e+00;6.233e-02;1.597e-03;1.049e+00;6.233e-02;1.597e-03;1.046e+00;2.248e-01;-1.328e-03;1.000e+01;1.000e+01;2.500e-01;0.000e+00;1.044e+00;5.000e+01;2.500e-01;0.000e+00;1.044e+00;5.000e+01;5.000e+01
1.614562000;1.046e+00;1.247e-01;-8.478e-04;1.191e-01;-8.102e-04;1.046e+00;1.046e+00;1.049e+00;6.223e-02;1.543e-03;1.049e+00;6.223e-02;1.543e-03;1.046e+00;2.244e-01;-1.526e-03;1.000e+01;1.000e+01;2.500e-01;0.000e+00;1.044e+00;5.000e+01;2.500e-01;0.000e+00;1.044e+00;5.000e+01;5.000e+01
1.615562000;1.046e+00;1.247e-01;-8.500e-04;1.191e-01;-8.123e-04;1.046e+00;1.046e+00;1.048e+00;6.223e-02;1.542e-03;1.048e+00;6.223e-02;1.542e-03;1.046e+00;2.244e-01;-1.530e-03;1.000e+01;1.000e+01;2.500e-01;0.000e+00;1.044e+00;5.000e+01;2.500e-01;0.000e+00;1.044e+00;5.000e+01;5.000e+01
1.655562000;1.046e+00;1.246e-01;-9.317e-04;1.190e-01;-8.904e-04;1.046e+00;1.046e+00;1.048e+00;6.218e-02;1.502e-03;1.048e+00;6.218e-02;1.502e-03;1.046e+00;2.242e-01;-1.677e-03;1.000e+01;1.000e+01;2.500e-01;0.000e+00;1.044e+00;5.000e+01;2.500e-01;0.000e+00;1.044e+00;5.000e+01;5.000e+01
1.666562000;1.046e+00;1.245e-01;-9.539e-04;1.190e-01;-9.116e-04;1.046e+00;1.046e+00;1.048e+00;6.217e-02;1.491e-03;1.048e+00;6.217e-02;1.491e-03;1.046e+00;2.242e-01;-1.717e-03;1.000e+01;1.000e+01;2.500e-01;0.000e+00;1.044e+00;5.000e+01;2.500e-01;0.000e+00;1.044e+00;5.000e+01;5.000e+01
1.681562000;1.046e+00;1.245e-01;-9.844e-04;1.190e-01;-9.408e-04;1.046e+00;1.046e+00;1.048e+00;6.216e-02;1.476e-03;1.048e+00;6.216e-02;1.476e-03;1.046e+00;2.241e-01;-1.772e-03;1.000e+01;1.000e+01;2.500e-01;0.000e+00;1.044e+00;5.000e+01;2.500e-01;0.000e+00;1.044e+00;5.000e+01;5.000e+01
1.689562000;1.046e+00;1.245e-01;-1.001e-03;1.190e-01;-9.562e-04;1.046e+00;1.046e+00;1.048e+00;6.215e-02;1.469e-03;1.048e+00;6.215e-02;1.469e-03;1.046e+00;2.241e-01;-1.801e-03;1.000e+01;1.000e+01;2.500e-01;0.000e+00;1.044e+00;5.000e+01;2.500e-01;0.000e+00;1.044e+00;5.000e+01;5.000e+01
1.822562000;1.046e+00;1.246e-01;-1.262e-03;1.191e-01;-1.206e-03;1.046e+00;1.046e+00;1.048e+00;6.218e-02;1.344e-03;1.048e+00;6.218e-02;1.344e-03;1.046e+00;2.242e-01;-2.271e-03;1.000e+01;1.000e+01;2.500e-01;0.000e+00;1.044e+00;5.000e+01;2.500e-01;0.000e+00;1.044e+00;5.000e+01;5.000e+01
1.823562000;1.046e+00;1.246e-01;-1.264e-03;1.191e-01;-1.208e-03;1.045e+00;1.045e+00;1.048e+00;6.218e-02;1.343e-03;1.048e+00;6.218e-02;1.343e-03;1.046e+00;2.242e-01;-2.275e-03;1.000e+01;1.000e+01;2.500e-01;0.000e+00;1.044e+00;5.000e+01;2.500e-01;0.000e+00;1.044e+00;5.000e+01;5.000e+01
1.861562000;1.046e+00;1.246e-01;-1.336e-03;1.191e-01;-1.277e-03;1.045e+00;1.045e+00;1.048e+00;6.221e-02;1.310e-03;1.048e+00;6.221e-02;1.310e-03;1.046e+00;2.243e-01;-2.404e-03;1.000e+01;1.000e+01;2.500e-01;0.000e+00;1.044e+00;5.000e+01;2.500e-01;0.000e+00;1.044e+00;5.000e+01;5.000e+01
1.879562000;1.046e+00;1.246e-01;-1.369e-03;1.191e-01;-1.308e-03;1.045e+00;1.045e+00;1.048e+00;6.222e-02;1.295e-03;1.048e+00;6.222e-02;1.295e-03;1.046e+00;2.244e-01;-2.464e-03;1.000e+01;1.000e+01;2.500e-01;0.000e+00;1.044e+00;5.000e+01;2.500e-01;0.000e+00;1.044e+00;5.000e+01;5.000e+01
1.880562000;1.046e+00;1.246e-01;-1.371e-03;1.191e-01;-1.310e-03;1.045e+00;1.045e+00;1.048e+00;6.222e-02;1.294e-03;1.048e+00;6.222e-02;1.294e-03;1.046e+00;2.244e-01;-2.467e-03;1.000e+01;1.000e+01;2.500e-01;0.000e+00;1.044e+00;5.000e+01;2.500e-01;0.000e+00;1.044e+00;5.000e+01;5.000e+01
1.981562000;1.046e+00;1.248e-01;-1.550e-03;1.193e-01;-1.482e-03;1.045e+00;1.045e+00;1.048e+00;6.231e-02;1.209e-03;1.048e+00;6.231e-02;1.209e-03;1.046e+00;2.247e-01;-2.790e-03;1.000e+01;1.000e+01;2.500e-01;0.000e+00;1.044e+00;5.000e+01;2.500e-01;0.000e+00;1.044e+00;5.000e+01;5.000e+01
2.207562000;1.046e+00;1.251e-01;-1.904e-03;1.196e-01;-1.821e-03;1.045e+00;1.045e+00;1.048e+00;6.243e-02;1.043e-03;1.048e+00;6.243e-02;1.043e-03;1.046e+00;2.251e-01;-3.428e-03;1.000e+01;1.000e+01;2.500e-01;0.000e+00;1.044e+00;5.000e+01;2.500e-01;0.000e+00;1.044e+00;5.000e+01;5.000e+01
2.216562000;1.046e+00;1.251e-01;-1.917e-03;1.196e-01;-1.833e-03;1.045e+00;1.045e+00;1.048e+00;6.244e-02;1.037e-03;1.048e+00;6.244e-02;1.037e-03;1.046e+00;2.251e-01;-3.451e-03;1.000e+01;1.000e+01;2.500e-01;0.000e+00;1.044e+00;5.000e+01;2.500e-01;0.000e+00;1.044e+00;5.000e+01;5.000e+01
2.222562000;1.046e+00;1.251e-01;-1.926e-03;1.196e-01;-1.841e-03;1.045e+00;1.045e+00;1.048e+00;6.244e-02;1.033e-03;1.048e+00;6.244e-02;1.033e-03;1.046e+00;2.251e-01;-3.466e-03;1.000e+01;1.000e+01;2.500e-01;0.000e+00;1.044e+00;5.000e+01;2.500e-01;0.000e+00;1.044e+00;5.000e+01;5.000e+01
2.439562000;1.046e+00;1.251e-01;-2.202e-03;1.196e-01;-2.105e-03;1.045e+00;1.045e+00;1.048e+00;6.244e-02;9.012e-04;1.048e+00;6.244e-02;9.012e-04;1.046e+00;2.251e-01;-3.963e-03;1.000e+01;1.000e+01;2.500e-01;0.000e+00;1.044e+00;5.000e+01;2.500e-01;0.000e+00;1.044e+00;5.000e+01;5.000e+01
2.573268000;1.046e+00;1.250e-01;-2.346e-03;1.195e-01;-2.243e-03;1.045e+00;1.045e+00;1.048e+00;6.243e-02;8.323e-04;1.048e+00;6.243e-02;8.323e-04;1.046e+00;2.250e-01;-4.222e-03;1.000e+01;1.000e+01;2.500e-01;0.000e+00;1.044e+00;5.000e+01;2.500e-01;0.000e+00;1.044e+00;5.000e+01;5.000e+01
2.578780000;1.046e+00;1.250e-01;-2.351e-03;1.195e-01;-2.247e-03;1.045e+00;1.045e+00;1.048e+00;6.243e-02;8.297e-04;1.048e+00;6.243e-02;8.297e-04;1.046e+00;2.250e-01;-4.231e-03;1.000e+01;1.000e+01;2.500e-01;0.000e+00;1.044e+00;5.000e+01;2.500e-01;0.000e+00;1.044e+00;5.000e+01;5.000e+01
2.579780000;1.046e+00;1.250e-01;-2.352e-03;1.195e-01;-2.248e-03;1.044e+00;1.044e+00;1.048e+00;6.243e-02;8.292e-04;1.048e+00;6.243e-02;8.292e-04;1.046e+00;2.250e-01;-4.233e-03;1.000e+01;1.000e+01;2.500e-01;0.000e+00;1.044e+00;5.000e+01;2.500e-01;0.000e+00;1.044e+00;5.000e+01;5.000e+01
2.597780000;1.046e+00;1.250e-01;-2.370e-03;1.195e-01;-2.266e-03;1.044e+00;1.044e+00;1.048e+00;6.243e-02;8.207e-04;1.048e+00;6.243e-02;8.207e-04;1.046e+00;2.250e-01;-4.266e-03;1.000e+01;1.000e+01;2.500e-01;0.000e+00;1.044e+00;5.000e+01;2.500e-01;0.000e+00;1.044e+00;5.000e+01;5.000e+01
3.010475000;1.046e+00;1.250e-01;-2.731e-03;1.195e-01;-2.612e-03;1.044e+00;1.044e+00;1.048e+00;6.242e-02;6.479e-04;1.048e+00;6.242e-02;6.479e-04;1.046e+00;2.250e-01;-4.916e-03;1.000e+01;1.000e+01;2.500e-01;0.000e+00;1.044e+00;5.000e+01;2.500e-01;0.000e+00;1.044e+00;5.000e+01;5.000e+01
3.023475000;1.046e+00;1.250e-01;-2.741e-03;1.195e-01;-2.621e-03;1.044e+00;1.044e+00;1.048e+00;6.242e-02;6.437e-04;1.048e+00;6.242e-02;6.437e-04;1.046e+00;2.250e-01;-4.933e-03;1.000e+01;1.000e+01;2.500e-01;0.000e+00;1.044e+00;5.000e+01;2.500e-01;0.000e+00;1.044e+00;5.000e+01;5.000e+01
3.037475000;1.046e+00;1.250e-01;-2.751e-03;1.195e-01;-2.630e-03;1.044e+00;1.044e+00;1.048e+00;6.242e-02;6.389e-04;1.048e+00;6.242e-02;6.389e-04;1.046e+00;2.250e-01;-4.951e-03;1.000e+01;1.000e+01;2.500e-01;0.000e+00;1.044e+00;5.000e+01;2.500e-01;0.000e+00;1.044e+00;5.000e+01;5.000e+01
3.057475000;1.046e+00;1.250e-01;-2.764e-03;1.195e-01;-2.643e-03;1.044e+00;1.044e+00;1.048e+00;6.242e-02;6.326e-04;1.048e+00;6.242e-02;6.326e-04;1.046e+00;2.250e-01;-4.976e-03;1.000e+01;1.000e+01;2.500e-01;0.000e+00;1.044e+00;5.000e+01;2.500e-01;0.000e+00;1.044e+00;5.000e+01;5.000e+01
3.486475000;1.046e+00;1.250e-01;-2.985e-03;1.195e-01;-2.855e-03;1.044e+00;1.044e+00;1.048e+00;6.243e-02;5.271e-04;1.048e+00;6.243e-02;5.271e-04;1.046e+00;2.250e-01;-5.373e-03;1.000e+01;1.000e+01;2.500e-01;0.000e+00;1.044e+00;5.000e+01;2.500e-01;0.000e+00;1.044e+00;5.000e+01;5.000e+01
3.495475000;1.046e+00;1.250e-01;-2.988e-03;1.195e-01;-2.857e-03;1.044e+00;1.044e+00;1.048e+00;6.243e-02;5.255e-04;1.048e+00;6.243e-02;5.255e-04;1.046e+00;2.250e-01;-5.378e-03;1.000e+01;1.000e+01;2.500e-01;0.000e+00;1.044e+00;5.000e+01;2.500e-01;0.000e+00;1.044e+00;5.000e+01;5.000e+01
3.502475000;1.046e+00;1.250e-01;-2.991e-03;1.195e-01;-2.860e-03;1.044e+00;1.044e+00;1.048e+00;6.243e-02;5.245e-04;1.048e+00;6.243e-02;5.245e-04;1.046e+00;2.250e-01;-5.383e-03;1.000e+01;1.000e+01;2.500e-01;0.000e+00;1.044e+00;5.000e+01;2.500e-01;0.000e+00;1.044e+00;5.000e+01;5.000e+01
3.510475000;1.046e+00;1.250e-01;-2.993e-03;1.195e-01;-2.862e-03;1.044e+00;1.044e+00;1.048e+00;6.243e-02;5.234e-04;1.048e+00;6.243e-02;5.234e-04;1.046e+00;2.250e-01;-5.388e-03;1.000e+01;1.000e+01;2.500e-01;0.000e+00;1.044e+00;5.000e+01;2.500e-01;0.000e+00;1.044e+00;5.000e+01;5.000e+01
4.066475000;1.046e+00;1.250e-01;-3.089e-03;1.195e-01;-2.954e-03;1.044e+00;1.044e+00;1.048e+00;6.243e-02;4.773e-04;1.048e+00;6.243e-02;4.773e-04;1.046e+00;2.250e-01;-5.560e-03;1.000e+01;1.000e+01;2.500e-01;0.000e+00;1.044e+00;5.000e+01;2.500e-01;0.000e+00;1.044e+00;5.000e+01;5.000e+01
4.503475000;1.046e+00;1.250e-01;-3.064e-03;1.195e-01;-2.931e-03;1.044e+00;1.044e+00;1.048e+00;6.243e-02;4.895e-04;1.048e+00;6.243e-02;4.895e-04;1.046e+00;2.250e-01;-5.516e-03;1.000e+01;1.000e+01;2.500e-01;0.000e+00;1.044e+00;5.000e+01;2.500e-01;0.000e+00;1.044e+00;5.000e+01;5.000e+01
4.524475000;1.046e+00;1.250e-01;-3.062e-03;1.195e-01;-2.928e-03;1.044e+00;1.044e+00;1.048e+00;6.243e-02;4.905e-04;1.048e+00;6.243e-02;4.905e-04;1.046e+00;2.250e-01;-5.511e-03;1.000e+01;1.000e+01;2.500e-01;0.000e+00;1.044e+00;5.000e+01;2.500e-01;0.000e+00;1.044e+00;5.000e+01;5.000e+01
4.532475000;1.046e+00;1.250e-01;-3.061e-03;1.195e-01;-2.927e-03;1.044e+00;1.044e+00;1.048e+00;6.243e-02;4.911e-04;1.048e+00;6.243e-02;4.911e-04;1.046e+00;2.250e-01;-5.509e-03;1.000e+01;1.000e+01;2.500e-01;0.000e+00;1.044e+00;5.000e+01;2.500e-01;0.000e+00;1.044e+00;5.000e+01;5.000e+01
4.811475000;1.046e+00;1.250e-01;-3.012e-03;1.195e-01;-2.881e-03;1.044e+00;1.044e+00;1.048e+00;6.243e-02;5.138e-04;1.048e+00;6.243e-02;5.138e-04;1.046e+00;2.250e-01;-5.422e-03;1.000e+01;1.000e+01;2.500e-01;0.000e+00;1.044e+00;5.000e+01;2.500e-01;0.000e+00;1.044e+00;5.000e+01;5.000e+01
6.854475000;1.046e+00;1.250e-01;-2.523e-03;1.195e-01;-2.412e-03;1.044e+00;1.044e+00;1.048e+00;6.242e-02;7.476e-04;1.048e+00;6.242e-02;7.476e-04;1.046e+00;2.250e-01;-4.541e-03;1.000e+01;1.000e+01;2.500e-01;0.000e+00;1.044e+00;5.000e+01;2.500e-01;0.000e+00;1.044e+00;5.000e+01;5.000e+01
6.873475000;1.046e+00;1.250e-01;-2.519e-03;1.195e-01;-2.409e-03;1.044e+00;1.044e+00;1.048e+00;6.242e-02;7.492e-04;1.048e+00;6.242e-02;7.492e-04;1.046e+00;2.250e-01;-4.535e-03;1.000e+01;1.000e+01;2.500e-01;0.000e+00;1.044e+00;5.000e+01;2.500e-01;0.000e+00;1.044e+00;5.000e+01;5.000e+01
6.876475000;1.046e+00;1.250e-01;-2.519e-03;1.195e-01;-2.408e-03;1.044e+00;1.044e+00;1.048e+00;6.242e-02;7.492e-04;1.048e+00;6.242e-02;7.492e-04;1.046e+00;2.250e-01;-4.534e-03;1.000e+01;1.000e+01;2.500e-01;0.000e+00;1.044e+00;5.000e+01;2.500e-01;0.000e+00;1.044e+00;5.000e+01;5.000e+01
6.934958000;1.046e+00;1.250e-01;-2.509e-03;1.195e-01;-2.399e-03;1.044e+00;1.044e+00;1.048e+00;6.242e-02;7.545e-04;1.048e+00;6.242e-02;7.545e-04;1.046e+00;2.250e-01;-4.516e-03;1.000e+01;1.000e+01;2.500e-01;0.000e+00;1.044e+00;5.000e+01;2.500e-01;0.000e+00;1.044e+00;5.000e+01;5.000e+01
7.903958000;1.046e+00;1.250e-01;-2.352e-03;1.195e-01;-2.248e-03;1.044e+00;1.044e+00;1.048e+00;6.242e-02;8.292e-04;1.048e+00;6.242e-02;8.292e-04;1.046e+00;2.250e-01;-4.233e-03;1.000e+01;1.000e+01;2.500e-01;0.000e+00;1.044e+00;5.000e+01;2.500e-01;0.000e+00;1.044e+00;5.000e+01;5.000e+01
7.904958000;1.046e+00;1.250e-01;-2.352e-03;1.195e-01;-2.248e-03;1.045e+00;1.045e+00;1.048e+00;6.242e-02;8.292e-04;1.048e+00;6.242e-02;8.292e-04;1.046e+00;2.250e-01;-4.233e-03;1.000e+01;1.000e+01;2.500e-01;0.000e+00;1.044e+00;5.000e+01;2.500e-01;0.000e+00;1.044e+00;5.000e+01;5.000e+01
9.273004000;1.046e+00;1.250e-01;-2.203e-03;1.195e-01;-2.107e-03;1.045e+00;1.045e+00;1.048e+00;6.241e-02;9.002e-04;1.048e+00;6.241e-02;9.002e-04;1.046e+00;2.250e-01;-3.966e-03;1.000e+01;1.000e+01;2.500e-01;0.000e+00;1.044e+00;5.000e+01;2.500e-01;0.000e+00;1.044e+00;5.000e+01;5.000e+01
9.322004000;1.046e+00;1.250e-01;-2.201e-03;1.195e-01;-2.104e-03;1.045e+00;1.045e+00;1.048e+00;6.241e-02;9.007e-04;1.048e+00;6.241e-02;9.007e-04;1.046e+00;2.250e-01;-3.962e-03;1.000e+01;1.000e+01;2.500e-01;0.000e+00;1.044e+00;5.000e+01;2.500e-01;0.000e+00;1.044e+00;5.000e+01;5.000e+01
9.365004000;1.046e+00;1.250e-01;-2.199e-03;1.195e-01;-2.103e-03;1.045e+00;1.045e+00;1.048e+00;6.241e-02;9.017e-04;1.048e+00;6.241e-02;9.017e-04;1.046e+00;2.250e-01;-3.959e-03;1.000e+01;1.000e+01;2.500e-01;0.000e+00;1.044e+00;5.000e+01;2.500e-01;0.000e+00;1.044e+00;5.000e+01;5.000e+01
19.999996000;1.046e+00;1.250e-01;-2.336e-03;1.195e-01;-2.233e-03;1.045e+00;1.045e+00;1.048e+00;6.242e-02;8.371e-04;1.048e+00;6.242e-02;8.371e-04;1.046e+00;2.250e-01;-4.204e-03;1.000e+01;1.000e+01;2.500e-01;0.000e+00;1.044e+00;5.000e+01;2.500e-01;0.000e+00;1.044e+00;5.000e+01;5.000e+01
19.999996000;1.046e+00;1.250e-01;-2.336e-03;1.195e-01;-2.233e-03;1.045e+00;1.045e+00;1.048e+00;6.242e-02;8.371e-04;1.048e+00;6.242e-02;8.371e-04;1.046e+00;2.250e-01;-4.204e-03;1.000e+01;1.000e+01;4.167e-01;0.000e+00;1.044e+00;5.000e+01;4.167e-01;0.000e+00;1.044e+00;5.000e+01;5.000e+01
20.007836000;1.046e+00;1.250e-01;-2.336e-03;1.195e-01;-2.233e-03;1.045e+00;1.045e+00;1.048e+00;6.242e-02;8.371e-04;1.048e+00;6.242e-02;8.371e-04;1.046e+00;2.250e-01;-4.204e-03;1.000e+01;1.000e+01;4.167e-01;0.000e+00;1.044e+00;5.000e+01;4.167e-01;0.000e+00;1.044e+00;5.000e+01;5.000e+01
20.008836000;1.046e+00;1.250e-01;-2.336e-03;1.195e-01;-2.234e-03;1.045e+00;1.045e+00;1.048e+00;6.243e-02;8.371e-04;1.048e+00;6.243e-02;8.371e-04;1.046e+00;2.251e-01;-4.205e-03;1.000e+01;1.000e+01;4.167e-01;0.000e+00;1.044e+00;5.000e+01;4.167e-01;0.000e+00;1.044e+00;5.000e+01;5.000e+01
20.009836000;1.046e+00;1.250e-01;-2.336e-03;1.196e-01;-2.234e-03;1.045e+00;1.045e+00;1.048e+00;6.243e-02;8.371e-04;1.048e+00;6.243e-02;8.371e-04;1.046e+00;2.251e-01;-4.205e-03;1.000e+01;1.000e+01;4.167e-01;0.000e+00;1.044e+00;5.000e+01;4.167e-01;0.000e+00;1.044e+00;5.000e+01;5.000e+01
20.010836000;1.046e+00;1.251e-01;-2.336e-03;1.196e-01;-2.234e-03;1.045e+00;1.045e+00;1.048e+00;6.244e-02;8.371e-04;1.048e+00;6.244e-02;8.371e-04;1.046e+00;2.251e-01;-4.205e-03;1.000e+01;1.000e+01;4.167e-01;0.000e+00;1.044e+00;5.000e+01;4.167e-01;0.000e+00;1.044e+00;5.000e+01;5.000e+01
20.024836000;1.046e+00;1.255e-01;-2.344e-03;1.200e-01;-2.242e-03;1.045e+00;1.045e+00;1.048e+00;6.267e-02;8.376e-04;1.048e+00;6.267e-02;8.376e-04;1.046e+00;2.259e-01;-4.220e-03;1.000e+01;1.000e+01;4.167e-01;0.000e+00;1.044e+00;5.000e+01;4.167e-01;0.000e+00;1.044e+00;5.000e+01;5.000e+01
20.025836000;1.046e+00;1.256e-01;-2.346e-03;1.201e-01;-2.243e-03;1.044e+00;1.044e+00;1.048e+00;6.269e-02;8.376e-04;1.048e+00;6.269e-02;8.376e-04;1.046e+00;2.260e-01;-4.222e-03;1.000e+01;1.000e+01;4.167e-01;0.000e+00;1.044e+00;5.000e+01;4.167e-01;0.000e+00;1.044e+00;5.000e+01;5.000e+01
20.033836000;1.046e+00;1.261e-01;-2.356e-03;1.206e-01;-2.253e-03;1.044e+00;1.044e+00;1.048e+00;6.296e-02;8.382e-04;1.048e+00;6.296e-02;8.382e-04;1.046e+00;2.271e-01;-4.241e-03;1.000e+01;1.000e+01;4.167e-01;0.000e+00;1.044e+00;5.000e+01;4.167e-01;0.000e+00;1.044e+00;5.000e+01;5.000e+01
20.034836000;1.046e+00;1.262e-01;-2.358e-03;1.207e-01;-2.254e-03;1.044e+00;1.044e+00;1.048e+00;6.300e-02;8.382e-04;1.048e+00;6.300e-02;8.382e-04;1.046e+00;2.272e-01;-4.244e-03;1.000e+01;1.000e+01;4.167e-01;0.000e+00;1.044e+00;5.001e+01;4.167e-01;0.000e+00;1.044e+00;5.001e+01;5.001e+01
20.049836000;1.046e+00;1.278e-01;-2.388e-03;1.222e-01;-2.284e-03;1.044e+00;1.044e+00;1.048e+00;6.377e-02;8.392e-04;1.048e+00;6.377e-02;8.392e-04;1.046e+00;2.301e-01;-4.299e-03;1.000e+01;1.000e+01;4.167e-01;0.000e+00;1.044e+00;5.001e+01;4.167e-01;0.000e+00;1.044e+00;5.001e+01;5.001e+01
20.050836000;1.046e+00;1.280e-01;-2.391e-03;1.224e-01;-2.286e-03;1.044e+00;1.044e+00;1.048e+00;6.384e-02;8.392e-04;1.048e+00;6.384e-02;8.392e-04;1.046e+00;2.303e-01;-4.303e-03;1.000e+01;1.000e+01;4.167e-01;0.000e+00;1.044e+00;5.001e+01;4.167e-01;0.000e+00;1.044e+00;5.001e+01;5.001e+01
20.060836000;1.046e+00;1.294e-01;-2.418e-03;1.237e-01;-2.312e-03;1.044e+00;1.044e+00;1.048e+00;6.452e-02;8.403e-04;1.048e+00;6.452e-02;8.403e-04;1.046e+00;2.329e-01;-4.353e-03;1.000e+01;1.000e+01;4.167e-01;0.000e+00;1.044e+00;5.001e+01;4.167e-01;0.000e+00;1.044e+00;5.001e+01;5.001e+01
20.096836000;1.046e+00;1.363e-01;-2.554e-03;1.303e-01;-2.442e-03;1.044e+00;1.044e+00;1.048e+00;6.783e-02;8.467e-04;1.048e+00;6.783e-02;8.467e-04;1.046e+00;2.454e-01;-4.597e-03;1.000e+01;1.000e+01;4.167e-01;0.000e+00;1.044e+00;5.001e+01;4.167e-01;0.000e+00;1.044e+00;5.001e+01;5.001e+01
20.099217000;1.046e+00;1.368e-01;-2.564e-03;1.309e-01;-2.452e-03;1.044e+00;1.044e+00;1.048e+00;6.809e-02;8.472e-04;1.048e+00;6.809e-02;8.472e-04;1.046e+00;2.463e-01;-4.616e-03;1.000e+01;1.000e+01;4.167e-01;0.000e+00;1.044e+00;5.001e+01;4.167e-01;0.000e+00;1.044e+00;5.001e+01;5.001e+01
20.100113000;1.046e+00;1.370e-01;-2.569e-03;1.311e-01;-2.457e-03;1.044e+00;1.044e+00;1.048e+00;6.819e-02;8.472e-04;1.048e+00;6.819e-02;8.472e-04;1.046e+00;2.467e-01;-4.624e-03;1.000e+01;1.000e+01;4.167e-01;0.000e+00;1.044e+00;5.001e+01;4.167e-01;0.000e+00;1.044e+00;5.001e+01;5.001e+01
20.103113000;1.046e+00;1.377e-01;-2.582e-03;1.317e-01;-2.469e-03;1.044e+00;1.044e+00;1.048e+00;6.852e-02;8.478e-04;1.048e+00;6.852e-02;8.478e-04;1.046e+00;2.479e-01;-4.648e-03;1.000e+01;1.000e+01;4.167e-01;0.000e+00;1.044e+00;5.001e+01;4.167e-01;0.000e+00;1.044e+00;5.001e+01;5.001e+01
20.115113000;1.046e+00;1.406e-01;-2.641e-03;1.345e-01;-2.525e-03;1.044e+00;1.044e+00;1.048e+00;6.991e-02;8.510e-04;1.048e+00;6.991e-02;8.510e-04;1.046e+00;2.531e-01;-4.753e-03;1.000e+01;1.000e+01;4.167e-01;0.000e+00;1.044e+00;5.001e+01;4.167e-01;0.000e+00;1.044e+00;5.001e+01;5.001e+01
20.116113000;1.046e+00;1.409e-01;-2.646e-03;1.347e-01;-2.530e-03;1.044e+00;1.044e+00;1.048e+00;7.003e-02;8.515e-04;1.048e+00;7.003e-02;8.515e-04;1.046e+00;2.536e-01;-4.762e-03;1.000e+01;1.000e+01;4.167e-01;0.000e+00;1.044e+00;5.002e+01;4.167e-01;0.000e+00;1.044e+00;5.002e+01;5.002e+01
20.139113000;1.046e+00;1.469e-01;-2.768e-03;1.405e-01;-2.648e-03;1.044e+00;1.044e+00;1.048e+00;7.290e-02;8.595e-04;1.048e+00;7.290e-02;8.595e-04;1.046e+00;2.644e-01;-4.983e-03;1.000e+01;1.000e+01;4.167e-01;0.000e+00;1.044e+00;5.002e+01;4.167e-01;0.000e+00;1.044e+00;5.002e+01;5.002e+01
20.140113000;1.045e+00;1.472e-01;-2.774e-03;1.407e-01;-2.653e-03;1.044e+00;1.044e+00;1.048e+00;7.303e-02;8.600e-04;1.048e+00;7.303e-02;8.600e-04;1.045e+00;2.649e-01;-4.993e-03;1.000e+01;1.000e+01;4.167e-01;0.000e+00;1.044e+00;5.002e+01;4.167e-01;0.000e+00;1.044e+00;5.002e+01;5.002e+01
20.175113000;1.045e+00;1.570e-01;-2.978e-03;1.502e-01;-2.849e-03;1.044e+00;1.044e+00;1.048e+00;7.775e-02;8.770e-04;1.048e+00;7.775e-02;8.770e-04;1.045e+00;2.826e-01;-5.361e-03;1.000e+01;1.000e+01;4.167e-01;0.000e+00;1.044e+00;5.002e+01;4.167e-01;0.000e+00;1.044e+00;5.002e+01;5.002e+01
20.176113000;1.045e+00;1.573e-01;-2.984e-03;1.505e-01;-2.855e-03;1.043e+00;1.043e+00;1.048e+00;7.789e-02;8.776e-04;1.048e+00;7.789e-02;8.776e-04;1.045e+00;2.831e-01;-5.372e-03;1.000e+01;1.000e+01;4.167e-01;0.000e+00;1.044e+00;5.002e+01;4.167e-01;0.000e+00;1.044e+00;5.002e+01;5.002e+01
20.241113000;1.045e+00;1.759e-01;-3.379e-03;1.683e-01;-3.234e-03;1.043e+00;1.043e+00;1.048e+00;8.682e-02;9.259e-04;1.048e+00;8.682e-02;9.259e-04;1.045e+00;3.166e-01;-6.083e-03;1.000e+01;1.000e+01;4.167e-01;0.000e+00;1.044e+00;5.002e+01;4.167e-01;0.000e+00;1.044e+00;5.002e+01;5.002e+01
20.244113000;1.045e+00;1.767e-01;-3.397e-03;1.691e-01;-3.251e-03;1.043e+00;1.043e+00;1.048e+00;8.722e-02;9.286e-04;1.048e+00;8.722e-02;9.286e-04;1.045e+00;3.180e-01;-6.115e-03;1.000e+01;1.000e+01;4.167e-01;0.000e+00;1.044e+00;5.002e+01;4.167e-01;0.000e+00;1.044e+00;5.002e+01;5.002e+01
20.273113000;1.045e+00;1.844e-01;-3.562e-03;1.766e-01;-3.409e-03;1.043e+00;1.043e+00;1.048e+00;9.094e-02;9.573e-04;1.048e+00;9.094e-02;9.573e-04;1.045e+00;3.320e-01;-6.411e-03;1.000e+01;1.000e+01;4.167e-01;0.000e+00;1.044e+00;5.002e+01;4.167e-01;0.000e+00;1.044e+00;5.002e+01;5.002e+01
20.274113000;1.045e+00;1.847e-01;-3.567e-03;1.768e-01;-3.415e-03;1.043e+00;1.043e+00;1.047e+00;9.106e-02;9.584e-04;1.047e+00;9.106e-02;9.584e-04;1.045e+00;3.325e-01;-6.421e-03;1.000e+01;1.000e+01;4.167e-01;0.000e+00;1.044e+00;5.002e+01;4.167e-01;0.000e+00;1.044e+00;5.002e+01;5.002e+01
20.275113000;1.045e+00;1.850e-01;-3.573e-03;1.770e-01;-3.420e-03;1.043e+00;1.043e+00;1.047e+00;9.119e-02;9.594e-04;1.047e+00;9.119e-02;9.594e-04;1.045e+00;3.329e-01;-6.431e-03;1.000e+01;1.000e+01;4.167e-01;0.000e+00;1.044e+00;5.002e+01;4.167e-01;0.000e+00;1.044e+00;5.002e+01;5.002e+01
20.276113000;1.045e+00;1.852e-01;-3.578e-03;1.773e-01;-3.425e-03;1.043e+00;1.043e+00;1.047e+00;9.131e-02;9.605e-04;1.047e+00;9.131e-02;9.605e-04;1.045e+00;3.334e-01;-6.440e-03;1.000e+01;1.000e+01;4.167e-01;0.000e+00;1.044e+00;5.002e+01;4.167e-01;0.000e+00;1.044e+00;5.002e+01;5.002e+01
20.277113000;1.045e+00;1.855e-01;-3.583e-03;1.775e-01;-3.430e-03;1.042e+00;1.042e+00;1.047e+00;9.143e-02;9.616e-04;1.047e+00;9.143e-02;9.616e-04;1.045e+00;3.338e-01;-6.450e-03;1.000e+01;1.000e+01;4.167e-01;0.000e+00;1.044e+00;5.002e+01;4.167e-01;0.000e+00;1.044e+00;5.002e+01;5.002e+01
20.279113000;1.045e+00;1.860e-01;-3.594e-03;1.780e-01;-3.440e-03;1.042e+00;1.042e+00;1.047e+00;9.168e-02;9.637e-04;1.047e+00;9.168e-02;9.637e-04;1.045e+00;3.348e-01;-6.469e-03;1.000e+01;1.000e+01;4.167e-01;0.000e+00;1.044e+00;5.002e+01;4.167e-01;0.000e+00;1.044e+00;5.002e+01;5.002e+01
20.287113000;1.045e+00;1.880e-01;-3.636e-03;1.800e-01;-3.481e-03;1.042e+00;1.042e+00;1.047e+00;9.264e-02;9.722e-04;1.047e+00;9.264e-02;9.722e-04;1.045e+00;3.384e-01;-6.545e-03;1.000e+01;1.000e+01;4.167e-01;0.000e+00;1.044e+00;5.002e+01;4.167e-01;0.000e+00;1.044e+00;5.002e+01;5.002e+01
20.288113000;1.045e+00;1.882e-01;-3.642e-03;1.802e-01;-3.486e-03;1.042e+00;1.042e+00;1.047e+00;9.276e-02;9.733e-04;1.047e+00;9.276e-02;9.733e-04;1.045e+00;3.388e-01;-6.555e-03;1.000e+01;1.000e+01;4.167e-01;0.000e+00;1.044e+00;5.001e+01;4.167e-01;0.000e+00;1.044e+00;5.001e+01;5.001e+01
20.300113000;1.045e+00;1.911e-01;-3.702e-03;1.830e-01;-3.544e-03;1.042e+00;1.042e+00;1.047e+00;9.416e-02;9.865e-04;1.047e+00;9.416e-02;9.865e-04;1.045e+00;3.440e-01;-6.663e-03;1.000e+01;1.000e+01;4.167e-01;0.000e+00;1.044e+00;5.001e+01;4.167e-01;0.000e+00;1.044e+00;5.001e+01;5.001e+01
20.301113000;1.044e+00;1.914e-01;-3.707e-03;1.832e-01;-3.549e-03;1.042e+00;1.042e+00;1.047e+00;9.427e-02;9.876e-04;1.047e+00;9.427e-02;9.876e-04;1.044e+00;3.445e-01;-6.672e-03;1.000e+01;1.000e+01;4.167e-01;0.000e+00;1.044e+00;5.001e+01;4.167e-01;0.000e+00;1.044e+00;5.001e+01;5.001e+01
20.339113000;1.044e+00;1.997e-01;-3.875e-03;1.912e-01;-3.711e-03;1.042e+00;1.042e+00;1.047e+00;9.828e-02;1.032e-03;1.047e+00;9.828e-02;1.032e-03;1.044e+00;3.595e-01;-6.975e-03;1.000e+01;1.000e+01;4.167e-01;0.000e+00;1.044e+00;5.001e+01;4.167e-01;0.000e+00;1.044e+00;5.001e+01;5.001e+01
20.343113000;1.044e+00;2.005e-01;-3.891e-03;1.920e-01;-3.726e-03;1.042e+00;1.042e+00;1.047e+00;9.867e-02;1.037e-03;1.047e+00;9.867e-02;1.037e-03;1.044e+00;3.609e-01;-7.003e-03;1.000e+01;1.000e+01;4.167e-01;0.000e+00;1.044e+00;5.001e+01;4.167e-01;0.000e+00;1.044e+00;5.001e+01;5.001e+01
20.366113000;1.044e+00;2.048e-01;-3.971e-03;1.962e-01;-3.803e-03;1.042e+00;1.042e+00;1.047e+00;1.007e-01;1.065e-03;1.047e+00;1.007e-01;1.065e-03;1.044e+00;3.687e-01;-7.147e-03;1.000e+01;1.000e+01;4.167e-01;0.000e+00;1.044e+00;5.001e+01;4.167e-01;0.000e+00;1.044e+00;5.001e+01;5.001e+01
20.371113000;1.044e+00;2.057e-01;-3.986e-03;1.970e-01;-3.818e-03;1.042e+00;1.042e+00;1.047e+00;1.012e-01;1.072e-03;1.047e+00;1.012e-01;1.072e-03;1.044e+00;3.702e-01;-7.175e-03;1.000e+01;1.000e+01;4.167e-01;0.000e+00;1.044e+00;5.001e+01;4.167e-01;0.000e+00;1.044e+00;5.001e+01;5.001e+01
20.372113000;1.044e+00;2.059e-01;-3.989e-03;1.972e-01;-3.820e-03;1.042e+00;1.042e+00;1.047e+00;1.012e-01;1.073e-03;1.047e+00;1.012e-01;1.073e-03;1.044e+00;3.705e-01;-7.180e-03;1.000e+01;1.000e+01;4.167e-01;0.000e+00;1.044e+00;5.001e+01;4.167e-01;0.000e+00;1.044e+00;5.001e+01;5.001e+01
20.373113000;1.044e+00;2.060e-01;-3.992e-03;1.973e-01;-3.823e-03;1.042e+00;1.042e+00;1.047e+00;1.013e-01;1.074e-03;1.047e+00;1.013e-01;1.074e-03;1.044e+00;3.709e-01;-7.186e-03;1.000e+01;1.000e+01;4.167e-01;0.000e+00;1.044e+00;5.001e+01;4.167e-01;0.000e+00;1.044e+00;5.001e+01;5.001e+01
20.421113000;1.044e+00;2.130e-01;-4.099e-03;2.040e-01;-3.927e-03;1.042e+00;1.042e+00;1.047e+00;1.047e-01;1.134e-03;1.047e+00;1.047e-01;1.134e-03;1.044e+00;3.834e-01;-7.379e-03;1.000e+01;1.000e+01;4.167e-01;0.000e+00;1.044e+00;5.001e+01;4.167e-01;0.000e+00;1.044e+00;5.001e+01;5.001e+01
20.422113000;1.044e+00;2.131e-01;-4.101e-03;2.042e-01;-3.928e-03;1.041e+00;1.041e+00;1.047e+00;1.047e-01;1.136e-03;1.047e+00;1.047e-01;1.136e-03;1.044e+00;3.836e-01;-7.382e-03;1.000e+01;1.000e+01;4.167e-01;0.000e+00;1.044e+00;5.001e+01;4.167e-01;0.000e+00;1.044e+00;5.001e+01;5.001e+01
20.464113000;1.044e+00;2.174e-01;-4.138e-03;2.083e-01;-3.964e-03;1.041e+00;1.041e+00;1.047e+00;1.068e-01;1.188e-03;1.047e+00;1.068e-01;1.188e-03;1.044e+00;3.913e-01;-7.449e-03;1.000e+01;1.000e+01;4.167e-01;0.000e+00;1.044e+00;5.001e+01;4.167e-01;0.000e+00;1.044e+00;5.001e+01;5.001e+01
20.465113000;1.044e+00;2.175e-01;-4.138e-03;2.083e-01;-3.964e-03;1.041e+00;1.041e+00;1.047e+00;1.068e-01;1.189e-03;1.047e+00;1.068e-01;1.189e-03;1.044e+00;3.914e-01;-7.449e-03;1.000e+01;1.000e+01;4.167e-01;0.000e+00;1.044e+00;5.000e+01;4.167e-01;0.000e+00;1.044e+00;5.000e+01;5.000e+01
20.466113000;1.044e+00;2.176e-01;-4.139e-03;2.084e-01;-3.965e-03;1.041e+00;1.041e+00;1.047e+00;1.069e-01;1.191e-03;1.047e+00;1.069e-01;1.191e-03;1.044e+00;3.916e-01;-7.450e-03;1.000e+01;1.000e+01;4.167e-01;0.000e+00;1.044e+00;5.000e+01;4.167e-01;0.000e+00;1.044e+00;5.000e+01;5.000e+01
20.469113000;1.044e+00;2.178e-01;-4.139e-03;2.086e-01;-3.966e-03;1.041e+00;1.041e+00;1.047e+00;1.070e-01;1.194e-03;1.047e+00;1.070e-01;1.194e-03;1.044e+00;3.920e-01;-7.451e-03;1.000e+01;1.000e+01;4.167e-01;0.000e+00;1.044e+00;5.000e+01;4.167e-01;0.000e+00;1.044e+00;5.000e+01;5.000e+01
20.470113000;1.044e+00;2.179e-01;-4.139e-03;2.087e-01;-3.966e-03;1.041e+00;1.041e+00;1.047e+00;1.070e-01;1.195e-03;1.047e+00;1.070e-01;1.195e-03;1.044e+00;3.922e-01;-7.451e-03;1.000e+01;1.000e+01;4.167e-01;0.000e+00;1.044e+00;5.000e+01;4.167e-01;0.000e+00;1.044e+00;5.000e+01;5.000e+01
20.471113000;1.044e+00;2.179e-01;-4.139e-03;2.088e-01;-3.966e-03;1.041e+00;1.041e+00;1.047e+00;1.071e-01;1.196e-03;1.047e+00;1.071e-01;1.196e-03;1.044e+00;3.923e-01;-7.451e-03;1.000e+01;1.000e+01;4.167e-01;0.000e+00;1.044e+00;5.000e+01;4.167e-01;0.000e+00;1.044e+00;5.000e+01;5.000e+01
20.475113000;1.044e+00;2.182e-01;-4.140e-03;2.091e-01;-3.966e-03;1.041e+00;1.041e+00;1.047e+00;1.072e-01;1.201e-03;1.047e+00;1.072e-01;1.201e-03;1.044e+00;3.928e-01;-7.452e-03;1.000e+01;1.000e+01;4.167e-01;0.000e+00;1.044e+00;5.000e+01;4.167e-01;0.000e+00;1.044e+00;5.000e+01;5.000e+01
20.564113000;1.044e+00;2.217e-01;-4.046e-03;2.123e-01;-3.876e-03;1.041e+00;1.041e+00;1.047e+00;1.088e-01;1.303e-03;1.047e+00;1.088e-01;1.303e-03;1.044e+00;3.990e-01;-7.282e-03;1.000e+01;1.000e+01;4.167e-01;0.000e+00;1.044e+00;5.000e+01;4.167e-01;0.000e+00;1.044e+00;5.000e+01;5.000e+01
20.565113000;1.044e+00;2.217e-01;-4.044e-03;2.124e-01;-3.874e-03;1.041e+00;1.041e+00;1.047e+00;1.088e-01;1.305e-03;1.047e+00;1.088e-01;1.305e-03;1.044e+00;3.990e-01;-7.279e-03;1.000e+01;1.000e+01;4.167e-01;0.000e+00;1.044e+00;5.000e+01;4.167e-01;0.000e+00;1.044e+00;5.000e+01;5.000e+01
20.570113000;1.044e+00;2.217e-01;-4.033e-03;2.124e-01;-3.864e-03;1.041e+00;1.041e+00;1.047e+00;1.089e-01;1.310e-03;1.047e+00;1.089e-01;1.310e-03;1.044e+00;3.990e-01;-7.260e-03;1.000e+01;1.000e+01;4.167e-01;0.000e+00;1.044e+00;5.000e+01;4.167e-01;0.000e+00;1.044e+00;5.000e+01;5.000e+01
20.571113000;1.044e+00;2.217e-01;-4.031e-03;2.124e-01;-3.862e-03;1.041e+00;1.041e+00;1.047e+00;1.089e-01;1.311e-03;1.047e+00;1.089e-01;1.311e-03;1.044e+00;3.991e-01;-7.256e-03;1.000e+01;1.000e+01;4.167e-01;0.000e+00;1.044e+00;5.000e+01;4.167e-01;0.000e+00;1.044e+00;5.000e+01;5.000e+01
20.581113000;1.044e+00;2.217e-01;-4.009e-03;2.124e-01;-3.841e-03;1.041e+00;1.041e+00;1.047e+00;1.089e-01;1.322e-03;1.047e+00;1.089e-01;1.322e-03;1.044e+00;3.991e-01;-7.217e-03;1.000e+01;1.000e+01;4.167e-01;0.000e+00;1.044e+00;5.000e+01;4.167e-01;0.000e+00;1.044e+00;5.000e+01;5.000e+01
20.591113000;1.044e+00;2.217e-01;-3.987e-03;2.124e-01;-3.819e-03;1.041e+00;1.041e+00;1.047e+00;1.088e-01;1.332e-03;1.047e+00;1.088e-01;1.332e-03;1.044e+00;3.990e-01;-7.176e-03;1.000e+01;1.000e+01;4.167e-01;0.000e+00;1.044e+00;5.000e+01;4.167e-01;0.000e+00;1.044e+00;5.000e+01;5.000e+01
20.594113000;1.044e+00;2.217e-01;-3.979e-03;2.123e-01;-3.812e-03;1.041e+00;1.041e+00;1.047e+00;1.088e-01;1.335e-03;1.047e+00;1.088e-01;1.335e-03;1.044e+00;3.990e-01;-7.163e-03;1.000e+01;1.000e+01;4.167e-01;0.000e+00;1.044e+00;5.000e+01;4.167e-01;0.000e+00;1.044e+00;5.000e+01;5.000e+01
20.596113000;1.044e+00;2.216e-01;-3.974e-03;2.123e-01;-3.808e-03;1.041e+00;1.041e+00;1.047e+00;1.088e-01;1.337e-03;1.047e+00;1.088e-01;1.337e-03;1.044e+00;3.989e-01;-7.154e-03;1.000e+01;1.000e+01;4.167e-01;0.000e+00;1.044e+00;5.000e+01;4.167e-01;0.000e+00;1.044e+00;5.000e+01;5.000e+01
20.618113000;1.044e+00;2.213e-01;-3.917e-03;2.120e-01;-3.753e-03;1.041e+00;1.041e+00;1.047e+00;1.087e-01;1.359e-03;1.047e+00;1.087e-01;1.359e-03;1.044e+00;3.984e-01;-7.051e-03;1.000e+01;1.000e+01;4.167e-01;0.000e+00;1.044e+00;5.000e+01;4.167e-01;0.000e+00;1.044e+00;5.000e+01;5.000e+01
20.619113000;1.044e+00;2.213e-01;-3.914e-03;2.120e-01;-3.750e-03;1.042e+00;1.042e+00;1.047e+00;1.087e-01;1.360e-03;1.047e+00;1.087e-01;1.360e-03;1.044e+00;3.984e-01;-7.046e-03;1.000e+01;1.000e+01;4.167e-01;0.000e+00;1.044e+00;5.000e+01;4.167e-01;0.000e+00;1.044e+00;5.000e+01;5.000e+01
20.655113000;1.044e+00;2.204e-01;-3.809e-03;2.112e-01;-3.649e-03;1.042e+00;1.042e+00;1.047e+00;1.082e-01;1.395e-03;1.047e+00;1.082e-01;1.395e-03;1.044e+00;3.968e-01;-6.857e-03;1.000e+01;1.000e+01;4.167e-01;0.000e+00;1.044e+00;5.000e+01;4.167e-01;0.000e+00;1.044e+00;5.000e+01;5.000e+01
20.667113000;1.044e+00;2.200e-01;-3.772e-03;2.108e-01;-3.614e-03;1.042e+00;1.042e+00;1.047e+00;1.080e-01;1.406e-03;1.047e+00;1.080e-01;1.406e-03;1.044e+00;3.961e-01;-6.790e-03;1.000e+01;1.000e+01;4.167e-01;0.000e+00;1.044e+00;5.000e+01;4.167e-01;0.000e+00;1.044e+00;5.000e+01;5.000e+01
20.675113000;1.044e+00;2.198e-01;-3.747e-03;2.105e-01;-3.590e-03;1.042e+00;1.042e+00;1.047e+00;1.079e-01;1.414e-03;1.047e+00;1.079e-01;1.414e-03;1.044e+00;3.956e-01;-6.745e-03;1.000e+01;1.000e+01;4.167e-01;0.000e+00;1.044e+00;5.000e+01;4.167e-01;0.000e+00;1.044e+00;5.000e+01;5.000e+01
20.678113000;1.044e+00;2.196e-01;-3.737e-03;2.104e-01;-3.580e-03;1.042e+00;1.042e+00;1.047e+00;1.079e-01;1.416e-03;1.047e+00;1.079e-01;1.416e-03;1.044e+00;3.954e-01;-6.727e-03;1.000e+01;1.000e+01;4.167e-01;0.000e+00;1.044e+00;5.000e+01;4.167e-01;0.000e+00;1.044e+00;5.000e+01;5.000e+01
20.796113000;1.044e+00;2.145e-01;-3.348e-03;2.055e-01;-3.207e-03;1.042e+00;1.042e+00;1.047e+00;1.054e-01;1.517e-03;1.047e+00;1.054e-01;1.517e-03;1.044e+00;3.862e-01;-6.027e-03;1.000e+01;1.000e+01;4.167e-01;0.000e+00;1.044e+00;5.000e+01;4.167e-01;0.000e+00;1.044e+00;5.000e+01;5.000e+01
20.797113000;1.044e+00;2.145e-01;-3.345e-03;2.054e-01;-3.204e-03;1.042e+00;1.042e+00;1.048e+00;1.054e-01;1.518e-03;1.048e+00;1.054e-01;1.518e-03;1.044e+00;3.861e-01;-6.021e-03;1.000e+01;1.000e+01;4.167e-01;0.000e+00;1.044e+00;5.000e+01;4.167e-01;0.000e+00;1.044e+00;5.000e+01;5.000e+01
20.890113000;1.044e+00;2.106e-01;-3.062e-03;2.017e-01;-2.932e-03;1.042e+00;1.042e+00;1.048e+00;1.035e-01;1.590e-03;1.048e+00;1.035e-01;1.590e-03;1.044e+00;3.792e-01;-5.511e-03;1.000e+01;1.000e+01;4.167e-01;0.000e+00;1.044e+00;5.000e+01;4.167e-01;0.000e+00;1.044e+00;5.000e+01;5.000e+01
20.891113000;1.044e+00;2.106e-01;-3.059e-03;2.017e-01;-2.929e-03;1.043e+00;1.043e+00;1.048e+00;1.035e-01;1.591e-03;1.048e+00;1.035e-01;1.591e-03;1.044e+00;3.791e-01;-5.506e-03;1.000e+01;1.000e+01;4.167e-01;0.000e+00;1.044e+00;5.000e+01;4.167e-01;0.000e+00;1.044e+00;5.000e+01;5.000e+01
20.907113000;1.044e+00;2.101e-01;-3.014e-03;2.011e-01;-2.886e-03;1.043e+00;1.043e+00;1.048e+00;1.032e-01;1.603e-03;1.048e+00;1.032e-01;1.603e-03;1.044e+00;3.781e-01;-5.426e-03;1.000e+01;1.000e+01;4.167e-01;0.000e+00;1.044e+00;5.000e+01;4.167e-01;0.000e+00;1.044e+00;5.000e+01;5.000e+01
20.908113000;1.044e+00;2.100e-01;-3.012e-03;2.011e-01;-2.884e-03;1.043e+00;1.043e+00;1.048e+00;1.032e-01;1.604e-03;1.048e+00;1.032e-01;1.604e-03;1.044e+00;3.780e-01;-5.421e-03;1.000e+01;1.000e+01;4.167e-01;0.000e+00;1.044e+00;5.000e+01;4.167e-01;0.000e+00;1.044e+00;5.000e+01;5.000e+01
20.919113000;1.044e+00;2.097e-01;-2.982e-03;2.008e-01;-2.855e-03;1.043e+00;1.043e+00;1.048e+00;1.030e-01;1.613e-03;1.048e+00;1.030e-01;1.613e-03;1.044e+00;3.774e-01;-5.368e-03;1.000e+01;1.000e+01;4.167e-01;0.000e+00;1.044e+00;5.000e+01;4.167e-01;0.000e+00;1.044e+00;5.000e+01;5.000e+01
20.938113000;1.044e+00;2.091e-01;-2.933e-03;2.002e-01;-2.809e-03;1.043e+00;1.043e+00;1.048e+00;1.027e-01;1.626e-03;1.048e+00;1.027e-01;1.626e-03;1.044e+00;3.764e-01;-5.280e-03;1.000e+01;1.000e+01;4.167e-01;0.000e+00;1.044e+00;5.000e+01;4.167e-01;0.000e+00;1.044e+00;5.000e+01;5.000e+01
20.943113000;1.044e+00;2.089e-01;-2.921e-03;2.001e-01;-2.796e-03;1.043e+00;1.043e+00;1.048e+00;1.027e-01;1.631e-03;1.048e+00;1.027e-01;1.631e-03;1.044e+00;3.761e-01;-5.257e-03;1.000e+01;1.000e+01;4.167e-01;0.000e+00;1.044e+00;5.000e+01;4.167e-01;0.000e+00;1.044e+00;5.000e+01;5.000e+01
20.946113000;1.044e+00;2.089e-01;-2.913e-03;2.000e-01;-2.789e-03;1.043e+00;1.043e+00;1.048e+00;1.026e-01;1.633e-03;1.048e+00;1.026e-01;1.633e-03;1.044e+00;3.759e-01;-5.243e-03;1.000e+01;1.000e+01;4.167e-01;0.000e+00;1.044e+00;5.000e+01;4.167e-01;0.000e+00;1.044e+00;5.000e+01;5.000e+01
20.951113000;1.044e+00;2.087e-01;-2.901e-03;1.998e-01;-2.777e-03;1.043e+00;1.043e+00;1.048e+00;1.026e-01;1.636e-03;1.048e+00;1.026e-01;1.636e-03;1.044e+00;3.757e-01;-5.221e-03;1.000e+01;1.000e+01;4.167e-01;0.000e+00;1.044e+00;5.000e+01;4.167e-01;0.000e+00;1.044e+00;5.000e+01;5.000e+01
21.017113000;1.044e+00;2.073e-01;-2.751e-03;1.985e-01;-2.633e-03;1.043e+00;1.043e+00;1.048e+00;1.019e-01;1.685e-03;1.048e+00;1.019e-01;1.685e-03;1.044e+00;3.731e-01;-4.951e-03;1.000e+01;1.000e+01;4.167e-01;0.000e+00;1.044e+00;5.000e+01;4.167e-01;0.000e+00;1.044e+00;5.000e+01;5.000e+01
21.018113000;1.045e+00;2.073e-01;-2.748e-03;1.984e-01;-2.631e-03;1.043e+00;1.043e+00;1.048e+00;1.019e-01;1.686e-03;1.048e+00;1.019e-01;1.686e-03;1.045e+00;3.731e-01;-4.947e-03;1.000e+01;1.000e+01;4.167e-01;0.000e+00;1.044e+00;5.000e+01;4.167e-01;0.000e+00;1.044e+00;5.000e+01;5.000e+01
21.095113000;1.045e+00;2.064e-01;-2.602e-03;1.976e-01;-2.491e-03;1.043e+00;1.043e+00;1.048e+00;1.015e-01;1.742e-03;1.048e+00;1.015e-01;1.742e-03;1.045e+00;3.715e-01;-4.683e-03;1.000e+01;1.000e+01;4.167e-01;0.000e+00;1.044e+00;5.000e+01;4.167e-01;0.000e+00;1.044e+00;5.000e+01;5.000e+01
21.096113000;1.045e+00;2.064e-01;-2.600e-03;1.976e-01;-2.489e-03;1.043e+00;1.043e+00;1.048e+00;1.014e-01;1.743e-03;1.048e+00;1.014e-01;1.743e-03;1.045e+00;3.715e-01;-4.680e-03;1.000e+01;1.000e+01;4.167e-01;0.000e+00;1.044e+00;5.000e+01;4.167e-01;0.000e+00;1.044e+00;5.000e+01;5.000e+01
21.097113000;1.045e+00;2.064e-01;-2.598e-03;1.976e-01;-2.487e-03;1.043e+00;1.043e+00;1.048e+00;1.014e-01;1.743e-03;1.048e+00;1.014e-01;1.743e-03;1.045e+00;3.715e-01;-4.677e-03;1.000e+01;1.000e+01;4.167e-01;0.000e+00;1.044e+00;5.000e+01;4.167e-01;0.000e+00;1.044e+00;5.000e+01;5.000e+01
21.131113000;1.045e+00;2.063e-01;-2.542e-03;1.974e-01;-2.434e-03;1.043e+00;1.043e+00;1.048e+00;1.014e-01;1.768e-03;1.048e+00;1.014e-01;1.768e-03;1.045e+00;3.713e-01;-4.576e-03;1.000e+01;1.000e+01;4.167e-01;0.000e+00;1.044e+00;5.000e+01;4.167e-01;0.000e+00;1.044e+00;5.000e+01;5.000e+01
21.132113000;1.045e+00;2.062e-01;-2.541e-03;1.974e-01;-2.432e-03;1.043e+00;1.043e+00;1.048e+00;1.014e-01;1.769e-03;1.048e+00;1.014e-01;1.769e-03;1.045e+00;3.712e-01;-4.573e-03;1.000e+01;1.000e+01;4.167e-01;0.000e+00;1.044e+00;5.000e+01;4.167e-01;0.000e+00;1.044e+00;5.000e+01;5.000e+01
21.496113000;1.045e+00;2.081e-01;-2.077e-03;1.992e-01;-1.988e-03;1.043e+00;1.043e+00;1.048e+00;1.022e-01;2.019e-03;1.048e+00;1.022e-01;2.019e-03;1.045e+00;3.746e-01;-3.739e-03;1.000e+01;1.000e+01;4.167e-01;0.000e+00;1.044e+00;5.000e+01;4.167e-01;0.000e+00;1.044e+00;5.000e+01;5.000e+01
21.546113000;1.045e+00;2.083e-01;-2.018e-03;1.994e-01;-1.932e-03;1.043e+00;1.043e+00;1.048e+00;1.024e-01;2.050e-03;1.048e+00;1.024e-01;2.050e-03;1.045e+00;3.750e-01;-3.633e-03;1.000e+01;1.000e+01;4.167e-01;0.000e+00;1.044e+00;5.000e+01;4.167e-01;0.000e+00;1.044e+00;5.000e+01;5.000e+01
21.547113000;1.045e+00;2.083e-01;-2.017e-03;1.994e-01;-1.931e-03;1.044e+00;1.044e+00;1.048e+00;1.024e-01;2.050e-03;1.048e+00;1.024e-01;2.050e-03;1.045e+00;3.750e-01;-3.631e-03;1.000e+01;1.000e+01;4.167e-01;0.000e+00;1.044e+00;5.000e+01;4.167e-01;0.000e+00;1.044e+00;5.000e+01;5.000e+01
21.614113000;1.045e+00;2.085e-01;-1.938e-03;1.996e-01;-1.855e-03;1.044e+00;1.044e+00;1.048e+00;1.025e-01;2.092e-03;1.048e+00;1.025e-01;2.092e-03;1.045e+00;3.754e-01;-3.488e-03;1.000e+01;1.000e+01;4.167e-01;0.000e+00;1.044e+00;5.000e+01;4.167e-01;0.000e+00;1.044e+00;5.000e+01;5.000e+01
21.635113000;1.045e+00;2.086e-01;-1.913e-03;1.997e-01;-1.831e-03;1.044e+00;1.044e+00;1.048e+00;1.025e-01;2.104e-03;1.048e+00;1.025e-01;2.104e-03;1.045e+00;3.755e-01;-3.443e-03;1.000e+01;1.000e+01;4.167e-01;0.000e+00;1.044e+00;5.000e+01;4.167e-01;0.000e+00;1.044e+00;5.000e+01;5.000e+01
21.677113000;1.045e+00;2.086e-01;-1.863e-03;1.997e-01;-1.784e-03;1.044e+00;1.044e+00;1.048e+00;1.025e-01;2.129e-03;1.048e+00;1.025e-01;2.129e-03;1.045e+00;3.756e-01;-3.354e-03;1.000e+01;1.000e+01;4.167e-01;0.000e+00;1.044e+00;5.000e+01;4.167e-01;0.000e+00;1.044e+00;5.000e+01;5.000e+01
21.690113000;1.045e+00;2.087e-01;-1.848e-03;1.997e-01;-1.769e-03;1.044e+00;1.044e+00;1.048e+00;1.025e-01;2.136e-03;1.048e+00;1.025e-01;2.136e-03;1.045e+00;3.756e-01;-3.326e-03;1.000e+01;1.000e+01;4.167e-01;0.000e+00;1.044e+00;5.000e+01;4.167e-01;0.000e+00;1.044e+00;5.000e+01;5.000e+01
21.957113000;1.045e+00;2.085e-01;-1.549e-03;1.995e-01;-1.482e-03;1.044e+00;1.044e+00;1.048e+00;1.024e-01;2.276e-03;1.048e+00;1.024e-01;2.276e-03;1.045e+00;3.753e-01;-2.788e-03;1.000e+01;1.000e+01;4.167e-01;0.000e+00;1.044e+00;5.000e+01;4.167e-01;0.000e+00;1.044e+00;5.000e+01;5.000e+01
22.032113000;1.045e+00;2.084e-01;-1.473e-03;1.995e-01;-1.410e-03;1.044e+00;1.044e+00;1.048e+00;1.024e-01;2.310e-03;1.048e+00;1.024e-01;2.310e-03;1.045e+00;3.751e-01;-2.652e-03;1.000e+01;1.000e+01;4.167e-01;0.000e+00;1.044e+00;5.000e+01;4.167e-01;0.000e+00;1.044e+00;5.000e+01;5.000e+01
22.036113000;1.045e+00;2.084e-01;-1.469e-03;1.994e-01;-1.406e-03;1.044e+00;1.044e+00;1.048e+00;1.024e-01;2.312e-03;1.048e+00;1.024e-01;2.312e-03;1.045e+00;3.751e-01;-2.645e-03;1.000e+01;1.000e+01;4.167e-01;0.000e+00;1.044e+00;5.000e+01;4.167e-01;0.000e+00;1.044e+00;5.000e+01;5.000e+01
22.426113000;1.045e+00;2.083e-01;-1.150e-03;1.993e-01;-1.100e-03;1.044e+00;1.044e+00;1.048e+00;1.023e-01;2.463e-03;1.048e+00;1.023e-01;2.463e-03;1.045e+00;3.749e-01;-2.070e-03;1.000e+01;1.000e+01;4.167e-01;0.000e+00;1.044e+00;5.000e+01;4.167e-01;0.000e+00;1.044e+00;5.000e+01;5.000e+01
22.476113000;1.045e+00;2.083e-01;-1.117e-03;1.993e-01;-1.069e-03;1.044e+00;1.044e+00;1.048e+00;1.023e-01;2.478e-03;1.048e+00;1.023e-01;2.478e-03;1.045e+00;3.749e-01;-2.010e-03;1.000e+01;1.000e+01;4.167e-01;0.000e+00;1.044e+00;5.000e+01;4.167e-01;0.000e+00;1.044e+00;5.000e+01;5.000e+01
22.812173000;1.045e+00;2.083e-01;-9.239e-04;1.994e-01;-8.841e-04;1.044e+00;1.044e+00;1.048e+00;1.023e-01;2.570e-03;1.048e+00;1.023e-01;2.570e-03;1.045e+00;3.750e-01;-1.663e-03;1.000e+01;1.000e+01;4.167e-01;0.000e+00;1.044e+00;5.000e+01;4.167e-01;0.000e+00;1.044e+00;5.000e+01;5.000e+01
22.813173000;1.045e+00;2.083e-01;-9.233e-04;1.994e-01;-8.835e-04;1.045e+00;1.045e+00;1.048e+00;1.023e-01;2.571e-03;1.048e+00;1.023e-01;2.571e-03;1.045e+00;3.750e-01;-1.662e-03;1.000e+01;1.000e+01;4.167e-01;0.000e+00;1.044e+00;5.000e+01;4.167e-01;0.000e+00;1.044e+00;5.000e+01;5.000e+01
22.915173000;1.045e+00;2.083e-01;-8.711e-04;1.994e-01;-8.335e-04;1.045e+00;1.045e+00;1.048e+00;1.023e-01;2.596e-03;1.048e+00;1.023e-01;2.596e-03;1.045e+00;3.750e-01;-1.568e-03;1.000e+01;1.000e+01;4.167e-01;0.000e+00;1.044e+00;5.000e+01;4.167e-01;0.000e+00;1.044e+00;5.000e+01;5.000e+01
22.916173000;1.045e+00;2.083e-01;-8.706e-04;1.994e-01;-8.330e-04;1.045e+00;1.045e+00;1.049e+00;1.023e-01;2.596e-03;1.049e+00;1.023e-01;2.596e-03;1.045e+00;3.750e-01;-1.567e-03;1.000e+01;1.000e+01;4.167e-01;0.000e+00;1.044e+00;5.000e+01;4.167e-01;0.000e+00;1.044e+00;5.000e+01;5.000e+01
23.020752000;1.045e+00;2.083e-01;-8.189e-04;1.994e-01;-7.836e-04;1.045e+00;1.045e+00;1.049e+00;1.023e-01;2.621e-03;1.049e+00;1.023e-01;2.621e-03;1.045e+00;3.750e-01;-1.474e-03;1.000e+01;1.000e+01;4.167e-01;0.000e+00;1.044e+00;5.000e+01;4.167e-01;0.000e+00;1.044e+00;5.000e+01;5.000e+01
23.076752000;1.045e+00;2.083e-01;-7.933e-04;1.993e-01;-7.591e-04;1.045e+00;1.045e+00;1.049e+00;1.023e-01;2.632e-03;1.049e+00;1.023e-01;2.632e-03;1.045e+00;3.750e-01;-1.428e-03;1.000e+01;1.000e+01;4.167e-01;0.000e+00;1.044e+00;5.000e+01;4.167e-01;0.000e+00;1.044e+00;5.000e+01;5.000e+01
23.090752000;1.045e+00;2.083e-01;-7.872e-04;1.993e-01;-7.533e-04;1.045e+00;1.045e+00;1.049e+00;1.023e-01;2.635e-03;1.049e+00;1.023e-01;2.635e-03;1.045e+00;3.750e-01;-1.417e-03;1.000e+01;1.000e+01;4.167e-01;0.000e+00;1.044e+00;5.000e+01;4.167e-01;0.000e+00;1.044e+00;5.000e+01;5.000e+01
24.095752000;1.045e+00;2.083e-01;-5.644e-04;1.993e-01;-5.401e-04;1.045e+00;1.045e+00;1.049e+00;1.023e-01;2.742e-03;1.049e+00;1.023e-01;2.742e-03;1.045e+00;3.750e-01;-1.016e-03;1.000e+01;1.000e+01;4.167e-01;0.000e+00;1.044e+00;5.000e+01;4.167e-01;0.000e+00;1.044e+00;5.000e+01;5.000e+01
24.111752000;1.045e+00;2.083e-01;-5.633e-04;1.993e-01;-5.390e-04;1.045e+00;1.045e+00;1.049e+00;1.023e-01;2.742e-03;1.049e+00;1.023e-01;2.742e-03;1.045e+00;3.750e-01;-1.014e-03;1.000e+01;1.000e+01;4.167e-01;0.000e+00;1.044e+00;5.000e+01;4.167e-01;0.000e+00;1.044e+00;5.000e+01;5.000e+01
24.125752000;1.045e+00;2.083e-01;-5.628e-04;1.993e-01;-5.385e-04;1.045e+00;1.045e+00;1.049e+00;1.023e-01;2.742e-03;1.049e+00;1.023e-01;2.742e-03;1.045e+00;3.750e-01;-1.013e-03;1.000e+01;1.000e+01;4.167e-01;0.000e+00;1.044e+00;5.000e+01;4.167e-01;0.000e+00;1.044e+00;5.000e+01;5.000e+01
26.953752000;1.045e+00;2.083e-01;-8.711e-04;1.993e-01;-8.335e-04;1.045e+00;1.045e+00;1.049e+00;1.023e-01;2.596e-03;1.049e+00;1.023e-01;2.596e-03;1.045e+00;3.750e-01;-1.568e-03;1.000e+01;1.000e+01;4.167e-01;0.000e+00;1.044e+00;5.000e+01;4.167e-01;0.000e+00;1.044e+00;5.000e+01;5.000e+01
26.954752000;1.045e+00;2.083e-01;-8.711e-04;1.993e-01;-8.335e-04;1.045e+00;1.045e+00;1.048e+00;1.023e-01;2.595e-03;1.048e+00;1.023e-01;2.595e-03;1.045e+00;3.750e-01;-1.568e-03;1.000e+01;1.000e+01;4.167e-01;0.000e+00;1.044e+00;5.000e+01;4.167e-01;0.000e+00;1.044e+00;5.000e+01;5.000e+01
27.512123000;1.045e+00;2.083e-01;-9.239e-04;1.994e-01;-8.841e-04;1.045e+00;1.045e+00;1.048e+00;1.023e-01;2.570e-03;1.048e+00;1.023e-01;2.570e-03;1.045e+00;3.750e-01;-1.663e-03;1.000e+01;1.000e+01;4.167e-01;0.000e+00;1.044e+00;5.000e+01;4.167e-01;0.000e+00;1.044e+00;5.000e+01;5.000e+01
27.513123000;1.045e+00;2.083e-01;-9.239e-04;1.994e-01;-8.841e-04;1.044e+00;1.044e+00;1.048e+00;1.023e-01;2.570e-03;1.048e+00;1.023e-01;2.570e-03;1.045e+00;3.750e-01;-1.663e-03;1.000e+01;1.000e+01;4.167e-01;0.000e+00;1.044e+00;5.000e+01;4.167e-01;0.000e+00;1.044e+00;5.000e+01;5.000e+01
28.132123000;1.045e+00;2.083e-01;-9.783e-04;1.994e-01;-9.362e-04;1.044e+00;1.044e+00;1.048e+00;1.023e-01;2.544e-03;1.048e+00;1.023e-01;2.544e-03;1.045e+00;3.750e-01;-1.761e-03;1.000e+01;1.000e+01;4.167e-01;0.000e+00;1.044e+00;5.000e+01;4.167e-01;0.000e+00;1.044e+00;5.000e+01;5.000e+01
28.245123000;1.045e+00;2.083e-01;-9.878e-04;1.994e-01;-9.452e-04;1.044e+00;1.044e+00;1.048e+00;1.023e-01;2.540e-03;1.048e+00;1.023e-01;2.540e-03;1.045e+00;3.750e-01;-1.778e-03;1.000e+01;1.000e+01;4.167e-01;0.000e+00;1.044e+00;5.000e+01;4.167e-01;0.000e+00;1.044e+00;5.000e+01;5.000e+01
28.299123000;1.045e+00;2.083e-01;-9.922e-04;1.994e-01;-9.495e-04;1.044e+00;1.044e+00;1.048e+00;1.023e-01;2.538e-03;1.048e+00;1.023e-01;2.538e-03;1.045e+00;3.750e-01;-1.786e-03;1.000e+01;1.000e+01;4.167e-01;0.000e+00;1.044e+00;5.000e+01;4.167e-01;0.000e+00;1.044e+00;5.000e+01;5.000e+01
28.402123000;1.045e+00;2.083e-01;-1.001e-03;1.994e-01;-9.574e-04;1.044e+00;1.044e+00;1.048e+00;1.023e-01;2.534e-03;1.048e+00;1.023e-01;2.534e-03;1.045e+00;3.750e-01;-1.801e-03;1.000e+01;1.000e+01;4.167e-01;0.000e+00;1.044e+00;5.000e+01;4.167e-01;0.000e+00;1.044e+00;5.000e+01;5.000e+01
30.910104000;1.045e+00;2.083e-01;-1.136e-03;1.994e-01;-1.087e-03;1.044e+00;1.044e+00;1.048e+00;1.023e-01;2.469e-03;1.048e+00;1.023e-01;2.469e-03;1.045e+00;3.750e-01;-2.045e-03;1.000e+01;1.000e+01;4.167e-01;0.000e+00;1.044e+00;5.000e+01;4.167e-01;0.000e+00;1.044e+00;5.000e+01;5.000e+01
31.090104000;1.045e+00;2.083e-01;-1.138e-03;1.994e-01;-1.089e-03;1.044e+00;1.044e+00;1.048e+00;1.023e-01;2.469e-03;1.048e+00;1.023e-01;2.469e-03;1.045e+00;3.750e-01;-2.048e-03;1.000e+01;1.000e+01;4.167e-01;0.000e+00;1.044e+00;5.000e+01;4.167e-01;0.000e+00;1.044e+00;5.000e+01;5.000e+01
100.000000000;1.045e+00;2.083e-01;-1.074e-03;1.994e-01;-1.028e-03;1.044e+00;1.044e+00;1.048e+00;1.023e-01;2.499e-03;1.048e+00;1.023e-01;2.499e-03;1.045e+00;3.750e-01;-1.934e-03;1.000e+01;1.000e+01;4.167e-01;0.000e+00;1.044e+00;5.000e+01;4.167e-01;0.000e+00;1.044e+00;5.000e+01;5.000e+01
