time;BusPDR_BUS_Voltage;BusPDR_BUS_ActivePower;BusPDR_BUS_ReactivePower;BusPDR_BUS_ActiveCurrent;BusPDR_BUS_ReactiveCurrent;Wind_Turbine1_GEN_MagnitudeControlledByAVRPu;Wind_Turbine2_GEN_MagnitudeControlledByAVRPu;Measurements_BUS_Voltage;Measurements_BUS_ActivePower;Measurements_BUS_ReactivePower;StepUp_Xfmr1_XFMR_Tap;StepUp_Xfmr2_XFMR_Tap;Wind_Turbine1_GEN_InjectedActiveCurrent;Wind_Turbine1_GEN_InjectedReactiveCurrent;Wind_Turbine1_GEN_AVRSetpointPu;Wind_Turbine1_GEN_NetworkFrequencyPu;Wind_Turbine2_GEN_InjectedActiveCurrent;Wind_Turbine2_GEN_InjectedReactiveCurrent;Wind_Turbine2_GEN_AVRSetpointPu;Wind_Turbine2_GEN_NetworkFrequencyPu;NetworkFrequencyPu
0.000000000;1.044e+00;4.167e-01;-5.529e-07;3.989e-01;-5.399e-07;1.047e+00;1.047e+00;1.044e+00;7.500e-01;-1.001e-06;1.000e+01;1.000e+01;4.042e-01;-6.511e-03;1.043e+00;5.000e+01;4.042e-01;-6.511e-03;1.043e+00;5.000e+01;5.000e+01
0.233024000;1.044e+00;4.167e-01;-5.694e-04;3.989e-01;-5.452e-04;1.047e+00;1.047e+00;1.044e+00;7.500e-01;-1.025e-03;1.000e+01;1.000e+01;4.042e-01;-5.967e-03;1.043e+00;5.000e+01;4.042e-01;-5.967e-03;1.043e+00;5.000e+01;5.000e+01
0.234024000;1.044e+00;4.167e-01;-5.728e-04;3.989e-01;-5.484e-04;1.046e+00;1.046e+00;1.044e+00;7.500e-01;-1.031e-03;1.000e+01;1.000e+01;4.042e-01;-5.964e-03;1.043e+00;5.000e+01;4.042e-01;-5.964e-03;1.043e+00;5.000e+01;5.000e+01
0.298024000;1.044e+00;4.167e-01;-7.617e-04;3.989e-01;-7.293e-04;1.046e+00;1.046e+00;1.044e+00;7.500e-01;-1.371e-03;1.000e+01;1.000e+01;4.042e-01;-5.783e-03;1.043e+00;5.000e+01;4.042e-01;-5.783e-03;1.043e+00;5.000e+01;5.000e+01
0.299024000;1.044e+00;4.167e-01;-7.644e-04;3.990e-01;-7.319e-04;1.046e+00;1.046e+00;1.044e+00;7.500e-01;-1.376e-03;1.000e+01;1.000e+01;4.042e-01;-5.780e-03;1.043e+00;5.000e+01;4.042e-01;-5.780e-03;1.043e+00;5.000e+01;5.000e+01
0.314024000;1.044e+00;4.167e-01;-8.094e-04;3.990e-01;-7.750e-04;1.046e+00;1.046e+00;1.044e+00;7.500e-01;-1.457e-03;1.000e+01;1.000e+01;4.042e-01;-5.737e-03;1.043e+00;5.000e+01;4.042e-01;-5.737e-03;1.043e+00;5.000e+01;5.000e+01
0.319024000;1.044e+00;4.167e-01;-8.250e-04;3.990e-01;-7.899e-04;1.046e+00;1.046e+00;1.044e+00;7.500e-01;-1.485e-03;1.000e+01;1.000e+01;4.042e-01;-5.723e-03;1.043e+00;5.000e+01;4.042e-01;-5.723e-03;1.043e+00;5.000e+01;5.000e+01
0.321024000;1.044e+00;4.167e-01;-8.306e-04;3.990e-01;-7.952e-04;1.046e+00;1.046e+00;1.044e+00;7.500e-01;-1.495e-03;1.000e+01;1.000e+01;4.042e-01;-5.717e-03;1.043e+00;5.000e+01;4.042e-01;-5.717e-03;1.043e+00;5.000e+01;5.000e+01
0.496024000;1.044e+00;4.167e-01;-1.371e-03;3.990e-01;-1.313e-03;1.046e+00;1.046e+00;1.044e+00;7.500e-01;-2.468e-03;1.000e+01;1.000e+01;4.042e-01;-5.200e-03;1.043e+00;5.000e+01;4.042e-01;-5.200e-03;1.043e+00;5.000e+01;5.000e+01
0.497024000;1.044e+00;4.167e-01;-1.374e-03;3.990e-01;-1.316e-03;1.046e+00;1.046e+00;1.044e+00;7.500e-01;-2.473e-03;1.000e+01;1.000e+01;4.043e-01;-5.197e-03;1.043e+00;5.000e+01;4.043e-01;-5.197e-03;1.043e+00;5.000e+01;5.000e+01
1.080024000;1.044e+00;4.167e-01;-3.236e-03;3.990e-01;-3.099e-03;1.046e+00;1.046e+00;1.044e+00;7.500e-01;-5.825e-03;1.000e+01;1.000e+01;4.043e-01;-3.415e-03;1.043e+00;5.000e+01;4.043e-01;-3.415e-03;1.043e+00;5.000e+01;5.000e+01
1.081024000;1.044e+00;4.167e-01;-3.239e-03;3.990e-01;-3.102e-03;1.045e+00;1.045e+00;1.044e+00;7.500e-01;-5.831e-03;1.000e+01;1.000e+01;4.043e-01;-3.412e-03;1.043e+00;5.000e+01;4.043e-01;-3.412e-03;1.043e+00;5.000e+01;5.000e+01
1.376024000;1.044e+00;4.167e-01;-4.171e-03;3.990e-01;-3.994e-03;1.045e+00;1.045e+00;1.044e+00;7.500e-01;-7.507e-03;1.000e+01;1.000e+01;4.043e-01;-2.521e-03;1.043e+00;5.000e+01;4.043e-01;-2.521e-03;1.043e+00;5.000e+01;5.000e+01
1.391024000;1.044e+00;4.167e-01;-4.217e-03;3.990e-01;-4.039e-03;1.045e+00;1.045e+00;1.044e+00;7.500e-01;-7.591e-03;1.000e+01;1.000e+01;4.043e-01;-2.477e-03;1.043e+00;5.000e+01;4.043e-01;-2.477e-03;1.043e+00;5.000e+01;5.000e+01
1.558024000;1.044e+00;4.167e-01;-4.729e-03;3.990e-01;-4.529e-03;1.045e+00;1.045e+00;1.044e+00;7.500e-01;-8.512e-03;1.000e+01;1.000e+01;4.043e-01;-1.987e-03;1.043e+00;5.000e+01;4.043e-01;-1.987e-03;1.043e+00;5.000e+01;5.000e+01
1.559024000;1.044e+00;4.167e-01;-4.732e-03;3.990e-01;-4.531e-03;1.045e+00;1.045e+00;1.044e+00;7.500e-01;-8.517e-03;1.000e+01;1.000e+01;4.044e-01;-1.984e-03;1.043e+00;5.000e+01;4.044e-01;-1.984e-03;1.043e+00;5.000e+01;5.000e+01
1.853024000;1.044e+00;4.167e-01;-5.597e-03;3.990e-01;-5.361e-03;1.045e+00;1.045e+00;1.044e+00;7.500e-01;-1.008e-02;1.000e+01;1.000e+01;4.044e-01;-1.155e-03;1.043e+00;5.000e+01;4.044e-01;-1.155e-03;1.043e+00;5.000e+01;5.000e+01
1.862024000;1.044e+00;4.167e-01;-5.623e-03;3.990e-01;-5.386e-03;1.045e+00;1.045e+00;1.044e+00;7.500e-01;-1.012e-02;1.000e+01;1.000e+01;4.044e-01;-1.131e-03;1.043e+00;5.000e+01;4.044e-01;-1.131e-03;1.043e+00;5.000e+01;5.000e+01
1.863024000;1.044e+00;4.167e-01;-5.626e-03;3.991e-01;-5.388e-03;1.045e+00;1.045e+00;1.044e+00;7.500e-01;-1.013e-02;1.000e+01;1.000e+01;4.044e-01;-1.128e-03;1.043e+00;5.000e+01;4.044e-01;-1.128e-03;1.043e+00;5.000e+01;5.000e+01
1.879024000;1.044e+00;4.167e-01;-5.672e-03;3.991e-01;-5.432e-03;1.045e+00;1.045e+00;1.044e+00;7.500e-01;-1.021e-02;1.000e+01;1.000e+01;4.044e-01;-1.085e-03;1.043e+00;5.000e+01;4.044e-01;-1.085e-03;1.043e+00;5.000e+01;5.000e+01
1.880024000;1.044e+00;4.167e-01;-5.674e-03;3.991e-01;-5.435e-03;1.045e+00;1.045e+00;1.044e+00;7.500e-01;-1.021e-02;1.000e+01;1.000e+01;4.044e-01;-1.082e-03;1.043e+00;5.000e+01;4.044e-01;-1.082e-03;1.043e+00;5.000e+01;5.000e+01
1.958024000;1.044e+00;4.167e-01;-5.893e-03;3.991e-01;-5.644e-03;1.045e+00;1.045e+00;1.044e+00;7.500e-01;-1.061e-02;1.000e+01;1.000e+01;4.044e-01;-8.720e-04;1.043e+00;5.000e+01;4.044e-01;-8.720e-04;1.043e+00;5.000e+01;5.000e+01
1.959024000;1.044e+00;4.167e-01;-5.896e-03;3.991e-01;-5.647e-03;1.044e+00;1.044e+00;1.044e+00;7.500e-01;-1.061e-02;1.000e+01;1.000e+01;4.044e-01;-8.690e-04;1.043e+00;5.000e+01;4.044e-01;-8.690e-04;1.043e+00;5.000e+01;5.000e+01
2.312024000;1.044e+00;4.167e-01;-6.833e-03;3.991e-01;-6.545e-03;1.044e+00;1.044e+00;1.044e+00;7.500e-01;-1.230e-02;1.000e+01;1.000e+01;4.044e-01;2.800e-05;1.043e+00;5.000e+01;4.044e-01;2.800e-05;1.043e+00;5.000e+01;5.000e+01
2.322024000;1.044e+00;4.167e-01;-6.858e-03;3.991e-01;-6.569e-03;1.044e+00;1.044e+00;1.044e+00;7.500e-01;-1.235e-02;1.000e+01;1.000e+01;4.044e-01;5.200e-05;1.043e+00;5.000e+01;4.044e-01;5.200e-05;1.043e+00;5.000e+01;5.000e+01
2.362024000;1.044e+00;4.167e-01;-6.958e-03;3.991e-01;-6.665e-03;1.044e+00;1.044e+00;1.044e+00;7.500e-01;-1.252e-02;1.000e+01;1.000e+01;4.044e-01;1.470e-04;1.043e+00;5.000e+01;4.044e-01;1.470e-04;1.043e+00;5.000e+01;5.000e+01
2.373024000;1.044e+00;4.167e-01;-6.986e-03;3.991e-01;-6.691e-03;1.044e+00;1.044e+00;1.044e+00;7.500e-01;-1.257e-02;1.000e+01;1.000e+01;4.044e-01;1.730e-04;1.043e+00;5.000e+01;4.044e-01;1.730e-04;1.043e+00;5.000e+01;5.000e+01
2.774024000;1.044e+00;4.167e-01;-7.907e-03;3.991e-01;-7.574e-03;1.044e+00;1.044e+00;1.044e+00;7.500e-01;-1.423e-02;1.000e+01;1.000e+01;4.044e-01;1.056e-03;1.043e+00;5.000e+01;4.044e-01;1.056e-03;1.043e+00;5.000e+01;5.000e+01
2.785024000;1.044e+00;4.167e-01;-7.931e-03;3.991e-01;-7.596e-03;1.044e+00;1.044e+00;1.044e+00;7.500e-01;-1.427e-02;1.000e+01;1.000e+01;4.044e-01;1.078e-03;1.043e+00;5.000e+01;4.044e-01;1.078e-03;1.043e+00;5.000e+01;5.000e+01
2.793024000;1.044e+00;4.167e-01;-7.947e-03;3.991e-01;-7.612e-03;1.044e+00;1.044e+00;1.044e+00;7.500e-01;-1.431e-02;1.000e+01;1.000e+01;4.044e-01;1.094e-03;1.043e+00;5.000e+01;4.044e-01;1.094e-03;1.043e+00;5.000e+01;5.000e+01
2.809024000;1.044e+00;4.167e-01;-7.981e-03;3.991e-01;-7.645e-03;1.044e+00;1.044e+00;1.044e+00;7.500e-01;-1.437e-02;1.000e+01;1.000e+01;4.044e-01;1.126e-03;1.043e+00;5.000e+01;4.044e-01;1.126e-03;1.043e+00;5.000e+01;5.000e+01
2.880024000;1.044e+00;4.167e-01;-8.127e-03;3.991e-01;-7.785e-03;1.044e+00;1.044e+00;1.044e+00;7.500e-01;-1.463e-02;1.000e+01;1.000e+01;4.044e-01;1.266e-03;1.043e+00;5.000e+01;4.044e-01;1.266e-03;1.043e+00;5.000e+01;5.000e+01
2.881024000;1.044e+00;4.167e-01;-8.129e-03;3.991e-01;-7.787e-03;1.044e+00;1.044e+00;1.044e+00;7.500e-01;-1.463e-02;1.000e+01;1.000e+01;4.045e-01;1.268e-03;1.043e+00;5.000e+01;4.045e-01;1.268e-03;1.043e+00;5.000e+01;5.000e+01
3.103024000;1.044e+00;4.167e-01;-8.558e-03;3.991e-01;-8.197e-03;1.044e+00;1.044e+00;1.044e+00;7.500e-01;-1.540e-02;1.000e+01;1.000e+01;4.045e-01;1.679e-03;1.043e+00;5.000e+01;4.045e-01;1.679e-03;1.043e+00;5.000e+01;5.000e+01
3.104024000;1.044e+00;4.167e-01;-8.560e-03;3.991e-01;-8.199e-03;1.043e+00;1.043e+00;1.044e+00;7.500e-01;-1.541e-02;1.000e+01;1.000e+01;4.045e-01;1.681e-03;1.043e+00;5.000e+01;4.045e-01;1.681e-03;1.043e+00;5.000e+01;5.000e+01
3.310024000;1.044e+00;4.167e-01;-8.918e-03;3.991e-01;-8.543e-03;1.043e+00;1.043e+00;1.044e+00;7.500e-01;-1.605e-02;1.000e+01;1.000e+01;4.045e-01;2.024e-03;1.043e+00;5.000e+01;4.045e-01;2.024e-03;1.043e+00;5.000e+01;5.000e+01
3.312024000;1.044e+00;4.167e-01;-8.922e-03;3.991e-01;-8.546e-03;1.043e+00;1.043e+00;1.044e+00;7.500e-01;-1.606e-02;1.000e+01;1.000e+01;4.045e-01;2.027e-03;1.043e+00;5.000e+01;4.045e-01;2.027e-03;1.043e+00;5.000e+01;5.000e+01
3.338024000;1.044e+00;4.167e-01;-8.964e-03;3.991e-01;-8.586e-03;1.043e+00;1.043e+00;1.044e+00;7.500e-01;-1.614e-02;1.000e+01;1.000e+01;4.045e-01;2.067e-03;1.043e+00;5.000e+01;4.045e-01;2.067e-03;1.043e+00;5.000e+01;5.000e+01
3.838024000;1.044e+00;4.167e-01;-9.667e-03;3.991e-01;-9.260e-03;1.043e+00;1.043e+00;1.044e+00;7.500e-01;-1.740e-02;1.000e+01;1.000e+01;4.045e-01;2.740e-03;1.043e+00;5.000e+01;4.045e-01;2.740e-03;1.043e+00;5.000e+01;5.000e+01
3.845024000;1.044e+00;4.167e-01;-9.675e-03;3.991e-01;-9.268e-03;1.043e+00;1.043e+00;1.044e+00;7.500e-01;-1.741e-02;1.000e+01;1.000e+01;4.045e-01;2.748e-03;1.043e+00;5.000e+01;4.045e-01;2.748e-03;1.043e+00;5.000e+01;5.000e+01
3.849024000;1.044e+00;4.167e-01;-9.679e-03;3.991e-01;-9.272e-03;1.043e+00;1.043e+00;1.044e+00;7.500e-01;-1.742e-02;1.000e+01;1.000e+01;4.045e-01;2.753e-03;1.043e+00;5.000e+01;4.045e-01;2.753e-03;1.043e+00;5.000e+01;5.000e+01
3.883024000;1.044e+00;4.167e-01;-9.719e-03;3.991e-01;-9.310e-03;1.043e+00;1.043e+00;1.044e+00;7.500e-01;-1.750e-02;1.000e+01;1.000e+01;4.045e-01;2.791e-03;1.043e+00;5.000e+01;4.045e-01;2.791e-03;1.043e+00;5.000e+01;5.000e+01
4.363936000;1.044e+00;4.167e-01;-1.018e-02;3.991e-01;-9.757e-03;1.043e+00;1.043e+00;1.044e+00;7.500e-01;-1.833e-02;1.000e+01;1.000e+01;4.045e-01;3.236e-03;1.043e+00;5.000e+01;4.045e-01;3.236e-03;1.043e+00;5.000e+01;5.000e+01
4.380936000;1.044e+00;4.167e-01;-1.020e-02;3.991e-01;-9.769e-03;1.043e+00;1.043e+00;1.044e+00;7.500e-01;-1.836e-02;1.000e+01;1.000e+01;4.045e-01;3.250e-03;1.043e+00;5.000e+01;4.045e-01;3.250e-03;1.043e+00;5.000e+01;5.000e+01
4.388936000;1.044e+00;4.167e-01;-1.021e-02;3.991e-01;-9.776e-03;1.043e+00;1.043e+00;1.044e+00;7.500e-01;-1.837e-02;1.000e+01;1.000e+01;4.045e-01;3.256e-03;1.043e+00;5.000e+01;4.045e-01;3.256e-03;1.043e+00;5.000e+01;5.000e+01
4.428936000;1.044e+00;4.167e-01;-1.024e-02;3.991e-01;-9.806e-03;1.043e+00;1.043e+00;1.044e+00;7.500e-01;-1.843e-02;1.000e+01;1.000e+01;4.045e-01;3.286e-03;1.043e+00;5.000e+01;4.045e-01;3.286e-03;1.043e+00;5.000e+01;5.000e+01
4.948936000;1.044e+00;4.167e-01;-1.058e-02;3.991e-01;-1.013e-02;1.043e+00;1.043e+00;1.044e+00;7.500e-01;-1.904e-02;1.000e+01;1.000e+01;4.045e-01;3.613e-03;1.043e+00;5.000e+01;4.045e-01;3.613e-03;1.043e+00;5.000e+01;5.000e+01
4.949936000;1.044e+00;4.167e-01;-1.058e-02;3.992e-01;-1.013e-02;1.043e+00;1.043e+00;1.044e+00;7.500e-01;-1.904e-02;1.000e+01;1.000e+01;4.045e-01;3.613e-03;1.043e+00;5.000e+01;4.045e-01;3.613e-03;1.043e+00;5.000e+01;5.000e+01
5.037743000;1.044e+00;4.167e-01;-1.063e-02;3.992e-01;-1.018e-02;1.043e+00;1.043e+00;1.044e+00;7.500e-01;-1.912e-02;1.000e+01;1.000e+01;4.045e-01;3.658e-03;1.043e+00;5.000e+01;4.045e-01;3.658e-03;1.043e+00;5.000e+01;5.000e+01
5.051743000;1.044e+00;4.167e-01;-1.063e-02;3.992e-01;-1.019e-02;1.043e+00;1.043e+00;1.044e+00;7.500e-01;-1.914e-02;1.000e+01;1.000e+01;4.045e-01;3.665e-03;1.043e+00;5.000e+01;4.045e-01;3.665e-03;1.043e+00;5.000e+01;5.000e+01
5.065743000;1.044e+00;4.167e-01;-1.064e-02;3.992e-01;-1.019e-02;1.043e+00;1.043e+00;1.044e+00;7.500e-01;-1.915e-02;1.000e+01;1.000e+01;4.045e-01;3.672e-03;1.043e+00;5.000e+01;4.045e-01;3.672e-03;1.043e+00;5.000e+01;5.000e+01
5.081743000;1.044e+00;4.167e-01;-1.065e-02;3.992e-01;-1.020e-02;1.043e+00;1.043e+00;1.044e+00;7.500e-01;-1.917e-02;1.000e+01;1.000e+01;4.045e-01;3.679e-03;1.043e+00;5.000e+01;4.045e-01;3.679e-03;1.043e+00;5.000e+01;5.000e+01
5.814743000;1.044e+00;4.167e-01;-1.088e-02;3.992e-01;-1.043e-02;1.043e+00;1.043e+00;1.044e+00;7.500e-01;-1.959e-02;1.000e+01;1.000e+01;4.045e-01;3.905e-03;1.043e+00;5.000e+01;4.045e-01;3.905e-03;1.043e+00;5.000e+01;5.000e+01
5.826743000;1.044e+00;4.167e-01;-1.088e-02;3.992e-01;-1.043e-02;1.043e+00;1.043e+00;1.044e+00;7.500e-01;-1.959e-02;1.000e+01;1.000e+01;4.045e-01;3.907e-03;1.043e+00;5.000e+01;4.045e-01;3.907e-03;1.043e+00;5.000e+01;5.000e+01
5.828743000;1.044e+00;4.167e-01;-1.089e-02;3.992e-01;-1.043e-02;1.043e+00;1.043e+00;1.044e+00;7.500e-01;-1.959e-02;1.000e+01;1.000e+01;4.045e-01;3.907e-03;1.043e+00;5.000e+01;4.045e-01;3.907e-03;1.043e+00;5.000e+01;5.000e+01
5.870743000;1.044e+00;4.167e-01;-1.089e-02;3.992e-01;-1.043e-02;1.043e+00;1.043e+00;1.044e+00;7.500e-01;-1.961e-02;1.000e+01;1.000e+01;4.045e-01;3.913e-03;1.043e+00;5.000e+01;4.045e-01;3.913e-03;1.043e+00;5.000e+01;5.000e+01
6.735743000;1.044e+00;4.167e-01;-1.091e-02;3.992e-01;-1.045e-02;1.043e+00;1.043e+00;1.044e+00;7.500e-01;-1.963e-02;1.000e+01;1.000e+01;4.045e-01;3.930e-03;1.043e+00;5.000e+01;4.045e-01;3.930e-03;1.043e+00;5.000e+01;5.000e+01
6.778743000;1.044e+00;4.167e-01;-1.091e-02;3.992e-01;-1.045e-02;1.043e+00;1.043e+00;1.044e+00;7.500e-01;-1.963e-02;1.000e+01;1.000e+01;4.045e-01;3.926e-03;1.043e+00;5.000e+01;4.045e-01;3.926e-03;1.043e+00;5.000e+01;5.000e+01
6.796743000;1.044e+00;4.167e-01;-1.090e-02;3.992e-01;-1.045e-02;1.043e+00;1.043e+00;1.044e+00;7.500e-01;-1.963e-02;1.000e+01;1.000e+01;4.045e-01;3.924e-03;1.043e+00;5.000e+01;4.045e-01;3.924e-03;1.043e+00;5.000e+01;5.000e+01
6.801743000;1.044e+00;4.167e-01;-1.090e-02;3.992e-01;-1.044e-02;1.043e+00;1.043e+00;1.044e+00;7.500e-01;-1.963e-02;1.000e+01;1.000e+01;4.045e-01;3.924e-03;1.043e+00;5.000e+01;4.045e-01;3.924e-03;1.043e+00;5.000e+01;5.000e+01
8.658812000;1.044e+00;4.167e-01;-1.058e-02;3.992e-01;-1.013e-02;1.043e+00;1.043e+00;1.044e+00;7.500e-01;-1.904e-02;1.000e+01;1.000e+01;4.045e-01;3.613e-03;1.043e+00;5.000e+01;4.045e-01;3.613e-03;1.043e+00;5.000e+01;5.000e+01
8.659812000;1.044e+00;4.167e-01;-1.058e-02;3.991e-01;-1.013e-02;1.043e+00;1.043e+00;1.044e+00;7.500e-01;-1.904e-02;1.000e+01;1.000e+01;4.045e-01;3.613e-03;1.043e+00;5.000e+01;4.045e-01;3.613e-03;1.043e+00;5.000e+01;5.000e+01
10.804812000;1.044e+00;4.167e-01;-1.020e-02;3.991e-01;-9.774e-03;1.043e+00;1.043e+00;1.044e+00;7.500e-01;-1.836e-02;1.000e+01;1.000e+01;4.045e-01;3.254e-03;1.043e+00;5.000e+01;4.045e-01;3.254e-03;1.043e+00;5.000e+01;5.000e+01
10.842812000;1.044e+00;4.167e-01;-1.020e-02;3.991e-01;-9.768e-03;1.043e+00;1.043e+00;1.044e+00;7.500e-01;-1.835e-02;1.000e+01;1.000e+01;4.045e-01;3.248e-03;1.043e+00;5.000e+01;4.045e-01;3.248e-03;1.043e+00;5.000e+01;5.000e+01
10.875812000;1.044e+00;4.167e-01;-1.019e-02;3.991e-01;-9.763e-03;1.043e+00;1.043e+00;1.044e+00;7.500e-01;-1.835e-02;1.000e+01;1.000e+01;4.045e-01;3.244e-03;1.043e+00;5.000e+01;4.045e-01;3.244e-03;1.043e+00;5.000e+01;5.000e+01
10.906812000;1.044e+00;4.167e-01;-1.019e-02;3.991e-01;-9.759e-03;1.043e+00;1.043e+00;1.044e+00;7.500e-01;-1.834e-02;1.000e+01;1.000e+01;4.045e-01;3.239e-03;1.043e+00;5.000e+01;4.045e-01;3.239e-03;1.043e+00;5.000e+01;5.000e+01
10.925812000;1.044e+00;4.167e-01;-1.018e-02;3.991e-01;-9.757e-03;1.043e+00;1.043e+00;1.044e+00;7.500e-01;-1.833e-02;1.000e+01;1.000e+01;4.045e-01;3.237e-03;1.043e+00;5.000e+01;4.045e-01;3.237e-03;1.043e+00;5.000e+01;5.000e+01
13.140703000;1.044e+00;4.167e-01;-9.964e-03;3.991e-01;-9.545e-03;1.043e+00;1.043e+00;1.044e+00;7.500e-01;-1.793e-02;1.000e+01;1.000e+01;4.045e-01;3.025e-03;1.043e+00;5.000e+01;4.045e-01;3.025e-03;1.043e+00;5.000e+01;5.000e+01
13.185703000;1.044e+00;4.167e-01;-9.962e-03;3.991e-01;-9.543e-03;1.043e+00;1.043e+00;1.044e+00;7.500e-01;-1.793e-02;1.000e+01;1.000e+01;4.045e-01;3.023e-03;1.043e+00;5.000e+01;4.045e-01;3.023e-03;1.043e+00;5.000e+01;5.000e+01
13.227703000;1.044e+00;4.167e-01;-9.961e-03;3.991e-01;-9.541e-03;1.043e+00;1.043e+00;1.044e+00;7.500e-01;-1.793e-02;1.000e+01;1.000e+01;4.045e-01;3.022e-03;1.043e+00;5.000e+01;4.045e-01;3.022e-03;1.043e+00;5.000e+01;5.000e+01
13.259703000;1.044e+00;4.167e-01;-9.959e-03;3.991e-01;-9.540e-03;1.043e+00;1.043e+00;1.044e+00;7.500e-01;-1.793e-02;1.000e+01;1.000e+01;4.045e-01;3.021e-03;1.043e+00;5.000e+01;4.045e-01;3.021e-03;1.043e+00;5.000e+01;5.000e+01
19.999996000;1.044e+00;4.167e-01;-1.007e-02;3.991e-01;-9.651e-03;1.043e+00;1.043e+00;1.044e+00;7.500e-01;-1.813e-02;1.000e+01;1.000e+01;4.045e-01;3.131e-03;1.043e+00;5.000e+01;4.045e-01;3.131e-03;1.043e+00;5.000e+01;5.000e+01
19.999996000;1.044e+00;4.167e-01;-1.007e-02;3.991e-01;-9.651e-03;1.043e+00;1.043e+00;1.044e+00;7.500e-01;-1.813e-02;1.000e+01;1.000e+01;4.045e-01;3.131e-03;1.064e+00;5.000e+01;4.045e-01;3.131e-03;1.064e+00;5.000e+01;5.000e+01
20.002020000;1.044e+00;4.167e-01;-1.007e-02;3.991e-01;-9.649e-03;1.043e+00;1.043e+00;1.044e+00;7.500e-01;-1.813e-02;1.000e+01;1.000e+01;4.045e-01;3.129e-03;1.064e+00;5.000e+01;4.045e-01;3.129e-03;1.064e+00;5.000e+01;5.000e+01
20.003020000;1.044e+00;4.167e-01;-1.007e-02;3.991e-01;-9.646e-03;1.043e+00;1.043e+00;1.044e+00;7.500e-01;-1.813e-02;1.000e+01;1.000e+01;4.045e-01;3.127e-03;1.064e+00;5.000e+01;4.045e-01;3.127e-03;1.064e+00;5.000e+01;5.000e+01
20.004020000;1.044e+00;4.167e-01;-1.007e-02;3.991e-01;-9.644e-03;1.043e+00;1.043e+00;1.044e+00;7.500e-01;-1.812e-02;1.000e+01;1.000e+01;4.045e-01;3.124e-03;1.064e+00;5.000e+01;4.045e-01;3.124e-03;1.064e+00;5.000e+01;5.000e+01
20.040020000;1.044e+00;4.167e-01;-9.731e-03;3.991e-01;-9.322e-03;1.043e+00;1.043e+00;1.044e+00;7.500e-01;-1.752e-02;1.000e+01;1.000e+01;4.045e-01;2.802e-03;1.064e+00;5.000e+01;4.045e-01;2.802e-03;1.064e+00;5.000e+01;5.000e+01
20.041020000;1.044e+00;4.167e-01;-9.719e-03;3.991e-01;-9.310e-03;1.043e+00;1.043e+00;1.044e+00;7.500e-01;-1.750e-02;1.000e+01;1.000e+01;4.045e-01;2.791e-03;1.064e+00;5.000e+01;4.045e-01;2.791e-03;1.064e+00;5.000e+01;5.000e+01
20.050020000;1.044e+00;4.167e-01;-9.612e-03;3.991e-01;-9.207e-03;1.043e+00;1.043e+00;1.044e+00;7.500e-01;-1.730e-02;1.000e+01;1.000e+01;4.045e-01;2.688e-03;1.064e+00;5.000e+01;4.045e-01;2.688e-03;1.064e+00;5.000e+01;5.000e+01
20.111020000;1.044e+00;4.167e-01;-8.807e-03;3.991e-01;-8.436e-03;1.043e+00;1.043e+00;1.044e+00;7.500e-01;-1.585e-02;1.000e+01;1.000e+01;4.045e-01;1.916e-03;1.064e+00;5.000e+01;4.045e-01;1.916e-03;1.064e+00;5.000e+01;5.000e+01
20.113020000;1.044e+00;4.167e-01;-8.778e-03;3.991e-01;-8.408e-03;1.043e+00;1.043e+00;1.044e+00;7.500e-01;-1.580e-02;1.000e+01;1.000e+01;4.045e-01;1.890e-03;1.064e+00;5.000e+01;4.045e-01;1.890e-03;1.064e+00;5.000e+01;5.000e+01
20.114020000;1.044e+00;4.167e-01;-8.764e-03;3.991e-01;-8.395e-03;1.043e+00;1.043e+00;1.044e+00;7.500e-01;-1.578e-02;1.000e+01;1.000e+01;4.045e-01;1.876e-03;1.064e+00;5.000e+01;4.045e-01;1.876e-03;1.064e+00;5.000e+01;5.000e+01
20.122020000;1.044e+00;4.167e-01;-8.651e-03;3.991e-01;-8.286e-03;1.043e+00;1.043e+00;1.044e+00;7.500e-01;-1.557e-02;1.000e+01;1.000e+01;4.045e-01;1.767e-03;1.064e+00;5.000e+01;4.045e-01;1.767e-03;1.064e+00;5.000e+01;5.000e+01
20.128020000;1.044e+00;4.167e-01;-8.564e-03;3.991e-01;-8.204e-03;1.043e+00;1.043e+00;1.044e+00;7.500e-01;-1.542e-02;1.000e+01;1.000e+01;4.045e-01;1.685e-03;1.064e+00;5.000e+01;4.045e-01;1.685e-03;1.064e+00;5.000e+01;5.000e+01
20.129020000;1.044e+00;4.167e-01;-8.550e-03;3.991e-01;-8.190e-03;1.044e+00;1.044e+00;1.044e+00;7.500e-01;-1.539e-02;1.000e+01;1.000e+01;4.045e-01;1.671e-03;1.064e+00;5.000e+01;4.045e-01;1.671e-03;1.064e+00;5.000e+01;5.000e+01
20.183020000;1.044e+00;4.167e-01;-7.743e-03;3.991e-01;-7.417e-03;1.044e+00;1.044e+00;1.044e+00;7.500e-01;-1.394e-02;1.000e+01;1.000e+01;4.045e-01;8.990e-04;1.064e+00;5.000e+01;4.045e-01;8.990e-04;1.064e+00;5.000e+01;5.000e+01
20.184020000;1.044e+00;4.167e-01;-7.728e-03;3.991e-01;-7.402e-03;1.044e+00;1.044e+00;1.044e+00;7.500e-01;-1.391e-02;1.000e+01;1.000e+01;4.044e-01;8.840e-04;1.064e+00;5.000e+01;4.045e-01;8.840e-04;1.064e+00;5.000e+01;5.000e+01
20.185020000;1.044e+00;4.167e-01;-7.713e-03;3.991e-01;-7.387e-03;1.044e+00;1.044e+00;1.044e+00;7.500e-01;-1.388e-02;1.000e+01;1.000e+01;4.044e-01;8.690e-04;1.064e+00;5.000e+01;4.044e-01;8.690e-04;1.064e+00;5.000e+01;5.000e+01
20.298020000;1.044e+00;4.167e-01;-5.910e-03;3.991e-01;-5.660e-03;1.044e+00;1.044e+00;1.044e+00;7.500e-01;-1.064e-02;1.000e+01;1.000e+01;4.044e-01;-8.560e-04;1.064e+00;5.000e+01;4.044e-01;-8.560e-04;1.064e+00;5.000e+01;5.000e+01
20.299020000;1.044e+00;4.167e-01;-5.894e-03;3.991e-01;-5.645e-03;1.045e+00;1.045e+00;1.044e+00;7.500e-01;-1.061e-02;1.000e+01;1.000e+01;4.044e-01;-8.720e-04;1.064e+00;5.000e+01;4.044e-01;-8.720e-04;1.064e+00;5.000e+01;5.000e+01
20.306020000;1.044e+00;4.167e-01;-5.779e-03;3.991e-01;-5.535e-03;1.045e+00;1.045e+00;1.044e+00;7.500e-01;-1.040e-02;1.000e+01;1.000e+01;4.044e-01;-9.820e-04;1.064e+00;5.000e+01;4.044e-01;-9.820e-04;1.064e+00;5.000e+01;5.000e+01
20.309020000;1.044e+00;4.167e-01;-5.729e-03;3.991e-01;-5.487e-03;1.045e+00;1.045e+00;1.044e+00;7.500e-01;-1.031e-02;1.000e+01;1.000e+01;4.044e-01;-1.029e-03;1.064e+00;5.000e+01;4.044e-01;-1.029e-03;1.064e+00;5.000e+01;5.000e+01
20.315020000;1.044e+00;4.167e-01;-5.631e-03;3.991e-01;-5.392e-03;1.045e+00;1.045e+00;1.044e+00;7.500e-01;-1.013e-02;1.000e+01;1.000e+01;4.044e-01;-1.124e-03;1.064e+00;5.000e+01;4.044e-01;-1.124e-03;1.064e+00;5.000e+01;5.000e+01
20.317020000;1.044e+00;4.167e-01;-5.597e-03;3.991e-01;-5.361e-03;1.045e+00;1.045e+00;1.044e+00;7.500e-01;-1.008e-02;1.000e+01;1.000e+01;4.044e-01;-1.156e-03;1.064e+00;5.000e+01;4.044e-01;-1.156e-03;1.064e+00;5.000e+01;5.000e+01
20.345020000;1.044e+00;4.167e-01;-5.133e-03;3.991e-01;-4.916e-03;1.045e+00;1.045e+00;1.044e+00;7.500e-01;-9.239e-03;1.000e+01;1.000e+01;4.044e-01;-1.600e-03;1.064e+00;5.000e+01;4.044e-01;-1.600e-03;1.064e+00;5.000e+01;5.000e+01
20.346020000;1.044e+00;4.167e-01;-5.116e-03;3.990e-01;-4.900e-03;1.045e+00;1.045e+00;1.044e+00;7.500e-01;-9.209e-03;1.000e+01;1.000e+01;4.044e-01;-1.616e-03;1.064e+00;5.000e+01;4.044e-01;-1.616e-03;1.064e+00;5.000e+01;5.000e+01
20.387020000;1.044e+00;4.167e-01;-4.429e-03;3.990e-01;-4.241e-03;1.045e+00;1.045e+00;1.044e+00;7.500e-01;-7.972e-03;1.000e+01;1.000e+01;4.044e-01;-2.274e-03;1.064e+00;5.000e+01;4.044e-01;-2.274e-03;1.064e+00;5.000e+01;5.000e+01
20.388020000;1.044e+00;4.167e-01;-4.412e-03;3.990e-01;-4.225e-03;1.045e+00;1.045e+00;1.044e+00;7.500e-01;-7.942e-03;1.000e+01;1.000e+01;4.043e-01;-2.290e-03;1.064e+00;5.000e+01;4.043e-01;-2.290e-03;1.064e+00;5.000e+01;5.000e+01
20.457020000;1.044e+00;4.167e-01;-3.241e-03;3.990e-01;-3.104e-03;1.045e+00;1.045e+00;1.044e+00;7.500e-01;-5.834e-03;1.000e+01;1.000e+01;4.043e-01;-3.411e-03;1.064e+00;5.000e+01;4.043e-01;-3.411e-03;1.064e+00;5.000e+01;5.000e+01
20.458020000;1.044e+00;4.167e-01;-3.224e-03;3.990e-01;-3.087e-03;1.046e+00;1.046e+00;1.044e+00;7.500e-01;-5.803e-03;1.000e+01;1.000e+01;4.043e-01;-3.427e-03;1.064e+00;5.000e+01;4.043e-01;-3.427e-03;1.064e+00;5.000e+01;5.000e+01
20.550020000;1.044e+00;4.167e-01;-1.641e-03;3.990e-01;-1.571e-03;1.046e+00;1.046e+00;1.044e+00;7.500e-01;-2.954e-03;1.000e+01;1.000e+01;4.043e-01;-4.941e-03;1.064e+00;5.000e+01;4.043e-01;-4.941e-03;1.064e+00;5.000e+01;5.000e+01
20.559020000;1.044e+00;4.167e-01;-1.486e-03;3.990e-01;-1.422e-03;1.046e+00;1.046e+00;1.044e+00;7.500e-01;-2.674e-03;1.000e+01;1.000e+01;4.043e-01;-5.091e-03;1.064e+00;5.000e+01;4.043e-01;-5.091e-03;1.064e+00;5.000e+01;5.000e+01
20.560020000;1.044e+00;4.167e-01;-1.468e-03;3.990e-01;-1.406e-03;1.046e+00;1.046e+00;1.044e+00;7.500e-01;-2.643e-03;1.000e+01;1.000e+01;4.043e-01;-5.107e-03;1.064e+00;5.000e+01;4.043e-01;-5.107e-03;1.064e+00;5.000e+01;5.000e+01
20.578020000;1.044e+00;4.167e-01;-1.156e-03;3.990e-01;-1.107e-03;1.046e+00;1.046e+00;1.044e+00;7.500e-01;-2.081e-03;1.000e+01;1.000e+01;4.043e-01;-5.406e-03;1.064e+00;5.000e+01;4.043e-01;-5.406e-03;1.064e+00;5.000e+01;5.000e+01
20.579020000;1.044e+00;4.167e-01;-1.139e-03;3.990e-01;-1.090e-03;1.046e+00;1.046e+00;1.044e+00;7.500e-01;-2.050e-03;1.000e+01;1.000e+01;4.042e-01;-5.422e-03;1.064e+00;5.000e+01;4.042e-01;-5.422e-03;1.064e+00;5.000e+01;5.000e+01
20.611020000;1.044e+00;4.167e-01;-5.822e-04;3.990e-01;-5.575e-04;1.046e+00;1.046e+00;1.044e+00;7.500e-01;-1.048e-03;1.000e+01;1.000e+01;4.042e-01;-5.955e-03;1.064e+00;5.000e+01;4.042e-01;-5.955e-03;1.064e+00;5.000e+01;5.000e+01
20.612020000;1.044e+00;4.167e-01;-5.650e-04;3.990e-01;-5.410e-04;1.047e+00;1.047e+00;1.044e+00;7.500e-01;-1.017e-03;1.000e+01;1.000e+01;4.042e-01;-5.971e-03;1.064e+00;5.000e+01;4.042e-01;-5.971e-03;1.064e+00;5.000e+01;5.000e+01
20.618020000;1.044e+00;4.167e-01;-4.606e-04;3.990e-01;-4.410e-04;1.047e+00;1.047e+00;1.044e+00;7.500e-01;-8.290e-04;1.000e+01;1.000e+01;4.042e-01;-6.071e-03;1.064e+00;5.000e+01;4.042e-01;-6.071e-03;1.064e+00;5.000e+01;5.000e+01
20.619020000;1.044e+00;4.167e-01;-4.428e-04;3.989e-01;-4.239e-04;1.047e+00;1.047e+00;1.044e+00;7.500e-01;-7.970e-04;1.000e+01;1.000e+01;4.042e-01;-6.088e-03;1.064e+00;5.000e+01;4.042e-01;-6.088e-03;1.064e+00;5.000e+01;5.000e+01
20.705020000;1.044e+00;4.167e-01;1.060e-03;3.989e-01;1.015e-03;1.047e+00;1.047e+00;1.044e+00;7.500e-01;1.908e-03;1.000e+01;1.000e+01;4.042e-01;-7.526e-03;1.064e+00;5.000e+01;4.042e-01;-7.526e-03;1.064e+00;5.000e+01;5.000e+01
20.706020000;1.045e+00;4.167e-01;1.078e-03;3.989e-01;1.032e-03;1.047e+00;1.047e+00;1.045e+00;7.500e-01;1.940e-03;1.000e+01;1.000e+01;4.042e-01;-7.542e-03;1.064e+00;5.000e+01;4.042e-01;-7.542e-03;1.064e+00;5.000e+01;5.000e+01
20.763020000;1.045e+00;4.167e-01;2.078e-03;3.989e-01;1.989e-03;1.047e+00;1.047e+00;1.045e+00;7.500e-01;3.740e-03;1.000e+01;1.000e+01;4.042e-01;-8.499e-03;1.064e+00;5.000e+01;4.042e-01;-8.499e-03;1.064e+00;5.000e+01;5.000e+01
20.764020000;1.045e+00;4.167e-01;2.096e-03;3.989e-01;2.006e-03;1.048e+00;1.048e+00;1.045e+00;7.500e-01;3.772e-03;1.000e+01;1.000e+01;4.042e-01;-8.516e-03;1.064e+00;5.000e+01;4.042e-01;-8.516e-03;1.064e+00;5.000e+01;5.000e+01
20.769020000;1.045e+00;4.167e-01;2.183e-03;3.989e-01;2.090e-03;1.048e+00;1.048e+00;1.045e+00;7.500e-01;3.930e-03;1.000e+01;1.000e+01;4.042e-01;-8.600e-03;1.064e+00;5.000e+01;4.042e-01;-8.600e-03;1.064e+00;5.000e+01;5.000e+01
20.770020000;1.045e+00;4.167e-01;2.201e-03;3.989e-01;2.107e-03;1.048e+00;1.048e+00;1.045e+00;7.500e-01;3.961e-03;1.000e+01;1.000e+01;4.041e-01;-8.617e-03;1.064e+00;5.000e+01;4.042e-01;-8.617e-03;1.064e+00;5.000e+01;5.000e+01
20.771020000;1.045e+00;4.167e-01;2.218e-03;3.989e-01;2.124e-03;1.048e+00;1.048e+00;1.045e+00;7.500e-01;3.993e-03;1.000e+01;1.000e+01;4.041e-01;-8.633e-03;1.064e+00;5.000e+01;4.041e-01;-8.633e-03;1.064e+00;5.000e+01;5.000e+01
20.890020000;1.045e+00;4.167e-01;4.312e-03;3.989e-01;4.127e-03;1.048e+00;1.048e+00;1.045e+00;7.500e-01;7.761e-03;1.000e+01;1.000e+01;4.041e-01;-1.064e-02;1.064e+00;5.000e+01;4.041e-01;-1.064e-02;1.064e+00;5.000e+01;5.000e+01
20.891020000;1.045e+00;4.167e-01;4.329e-03;3.988e-01;4.144e-03;1.048e+00;1.048e+00;1.045e+00;7.500e-01;7.792e-03;1.000e+01;1.000e+01;4.041e-01;-1.065e-02;1.064e+00;5.000e+01;4.041e-01;-1.065e-02;1.064e+00;5.000e+01;5.000e+01
20.914020000;1.045e+00;4.167e-01;4.734e-03;3.988e-01;4.531e-03;1.048e+00;1.048e+00;1.045e+00;7.500e-01;8.521e-03;1.000e+01;1.000e+01;4.041e-01;-1.104e-02;1.064e+00;5.000e+01;4.041e-01;-1.104e-02;1.064e+00;5.000e+01;5.000e+01
20.915020000;1.045e+00;4.167e-01;4.751e-03;3.988e-01;4.548e-03;1.049e+00;1.049e+00;1.045e+00;7.500e-01;8.552e-03;1.000e+01;1.000e+01;4.041e-01;-1.106e-02;1.064e+00;5.000e+01;4.041e-01;-1.106e-02;1.064e+00;5.000e+01;5.000e+01
20.961020000;1.045e+00;4.167e-01;5.561e-03;3.988e-01;5.322e-03;1.049e+00;1.049e+00;1.045e+00;7.500e-01;1.001e-02;1.000e+01;1.000e+01;4.041e-01;-1.183e-02;1.064e+00;5.000e+01;4.041e-01;-1.183e-02;1.064e+00;5.000e+01;5.000e+01
20.962020000;1.045e+00;4.167e-01;5.578e-03;3.988e-01;5.339e-03;1.049e+00;1.049e+00;1.045e+00;7.500e-01;1.004e-02;1.000e+01;1.000e+01;4.040e-01;-1.185e-02;1.064e+00;5.000e+01;4.040e-01;-1.185e-02;1.064e+00;5.000e+01;5.000e+01
21.066020000;1.045e+00;4.167e-01;7.403e-03;3.988e-01;7.085e-03;1.049e+00;1.049e+00;1.045e+00;7.500e-01;1.333e-02;1.000e+01;1.000e+01;4.040e-01;-1.359e-02;1.064e+00;5.000e+01;4.040e-01;-1.359e-02;1.064e+00;5.000e+01;5.000e+01
21.067020000;1.045e+00;4.167e-01;7.421e-03;3.988e-01;7.102e-03;1.050e+00;1.050e+00;1.045e+00;7.500e-01;1.336e-02;1.000e+01;1.000e+01;4.040e-01;-1.361e-02;1.064e+00;5.000e+01;4.040e-01;-1.361e-02;1.064e+00;5.000e+01;5.000e+01
21.149020000;1.045e+00;4.167e-01;8.853e-03;3.988e-01;8.472e-03;1.050e+00;1.050e+00;1.045e+00;7.500e-01;1.594e-02;1.000e+01;1.000e+01;4.040e-01;-1.498e-02;1.064e+00;5.000e+01;4.040e-01;-1.498e-02;1.064e+00;5.000e+01;5.000e+01
21.152020000;1.045e+00;4.167e-01;8.905e-03;3.988e-01;8.522e-03;1.050e+00;1.050e+00;1.045e+00;7.500e-01;1.603e-02;1.000e+01;1.000e+01;4.040e-01;-1.503e-02;1.064e+00;5.000e+01;4.040e-01;-1.503e-02;1.064e+00;5.000e+01;5.000e+01
21.153020000;1.045e+00;4.167e-01;8.922e-03;3.988e-01;8.539e-03;1.050e+00;1.050e+00;1.045e+00;7.500e-01;1.606e-02;1.000e+01;1.000e+01;4.039e-01;-1.504e-02;1.064e+00;5.000e+01;4.039e-01;-1.504e-02;1.064e+00;5.000e+01;5.000e+01
21.169020000;1.045e+00;4.167e-01;9.201e-03;3.988e-01;8.805e-03;1.050e+00;1.050e+00;1.045e+00;7.500e-01;1.656e-02;1.000e+01;1.000e+01;4.039e-01;-1.531e-02;1.064e+00;5.000e+01;4.039e-01;-1.531e-02;1.064e+00;5.000e+01;5.000e+01
21.170020000;1.045e+00;4.167e-01;9.218e-03;3.987e-01;8.822e-03;1.050e+00;1.050e+00;1.045e+00;7.500e-01;1.659e-02;1.000e+01;1.000e+01;4.039e-01;-1.533e-02;1.064e+00;5.000e+01;4.039e-01;-1.533e-02;1.064e+00;5.000e+01;5.000e+01
21.219020000;1.045e+00;4.167e-01;1.007e-02;3.987e-01;9.635e-03;1.050e+00;1.050e+00;1.045e+00;7.500e-01;1.812e-02;1.000e+01;1.000e+01;4.039e-01;-1.614e-02;1.064e+00;5.000e+01;4.039e-01;-1.614e-02;1.064e+00;5.000e+01;5.000e+01
21.220020000;1.045e+00;4.167e-01;1.009e-02;3.987e-01;9.652e-03;1.051e+00;1.051e+00;1.045e+00;7.500e-01;1.816e-02;1.000e+01;1.000e+01;4.039e-01;-1.615e-02;1.064e+00;5.000e+01;4.039e-01;-1.615e-02;1.064e+00;5.000e+01;5.000e+01
21.349020000;1.045e+00;4.167e-01;1.231e-02;3.987e-01;1.177e-02;1.051e+00;1.051e+00;1.045e+00;7.500e-01;2.215e-02;1.000e+01;1.000e+01;4.039e-01;-1.828e-02;1.064e+00;5.000e+01;4.039e-01;-1.828e-02;1.064e+00;5.000e+01;5.000e+01
21.350020000;1.045e+00;4.167e-01;1.232e-02;3.987e-01;1.179e-02;1.051e+00;1.051e+00;1.045e+00;7.500e-01;2.218e-02;1.000e+01;1.000e+01;4.038e-01;-1.829e-02;1.064e+00;5.000e+01;4.038e-01;-1.829e-02;1.064e+00;5.000e+01;5.000e+01
21.373020000;1.045e+00;4.167e-01;1.272e-02;3.987e-01;1.217e-02;1.051e+00;1.051e+00;1.045e+00;7.500e-01;2.289e-02;1.000e+01;1.000e+01;4.038e-01;-1.867e-02;1.064e+00;5.000e+01;4.038e-01;-1.867e-02;1.064e+00;5.000e+01;5.000e+01
21.374020000;1.045e+00;4.167e-01;1.273e-02;3.987e-01;1.218e-02;1.052e+00;1.052e+00;1.045e+00;7.500e-01;2.292e-02;1.000e+01;1.000e+01;4.038e-01;-1.868e-02;1.064e+00;5.000e+01;4.038e-01;-1.868e-02;1.064e+00;5.000e+01;5.000e+01
21.408020000;1.045e+00;4.167e-01;1.331e-02;3.987e-01;1.274e-02;1.052e+00;1.052e+00;1.045e+00;7.500e-01;2.396e-02;1.000e+01;1.000e+01;4.038e-01;-1.924e-02;1.064e+00;5.000e+01;4.038e-01;-1.924e-02;1.064e+00;5.000e+01;5.000e+01
21.411020000;1.045e+00;4.167e-01;1.336e-02;3.987e-01;1.278e-02;1.052e+00;1.052e+00;1.045e+00;7.500e-01;2.405e-02;1.000e+01;1.000e+01;4.038e-01;-1.929e-02;1.064e+00;5.000e+01;4.038e-01;-1.929e-02;1.064e+00;5.000e+01;5.000e+01
21.413020000;1.045e+00;4.167e-01;1.340e-02;3.987e-01;1.282e-02;1.052e+00;1.052e+00;1.045e+00;7.500e-01;2.411e-02;1.000e+01;1.000e+01;4.038e-01;-1.932e-02;1.064e+00;5.000e+01;4.038e-01;-1.932e-02;1.064e+00;5.000e+01;5.000e+01
21.421020000;1.045e+00;4.167e-01;1.353e-02;3.987e-01;1.295e-02;1.052e+00;1.052e+00;1.045e+00;7.500e-01;2.436e-02;1.000e+01;1.000e+01;4.038e-01;-1.945e-02;1.064e+00;5.000e+01;4.038e-01;-1.945e-02;1.064e+00;5.000e+01;5.000e+01
21.458020000;1.045e+00;4.167e-01;1.416e-02;3.987e-01;1.354e-02;1.052e+00;1.052e+00;1.045e+00;7.500e-01;2.548e-02;1.000e+01;1.000e+01;4.038e-01;-2.004e-02;1.064e+00;5.000e+01;4.038e-01;-2.004e-02;1.064e+00;5.000e+01;5.000e+01
21.459020000;1.045e+00;4.167e-01;1.417e-02;3.986e-01;1.356e-02;1.052e+00;1.052e+00;1.045e+00;7.500e-01;2.551e-02;1.000e+01;1.000e+01;4.038e-01;-2.006e-02;1.064e+00;5.000e+01;4.038e-01;-2.006e-02;1.064e+00;5.000e+01;5.000e+01
21.531020000;1.045e+00;4.167e-01;1.538e-02;3.986e-01;1.471e-02;1.052e+00;1.052e+00;1.045e+00;7.500e-01;2.768e-02;1.000e+01;1.000e+01;4.038e-01;-2.121e-02;1.064e+00;5.000e+01;4.038e-01;-2.121e-02;1.064e+00;5.000e+01;5.000e+01
21.532020000;1.045e+00;4.167e-01;1.539e-02;3.986e-01;1.473e-02;1.053e+00;1.053e+00;1.045e+00;7.500e-01;2.771e-02;1.000e+01;1.000e+01;4.038e-01;-2.123e-02;1.064e+00;5.000e+01;4.038e-01;-2.123e-02;1.064e+00;5.000e+01;5.000e+01
21.551020000;1.045e+00;4.167e-01;1.571e-02;3.986e-01;1.503e-02;1.053e+00;1.053e+00;1.045e+00;7.500e-01;2.828e-02;1.000e+01;1.000e+01;4.038e-01;-2.153e-02;1.064e+00;5.000e+01;4.038e-01;-2.153e-02;1.064e+00;5.000e+01;5.000e+01
21.552020000;1.045e+00;4.167e-01;1.573e-02;3.986e-01;1.505e-02;1.053e+00;1.053e+00;1.045e+00;7.500e-01;2.831e-02;1.000e+01;1.000e+01;4.037e-01;-2.155e-02;1.064e+00;5.000e+01;4.037e-01;-2.155e-02;1.064e+00;5.000e+01;5.000e+01
21.693020000;1.045e+00;4.167e-01;1.804e-02;3.986e-01;1.726e-02;1.053e+00;1.053e+00;1.045e+00;7.500e-01;3.247e-02;1.000e+01;1.000e+01;4.037e-01;-2.375e-02;1.064e+00;5.000e+01;4.037e-01;-2.375e-02;1.064e+00;5.000e+01;5.000e+01
21.694020000;1.045e+00;4.167e-01;1.806e-02;3.986e-01;1.727e-02;1.054e+00;1.054e+00;1.045e+00;7.500e-01;3.250e-02;1.000e+01;1.000e+01;4.037e-01;-2.377e-02;1.064e+00;5.000e+01;4.037e-01;-2.377e-02;1.064e+00;5.000e+01;5.000e+01
21.699020000;1.045e+00;4.167e-01;1.814e-02;3.986e-01;1.735e-02;1.054e+00;1.054e+00;1.045e+00;7.500e-01;3.265e-02;1.000e+01;1.000e+01;4.037e-01;-2.385e-02;1.064e+00;5.000e+01;4.037e-01;-2.385e-02;1.064e+00;5.000e+01;5.000e+01
21.704020000;1.045e+00;4.167e-01;1.822e-02;3.986e-01;1.743e-02;1.054e+00;1.054e+00;1.045e+00;7.500e-01;3.279e-02;1.000e+01;1.000e+01;4.037e-01;-2.392e-02;1.064e+00;5.000e+01;4.037e-01;-2.392e-02;1.064e+00;5.000e+01;5.000e+01
21.710020000;1.045e+00;4.167e-01;1.831e-02;3.986e-01;1.752e-02;1.054e+00;1.054e+00;1.045e+00;7.500e-01;3.296e-02;1.000e+01;1.000e+01;4.037e-01;-2.402e-02;1.064e+00;5.000e+01;4.037e-01;-2.402e-02;1.064e+00;5.000e+01;5.000e+01
21.759020000;1.045e+00;4.167e-01;1.910e-02;3.986e-01;1.827e-02;1.054e+00;1.054e+00;1.045e+00;7.500e-01;3.438e-02;1.000e+01;1.000e+01;4.037e-01;-2.477e-02;1.064e+00;5.000e+01;4.037e-01;-2.477e-02;1.064e+00;5.000e+01;5.000e+01
21.760020000;1.045e+00;4.167e-01;1.912e-02;3.985e-01;1.829e-02;1.054e+00;1.054e+00;1.045e+00;7.500e-01;3.441e-02;1.000e+01;1.000e+01;4.037e-01;-2.478e-02;1.064e+00;5.000e+01;4.037e-01;-2.478e-02;1.064e+00;5.000e+01;5.000e+01
21.763020000;1.045e+00;4.167e-01;1.916e-02;3.985e-01;1.833e-02;1.054e+00;1.054e+00;1.045e+00;7.500e-01;3.449e-02;1.000e+01;1.000e+01;4.037e-01;-2.483e-02;1.064e+00;5.000e+01;4.037e-01;-2.483e-02;1.064e+00;5.000e+01;5.000e+01
21.764020000;1.045e+00;4.167e-01;1.918e-02;3.985e-01;1.835e-02;1.054e+00;1.054e+00;1.045e+00;7.500e-01;3.452e-02;1.000e+01;1.000e+01;4.036e-01;-2.484e-02;1.064e+00;5.000e+01;4.036e-01;-2.484e-02;1.064e+00;5.000e+01;5.000e+01
21.829020000;1.045e+00;4.167e-01;2.021e-02;3.985e-01;1.933e-02;1.054e+00;1.054e+00;1.045e+00;7.500e-01;3.638e-02;1.000e+01;1.000e+01;4.036e-01;-2.583e-02;1.064e+00;5.000e+01;4.036e-01;-2.583e-02;1.064e+00;5.000e+01;5.000e+01
21.830020000;1.046e+00;4.167e-01;2.022e-02;3.985e-01;1.934e-02;1.054e+00;1.054e+00;1.046e+00;7.500e-01;3.640e-02;1.000e+01;1.000e+01;4.036e-01;-2.584e-02;1.064e+00;5.000e+01;4.036e-01;-2.584e-02;1.064e+00;5.000e+01;5.000e+01
21.861020000;1.046e+00;4.167e-01;2.071e-02;3.985e-01;1.981e-02;1.054e+00;1.054e+00;1.046e+00;7.500e-01;3.728e-02;1.000e+01;1.000e+01;4.036e-01;-2.630e-02;1.064e+00;5.000e+01;4.036e-01;-2.630e-02;1.064e+00;5.000e+01;5.000e+01
21.862020000;1.046e+00;4.167e-01;2.073e-02;3.985e-01;1.982e-02;1.055e+00;1.055e+00;1.046e+00;7.500e-01;3.731e-02;1.000e+01;1.000e+01;4.036e-01;-2.632e-02;1.064e+00;5.000e+01;4.036e-01;-2.632e-02;1.064e+00;5.000e+01;5.000e+01
21.965020000;1.046e+00;4.167e-01;2.232e-02;3.985e-01;2.134e-02;1.055e+00;1.055e+00;1.046e+00;7.500e-01;4.017e-02;1.000e+01;1.000e+01;4.036e-01;-2.783e-02;1.064e+00;5.000e+01;4.036e-01;-2.783e-02;1.064e+00;5.000e+01;5.000e+01
21.966020000;1.046e+00;4.167e-01;2.233e-02;3.985e-01;2.136e-02;1.055e+00;1.055e+00;1.046e+00;7.500e-01;4.020e-02;1.000e+01;1.000e+01;4.036e-01;-2.785e-02;1.064e+00;5.000e+01;4.036e-01;-2.785e-02;1.064e+00;5.000e+01;5.000e+01
21.968020000;1.046e+00;4.167e-01;2.236e-02;3.985e-01;2.139e-02;1.055e+00;1.055e+00;1.046e+00;7.500e-01;4.025e-02;1.000e+01;1.000e+01;4.036e-01;-2.788e-02;1.064e+00;5.000e+01;4.036e-01;-2.788e-02;1.064e+00;5.000e+01;5.000e+01
21.983020000;1.046e+00;4.167e-01;2.259e-02;3.985e-01;2.160e-02;1.055e+00;1.055e+00;1.046e+00;7.500e-01;4.066e-02;1.000e+01;1.000e+01;4.036e-01;-2.810e-02;1.064e+00;5.000e+01;4.036e-01;-2.810e-02;1.064e+00;5.000e+01;5.000e+01
21.984020000;1.046e+00;4.167e-01;2.260e-02;3.985e-01;2.162e-02;1.055e+00;1.055e+00;1.046e+00;7.500e-01;4.069e-02;1.000e+01;1.000e+01;4.035e-01;-2.811e-02;1.064e+00;5.000e+01;4.035e-01;-2.811e-02;1.064e+00;5.000e+01;5.000e+01
21.985020000;1.046e+00;4.167e-01;2.262e-02;3.985e-01;2.163e-02;1.055e+00;1.055e+00;1.046e+00;7.500e-01;4.071e-02;1.000e+01;1.000e+01;4.035e-01;-2.813e-02;1.064e+00;5.000e+01;4.035e-01;-2.813e-02;1.064e+00;5.000e+01;5.000e+01
22.035020000;1.046e+00;4.167e-01;2.337e-02;3.985e-01;2.235e-02;1.055e+00;1.055e+00;1.046e+00;7.500e-01;4.207e-02;1.000e+01;1.000e+01;4.035e-01;-2.884e-02;1.064e+00;5.000e+01;4.035e-01;-2.884e-02;1.064e+00;5.000e+01;5.000e+01
22.036020000;1.046e+00;4.167e-01;2.339e-02;3.985e-01;2.237e-02;1.056e+00;1.056e+00;1.046e+00;7.500e-01;4.210e-02;1.000e+01;1.000e+01;4.035e-01;-2.886e-02;1.064e+00;5.000e+01;4.035e-01;-2.886e-02;1.064e+00;5.000e+01;5.000e+01
22.078020000;1.046e+00;4.167e-01;2.401e-02;3.985e-01;2.296e-02;1.056e+00;1.056e+00;1.046e+00;7.500e-01;4.322e-02;1.000e+01;1.000e+01;4.035e-01;-2.945e-02;1.064e+00;5.000e+01;4.035e-01;-2.945e-02;1.064e+00;5.000e+01;5.000e+01
22.079020000;1.046e+00;4.167e-01;2.403e-02;3.984e-01;2.298e-02;1.056e+00;1.056e+00;1.046e+00;7.500e-01;4.325e-02;1.000e+01;1.000e+01;4.035e-01;-2.947e-02;1.064e+00;5.000e+01;4.035e-01;-2.947e-02;1.064e+00;5.000e+01;5.000e+01
22.213020000;1.046e+00;4.167e-01;2.597e-02;3.984e-01;2.483e-02;1.056e+00;1.056e+00;1.046e+00;7.500e-01;4.675e-02;1.000e+01;1.000e+01;4.035e-01;-3.132e-02;1.064e+00;5.000e+01;4.035e-01;-3.132e-02;1.064e+00;5.000e+01;5.000e+01
22.214020000;1.046e+00;4.167e-01;2.598e-02;3.984e-01;2.485e-02;1.056e+00;1.056e+00;1.046e+00;7.500e-01;4.677e-02;1.000e+01;1.000e+01;4.035e-01;-3.134e-02;1.064e+00;5.000e+01;4.034e-01;-3.134e-02;1.064e+00;5.000e+01;5.000e+01
22.215020000;1.046e+00;4.167e-01;2.600e-02;3.984e-01;2.486e-02;1.056e+00;1.056e+00;1.046e+00;7.500e-01;4.680e-02;1.000e+01;1.000e+01;4.034e-01;-3.135e-02;1.064e+00;5.000e+01;4.034e-01;-3.135e-02;1.064e+00;5.000e+01;5.000e+01
22.217020000;1.046e+00;4.167e-01;2.603e-02;3.984e-01;2.489e-02;1.056e+00;1.056e+00;1.046e+00;7.500e-01;4.685e-02;1.000e+01;1.000e+01;4.034e-01;-3.138e-02;1.064e+00;5.000e+01;4.034e-01;-3.138e-02;1.064e+00;5.000e+01;5.000e+01
22.218020000;1.046e+00;4.167e-01;2.604e-02;3.984e-01;2.490e-02;1.057e+00;1.057e+00;1.046e+00;7.500e-01;4.687e-02;1.000e+01;1.000e+01;4.034e-01;-3.139e-02;1.064e+00;5.000e+01;4.034e-01;-3.139e-02;1.064e+00;5.000e+01;5.000e+01
22.236020000;1.046e+00;4.167e-01;2.630e-02;3.984e-01;2.514e-02;1.057e+00;1.057e+00;1.046e+00;7.500e-01;4.733e-02;1.000e+01;1.000e+01;4.034e-01;-3.163e-02;1.064e+00;5.000e+01;4.034e-01;-3.163e-02;1.064e+00;5.000e+01;5.000e+01
22.244020000;1.046e+00;4.167e-01;2.641e-02;3.984e-01;2.525e-02;1.057e+00;1.057e+00;1.046e+00;7.500e-01;4.754e-02;1.000e+01;1.000e+01;4.034e-01;-3.174e-02;1.064e+00;5.000e+01;4.034e-01;-3.174e-02;1.064e+00;5.000e+01;5.000e+01
22.251020000;1.046e+00;4.167e-01;2.651e-02;3.984e-01;2.535e-02;1.057e+00;1.057e+00;1.046e+00;7.500e-01;4.771e-02;1.000e+01;1.000e+01;4.034e-01;-3.184e-02;1.064e+00;5.000e+01;4.034e-01;-3.184e-02;1.064e+00;5.000e+01;5.000e+01
22.410020000;1.046e+00;4.167e-01;2.869e-02;3.984e-01;2.743e-02;1.057e+00;1.057e+00;1.046e+00;7.500e-01;5.164e-02;1.000e+01;1.000e+01;4.034e-01;-3.391e-02;1.064e+00;5.000e+01;4.034e-01;-3.391e-02;1.064e+00;5.000e+01;5.000e+01
22.411020000;1.046e+00;4.167e-01;2.870e-02;3.984e-01;2.744e-02;1.058e+00;1.058e+00;1.046e+00;7.500e-01;5.166e-02;1.000e+01;1.000e+01;4.034e-01;-3.393e-02;1.064e+00;5.000e+01;4.034e-01;-3.393e-02;1.064e+00;5.000e+01;5.000e+01
22.432020000;1.046e+00;4.167e-01;2.898e-02;3.984e-01;2.771e-02;1.058e+00;1.058e+00;1.046e+00;7.500e-01;5.216e-02;1.000e+01;1.000e+01;4.034e-01;-3.419e-02;1.064e+00;5.000e+01;4.034e-01;-3.419e-02;1.064e+00;5.000e+01;5.000e+01
22.433020000;1.046e+00;4.167e-01;2.899e-02;3.983e-01;2.772e-02;1.058e+00;1.058e+00;1.046e+00;7.500e-01;5.219e-02;1.000e+01;1.000e+01;4.034e-01;-3.421e-02;1.064e+00;5.000e+01;4.034e-01;-3.421e-02;1.064e+00;5.000e+01;5.000e+01
22.464020000;1.046e+00;4.167e-01;2.940e-02;3.983e-01;2.811e-02;1.058e+00;1.058e+00;1.046e+00;7.500e-01;5.292e-02;1.000e+01;1.000e+01;4.034e-01;-3.460e-02;1.064e+00;5.000e+01;4.034e-01;-3.460e-02;1.064e+00;5.000e+01;5.000e+01
22.465020000;1.046e+00;4.167e-01;2.941e-02;3.983e-01;2.812e-02;1.058e+00;1.058e+00;1.046e+00;7.500e-01;5.294e-02;1.000e+01;1.000e+01;4.033e-01;-3.461e-02;1.064e+00;5.000e+01;4.033e-01;-3.461e-02;1.064e+00;5.000e+01;5.000e+01
22.502020000;1.046e+00;4.167e-01;2.990e-02;3.983e-01;2.858e-02;1.058e+00;1.058e+00;1.046e+00;7.500e-01;5.381e-02;1.000e+01;1.000e+01;4.033e-01;-3.507e-02;1.064e+00;5.000e+01;4.033e-01;-3.507e-02;1.064e+00;5.000e+01;5.000e+01
22.519020000;1.046e+00;4.167e-01;3.011e-02;3.983e-01;2.879e-02;1.058e+00;1.058e+00;1.046e+00;7.500e-01;5.421e-02;1.000e+01;1.000e+01;4.033e-01;-3.528e-02;1.064e+00;5.000e+01;4.033e-01;-3.528e-02;1.064e+00;5.000e+01;5.000e+01
22.526020000;1.046e+00;4.167e-01;3.020e-02;3.983e-01;2.888e-02;1.058e+00;1.058e+00;1.046e+00;7.500e-01;5.437e-02;1.000e+01;1.000e+01;4.033e-01;-3.536e-02;1.064e+00;5.000e+01;4.033e-01;-3.536e-02;1.064e+00;5.000e+01;5.000e+01
22.541020000;1.046e+00;4.167e-01;3.040e-02;3.983e-01;2.906e-02;1.058e+00;1.058e+00;1.046e+00;7.500e-01;5.471e-02;1.000e+01;1.000e+01;4.033e-01;-3.555e-02;1.064e+00;5.000e+01;4.033e-01;-3.555e-02;1.064e+00;5.000e+01;5.000e+01
22.617020000;1.046e+00;4.167e-01;3.135e-02;3.983e-01;2.997e-02;1.058e+00;1.058e+00;1.046e+00;7.500e-01;5.643e-02;1.000e+01;1.000e+01;4.033e-01;-3.646e-02;1.064e+00;5.000e+01;4.033e-01;-3.646e-02;1.064e+00;5.000e+01;5.000e+01
22.618020000;1.046e+00;4.167e-01;3.136e-02;3.983e-01;2.998e-02;1.059e+00;1.059e+00;1.046e+00;7.500e-01;5.645e-02;1.000e+01;1.000e+01;4.033e-01;-3.647e-02;1.064e+00;5.000e+01;4.033e-01;-3.647e-02;1.064e+00;5.000e+01;5.000e+01
22.740020000;1.046e+00;4.167e-01;3.284e-02;3.983e-01;3.139e-02;1.059e+00;1.059e+00;1.046e+00;7.500e-01;5.911e-02;1.000e+01;1.000e+01;4.033e-01;-3.787e-02;1.064e+00;5.000e+01;4.033e-01;-3.787e-02;1.064e+00;5.000e+01;5.000e+01
22.741020000;1.046e+00;4.167e-01;3.285e-02;3.983e-01;3.140e-02;1.059e+00;1.059e+00;1.046e+00;7.500e-01;5.913e-02;1.000e+01;1.000e+01;4.032e-01;-3.789e-02;1.064e+00;5.000e+01;4.032e-01;-3.789e-02;1.064e+00;5.000e+01;5.000e+01
22.774020000;1.046e+00;4.167e-01;3.324e-02;3.983e-01;3.177e-02;1.059e+00;1.059e+00;1.046e+00;7.500e-01;5.983e-02;1.000e+01;1.000e+01;4.032e-01;-3.825e-02;1.064e+00;5.000e+01;4.032e-01;-3.825e-02;1.064e+00;5.000e+01;5.000e+01
22.789020000;1.046e+00;4.167e-01;3.341e-02;3.983e-01;3.194e-02;1.059e+00;1.059e+00;1.046e+00;7.500e-01;6.014e-02;1.000e+01;1.000e+01;4.032e-01;-3.842e-02;1.064e+00;5.000e+01;4.032e-01;-3.842e-02;1.064e+00;5.000e+01;5.000e+01
22.792020000;1.046e+00;4.167e-01;3.345e-02;3.983e-01;3.197e-02;1.059e+00;1.059e+00;1.046e+00;7.500e-01;6.020e-02;1.000e+01;1.000e+01;4.032e-01;-3.845e-02;1.064e+00;5.000e+01;4.032e-01;-3.845e-02;1.064e+00;5.000e+01;5.000e+01
22.794020000;1.046e+00;4.167e-01;3.347e-02;3.983e-01;3.199e-02;1.059e+00;1.059e+00;1.046e+00;7.500e-01;6.024e-02;1.000e+01;1.000e+01;4.032e-01;-3.848e-02;1.064e+00;5.000e+01;4.032e-01;-3.848e-02;1.064e+00;5.000e+01;5.000e+01
22.835020000;1.046e+00;4.167e-01;3.394e-02;3.983e-01;3.244e-02;1.059e+00;1.059e+00;1.046e+00;7.500e-01;6.109e-02;1.000e+01;1.000e+01;4.032e-01;-3.892e-02;1.064e+00;5.000e+01;4.032e-01;-3.892e-02;1.064e+00;5.000e+01;5.000e+01
22.836020000;1.046e+00;4.167e-01;3.395e-02;3.982e-01;3.245e-02;1.059e+00;1.059e+00;1.046e+00;7.500e-01;6.111e-02;1.000e+01;1.000e+01;4.032e-01;-3.893e-02;1.064e+00;5.000e+01;4.032e-01;-3.893e-02;1.064e+00;5.000e+01;5.000e+01
22.841020000;1.046e+00;4.167e-01;3.400e-02;3.982e-01;3.250e-02;1.059e+00;1.059e+00;1.046e+00;7.500e-01;6.121e-02;1.000e+01;1.000e+01;4.032e-01;-3.899e-02;1.064e+00;5.000e+01;4.032e-01;-3.899e-02;1.064e+00;5.000e+01;5.000e+01
22.842020000;1.046e+00;4.167e-01;3.402e-02;3.982e-01;3.251e-02;1.060e+00;1.060e+00;1.046e+00;7.500e-01;6.123e-02;1.000e+01;1.000e+01;4.032e-01;-3.900e-02;1.064e+00;5.000e+01;4.032e-01;-3.900e-02;1.064e+00;5.000e+01;5.000e+01
23.032020000;1.046e+00;4.167e-01;3.608e-02;3.982e-01;3.448e-02;1.060e+00;1.060e+00;1.046e+00;7.500e-01;6.494e-02;1.000e+01;1.000e+01;4.032e-01;-4.096e-02;1.064e+00;5.000e+01;4.032e-01;-4.096e-02;1.064e+00;5.000e+01;5.000e+01
23.050020000;1.046e+00;4.167e-01;3.626e-02;3.982e-01;3.466e-02;1.060e+00;1.060e+00;1.046e+00;7.500e-01;6.527e-02;1.000e+01;1.000e+01;4.032e-01;-4.114e-02;1.064e+00;5.000e+01;4.032e-01;-4.114e-02;1.064e+00;5.000e+01;5.000e+01
23.054020000;1.046e+00;4.167e-01;3.630e-02;3.982e-01;3.469e-02;1.060e+00;1.060e+00;1.046e+00;7.500e-01;6.534e-02;1.000e+01;1.000e+01;4.032e-01;-4.118e-02;1.064e+00;5.000e+01;4.032e-01;-4.118e-02;1.064e+00;5.000e+01;5.000e+01
23.055020000;1.046e+00;4.167e-01;3.631e-02;3.982e-01;3.470e-02;1.060e+00;1.060e+00;1.046e+00;7.500e-01;6.536e-02;1.000e+01;1.000e+01;4.031e-01;-4.119e-02;1.064e+00;5.000e+01;4.031e-01;-4.119e-02;1.064e+00;5.000e+01;5.000e+01
23.062020000;1.046e+00;4.167e-01;3.638e-02;3.982e-01;3.477e-02;1.060e+00;1.060e+00;1.046e+00;7.500e-01;6.549e-02;1.000e+01;1.000e+01;4.031e-01;-4.126e-02;1.064e+00;5.000e+01;4.031e-01;-4.126e-02;1.064e+00;5.000e+01;5.000e+01
23.090020000;1.046e+00;4.167e-01;3.667e-02;3.982e-01;3.504e-02;1.060e+00;1.060e+00;1.046e+00;7.500e-01;6.600e-02;1.000e+01;1.000e+01;4.031e-01;-4.153e-02;1.064e+00;5.000e+01;4.031e-01;-4.153e-02;1.064e+00;5.000e+01;5.000e+01
23.091020000;1.046e+00;4.167e-01;3.668e-02;3.982e-01;3.505e-02;1.061e+00;1.061e+00;1.046e+00;7.500e-01;6.602e-02;1.000e+01;1.000e+01;4.031e-01;-4.154e-02;1.064e+00;5.000e+01;4.031e-01;-4.154e-02;1.064e+00;5.000e+01;5.000e+01
23.323020000;1.046e+00;4.167e-01;3.889e-02;3.982e-01;3.716e-02;1.061e+00;1.061e+00;1.046e+00;7.500e-01;6.999e-02;1.000e+01;1.000e+01;4.031e-01;-4.364e-02;1.064e+00;5.000e+01;4.031e-01;-4.364e-02;1.064e+00;5.000e+01;5.000e+01
23.328020000;1.046e+00;4.167e-01;3.893e-02;3.982e-01;3.720e-02;1.061e+00;1.061e+00;1.046e+00;7.500e-01;7.007e-02;1.000e+01;1.000e+01;4.031e-01;-4.368e-02;1.064e+00;5.000e+01;4.031e-01;-4.368e-02;1.064e+00;5.000e+01;5.000e+01
23.329020000;1.046e+00;4.167e-01;3.894e-02;3.981e-01;3.721e-02;1.061e+00;1.061e+00;1.046e+00;7.500e-01;7.009e-02;1.000e+01;1.000e+01;4.031e-01;-4.369e-02;1.064e+00;5.000e+01;4.031e-01;-4.369e-02;1.064e+00;5.000e+01;5.000e+01
23.338020000;1.046e+00;4.167e-01;3.902e-02;3.981e-01;3.729e-02;1.061e+00;1.061e+00;1.046e+00;7.500e-01;7.024e-02;1.000e+01;1.000e+01;4.031e-01;-4.377e-02;1.064e+00;5.000e+01;4.031e-01;-4.377e-02;1.064e+00;5.000e+01;5.000e+01
23.339020000;1.046e+00;4.167e-01;3.903e-02;3.981e-01;3.729e-02;1.061e+00;1.061e+00;1.046e+00;7.500e-01;7.025e-02;1.000e+01;1.000e+01;4.031e-01;-4.378e-02;1.064e+00;5.000e+01;4.031e-01;-4.378e-02;1.064e+00;5.000e+01;5.000e+01
23.345020000;1.046e+00;4.167e-01;3.908e-02;3.981e-01;3.735e-02;1.061e+00;1.061e+00;1.046e+00;7.500e-01;7.035e-02;1.000e+01;1.000e+01;4.031e-01;-4.383e-02;1.064e+00;5.000e+01;4.031e-01;-4.383e-02;1.064e+00;5.000e+01;5.000e+01
23.373020000;1.046e+00;4.167e-01;3.933e-02;3.981e-01;3.758e-02;1.061e+00;1.061e+00;1.046e+00;7.500e-01;7.079e-02;1.000e+01;1.000e+01;4.031e-01;-4.406e-02;1.064e+00;5.000e+01;4.031e-01;-4.406e-02;1.064e+00;5.000e+01;5.000e+01
23.374020000;1.046e+00;4.167e-01;3.934e-02;3.981e-01;3.759e-02;1.062e+00;1.062e+00;1.046e+00;7.500e-01;7.080e-02;1.000e+01;1.000e+01;4.031e-01;-4.407e-02;1.064e+00;5.000e+01;4.031e-01;-4.407e-02;1.064e+00;5.000e+01;5.000e+01
23.385020000;1.046e+00;4.167e-01;3.943e-02;3.981e-01;3.768e-02;1.062e+00;1.062e+00;1.046e+00;7.500e-01;7.098e-02;1.000e+01;1.000e+01;4.031e-01;-4.416e-02;1.064e+00;5.000e+01;4.031e-01;-4.416e-02;1.064e+00;5.000e+01;5.000e+01
23.386020000;1.047e+00;4.167e-01;3.944e-02;3.981e-01;3.769e-02;1.062e+00;1.062e+00;1.047e+00;7.500e-01;7.099e-02;1.000e+01;1.000e+01;4.031e-01;-4.417e-02;1.064e+00;5.000e+01;4.031e-01;-4.417e-02;1.064e+00;5.000e+01;5.000e+01
23.422020000;1.047e+00;4.167e-01;3.975e-02;3.981e-01;3.798e-02;1.062e+00;1.062e+00;1.047e+00;7.500e-01;7.155e-02;1.000e+01;1.000e+01;4.031e-01;-4.446e-02;1.064e+00;5.000e+01;4.031e-01;-4.446e-02;1.064e+00;5.000e+01;5.000e+01
23.423020000;1.047e+00;4.167e-01;3.976e-02;3.981e-01;3.799e-02;1.062e+00;1.062e+00;1.047e+00;7.500e-01;7.156e-02;1.000e+01;1.000e+01;4.030e-01;-4.447e-02;1.064e+00;5.000e+01;4.030e-01;-4.447e-02;1.064e+00;5.000e+01;5.000e+01
23.496020000;1.047e+00;4.167e-01;4.036e-02;3.981e-01;3.857e-02;1.062e+00;1.062e+00;1.047e+00;7.500e-01;7.265e-02;1.000e+01;1.000e+01;4.030e-01;-4.505e-02;1.064e+00;5.000e+01;4.030e-01;-4.505e-02;1.064e+00;5.000e+01;5.000e+01
23.623020000;1.047e+00;4.167e-01;4.135e-02;3.981e-01;3.951e-02;1.062e+00;1.062e+00;1.047e+00;7.500e-01;7.444e-02;1.000e+01;1.000e+01;4.030e-01;-4.599e-02;1.064e+00;5.000e+01;4.030e-01;-4.599e-02;1.064e+00;5.000e+01;5.000e+01
23.638020000;1.047e+00;4.167e-01;4.147e-02;3.981e-01;3.962e-02;1.062e+00;1.062e+00;1.047e+00;7.500e-01;7.464e-02;1.000e+01;1.000e+01;4.030e-01;-4.610e-02;1.064e+00;5.000e+01;4.030e-01;-4.610e-02;1.064e+00;5.000e+01;5.000e+01
23.646020000;1.047e+00;4.167e-01;4.152e-02;3.981e-01;3.968e-02;1.062e+00;1.062e+00;1.047e+00;7.500e-01;7.474e-02;1.000e+01;1.000e+01;4.030e-01;-4.615e-02;1.064e+00;5.000e+01;4.030e-01;-4.615e-02;1.064e+00;5.000e+01;5.000e+01
23.662020000;1.047e+00;4.167e-01;4.164e-02;3.981e-01;3.979e-02;1.062e+00;1.062e+00;1.047e+00;7.500e-01;7.496e-02;1.000e+01;1.000e+01;4.030e-01;-4.627e-02;1.064e+00;5.000e+01;4.030e-01;-4.627e-02;1.064e+00;5.000e+01;5.000e+01
23.710020000;1.047e+00;4.167e-01;4.199e-02;3.981e-01;4.012e-02;1.062e+00;1.062e+00;1.047e+00;7.500e-01;7.558e-02;1.000e+01;1.000e+01;4.030e-01;-4.659e-02;1.064e+00;5.000e+01;4.030e-01;-4.659e-02;1.064e+00;5.000e+01;5.000e+01
23.711020000;1.047e+00;4.167e-01;4.200e-02;3.981e-01;4.012e-02;1.063e+00;1.063e+00;1.047e+00;7.500e-01;7.559e-02;1.000e+01;1.000e+01;4.030e-01;-4.660e-02;1.064e+00;5.000e+01;4.030e-01;-4.660e-02;1.064e+00;5.000e+01;5.000e+01
23.884020000;1.047e+00;4.167e-01;4.315e-02;3.981e-01;4.123e-02;1.063e+00;1.063e+00;1.047e+00;7.500e-01;7.768e-02;1.000e+01;1.000e+01;4.030e-01;-4.771e-02;1.064e+00;5.000e+01;4.030e-01;-4.771e-02;1.064e+00;5.000e+01;5.000e+01
23.885020000;1.047e+00;4.167e-01;4.316e-02;3.981e-01;4.124e-02;1.063e+00;1.063e+00;1.047e+00;7.500e-01;7.769e-02;1.000e+01;1.000e+01;4.030e-01;-4.771e-02;1.064e+00;5.000e+01;4.029e-01;-4.771e-02;1.064e+00;5.000e+01;5.000e+01
23.886020000;1.047e+00;4.167e-01;4.317e-02;3.981e-01;4.124e-02;1.063e+00;1.063e+00;1.047e+00;7.500e-01;7.770e-02;1.000e+01;1.000e+01;4.029e-01;-4.772e-02;1.064e+00;5.000e+01;4.029e-01;-4.772e-02;1.064e+00;5.000e+01;5.000e+01
23.933020000;1.047e+00;4.167e-01;4.346e-02;3.981e-01;4.152e-02;1.063e+00;1.063e+00;1.047e+00;7.500e-01;7.823e-02;1.000e+01;1.000e+01;4.029e-01;-4.800e-02;1.064e+00;5.000e+01;4.029e-01;-4.800e-02;1.064e+00;5.000e+01;5.000e+01
23.941020000;1.047e+00;4.167e-01;4.351e-02;3.981e-01;4.157e-02;1.063e+00;1.063e+00;1.047e+00;7.500e-01;7.831e-02;1.000e+01;1.000e+01;4.029e-01;-4.804e-02;1.064e+00;5.000e+01;4.029e-01;-4.804e-02;1.064e+00;5.000e+01;5.000e+01
23.944020000;1.047e+00;4.167e-01;4.353e-02;3.981e-01;4.158e-02;1.063e+00;1.063e+00;1.047e+00;7.500e-01;7.834e-02;1.000e+01;1.000e+01;4.029e-01;-4.806e-02;1.064e+00;5.000e+01;4.029e-01;-4.806e-02;1.064e+00;5.000e+01;5.000e+01
23.959020000;1.047e+00;4.167e-01;4.362e-02;3.981e-01;4.167e-02;1.063e+00;1.063e+00;1.047e+00;7.500e-01;7.851e-02;1.000e+01;1.000e+01;4.029e-01;-4.815e-02;1.064e+00;5.000e+01;4.029e-01;-4.815e-02;1.064e+00;5.000e+01;5.000e+01
24.009020000;1.047e+00;4.167e-01;4.391e-02;3.981e-01;4.195e-02;1.063e+00;1.063e+00;1.047e+00;7.500e-01;7.903e-02;1.000e+01;1.000e+01;4.029e-01;-4.842e-02;1.064e+00;5.000e+01;4.029e-01;-4.842e-02;1.064e+00;5.000e+01;5.000e+01
24.010020000;1.047e+00;4.167e-01;4.391e-02;3.980e-01;4.195e-02;1.063e+00;1.063e+00;1.047e+00;7.500e-01;7.905e-02;1.000e+01;1.000e+01;4.029e-01;-4.843e-02;1.064e+00;5.000e+01;4.029e-01;-4.843e-02;1.064e+00;5.000e+01;5.000e+01
24.145020000;1.047e+00;4.167e-01;4.465e-02;3.980e-01;4.266e-02;1.063e+00;1.063e+00;1.047e+00;7.500e-01;8.037e-02;1.000e+01;1.000e+01;4.029e-01;-4.913e-02;1.064e+00;5.000e+01;4.029e-01;-4.913e-02;1.064e+00;5.000e+01;5.000e+01
24.146020000;1.047e+00;4.167e-01;4.466e-02;3.980e-01;4.266e-02;1.064e+00;1.064e+00;1.047e+00;7.500e-01;8.038e-02;1.000e+01;1.000e+01;4.029e-01;-4.914e-02;1.064e+00;5.000e+01;4.029e-01;-4.914e-02;1.064e+00;5.000e+01;5.000e+01
24.252873000;1.047e+00;4.167e-01;4.519e-02;3.980e-01;4.316e-02;1.064e+00;1.064e+00;1.047e+00;7.500e-01;8.133e-02;1.000e+01;1.000e+01;4.029e-01;-4.964e-02;1.064e+00;5.000e+01;4.029e-01;-4.964e-02;1.064e+00;5.000e+01;5.000e+01
24.253129000;1.047e+00;4.167e-01;4.519e-02;3.980e-01;4.317e-02;1.064e+00;1.064e+00;1.047e+00;7.500e-01;8.134e-02;1.000e+01;1.000e+01;4.029e-01;-4.964e-02;1.064e+00;5.000e+01;4.029e-01;-4.964e-02;1.064e+00;5.000e+01;5.000e+01
24.259641000;1.047e+00;4.167e-01;4.522e-02;3.980e-01;4.320e-02;1.064e+00;1.064e+00;1.047e+00;7.500e-01;8.139e-02;1.000e+01;1.000e+01;4.029e-01;-4.967e-02;1.064e+00;5.000e+01;4.029e-01;-4.967e-02;1.064e+00;5.000e+01;5.000e+01
24.269641000;1.047e+00;4.167e-01;4.526e-02;3.980e-01;4.324e-02;1.064e+00;1.064e+00;1.047e+00;7.500e-01;8.148e-02;1.000e+01;1.000e+01;4.029e-01;-4.972e-02;1.064e+00;5.000e+01;4.029e-01;-4.972e-02;1.064e+00;5.000e+01;5.000e+01
24.575430000;1.047e+00;4.167e-01;4.654e-02;3.980e-01;4.446e-02;1.064e+00;1.064e+00;1.047e+00;7.500e-01;8.377e-02;1.000e+01;1.000e+01;4.029e-01;-5.093e-02;1.064e+00;5.000e+01;4.029e-01;-5.093e-02;1.064e+00;5.000e+01;5.000e+01
24.585430000;1.047e+00;4.167e-01;4.658e-02;3.980e-01;4.449e-02;1.064e+00;1.064e+00;1.047e+00;7.500e-01;8.384e-02;1.000e+01;1.000e+01;4.029e-01;-5.096e-02;1.064e+00;5.000e+01;4.029e-01;-5.096e-02;1.064e+00;5.000e+01;5.000e+01
24.597430000;1.047e+00;4.167e-01;4.662e-02;3.980e-01;4.453e-02;1.064e+00;1.064e+00;1.047e+00;7.500e-01;8.391e-02;1.000e+01;1.000e+01;4.029e-01;-5.100e-02;1.064e+00;5.000e+01;4.029e-01;-5.100e-02;1.064e+00;5.000e+01;5.000e+01
24.598430000;1.047e+00;4.167e-01;4.662e-02;3.980e-01;4.453e-02;1.064e+00;1.064e+00;1.047e+00;7.500e-01;8.392e-02;1.000e+01;1.000e+01;4.028e-01;-5.101e-02;1.064e+00;5.000e+01;4.028e-01;-5.101e-02;1.064e+00;5.000e+01;5.000e+01
24.609430000;1.047e+00;4.167e-01;4.666e-02;3.980e-01;4.457e-02;1.064e+00;1.064e+00;1.047e+00;7.500e-01;8.399e-02;1.000e+01;1.000e+01;4.028e-01;-5.105e-02;1.064e+00;5.000e+01;4.028e-01;-5.105e-02;1.064e+00;5.000e+01;5.000e+01
24.815430000;1.047e+00;4.167e-01;4.731e-02;3.980e-01;4.519e-02;1.064e+00;1.064e+00;1.047e+00;7.500e-01;8.515e-02;1.000e+01;1.000e+01;4.028e-01;-5.166e-02;1.064e+00;5.000e+01;4.028e-01;-5.166e-02;1.064e+00;5.000e+01;5.000e+01
24.816430000;1.047e+00;4.167e-01;4.731e-02;3.980e-01;4.519e-02;1.065e+00;1.065e+00;1.047e+00;7.500e-01;8.516e-02;1.000e+01;1.000e+01;4.028e-01;-5.167e-02;1.064e+00;5.000e+01;4.028e-01;-5.167e-02;1.064e+00;5.000e+01;5.000e+01
24.921430000;1.047e+00;4.167e-01;4.759e-02;3.980e-01;4.545e-02;1.065e+00;1.065e+00;1.047e+00;7.500e-01;8.566e-02;1.000e+01;1.000e+01;4.028e-01;-5.193e-02;1.064e+00;5.000e+01;4.028e-01;-5.193e-02;1.064e+00;5.000e+01;5.000e+01
24.939430000;1.047e+00;4.167e-01;4.763e-02;3.980e-01;4.550e-02;1.065e+00;1.065e+00;1.047e+00;7.500e-01;8.573e-02;1.000e+01;1.000e+01;4.028e-01;-5.197e-02;1.064e+00;5.000e+01;4.028e-01;-5.197e-02;1.064e+00;5.000e+01;5.000e+01
24.941430000;1.047e+00;4.167e-01;4.764e-02;3.980e-01;4.550e-02;1.065e+00;1.065e+00;1.047e+00;7.500e-01;8.574e-02;1.000e+01;1.000e+01;4.028e-01;-5.197e-02;1.064e+00;5.000e+01;4.028e-01;-5.197e-02;1.064e+00;5.000e+01;5.000e+01
24.942430000;1.047e+00;4.167e-01;4.764e-02;3.980e-01;4.550e-02;1.065e+00;1.065e+00;1.047e+00;7.500e-01;8.575e-02;1.000e+01;1.000e+01;4.028e-01;-5.198e-02;1.064e+00;5.000e+01;4.028e-01;-5.198e-02;1.064e+00;5.000e+01;5.000e+01
25.289430000;1.047e+00;4.167e-01;4.829e-02;3.980e-01;4.612e-02;1.065e+00;1.065e+00;1.047e+00;7.500e-01;8.691e-02;1.000e+01;1.000e+01;4.028e-01;-5.259e-02;1.064e+00;5.000e+01;4.028e-01;-5.259e-02;1.064e+00;5.000e+01;5.000e+01
25.294430000;1.047e+00;4.167e-01;4.829e-02;3.980e-01;4.613e-02;1.065e+00;1.065e+00;1.047e+00;7.500e-01;8.693e-02;1.000e+01;1.000e+01;4.028e-01;-5.260e-02;1.064e+00;5.000e+01;4.028e-01;-5.260e-02;1.064e+00;5.000e+01;5.000e+01
25.307430000;1.047e+00;4.167e-01;4.831e-02;3.980e-01;4.614e-02;1.065e+00;1.065e+00;1.047e+00;7.500e-01;8.696e-02;1.000e+01;1.000e+01;4.028e-01;-5.262e-02;1.064e+00;5.000e+01;4.028e-01;-5.262e-02;1.064e+00;5.000e+01;5.000e+01
25.663430000;1.047e+00;4.167e-01;4.863e-02;3.980e-01;4.644e-02;1.065e+00;1.065e+00;1.047e+00;7.500e-01;8.753e-02;1.000e+01;1.000e+01;4.028e-01;-5.291e-02;1.064e+00;5.000e+01;4.028e-01;-5.291e-02;1.064e+00;5.000e+01;5.000e+01
25.668430000;1.047e+00;4.167e-01;4.863e-02;3.980e-01;4.645e-02;1.065e+00;1.065e+00;1.047e+00;7.500e-01;8.753e-02;1.000e+01;1.000e+01;4.028e-01;-5.292e-02;1.064e+00;5.000e+01;4.028e-01;-5.292e-02;1.064e+00;5.000e+01;5.000e+01
25.675430000;1.047e+00;4.167e-01;4.863e-02;3.980e-01;4.645e-02;1.065e+00;1.065e+00;1.047e+00;7.500e-01;8.754e-02;1.000e+01;1.000e+01;4.028e-01;-5.292e-02;1.064e+00;5.000e+01;4.028e-01;-5.292e-02;1.064e+00;5.000e+01;5.000e+01
25.687430000;1.047e+00;4.167e-01;4.864e-02;3.980e-01;4.645e-02;1.065e+00;1.065e+00;1.047e+00;7.500e-01;8.754e-02;1.000e+01;1.000e+01;4.028e-01;-5.293e-02;1.064e+00;5.000e+01;4.028e-01;-5.293e-02;1.064e+00;5.000e+01;5.000e+01
26.151430000;1.047e+00;4.167e-01;4.863e-02;3.980e-01;4.645e-02;1.065e+00;1.065e+00;1.047e+00;7.500e-01;8.753e-02;1.000e+01;1.000e+01;4.028e-01;-5.292e-02;1.064e+00;5.000e+01;4.028e-01;-5.292e-02;1.064e+00;5.000e+01;5.000e+01
26.156430000;1.047e+00;4.167e-01;4.863e-02;3.980e-01;4.644e-02;1.065e+00;1.065e+00;1.047e+00;7.500e-01;8.753e-02;1.000e+01;1.000e+01;4.028e-01;-5.291e-02;1.064e+00;5.000e+01;4.028e-01;-5.291e-02;1.064e+00;5.000e+01;5.000e+01
26.181430000;1.047e+00;4.167e-01;4.861e-02;3.980e-01;4.643e-02;1.065e+00;1.065e+00;1.047e+00;7.500e-01;8.750e-02;1.000e+01;1.000e+01;4.028e-01;-5.291e-02;1.064e+00;5.000e+01;4.028e-01;-5.291e-02;1.064e+00;5.000e+01;5.000e+01
26.709430000;1.047e+00;4.167e-01;4.820e-02;3.980e-01;4.603e-02;1.065e+00;1.065e+00;1.047e+00;7.500e-01;8.675e-02;1.000e+01;1.000e+01;4.028e-01;-5.251e-02;1.064e+00;5.000e+01;4.028e-01;-5.251e-02;1.064e+00;5.000e+01;5.000e+01
26.710430000;1.047e+00;4.167e-01;4.819e-02;3.980e-01;4.603e-02;1.065e+00;1.065e+00;1.047e+00;7.500e-01;8.675e-02;1.000e+01;1.000e+01;4.028e-01;-5.251e-02;1.064e+00;5.000e+01;4.028e-01;-5.251e-02;1.064e+00;5.000e+01;5.000e+01
26.712430000;1.047e+00;4.167e-01;4.819e-02;3.980e-01;4.603e-02;1.065e+00;1.065e+00;1.047e+00;7.500e-01;8.675e-02;1.000e+01;1.000e+01;4.028e-01;-5.250e-02;1.064e+00;5.000e+01;4.028e-01;-5.250e-02;1.064e+00;5.000e+01;5.000e+01
26.717430000;1.047e+00;4.167e-01;4.819e-02;3.980e-01;4.603e-02;1.065e+00;1.065e+00;1.047e+00;7.500e-01;8.674e-02;1.000e+01;1.000e+01;4.028e-01;-5.250e-02;1.064e+00;5.000e+01;4.028e-01;-5.250e-02;1.064e+00;5.000e+01;5.000e+01
27.162430000;1.047e+00;4.167e-01;4.764e-02;3.980e-01;4.550e-02;1.065e+00;1.065e+00;1.047e+00;7.500e-01;8.575e-02;1.000e+01;1.000e+01;4.028e-01;-5.197e-02;1.064e+00;5.000e+01;4.028e-01;-5.197e-02;1.064e+00;5.000e+01;5.000e+01
27.221430000;1.047e+00;4.167e-01;4.756e-02;3.980e-01;4.542e-02;1.065e+00;1.065e+00;1.047e+00;7.500e-01;8.560e-02;1.000e+01;1.000e+01;4.028e-01;-5.190e-02;1.064e+00;5.000e+01;4.028e-01;-5.190e-02;1.064e+00;5.000e+01;5.000e+01
27.230430000;1.047e+00;4.167e-01;4.754e-02;3.980e-01;4.541e-02;1.065e+00;1.065e+00;1.047e+00;7.500e-01;8.558e-02;1.000e+01;1.000e+01;4.028e-01;-5.189e-02;1.064e+00;5.000e+01;4.028e-01;-5.189e-02;1.064e+00;5.000e+01;5.000e+01
27.235430000;1.047e+00;4.167e-01;4.754e-02;3.980e-01;4.541e-02;1.065e+00;1.065e+00;1.047e+00;7.500e-01;8.556e-02;1.000e+01;1.000e+01;4.028e-01;-5.188e-02;1.064e+00;5.000e+01;4.028e-01;-5.188e-02;1.064e+00;5.000e+01;5.000e+01
27.394430000;1.047e+00;4.167e-01;4.731e-02;3.980e-01;4.519e-02;1.065e+00;1.065e+00;1.047e+00;7.500e-01;8.516e-02;1.000e+01;1.000e+01;4.028e-01;-5.166e-02;1.064e+00;5.000e+01;4.028e-01;-5.166e-02;1.064e+00;5.000e+01;5.000e+01
27.395430000;1.047e+00;4.167e-01;4.731e-02;3.980e-01;4.519e-02;1.064e+00;1.064e+00;1.047e+00;7.500e-01;8.516e-02;1.000e+01;1.000e+01;4.028e-01;-5.166e-02;1.064e+00;5.000e+01;4.028e-01;-5.166e-02;1.064e+00;5.000e+01;5.000e+01
27.832430000;1.047e+00;4.167e-01;4.667e-02;3.980e-01;4.458e-02;1.064e+00;1.064e+00;1.047e+00;7.500e-01;8.400e-02;1.000e+01;1.000e+01;4.028e-01;-5.105e-02;1.064e+00;5.000e+01;4.028e-01;-5.105e-02;1.064e+00;5.000e+01;5.000e+01
27.833430000;1.047e+00;4.167e-01;4.667e-02;3.980e-01;4.458e-02;1.064e+00;1.064e+00;1.047e+00;7.500e-01;8.400e-02;1.000e+01;1.000e+01;4.029e-01;-5.105e-02;1.064e+00;5.000e+01;4.028e-01;-5.105e-02;1.064e+00;5.000e+01;5.000e+01
27.834430000;1.047e+00;4.167e-01;4.666e-02;3.980e-01;4.457e-02;1.064e+00;1.064e+00;1.047e+00;7.500e-01;8.400e-02;1.000e+01;1.000e+01;4.029e-01;-5.105e-02;1.064e+00;5.000e+01;4.029e-01;-5.105e-02;1.064e+00;5.000e+01;5.000e+01
28.572430000;1.047e+00;4.167e-01;4.563e-02;3.980e-01;4.358e-02;1.064e+00;1.064e+00;1.047e+00;7.500e-01;8.213e-02;1.000e+01;1.000e+01;4.029e-01;-5.006e-02;1.064e+00;5.000e+01;4.029e-01;-5.006e-02;1.064e+00;5.000e+01;5.000e+01
28.581430000;1.047e+00;4.167e-01;4.561e-02;3.980e-01;4.357e-02;1.064e+00;1.064e+00;1.047e+00;7.500e-01;8.210e-02;1.000e+01;1.000e+01;4.029e-01;-5.005e-02;1.064e+00;5.000e+01;4.029e-01;-5.005e-02;1.064e+00;5.000e+01;5.000e+01
28.588430000;1.047e+00;4.167e-01;4.560e-02;3.980e-01;4.357e-02;1.064e+00;1.064e+00;1.047e+00;7.500e-01;8.209e-02;1.000e+01;1.000e+01;4.029e-01;-5.004e-02;1.064e+00;5.000e+01;4.029e-01;-5.004e-02;1.064e+00;5.000e+01;5.000e+01
28.608430000;1.047e+00;4.167e-01;4.558e-02;3.980e-01;4.354e-02;1.064e+00;1.064e+00;1.047e+00;7.500e-01;8.204e-02;1.000e+01;1.000e+01;4.029e-01;-5.001e-02;1.064e+00;5.000e+01;4.029e-01;-5.001e-02;1.064e+00;5.000e+01;5.000e+01
29.383749000;1.047e+00;4.167e-01;4.465e-02;3.980e-01;4.266e-02;1.064e+00;1.064e+00;1.047e+00;7.500e-01;8.038e-02;1.000e+01;1.000e+01;4.029e-01;-4.913e-02;1.064e+00;5.000e+01;4.029e-01;-4.913e-02;1.064e+00;5.000e+01;5.000e+01
29.384749000;1.047e+00;4.167e-01;4.465e-02;3.980e-01;4.266e-02;1.063e+00;1.063e+00;1.047e+00;7.500e-01;8.037e-02;1.000e+01;1.000e+01;4.029e-01;-4.913e-02;1.064e+00;5.000e+01;4.029e-01;-4.913e-02;1.064e+00;5.000e+01;5.000e+01
29.722749000;1.047e+00;4.167e-01;4.432e-02;3.980e-01;4.234e-02;1.063e+00;1.063e+00;1.047e+00;7.500e-01;7.977e-02;1.000e+01;1.000e+01;4.029e-01;-4.881e-02;1.064e+00;5.000e+01;4.029e-01;-4.881e-02;1.064e+00;5.000e+01;5.000e+01
29.727749000;1.047e+00;4.167e-01;4.431e-02;3.980e-01;4.234e-02;1.063e+00;1.063e+00;1.047e+00;7.500e-01;7.977e-02;1.000e+01;1.000e+01;4.029e-01;-4.881e-02;1.064e+00;5.000e+01;4.029e-01;-4.881e-02;1.064e+00;5.000e+01;5.000e+01
29.751749000;1.047e+00;4.167e-01;4.429e-02;3.980e-01;4.231e-02;1.063e+00;1.063e+00;1.047e+00;7.500e-01;7.973e-02;1.000e+01;1.000e+01;4.029e-01;-4.879e-02;1.064e+00;5.000e+01;4.029e-01;-4.879e-02;1.064e+00;5.000e+01;5.000e+01
29.759749000;1.047e+00;4.167e-01;4.429e-02;3.980e-01;4.231e-02;1.063e+00;1.063e+00;1.047e+00;7.500e-01;7.971e-02;1.000e+01;1.000e+01;4.029e-01;-4.878e-02;1.064e+00;5.000e+01;4.029e-01;-4.878e-02;1.064e+00;5.000e+01;5.000e+01
30.119749000;1.047e+00;4.167e-01;4.401e-02;3.980e-01;4.204e-02;1.063e+00;1.063e+00;1.047e+00;7.500e-01;7.921e-02;1.000e+01;1.000e+01;4.029e-01;-4.852e-02;1.064e+00;5.000e+01;4.029e-01;-4.852e-02;1.064e+00;5.000e+01;5.000e+01
30.120749000;1.047e+00;4.167e-01;4.401e-02;3.981e-01;4.204e-02;1.063e+00;1.063e+00;1.047e+00;7.500e-01;7.921e-02;1.000e+01;1.000e+01;4.029e-01;-4.852e-02;1.064e+00;5.000e+01;4.029e-01;-4.852e-02;1.064e+00;5.000e+01;5.000e+01
30.504749000;1.047e+00;4.167e-01;4.378e-02;3.981e-01;4.183e-02;1.063e+00;1.063e+00;1.047e+00;7.500e-01;7.881e-02;1.000e+01;1.000e+01;4.029e-01;-4.831e-02;1.064e+00;5.000e+01;4.029e-01;-4.831e-02;1.064e+00;5.000e+01;5.000e+01
30.529749000;1.047e+00;4.167e-01;4.377e-02;3.981e-01;4.182e-02;1.063e+00;1.063e+00;1.047e+00;7.500e-01;7.879e-02;1.000e+01;1.000e+01;4.029e-01;-4.829e-02;1.064e+00;5.000e+01;4.029e-01;-4.829e-02;1.064e+00;5.000e+01;5.000e+01
30.549749000;1.047e+00;4.167e-01;4.376e-02;3.981e-01;4.181e-02;1.063e+00;1.063e+00;1.047e+00;7.500e-01;7.877e-02;1.000e+01;1.000e+01;4.029e-01;-4.829e-02;1.064e+00;5.000e+01;4.029e-01;-4.829e-02;1.064e+00;5.000e+01;5.000e+01
30.610749000;1.047e+00;4.167e-01;4.374e-02;3.981e-01;4.178e-02;1.063e+00;1.063e+00;1.047e+00;7.500e-01;7.873e-02;1.000e+01;1.000e+01;4.029e-01;-4.826e-02;1.064e+00;5.000e+01;4.029e-01;-4.826e-02;1.064e+00;5.000e+01;5.000e+01
31.368749000;1.047e+00;4.167e-01;4.355e-02;3.981e-01;4.161e-02;1.063e+00;1.063e+00;1.047e+00;7.500e-01;7.840e-02;1.000e+01;1.000e+01;4.029e-01;-4.809e-02;1.064e+00;5.000e+01;4.029e-01;-4.809e-02;1.064e+00;5.000e+01;5.000e+01
31.400749000;1.047e+00;4.167e-01;4.355e-02;3.981e-01;4.161e-02;1.063e+00;1.063e+00;1.047e+00;7.500e-01;7.839e-02;1.000e+01;1.000e+01;4.029e-01;-4.809e-02;1.064e+00;5.000e+01;4.029e-01;-4.809e-02;1.064e+00;5.000e+01;5.000e+01
31.409749000;1.047e+00;4.167e-01;4.355e-02;3.981e-01;4.161e-02;1.063e+00;1.063e+00;1.047e+00;7.500e-01;7.839e-02;1.000e+01;1.000e+01;4.029e-01;-4.808e-02;1.064e+00;5.000e+01;4.029e-01;-4.808e-02;1.064e+00;5.000e+01;5.000e+01
31.480749000;1.047e+00;4.167e-01;4.355e-02;3.981e-01;4.160e-02;1.063e+00;1.063e+00;1.047e+00;7.500e-01;7.839e-02;1.000e+01;1.000e+01;4.029e-01;-4.808e-02;1.064e+00;5.000e+01;4.029e-01;-4.808e-02;1.064e+00;5.000e+01;5.000e+01
31.902749000;1.047e+00;4.167e-01;4.357e-02;3.981e-01;4.162e-02;1.063e+00;1.063e+00;1.047e+00;7.500e-01;7.842e-02;1.000e+01;1.000e+01;4.029e-01;-4.810e-02;1.064e+00;5.000e+01;4.029e-01;-4.810e-02;1.064e+00;5.000e+01;5.000e+01
32.578749000;1.047e+00;4.167e-01;4.370e-02;3.981e-01;4.175e-02;1.063e+00;1.063e+00;1.047e+00;7.500e-01;7.866e-02;1.000e+01;1.000e+01;4.029e-01;-4.822e-02;1.064e+00;5.000e+01;4.029e-01;-4.822e-02;1.064e+00;5.000e+01;5.000e+01
32.590749000;1.047e+00;4.167e-01;4.370e-02;3.981e-01;4.175e-02;1.063e+00;1.063e+00;1.047e+00;7.500e-01;7.866e-02;1.000e+01;1.000e+01;4.029e-01;-4.823e-02;1.064e+00;5.000e+01;4.029e-01;-4.823e-02;1.064e+00;5.000e+01;5.000e+01
32.596749000;1.047e+00;4.167e-01;4.370e-02;3.981e-01;4.175e-02;1.063e+00;1.063e+00;1.047e+00;7.500e-01;7.867e-02;1.000e+01;1.000e+01;4.029e-01;-4.823e-02;1.064e+00;5.000e+01;4.029e-01;-4.823e-02;1.064e+00;5.000e+01;5.000e+01
32.638749000;1.047e+00;4.167e-01;4.372e-02;3.981e-01;4.176e-02;1.063e+00;1.063e+00;1.047e+00;7.500e-01;7.869e-02;1.000e+01;1.000e+01;4.029e-01;-4.824e-02;1.064e+00;5.000e+01;4.029e-01;-4.824e-02;1.064e+00;5.000e+01;5.000e+01
33.448749000;1.047e+00;4.167e-01;4.399e-02;3.981e-01;4.202e-02;1.063e+00;1.063e+00;1.047e+00;7.500e-01;7.918e-02;1.000e+01;1.000e+01;4.029e-01;-4.850e-02;1.064e+00;5.000e+01;4.029e-01;-4.850e-02;1.064e+00;5.000e+01;5.000e+01
33.449749000;1.047e+00;4.167e-01;4.399e-02;3.980e-01;4.202e-02;1.063e+00;1.063e+00;1.047e+00;7.500e-01;7.918e-02;1.000e+01;1.000e+01;4.029e-01;-4.850e-02;1.064e+00;5.000e+01;4.029e-01;-4.850e-02;1.064e+00;5.000e+01;5.000e+01
34.928749000;1.047e+00;4.167e-01;4.452e-02;3.980e-01;4.254e-02;1.063e+00;1.063e+00;1.047e+00;7.500e-01;8.014e-02;1.000e+01;1.000e+01;4.029e-01;-4.901e-02;1.064e+00;5.000e+01;4.029e-01;-4.901e-02;1.064e+00;5.000e+01;5.000e+01
34.930749000;1.047e+00;4.167e-01;4.453e-02;3.980e-01;4.254e-02;1.063e+00;1.063e+00;1.047e+00;7.500e-01;8.014e-02;1.000e+01;1.000e+01;4.029e-01;-4.901e-02;1.064e+00;5.000e+01;4.029e-01;-4.901e-02;1.064e+00;5.000e+01;5.000e+01
34.941749000;1.047e+00;4.167e-01;4.453e-02;3.980e-01;4.254e-02;1.063e+00;1.063e+00;1.047e+00;7.500e-01;8.015e-02;1.000e+01;1.000e+01;4.029e-01;-4.902e-02;1.064e+00;5.000e+01;4.029e-01;-4.902e-02;1.064e+00;5.000e+01;5.000e+01
34.964749000;1.047e+00;4.167e-01;4.454e-02;3.980e-01;4.255e-02;1.063e+00;1.063e+00;1.047e+00;7.500e-01;8.017e-02;1.000e+01;1.000e+01;4.029e-01;-4.902e-02;1.064e+00;5.000e+01;4.029e-01;-4.902e-02;1.064e+00;5.000e+01;5.000e+01
35.346749000;1.047e+00;4.167e-01;4.465e-02;3.980e-01;4.266e-02;1.063e+00;1.063e+00;1.047e+00;7.500e-01;8.038e-02;1.000e+01;1.000e+01;4.029e-01;-4.913e-02;1.064e+00;5.000e+01;4.029e-01;-4.913e-02;1.064e+00;5.000e+01;5.000e+01
35.347749000;1.047e+00;4.167e-01;4.465e-02;3.980e-01;4.266e-02;1.064e+00;1.064e+00;1.047e+00;7.500e-01;8.038e-02;1.000e+01;1.000e+01;4.029e-01;-4.913e-02;1.064e+00;5.000e+01;4.029e-01;-4.913e-02;1.064e+00;5.000e+01;5.000e+01
36.063749000;1.047e+00;4.167e-01;4.483e-02;3.980e-01;4.283e-02;1.064e+00;1.064e+00;1.047e+00;7.500e-01;8.070e-02;1.000e+01;1.000e+01;4.029e-01;-4.931e-02;1.064e+00;5.000e+01;4.029e-01;-4.931e-02;1.064e+00;5.000e+01;5.000e+01
36.141749000;1.047e+00;4.167e-01;4.485e-02;3.980e-01;4.285e-02;1.064e+00;1.064e+00;1.047e+00;7.500e-01;8.073e-02;1.000e+01;1.000e+01;4.029e-01;-4.932e-02;1.064e+00;5.000e+01;4.029e-01;-4.932e-02;1.064e+00;5.000e+01;5.000e+01
36.157749000;1.047e+00;4.167e-01;4.485e-02;3.980e-01;4.285e-02;1.064e+00;1.064e+00;1.047e+00;7.500e-01;8.074e-02;1.000e+01;1.000e+01;4.029e-01;-4.932e-02;1.064e+00;5.000e+01;4.029e-01;-4.932e-02;1.064e+00;5.000e+01;5.000e+01
36.168749000;1.047e+00;4.167e-01;4.486e-02;3.980e-01;4.285e-02;1.064e+00;1.064e+00;1.047e+00;7.500e-01;8.074e-02;1.000e+01;1.000e+01;4.029e-01;-4.933e-02;1.064e+00;5.000e+01;4.029e-01;-4.933e-02;1.064e+00;5.000e+01;5.000e+01
37.326851000;1.047e+00;4.167e-01;4.502e-02;3.980e-01;4.301e-02;1.064e+00;1.064e+00;1.047e+00;7.500e-01;8.104e-02;1.000e+01;1.000e+01;4.029e-01;-4.949e-02;1.064e+00;5.000e+01;4.029e-01;-4.949e-02;1.064e+00;5.000e+01;5.000e+01
37.386851000;1.047e+00;4.167e-01;4.503e-02;3.980e-01;4.302e-02;1.064e+00;1.064e+00;1.047e+00;7.500e-01;8.105e-02;1.000e+01;1.000e+01;4.029e-01;-4.949e-02;1.064e+00;5.000e+01;4.029e-01;-4.949e-02;1.064e+00;5.000e+01;5.000e+01
37.416851000;1.047e+00;4.167e-01;4.503e-02;3.980e-01;4.302e-02;1.064e+00;1.064e+00;1.047e+00;7.500e-01;8.106e-02;1.000e+01;1.000e+01;4.029e-01;-4.949e-02;1.064e+00;5.000e+01;4.029e-01;-4.949e-02;1.064e+00;5.000e+01;5.000e+01
37.583851000;1.047e+00;4.167e-01;4.505e-02;3.980e-01;4.303e-02;1.064e+00;1.064e+00;1.047e+00;7.500e-01;8.108e-02;1.000e+01;1.000e+01;4.029e-01;-4.951e-02;1.064e+00;5.000e+01;4.029e-01;-4.951e-02;1.064e+00;5.000e+01;5.000e+01
38.920851000;1.047e+00;4.167e-01;4.512e-02;3.980e-01;4.310e-02;1.064e+00;1.064e+00;1.047e+00;7.500e-01;8.121e-02;1.000e+01;1.000e+01;4.029e-01;-4.958e-02;1.064e+00;5.000e+01;4.029e-01;-4.958e-02;1.064e+00;5.000e+01;5.000e+01
39.134851000;1.047e+00;4.167e-01;4.512e-02;3.980e-01;4.311e-02;1.064e+00;1.064e+00;1.047e+00;7.500e-01;8.122e-02;1.000e+01;1.000e+01;4.029e-01;-4.958e-02;1.064e+00;5.000e+01;4.029e-01;-4.958e-02;1.064e+00;5.000e+01;5.000e+01
39.263851000;1.047e+00;4.167e-01;4.513e-02;3.980e-01;4.311e-02;1.064e+00;1.064e+00;1.047e+00;7.500e-01;8.123e-02;1.000e+01;1.000e+01;4.029e-01;-4.958e-02;1.064e+00;5.000e+01;4.029e-01;-4.958e-02;1.064e+00;5.000e+01;5.000e+01
47.326851000;1.047e+00;4.167e-01;4.505e-02;3.980e-01;4.304e-02;1.064e+00;1.064e+00;1.047e+00;7.500e-01;8.110e-02;1.000e+01;1.000e+01;4.029e-01;-4.952e-02;1.064e+00;5.000e+01;4.029e-01;-4.952e-02;1.064e+00;5.000e+01;5.000e+01
47.594851000;1.047e+00;4.167e-01;4.505e-02;3.980e-01;4.304e-02;1.064e+00;1.064e+00;1.047e+00;7.500e-01;8.110e-02;1.000e+01;1.000e+01;4.029e-01;-4.951e-02;1.064e+00;5.000e+01;4.029e-01;-4.951e-02;1.064e+00;5.000e+01;5.000e+01
48.927851000;1.047e+00;4.167e-01;4.505e-02;3.980e-01;4.303e-02;1.064e+00;1.064e+00;1.047e+00;7.500e-01;8.109e-02;1.000e+01;1.000e+01;4.029e-01;-4.951e-02;1.064e+00;5.000e+01;4.029e-01;-4.951e-02;1.064e+00;5.000e+01;5.000e+01
49.872851000;1.047e+00;4.167e-01;4.505e-02;3.980e-01;4.303e-02;1.064e+00;1.064e+00;1.047e+00;7.500e-01;8.108e-02;1.000e+01;1.000e+01;4.029e-01;-4.951e-02;1.064e+00;5.000e+01;4.029e-01;-4.951e-02;1.064e+00;5.000e+01;5.000e+01
100.000000000;1.047e+00;4.167e-01;4.505e-02;3.980e-01;4.304e-02;1.064e+00;1.064e+00;1.047e+00;7.500e-01;8.109e-02;1.000e+01;1.000e+01;4.029e-01;-4.951e-02;1.064e+00;5.000e+01;4.029e-01;-4.951e-02;1.064e+00;5.000e+01;5.000e+01
