time;BusPDR_BUS_Voltage;BusPDR_BUS_ActivePower;BusPDR_BUS_ReactivePower;BusPDR_BUS_ActiveCurrent;BusPDR_BUS_ReactiveCurrent;Wind_Turbine_GEN_MagnitudeControlledByAVRPu;Wind_Turbine_GEN_UPuInjTerminal;Wind_Turbine_GEN_IpInjTerminal;Wind_Turbine_GEN_IqInjTerminal;Measurements_BUS_Voltage;Measurements_BUS_ActivePower;Measurements_BUS_ReactivePower;StepUp_Xfmr_XFMR_Tap;Wind_Turbine_GEN_ActivePowerSetpointPu;Wind_Turbine_GEN_ReactivePowerSetpointPu;Wind_Turbine_GEN_NetworkFrequencyPu;NetworkFrequencyPu
0.000000000;1.033e+00;8.270e-01;4.637e-02;8.008e-01;4.490e-02;1.047e+00;1.052e+00;8.065e-01;1.024e-01;1.033e+00;7.443e-01;4.173e-02;1.000e+01;8.333e-01;8.333e-02;5.000e+01;5.000e+01
0.001420000;1.029e+00;8.237e-01;3.516e-02;8.003e-01;3.416e-02;1.040e+00;1.047e+00;8.067e-01;9.196e-02;1.029e+00;7.414e-01;3.165e-02;1.000e+01;8.333e-01;8.333e-02;5.000e+01;5.000e+01
0.001452000;1.029e+00;8.237e-01;3.496e-02;8.003e-01;3.397e-02;1.040e+00;1.047e+00;8.067e-01;9.177e-02;1.029e+00;7.413e-01;3.147e-02;1.000e+01;8.333e-01;8.333e-02;5.001e+01;5.001e+01
0.001900000;1.028e+00;8.230e-01;3.242e-02;8.002e-01;3.153e-02;1.038e+00;1.046e+00;8.068e-01;8.940e-02;1.028e+00;7.407e-01;2.918e-02;1.000e+01;8.333e-01;8.333e-02;5.001e+01;5.001e+01
0.002118000;1.028e+00;8.227e-01;3.135e-02;8.002e-01;3.050e-02;1.038e+00;1.046e+00;8.068e-01;8.841e-02;1.028e+00;7.404e-01;2.822e-02;1.000e+01;8.333e-01;8.333e-02;5.001e+01;5.001e+01
0.002348000;1.028e+00;8.224e-01;3.034e-02;8.002e-01;2.952e-02;1.037e+00;1.045e+00;8.069e-01;8.746e-02;1.028e+00;7.402e-01;2.730e-02;1.000e+01;8.333e-01;8.333e-02;5.001e+01;5.001e+01
0.002463000;1.028e+00;8.223e-01;2.988e-02;8.002e-01;2.907e-02;1.037e+00;1.045e+00;8.069e-01;8.703e-02;1.028e+00;7.401e-01;2.689e-02;1.000e+01;8.333e-01;8.333e-02;5.001e+01;5.001e+01
0.002521000;1.028e+00;8.223e-01;2.965e-02;8.002e-01;2.886e-02;1.036e+00;1.045e+00;8.069e-01;8.683e-02;1.028e+00;7.401e-01;2.669e-02;1.000e+01;8.333e-01;8.333e-02;5.001e+01;5.001e+01
0.002578000;1.028e+00;8.222e-01;2.944e-02;8.002e-01;2.865e-02;1.036e+00;1.045e+00;8.069e-01;8.663e-02;1.028e+00;7.400e-01;2.650e-02;1.000e+01;8.333e-01;8.333e-02;5.002e+01;5.002e+01
0.002998000;1.027e+00;8.219e-01;2.810e-02;8.003e-01;2.736e-02;1.036e+00;1.044e+00;8.071e-01;8.539e-02;1.027e+00;7.398e-01;2.529e-02;1.000e+01;8.333e-01;8.333e-02;5.002e+01;5.002e+01
0.003286000;1.027e+00;8.218e-01;2.740e-02;8.003e-01;2.668e-02;1.035e+00;1.044e+00;8.072e-01;8.474e-02;1.027e+00;7.396e-01;2.466e-02;1.000e+01;8.333e-01;8.333e-02;5.002e+01;5.002e+01
0.003350000;1.027e+00;8.218e-01;2.726e-02;8.003e-01;2.655e-02;1.035e+00;1.044e+00;8.072e-01;8.462e-02;1.027e+00;7.396e-01;2.454e-02;1.000e+01;8.333e-01;8.333e-02;5.002e+01;5.002e+01
0.003398000;1.027e+00;8.218e-01;2.717e-02;8.004e-01;2.646e-02;1.035e+00;1.044e+00;8.072e-01;8.453e-02;1.027e+00;7.396e-01;2.445e-02;1.000e+01;8.333e-01;8.333e-02;5.003e+01;5.003e+01
0.003526000;1.027e+00;8.218e-01;2.694e-02;8.004e-01;2.624e-02;1.035e+00;1.044e+00;8.072e-01;8.432e-02;1.027e+00;7.396e-01;2.424e-02;1.000e+01;8.333e-01;8.333e-02;5.003e+01;5.003e+01
0.003718000;1.027e+00;8.217e-01;2.665e-02;8.004e-01;2.596e-02;1.035e+00;1.044e+00;8.073e-01;8.406e-02;1.027e+00;7.396e-01;2.399e-02;1.000e+01;8.333e-01;8.333e-02;5.003e+01;5.003e+01
0.004358000;1.026e+00;8.219e-01;2.620e-02;8.007e-01;2.552e-02;1.034e+00;1.044e+00;8.076e-01;8.367e-02;1.026e+00;7.397e-01;2.358e-02;1.000e+01;8.333e-01;8.333e-02;5.003e+01;5.003e+01
0.004486000;1.026e+00;8.219e-01;2.619e-02;8.007e-01;2.552e-02;1.034e+00;1.044e+00;8.076e-01;8.367e-02;1.026e+00;7.397e-01;2.357e-02;1.000e+01;8.333e-01;8.333e-02;5.004e+01;5.004e+01
0.004848000;1.026e+00;8.221e-01;2.633e-02;8.009e-01;2.565e-02;1.034e+00;1.044e+00;8.078e-01;8.383e-02;1.026e+00;7.399e-01;2.370e-02;1.000e+01;8.333e-01;8.333e-02;5.004e+01;5.004e+01
0.004912000;1.026e+00;8.222e-01;2.638e-02;8.010e-01;2.570e-02;1.034e+00;1.044e+00;8.078e-01;8.388e-02;1.026e+00;7.399e-01;2.374e-02;1.000e+01;8.333e-01;8.333e-02;5.004e+01;5.004e+01
0.005040000;1.027e+00;8.223e-01;2.649e-02;8.010e-01;2.581e-02;1.034e+00;1.044e+00;8.079e-01;8.399e-02;1.027e+00;7.400e-01;2.384e-02;1.000e+01;8.333e-01;8.333e-02;5.004e+01;5.004e+01
0.005168000;1.027e+00;8.224e-01;2.663e-02;8.011e-01;2.594e-02;1.035e+00;1.044e+00;8.080e-01;8.413e-02;1.027e+00;7.401e-01;2.397e-02;1.000e+01;8.333e-01;8.333e-02;5.004e+01;5.004e+01
0.006128000;1.027e+00;8.234e-01;2.839e-02;8.017e-01;2.764e-02;1.036e+00;1.044e+00;8.085e-01;8.585e-02;1.027e+00;7.410e-01;2.555e-02;1.000e+01;8.333e-01;8.333e-02;5.004e+01;5.004e+01
0.007056000;1.028e+00;8.247e-01;3.112e-02;8.024e-01;3.028e-02;1.037e+00;1.046e+00;8.089e-01;8.849e-02;1.028e+00;7.422e-01;2.801e-02;1.000e+01;8.333e-01;8.333e-02;5.004e+01;5.004e+01
0.007560000;1.028e+00;8.255e-01;3.294e-02;8.027e-01;3.203e-02;1.038e+00;1.046e+00;8.092e-01;9.023e-02;1.028e+00;7.430e-01;2.965e-02;1.000e+01;8.333e-01;8.333e-02;5.004e+01;5.004e+01
0.011835000;1.034e+00;8.335e-01;5.208e-02;8.060e-01;5.036e-02;1.050e+00;1.054e+00;8.113e-01;1.084e-01;1.034e+00;7.502e-01;4.687e-02;1.000e+01;8.333e-01;8.333e-02;5.004e+01;5.004e+01
0.012757000;1.035e+00;8.350e-01;5.597e-02;8.066e-01;5.406e-02;1.052e+00;1.055e+00;8.117e-01;1.120e-01;1.035e+00;7.515e-01;5.037e-02;1.000e+01;8.333e-01;8.333e-02;5.004e+01;5.004e+01
0.012987000;1.036e+00;8.354e-01;5.688e-02;8.067e-01;5.493e-02;1.053e+00;1.055e+00;8.117e-01;1.129e-01;1.036e+00;7.518e-01;5.119e-02;1.000e+01;8.333e-01;8.333e-02;5.004e+01;5.004e+01
0.013448000;1.036e+00;8.361e-01;5.863e-02;8.069e-01;5.659e-02;1.054e+00;1.056e+00;8.119e-01;1.145e-01;1.036e+00;7.524e-01;5.277e-02;1.000e+01;8.333e-01;8.333e-02;5.004e+01;5.004e+01
0.013909000;1.037e+00;8.367e-01;6.027e-02;8.072e-01;5.814e-02;1.055e+00;1.057e+00;8.120e-01;1.160e-01;1.037e+00;7.530e-01;5.424e-02;1.000e+01;8.333e-01;8.333e-02;5.004e+01;5.004e+01
0.014139000;1.037e+00;8.370e-01;6.104e-02;8.073e-01;5.887e-02;1.055e+00;1.057e+00;8.121e-01;1.167e-01;1.037e+00;7.533e-01;5.493e-02;1.000e+01;8.333e-01;8.333e-02;5.004e+01;5.004e+01
0.014600000;1.037e+00;8.375e-01;6.249e-02;8.074e-01;6.024e-02;1.056e+00;1.057e+00;8.122e-01;1.181e-01;1.037e+00;7.538e-01;5.624e-02;1.000e+01;8.333e-01;8.333e-02;5.004e+01;5.004e+01
0.016213000;1.038e+00;8.390e-01;6.651e-02;8.079e-01;6.405e-02;1.058e+00;1.059e+00;8.124e-01;1.218e-01;1.038e+00;7.551e-01;5.986e-02;1.000e+01;8.333e-01;8.333e-02;5.004e+01;5.004e+01
0.016443000;1.039e+00;8.391e-01;6.695e-02;8.080e-01;6.447e-02;1.059e+00;1.059e+00;8.124e-01;1.222e-01;1.039e+00;7.552e-01;6.026e-02;1.000e+01;8.333e-01;8.333e-02;5.003e+01;5.003e+01
0.017135000;1.039e+00;8.395e-01;6.807e-02;8.081e-01;6.552e-02;1.059e+00;1.060e+00;8.125e-01;1.233e-01;1.039e+00;7.555e-01;6.127e-02;1.000e+01;8.333e-01;8.333e-02;5.003e+01;5.003e+01
0.017365000;1.039e+00;8.396e-01;6.838e-02;8.081e-01;6.581e-02;1.060e+00;1.060e+00;8.125e-01;1.236e-01;1.039e+00;7.556e-01;6.154e-02;1.000e+01;8.333e-01;8.333e-02;5.003e+01;5.003e+01
0.017826000;1.039e+00;8.398e-01;6.890e-02;8.081e-01;6.630e-02;1.060e+00;1.060e+00;8.125e-01;1.240e-01;1.039e+00;7.558e-01;6.201e-02;1.000e+01;8.333e-01;8.333e-02;5.003e+01;5.003e+01
0.018287000;1.039e+00;8.399e-01;6.930e-02;8.081e-01;6.668e-02;1.060e+00;1.060e+00;8.124e-01;1.244e-01;1.039e+00;7.559e-01;6.237e-02;1.000e+01;8.333e-01;8.333e-02;5.003e+01;5.003e+01
0.019208000;1.039e+00;8.399e-01;6.975e-02;8.081e-01;6.711e-02;1.060e+00;1.060e+00;8.124e-01;1.248e-01;1.039e+00;7.559e-01;6.278e-02;1.000e+01;8.333e-01;8.333e-02;5.003e+01;5.003e+01
0.019669000;1.039e+00;8.399e-01;6.982e-02;8.080e-01;6.717e-02;1.060e+00;1.060e+00;8.123e-01;1.249e-01;1.039e+00;7.559e-01;6.284e-02;1.000e+01;8.333e-01;8.333e-02;5.003e+01;5.003e+01
0.020360000;1.039e+00;8.398e-01;6.975e-02;8.079e-01;6.710e-02;1.060e+00;1.060e+00;8.122e-01;1.248e-01;1.039e+00;7.558e-01;6.277e-02;1.000e+01;8.333e-01;8.333e-02;5.003e+01;5.003e+01
0.020591000;1.039e+00;8.397e-01;6.968e-02;8.079e-01;6.704e-02;1.060e+00;1.060e+00;8.122e-01;1.247e-01;1.039e+00;7.558e-01;6.272e-02;1.000e+01;8.333e-01;8.333e-02;5.002e+01;5.002e+01
0.021006000;1.039e+00;8.396e-01;6.952e-02;8.078e-01;6.688e-02;1.060e+00;1.060e+00;8.121e-01;1.246e-01;1.039e+00;7.557e-01;6.256e-02;1.000e+01;8.333e-01;8.333e-02;5.002e+01;5.002e+01
0.021118000;1.039e+00;8.396e-01;6.946e-02;8.078e-01;6.683e-02;1.060e+00;1.060e+00;8.121e-01;1.245e-01;1.039e+00;7.556e-01;6.251e-02;1.000e+01;8.333e-01;8.333e-02;5.002e+01;5.002e+01
0.022526000;1.039e+00;8.390e-01;6.847e-02;8.074e-01;6.589e-02;1.060e+00;1.060e+00;8.118e-01;1.235e-01;1.039e+00;7.551e-01;6.162e-02;1.000e+01;8.333e-01;8.333e-02;5.002e+01;5.002e+01
0.023294000;1.039e+00;8.386e-01;6.775e-02;8.072e-01;6.521e-02;1.059e+00;1.060e+00;8.116e-01;1.229e-01;1.039e+00;7.547e-01;6.098e-02;1.000e+01;8.333e-01;8.333e-02;5.002e+01;5.002e+01
0.023806000;1.039e+00;8.383e-01;6.723e-02;8.070e-01;6.472e-02;1.059e+00;1.059e+00;8.115e-01;1.224e-01;1.039e+00;7.545e-01;6.050e-02;1.000e+01;8.333e-01;8.333e-02;5.002e+01;5.002e+01
0.024062000;1.039e+00;8.381e-01;6.696e-02;8.069e-01;6.446e-02;1.059e+00;1.059e+00;8.114e-01;1.221e-01;1.039e+00;7.543e-01;6.026e-02;1.000e+01;8.333e-01;8.333e-02;5.001e+01;5.001e+01
0.024574000;1.039e+00;8.378e-01;6.640e-02;8.068e-01;6.394e-02;1.058e+00;1.059e+00;8.113e-01;1.216e-01;1.039e+00;7.540e-01;5.976e-02;1.000e+01;8.333e-01;8.333e-02;5.001e+01;5.001e+01
0.024830000;1.038e+00;8.377e-01;6.612e-02;8.067e-01;6.367e-02;1.058e+00;1.059e+00;8.112e-01;1.213e-01;1.038e+00;7.539e-01;5.951e-02;1.000e+01;8.333e-01;8.333e-02;5.001e+01;5.001e+01
0.026110000;1.038e+00;8.369e-01;6.473e-02;8.062e-01;6.235e-02;1.057e+00;1.058e+00;8.108e-01;1.200e-01;1.038e+00;7.532e-01;5.825e-02;1.000e+01;8.333e-01;8.333e-02;5.001e+01;5.001e+01
0.027646000;1.038e+00;8.360e-01;6.319e-02;8.057e-01;6.090e-02;1.057e+00;1.058e+00;8.104e-01;1.185e-01;1.038e+00;7.524e-01;5.687e-02;1.000e+01;8.333e-01;8.333e-02;5.001e+01;5.001e+01
0.027902000;1.038e+00;8.358e-01;6.296e-02;8.056e-01;6.068e-02;1.056e+00;1.058e+00;8.103e-01;1.183e-01;1.038e+00;7.522e-01;5.666e-02;1.000e+01;8.333e-01;8.333e-02;5.000e+01;5.000e+01
0.028158000;1.037e+00;8.357e-01;6.274e-02;8.055e-01;6.047e-02;1.056e+00;1.058e+00;8.102e-01;1.181e-01;1.037e+00;7.521e-01;5.646e-02;1.000e+01;8.333e-01;8.333e-02;5.000e+01;5.000e+01
0.028670000;1.037e+00;8.354e-01;6.232e-02;8.053e-01;6.008e-02;1.056e+00;1.058e+00;8.101e-01;1.177e-01;1.037e+00;7.519e-01;5.609e-02;1.000e+01;8.333e-01;8.333e-02;5.000e+01;5.000e+01
0.028926000;1.037e+00;8.353e-01;6.213e-02;8.052e-01;5.989e-02;1.056e+00;1.057e+00;8.100e-01;1.175e-01;1.037e+00;7.518e-01;5.591e-02;1.000e+01;8.333e-01;8.333e-02;5.000e+01;5.000e+01
0.029182000;1.037e+00;8.352e-01;6.194e-02;8.052e-01;5.972e-02;1.056e+00;1.057e+00;8.099e-01;1.173e-01;1.037e+00;7.516e-01;5.575e-02;1.000e+01;8.333e-01;8.333e-02;5.000e+01;5.000e+01
0.029438000;1.037e+00;8.350e-01;6.177e-02;8.051e-01;5.956e-02;1.056e+00;1.057e+00;8.099e-01;1.171e-01;1.037e+00;7.515e-01;5.559e-02;1.000e+01;8.333e-01;8.333e-02;5.000e+01;5.000e+01
0.030411000;1.037e+00;8.346e-01;6.122e-02;8.048e-01;5.903e-02;1.055e+00;1.057e+00;8.096e-01;1.166e-01;1.037e+00;7.511e-01;5.510e-02;1.000e+01;8.333e-01;8.333e-02;5.000e+01;5.000e+01
0.033637000;1.037e+00;8.336e-01;6.050e-02;8.039e-01;5.835e-02;1.055e+00;1.057e+00;8.088e-01;1.158e-01;1.037e+00;7.502e-01;5.445e-02;1.000e+01;8.333e-01;8.333e-02;5.000e+01;5.000e+01
0.034097000;1.037e+00;8.335e-01;6.053e-02;8.038e-01;5.837e-02;1.055e+00;1.057e+00;8.086e-01;1.158e-01;1.037e+00;7.501e-01;5.448e-02;1.000e+01;8.333e-01;8.333e-02;5.000e+01;5.000e+01
0.034158000;1.037e+00;8.334e-01;6.053e-02;8.038e-01;5.838e-02;1.055e+00;1.057e+00;8.086e-01;1.158e-01;1.037e+00;7.501e-01;5.448e-02;1.000e+01;8.333e-01;8.333e-02;5.000e+01;5.000e+01
0.034190000;1.037e+00;8.334e-01;6.054e-02;8.037e-01;5.838e-02;1.055e+00;1.057e+00;8.086e-01;1.158e-01;1.037e+00;7.501e-01;5.448e-02;1.000e+01;8.333e-01;8.333e-02;5.000e+01;5.000e+01
0.034254000;1.037e+00;8.334e-01;6.054e-02;8.037e-01;5.839e-02;1.055e+00;1.057e+00;8.086e-01;1.158e-01;1.037e+00;7.501e-01;5.449e-02;1.000e+01;8.333e-01;8.333e-02;4.999e+01;4.999e+01
0.034638000;1.037e+00;8.334e-01;6.059e-02;8.036e-01;5.843e-02;1.055e+00;1.057e+00;8.085e-01;1.158e-01;1.037e+00;7.500e-01;5.454e-02;1.000e+01;8.333e-01;8.333e-02;4.999e+01;4.999e+01
0.036648000;1.037e+00;8.331e-01;6.111e-02;8.032e-01;5.892e-02;1.055e+00;1.057e+00;8.081e-01;1.163e-01;1.037e+00;7.498e-01;5.500e-02;1.000e+01;8.333e-01;8.333e-02;4.999e+01;4.999e+01
0.038120000;1.037e+00;8.330e-01;6.168e-02;8.030e-01;5.946e-02;1.056e+00;1.057e+00;8.078e-01;1.168e-01;1.037e+00;7.497e-01;5.551e-02;1.000e+01;8.333e-01;8.333e-02;4.999e+01;4.999e+01
0.038632000;1.037e+00;8.330e-01;6.190e-02;8.029e-01;5.967e-02;1.056e+00;1.058e+00;8.077e-01;1.169e-01;1.037e+00;7.497e-01;5.571e-02;1.000e+01;8.333e-01;8.333e-02;4.999e+01;4.999e+01
0.039144000;1.038e+00;8.330e-01;6.213e-02;8.028e-01;5.988e-02;1.056e+00;1.058e+00;8.076e-01;1.171e-01;1.038e+00;7.497e-01;5.591e-02;1.000e+01;8.333e-01;8.333e-02;4.999e+01;4.999e+01
0.044264000;1.038e+00;8.329e-01;6.426e-02;8.022e-01;6.190e-02;1.058e+00;1.058e+00;8.069e-01;1.190e-01;1.038e+00;7.496e-01;5.784e-02;1.000e+01;8.333e-01;8.333e-02;4.999e+01;4.999e+01
0.044776000;1.038e+00;8.329e-01;6.443e-02;8.022e-01;6.205e-02;1.058e+00;1.059e+00;8.068e-01;1.191e-01;1.038e+00;7.496e-01;5.799e-02;1.000e+01;8.333e-01;8.333e-02;4.999e+01;4.999e+01
0.047336000;1.038e+00;8.328e-01;6.507e-02;8.019e-01;6.266e-02;1.058e+00;1.059e+00;8.066e-01;1.197e-01;1.038e+00;7.495e-01;5.857e-02;1.000e+01;8.333e-01;8.333e-02;4.999e+01;4.999e+01
0.047848000;1.039e+00;8.328e-01;6.517e-02;8.019e-01;6.275e-02;1.058e+00;1.059e+00;8.065e-01;1.198e-01;1.039e+00;7.495e-01;5.865e-02;1.000e+01;8.333e-01;8.333e-02;4.999e+01;4.999e+01
0.049384000;1.039e+00;8.327e-01;6.538e-02;8.018e-01;6.295e-02;1.058e+00;1.059e+00;8.064e-01;1.200e-01;1.039e+00;7.495e-01;5.884e-02;1.000e+01;8.333e-01;8.333e-02;4.999e+01;4.999e+01
0.050408000;1.039e+00;8.327e-01;6.548e-02;8.017e-01;6.304e-02;1.058e+00;1.059e+00;8.063e-01;1.200e-01;1.039e+00;7.494e-01;5.893e-02;1.000e+01;8.333e-01;8.333e-02;4.999e+01;4.999e+01
0.052968000;1.039e+00;8.326e-01;6.560e-02;8.016e-01;6.315e-02;1.058e+00;1.059e+00;8.062e-01;1.201e-01;1.039e+00;7.493e-01;5.904e-02;1.000e+01;8.333e-01;8.333e-02;4.999e+01;4.999e+01
0.053480000;1.039e+00;8.326e-01;6.561e-02;8.016e-01;6.316e-02;1.058e+00;1.059e+00;8.062e-01;1.201e-01;1.039e+00;7.493e-01;5.905e-02;1.000e+01;8.333e-01;8.333e-02;4.999e+01;4.999e+01
0.054480000;1.039e+00;8.326e-01;6.563e-02;8.015e-01;6.318e-02;1.058e+00;1.059e+00;8.061e-01;1.202e-01;1.039e+00;7.493e-01;5.906e-02;1.000e+01;8.333e-01;8.333e-02;5.000e+01;5.000e+01
0.055380000;1.039e+00;8.325e-01;6.564e-02;8.015e-01;6.319e-02;1.058e+00;1.059e+00;8.061e-01;1.202e-01;1.039e+00;7.493e-01;5.907e-02;1.000e+01;8.333e-01;8.333e-02;5.000e+01;5.000e+01
0.061680000;1.039e+00;8.326e-01;6.583e-02;8.015e-01;6.338e-02;1.059e+00;1.059e+00;8.061e-01;1.203e-01;1.039e+00;7.493e-01;5.925e-02;1.000e+01;8.333e-01;8.333e-02;5.000e+01;5.000e+01
0.064380000;1.039e+00;8.327e-01;6.604e-02;8.016e-01;6.357e-02;1.059e+00;1.059e+00;8.062e-01;1.205e-01;1.039e+00;7.494e-01;5.944e-02;1.000e+01;8.333e-01;8.333e-02;5.000e+01;5.000e+01
0.078004000;1.039e+00;8.337e-01;6.745e-02;8.023e-01;6.490e-02;1.059e+00;1.060e+00;8.068e-01;1.219e-01;1.039e+00;7.504e-01;6.070e-02;1.000e+01;8.333e-01;8.333e-02;5.000e+01;5.000e+01
0.091004000;1.039e+00;8.344e-01;6.848e-02;8.027e-01;6.588e-02;1.060e+00;1.060e+00;8.072e-01;1.229e-01;1.039e+00;7.510e-01;6.163e-02;1.000e+01;8.333e-01;8.333e-02;5.000e+01;5.000e+01
0.092004000;1.040e+00;8.345e-01;6.856e-02;8.028e-01;6.595e-02;1.060e+00;1.060e+00;8.072e-01;1.230e-01;1.040e+00;7.510e-01;6.170e-02;1.000e+01;8.333e-01;8.333e-02;5.000e+01;5.000e+01
0.098004000;1.040e+00;8.347e-01;6.905e-02;8.028e-01;6.642e-02;1.060e+00;1.060e+00;8.072e-01;1.235e-01;1.040e+00;7.512e-01;6.215e-02;1.000e+01;8.333e-01;8.333e-02;5.000e+01;5.000e+01
0.101004000;1.040e+00;8.347e-01;6.930e-02;8.028e-01;6.665e-02;1.061e+00;1.060e+00;8.072e-01;1.237e-01;1.040e+00;7.513e-01;6.237e-02;1.000e+01;8.333e-01;8.333e-02;5.000e+01;5.000e+01
0.108004000;1.040e+00;8.348e-01;6.987e-02;8.028e-01;6.719e-02;1.061e+00;1.061e+00;8.072e-01;1.242e-01;1.040e+00;7.514e-01;6.288e-02;1.000e+01;8.333e-01;8.333e-02;5.000e+01;5.000e+01
0.112004000;1.040e+00;8.349e-01;7.019e-02;8.028e-01;6.749e-02;1.061e+00;1.061e+00;8.071e-01;1.245e-01;1.040e+00;7.514e-01;6.317e-02;1.000e+01;8.333e-01;8.333e-02;5.000e+01;5.000e+01
0.137004000;1.041e+00;8.349e-01;7.205e-02;8.023e-01;6.923e-02;1.062e+00;1.061e+00;8.066e-01;1.261e-01;1.041e+00;7.514e-01;6.484e-02;1.000e+01;8.333e-01;8.333e-02;5.000e+01;5.000e+01
0.138004000;1.041e+00;8.349e-01;7.211e-02;8.023e-01;6.930e-02;1.062e+00;1.062e+00;8.066e-01;1.262e-01;1.041e+00;7.514e-01;6.490e-02;1.000e+01;8.333e-01;8.333e-02;5.000e+01;5.000e+01
0.148004000;1.041e+00;8.349e-01;7.279e-02;8.022e-01;6.994e-02;1.063e+00;1.062e+00;8.064e-01;1.268e-01;1.041e+00;7.515e-01;6.552e-02;1.000e+01;8.333e-01;8.333e-02;5.000e+01;5.000e+01
0.151004000;1.041e+00;8.350e-01;7.299e-02;8.021e-01;7.012e-02;1.063e+00;1.062e+00;8.063e-01;1.269e-01;1.041e+00;7.515e-01;6.569e-02;1.000e+01;8.333e-01;8.333e-02;5.000e+01;5.000e+01
0.177004000;1.041e+00;8.350e-01;7.459e-02;8.018e-01;7.162e-02;1.064e+00;1.062e+00;8.059e-01;1.283e-01;1.041e+00;7.515e-01;6.713e-02;1.000e+01;8.333e-01;8.333e-02;5.000e+01;5.000e+01
0.178004000;1.041e+00;8.350e-01;7.465e-02;8.017e-01;7.167e-02;1.064e+00;1.063e+00;8.059e-01;1.284e-01;1.041e+00;7.515e-01;6.718e-02;1.000e+01;8.333e-01;8.333e-02;5.000e+01;5.000e+01
0.179004000;1.041e+00;8.350e-01;7.470e-02;8.017e-01;7.173e-02;1.064e+00;1.063e+00;8.058e-01;1.284e-01;1.041e+00;7.515e-01;6.723e-02;1.000e+01;8.333e-01;8.333e-02;5.000e+01;5.000e+01
0.180004000;1.042e+00;8.350e-01;7.476e-02;8.017e-01;7.178e-02;1.064e+00;1.063e+00;8.058e-01;1.285e-01;1.042e+00;7.515e-01;6.728e-02;1.000e+01;8.333e-01;8.333e-02;5.000e+01;5.000e+01
0.230004000;1.042e+00;8.349e-01;7.728e-02;8.010e-01;7.414e-02;1.066e+00;1.064e+00;8.050e-01;1.307e-01;1.042e+00;7.514e-01;6.955e-02;1.000e+01;8.333e-01;8.333e-02;5.000e+01;5.000e+01
0.241004000;1.042e+00;8.349e-01;7.775e-02;8.008e-01;7.458e-02;1.066e+00;1.064e+00;8.048e-01;1.311e-01;1.042e+00;7.514e-01;6.997e-02;1.000e+01;8.333e-01;8.333e-02;5.000e+01;5.000e+01
0.242004000;1.043e+00;8.349e-01;7.779e-02;8.008e-01;7.462e-02;1.066e+00;1.064e+00;8.048e-01;1.311e-01;1.043e+00;7.514e-01;7.001e-02;1.000e+01;8.333e-01;8.333e-02;5.000e+01;5.000e+01
0.246004000;1.043e+00;8.348e-01;7.795e-02;8.008e-01;7.477e-02;1.066e+00;1.064e+00;8.047e-01;1.313e-01;1.043e+00;7.514e-01;7.016e-02;1.000e+01;8.333e-01;8.333e-02;5.000e+01;5.000e+01
0.247004000;1.043e+00;8.348e-01;7.799e-02;8.008e-01;7.481e-02;1.066e+00;1.064e+00;8.047e-01;1.313e-01;1.043e+00;7.514e-01;7.019e-02;1.000e+01;8.333e-01;8.333e-02;5.000e+01;5.000e+01
0.255004000;1.043e+00;8.348e-01;7.831e-02;8.006e-01;7.510e-02;1.066e+00;1.064e+00;8.046e-01;1.316e-01;1.043e+00;7.513e-01;7.047e-02;1.000e+01;8.333e-01;8.333e-02;5.000e+01;5.000e+01
0.260004000;1.043e+00;8.348e-01;7.850e-02;8.006e-01;7.528e-02;1.066e+00;1.064e+00;8.045e-01;1.317e-01;1.043e+00;7.513e-01;7.065e-02;1.000e+01;8.333e-01;8.333e-02;5.000e+01;5.000e+01
0.291004000;1.043e+00;8.347e-01;7.956e-02;8.002e-01;7.627e-02;1.067e+00;1.064e+00;8.041e-01;1.326e-01;1.043e+00;7.512e-01;7.160e-02;1.000e+01;8.333e-01;8.333e-02;5.000e+01;5.000e+01
0.292004000;1.043e+00;8.347e-01;7.959e-02;8.002e-01;7.630e-02;1.067e+00;1.065e+00;8.041e-01;1.327e-01;1.043e+00;7.512e-01;7.163e-02;1.000e+01;8.333e-01;8.333e-02;5.000e+01;5.000e+01
0.334004000;1.043e+00;8.346e-01;8.075e-02;7.998e-01;7.738e-02;1.068e+00;1.065e+00;8.036e-01;1.337e-01;1.043e+00;7.511e-01;7.267e-02;1.000e+01;8.333e-01;8.333e-02;5.000e+01;5.000e+01
0.335004000;1.044e+00;8.346e-01;8.077e-02;7.998e-01;7.740e-02;1.068e+00;1.065e+00;8.036e-01;1.337e-01;1.044e+00;7.511e-01;7.269e-02;1.000e+01;8.333e-01;8.333e-02;5.000e+01;5.000e+01
0.369004000;1.044e+00;8.345e-01;8.151e-02;7.995e-01;7.809e-02;1.068e+00;1.065e+00;8.032e-01;1.343e-01;1.044e+00;7.510e-01;7.336e-02;1.000e+01;8.333e-01;8.333e-02;5.000e+01;5.000e+01
0.398004000;1.044e+00;8.344e-01;8.201e-02;7.993e-01;7.856e-02;1.069e+00;1.065e+00;8.030e-01;1.347e-01;1.044e+00;7.509e-01;7.381e-02;1.000e+01;8.333e-01;8.333e-02;5.000e+01;5.000e+01
0.399004000;1.044e+00;8.344e-01;8.203e-02;7.993e-01;7.858e-02;1.069e+00;1.066e+00;8.030e-01;1.347e-01;1.044e+00;7.509e-01;7.383e-02;1.000e+01;8.333e-01;8.333e-02;5.000e+01;5.000e+01
0.401004000;1.044e+00;8.344e-01;8.206e-02;7.992e-01;7.861e-02;1.069e+00;1.066e+00;8.030e-01;1.348e-01;1.044e+00;7.509e-01;7.385e-02;1.000e+01;8.333e-01;8.333e-02;5.000e+01;5.000e+01
0.573273000;1.044e+00;8.340e-01;8.352e-02;7.985e-01;7.996e-02;1.070e+00;1.066e+00;8.022e-01;1.360e-01;1.044e+00;7.506e-01;7.516e-02;1.000e+01;8.333e-01;8.333e-02;5.000e+01;5.000e+01
0.601175000;1.044e+00;8.340e-01;8.360e-02;7.985e-01;8.004e-02;1.070e+00;1.066e+00;8.021e-01;1.361e-01;1.044e+00;7.506e-01;7.524e-02;1.000e+01;8.333e-01;8.333e-02;5.000e+01;5.000e+01
0.615175000;1.044e+00;8.340e-01;8.363e-02;7.984e-01;8.006e-02;1.070e+00;1.066e+00;8.021e-01;1.361e-01;1.044e+00;7.506e-01;7.526e-02;1.000e+01;8.333e-01;8.333e-02;5.000e+01;5.000e+01
0.616175000;1.044e+00;8.340e-01;8.363e-02;7.984e-01;8.007e-02;1.070e+00;1.066e+00;8.021e-01;1.361e-01;1.044e+00;7.506e-01;7.526e-02;1.000e+01;8.333e-01;8.333e-02;5.000e+01;5.000e+01
0.629175000;1.044e+00;8.339e-01;8.365e-02;7.984e-01;8.009e-02;1.070e+00;1.066e+00;8.021e-01;1.361e-01;1.044e+00;7.505e-01;7.529e-02;1.000e+01;8.333e-01;8.333e-02;5.000e+01;5.000e+01
0.635175000;1.044e+00;8.339e-01;8.366e-02;7.984e-01;8.009e-02;1.070e+00;1.066e+00;8.021e-01;1.361e-01;1.044e+00;7.505e-01;7.529e-02;1.000e+01;8.333e-01;8.333e-02;5.000e+01;5.000e+01
0.636175000;1.045e+00;8.339e-01;8.366e-02;7.984e-01;8.009e-02;1.070e+00;1.066e+00;8.021e-01;1.361e-01;1.045e+00;7.505e-01;7.529e-02;1.000e+01;8.333e-01;8.333e-02;5.000e+01;5.000e+01
0.711175000;1.045e+00;8.338e-01;8.370e-02;7.983e-01;8.013e-02;1.070e+00;1.066e+00;8.020e-01;1.361e-01;1.045e+00;7.505e-01;7.533e-02;1.000e+01;8.333e-01;8.333e-02;5.000e+01;5.000e+01
0.727175000;1.045e+00;8.338e-01;8.370e-02;7.983e-01;8.013e-02;1.070e+00;1.066e+00;8.020e-01;1.361e-01;1.045e+00;7.504e-01;7.533e-02;1.000e+01;8.333e-01;8.333e-02;5.000e+01;5.000e+01
0.742175000;1.045e+00;8.338e-01;8.369e-02;7.983e-01;8.012e-02;1.070e+00;1.066e+00;8.019e-01;1.361e-01;1.045e+00;7.504e-01;7.532e-02;1.000e+01;8.333e-01;8.333e-02;5.000e+01;5.000e+01
0.783175000;1.045e+00;8.338e-01;8.366e-02;7.982e-01;8.010e-02;1.070e+00;1.066e+00;8.019e-01;1.361e-01;1.045e+00;7.504e-01;7.530e-02;1.000e+01;8.333e-01;8.333e-02;5.000e+01;5.000e+01
0.836175000;1.045e+00;8.337e-01;8.361e-02;7.982e-01;8.005e-02;1.070e+00;1.066e+00;8.019e-01;1.360e-01;1.045e+00;7.504e-01;7.525e-02;1.000e+01;8.333e-01;8.333e-02;5.000e+01;5.000e+01
0.837175000;1.044e+00;8.337e-01;8.361e-02;7.982e-01;8.005e-02;1.070e+00;1.066e+00;8.019e-01;1.360e-01;1.044e+00;7.504e-01;7.525e-02;1.000e+01;8.333e-01;8.333e-02;5.000e+01;5.000e+01
1.617144000;1.044e+00;8.334e-01;8.324e-02;7.980e-01;7.971e-02;1.069e+00;1.066e+00;8.017e-01;1.357e-01;1.044e+00;7.501e-01;7.492e-02;1.000e+01;8.333e-01;8.333e-02;5.000e+01;5.000e+01
2.062371000;1.044e+00;8.334e-01;8.329e-02;7.979e-01;7.975e-02;1.069e+00;1.066e+00;8.016e-01;1.357e-01;1.044e+00;7.500e-01;7.496e-02;1.000e+01;8.333e-01;8.333e-02;5.000e+01;5.000e+01
19.029748000;1.044e+00;8.333e-01;8.333e-02;7.979e-01;7.979e-02;1.069e+00;1.066e+00;8.016e-01;1.357e-01;1.044e+00;7.500e-01;7.500e-02;1.000e+01;8.333e-01;8.333e-02;5.000e+01;5.000e+01
19.039748000;1.044e+00;8.333e-01;8.333e-02;7.979e-01;7.979e-02;1.069e+00;1.066e+00;8.016e-01;1.357e-01;1.044e+00;7.500e-01;7.500e-02;1.000e+01;8.333e-01;8.333e-02;5.000e+01;5.000e+01
19.999996000;1.044e+00;8.333e-01;8.333e-02;7.979e-01;7.979e-02;1.069e+00;1.066e+00;8.016e-01;1.357e-01;1.044e+00;7.500e-01;7.500e-02;1.000e+01;8.333e-01;8.333e-02;5.000e+01;5.000e+01
19.999996000;1.044e+00;8.333e-01;8.333e-02;7.979e-01;7.979e-02;1.069e+00;1.066e+00;8.016e-01;1.357e-01;1.044e+00;7.500e-01;7.500e-02;1.000e+01;8.333e-01;-8.333e-02;5.000e+01;5.000e+01
20.000012000;1.044e+00;8.333e-01;8.333e-02;7.979e-01;7.979e-02;1.069e+00;1.066e+00;8.016e-01;1.357e-01;1.044e+00;7.500e-01;7.500e-02;1.000e+01;8.333e-01;-8.333e-02;5.000e+01;5.000e+01
20.000079000;1.044e+00;8.333e-01;8.327e-02;7.979e-01;7.973e-02;1.069e+00;1.066e+00;8.016e-01;1.357e-01;1.044e+00;7.500e-01;7.494e-02;1.000e+01;8.333e-01;-8.333e-02;5.000e+01;5.000e+01
20.000127000;1.044e+00;8.333e-01;8.317e-02;7.979e-01;7.964e-02;1.069e+00;1.066e+00;8.016e-01;1.356e-01;1.044e+00;7.500e-01;7.485e-02;1.000e+01;8.333e-01;-8.333e-02;5.000e+01;5.000e+01
20.000159000;1.044e+00;8.333e-01;8.309e-02;7.979e-01;7.956e-02;1.069e+00;1.066e+00;8.016e-01;1.355e-01;1.044e+00;7.499e-01;7.478e-02;1.000e+01;8.333e-01;-8.333e-02;5.000e+01;5.000e+01
20.000191000;1.044e+00;8.332e-01;8.298e-02;7.979e-01;7.946e-02;1.069e+00;1.066e+00;8.016e-01;1.354e-01;1.044e+00;7.499e-01;7.468e-02;1.000e+01;8.333e-01;-8.333e-02;5.000e+01;5.000e+01
20.000415000;1.044e+00;8.329e-01;8.183e-02;7.978e-01;7.838e-02;1.069e+00;1.066e+00;8.016e-01;1.344e-01;1.044e+00;7.496e-01;7.365e-02;1.000e+01;8.333e-01;-8.333e-02;5.000e+01;5.000e+01
20.000607000;1.044e+00;8.324e-01;8.033e-02;7.977e-01;7.698e-02;1.068e+00;1.065e+00;8.016e-01;1.330e-01;1.044e+00;7.492e-01;7.230e-02;1.000e+01;8.333e-01;-8.333e-02;5.000e+01;5.000e+01
20.001183000;1.042e+00;8.305e-01;7.391e-02;7.973e-01;7.096e-02;1.064e+00;1.063e+00;8.016e-01;1.271e-01;1.042e+00;7.475e-01;6.652e-02;1.000e+01;8.333e-01;-8.333e-02;5.000e+01;5.000e+01
20.003167000;1.033e+00;8.219e-01;4.499e-02;7.958e-01;4.357e-02;1.046e+00;1.051e+00;8.016e-01;1.004e-01;1.033e+00;7.397e-01;4.049e-02;1.000e+01;8.333e-01;-8.333e-02;5.000e+01;5.000e+01
20.003224000;1.033e+00;8.216e-01;4.418e-02;7.957e-01;4.278e-02;1.046e+00;1.051e+00;8.016e-01;9.968e-02;1.033e+00;7.395e-01;3.976e-02;1.000e+01;8.333e-01;-8.333e-02;4.999e+01;4.999e+01
20.003282000;1.032e+00;8.214e-01;4.336e-02;7.957e-01;4.201e-02;1.045e+00;1.051e+00;8.016e-01;9.893e-02;1.032e+00;7.392e-01;3.903e-02;1.000e+01;8.333e-01;-8.333e-02;4.999e+01;4.999e+01
20.003869000;1.030e+00;8.190e-01;3.542e-02;7.953e-01;3.440e-02;1.040e+00;1.048e+00;8.017e-01;9.153e-02;1.030e+00;7.371e-01;3.188e-02;1.000e+01;8.333e-01;-8.333e-02;4.999e+01;4.999e+01
20.004491000;1.027e+00;8.168e-01;2.781e-02;7.950e-01;2.707e-02;1.036e+00;1.045e+00;8.019e-01;8.441e-02;1.027e+00;7.351e-01;2.503e-02;1.000e+01;8.333e-01;-8.333e-02;4.999e+01;4.999e+01
20.005010000;1.026e+00;8.152e-01;2.218e-02;7.948e-01;2.162e-02;1.032e+00;1.042e+00;8.020e-01;7.912e-02;1.026e+00;7.337e-01;1.996e-02;1.000e+01;8.333e-01;-8.333e-02;4.999e+01;4.999e+01
20.005217000;1.025e+00;8.146e-01;2.011e-02;7.948e-01;1.962e-02;1.031e+00;1.042e+00;8.021e-01;7.718e-02;1.025e+00;7.332e-01;1.810e-02;1.000e+01;8.333e-01;-8.333e-02;4.999e+01;4.999e+01
20.005321000;1.025e+00;8.144e-01;1.911e-02;7.947e-01;1.865e-02;1.030e+00;1.041e+00;8.021e-01;7.624e-02;1.025e+00;7.329e-01;1.720e-02;1.000e+01;8.333e-01;-8.333e-02;4.999e+01;4.999e+01
20.005632000;1.024e+00;8.136e-01;1.629e-02;7.947e-01;1.591e-02;1.029e+00;1.040e+00;8.022e-01;7.359e-02;1.024e+00;7.322e-01;1.466e-02;1.000e+01;8.333e-01;-8.333e-02;4.999e+01;4.999e+01
20.006441000;1.022e+00;8.120e-01;1.010e-02;7.946e-01;9.887e-03;1.025e+00;1.038e+00;8.026e-01;6.777e-02;1.022e+00;7.308e-01;9.093e-03;1.000e+01;8.333e-01;-8.333e-02;4.999e+01;4.999e+01
20.007000000;1.021e+00;8.112e-01;6.762e-03;7.947e-01;6.625e-03;1.023e+00;1.036e+00;8.028e-01;6.463e-02;1.021e+00;7.301e-01;6.086e-03;1.000e+01;8.333e-01;-8.333e-02;4.999e+01;4.999e+01
20.007187000;1.020e+00;8.110e-01;5.816e-03;7.948e-01;5.699e-03;1.022e+00;1.036e+00;8.030e-01;6.374e-02;1.020e+00;7.299e-01;5.234e-03;1.000e+01;8.333e-01;-8.333e-02;4.999e+01;4.999e+01
20.007934000;1.019e+00;8.105e-01;2.827e-03;7.950e-01;2.773e-03;1.020e+00;1.035e+00;8.034e-01;6.095e-02;1.019e+00;7.295e-01;2.544e-03;1.000e+01;8.333e-01;-8.333e-02;4.999e+01;4.999e+01
20.008120000;1.019e+00;8.105e-01;2.271e-03;7.951e-01;2.228e-03;1.020e+00;1.034e+00;8.035e-01;6.044e-02;1.019e+00;7.294e-01;2.044e-03;1.000e+01;8.333e-01;-8.333e-02;4.999e+01;4.999e+01
20.008307000;1.019e+00;8.104e-01;1.789e-03;7.952e-01;1.755e-03;1.020e+00;1.034e+00;8.036e-01;6.000e-02;1.019e+00;7.294e-01;1.610e-03;1.000e+01;8.333e-01;-8.333e-02;4.999e+01;4.999e+01
20.008493000;1.019e+00;8.104e-01;1.379e-03;7.953e-01;1.353e-03;1.019e+00;1.034e+00;8.038e-01;5.962e-02;1.019e+00;7.294e-01;1.241e-03;1.000e+01;8.333e-01;-8.333e-02;4.999e+01;4.999e+01
20.008680000;1.019e+00;8.104e-01;1.038e-03;7.954e-01;1.019e-03;1.019e+00;1.034e+00;8.039e-01;5.931e-02;1.019e+00;7.294e-01;9.340e-04;1.000e+01;8.333e-01;-8.333e-02;4.999e+01;4.999e+01
20.008867000;1.019e+00;8.105e-01;7.656e-04;7.955e-01;7.514e-04;1.019e+00;1.034e+00;8.040e-01;5.907e-02;1.019e+00;7.294e-01;6.890e-04;1.000e+01;8.333e-01;-8.333e-02;4.999e+01;4.999e+01
20.009427000;1.019e+00;8.107e-01;3.344e-04;7.959e-01;3.283e-04;1.019e+00;1.034e+00;8.044e-01;5.872e-02;1.019e+00;7.297e-01;3.010e-04;1.000e+01;8.333e-01;-8.333e-02;4.999e+01;4.999e+01
20.009986000;1.019e+00;8.112e-01;4.400e-04;7.964e-01;4.320e-04;1.019e+00;1.034e+00;8.049e-01;5.888e-02;1.019e+00;7.301e-01;3.960e-04;1.000e+01;8.333e-01;-8.333e-02;4.999e+01;4.999e+01
20.010173000;1.019e+00;8.114e-01;5.856e-04;7.965e-01;5.748e-04;1.019e+00;1.034e+00;8.050e-01;5.904e-02;1.019e+00;7.302e-01;5.270e-04;1.000e+01;8.333e-01;-8.333e-02;5.000e+01;5.000e+01
20.010360000;1.019e+00;8.116e-01;7.811e-04;7.967e-01;7.668e-04;1.019e+00;1.034e+00;8.052e-01;5.924e-02;1.019e+00;7.304e-01;7.030e-04;1.000e+01;8.333e-01;-8.333e-02;5.000e+01;5.000e+01
20.011293000;1.019e+00;8.129e-01;2.451e-03;7.976e-01;2.405e-03;1.020e+00;1.034e+00;8.060e-01;6.095e-02;1.019e+00;7.316e-01;2.206e-03;1.000e+01;8.333e-01;-8.333e-02;5.000e+01;5.000e+01
20.011666000;1.019e+00;8.135e-01;3.400e-03;7.980e-01;3.335e-03;1.020e+00;1.035e+00;8.063e-01;6.190e-02;1.019e+00;7.321e-01;3.060e-03;1.000e+01;8.333e-01;-8.333e-02;5.000e+01;5.000e+01
20.011853000;1.020e+00;8.138e-01;3.926e-03;7.982e-01;3.850e-03;1.021e+00;1.035e+00;8.065e-01;6.242e-02;1.020e+00;7.324e-01;3.533e-03;1.000e+01;8.333e-01;-8.333e-02;5.000e+01;5.000e+01
20.012413000;1.020e+00;8.149e-01;5.682e-03;7.988e-01;5.570e-03;1.022e+00;1.036e+00;8.070e-01;6.416e-02;1.020e+00;7.334e-01;5.114e-03;1.000e+01;8.333e-01;-8.333e-02;5.000e+01;5.000e+01
20.012599000;1.020e+00;8.152e-01;6.320e-03;7.990e-01;6.194e-03;1.022e+00;1.036e+00;8.072e-01;6.480e-02;1.020e+00;7.337e-01;5.688e-03;1.000e+01;8.333e-01;-8.333e-02;5.001e+01;5.001e+01
20.014652000;1.023e+00;8.196e-01;1.441e-02;8.014e-01;1.409e-02;1.027e+00;1.039e+00;8.090e-01;7.274e-02;1.023e+00;7.376e-01;1.297e-02;1.000e+01;8.333e-01;-8.333e-02;5.001e+01;5.001e+01
20.014839000;1.023e+00;8.200e-01;1.519e-02;8.016e-01;1.485e-02;1.027e+00;1.039e+00;8.092e-01;7.350e-02;1.023e+00;7.380e-01;1.367e-02;1.000e+01;8.333e-01;-8.333e-02;5.002e+01;5.002e+01
20.017078000;1.026e+00;8.246e-01;2.423e-02;8.041e-01;2.362e-02;1.033e+00;1.043e+00;8.111e-01;8.230e-02;1.026e+00;7.422e-01;2.181e-02;1.000e+01;8.333e-01;-8.333e-02;5.002e+01;5.002e+01
20.017451000;1.026e+00;8.254e-01;2.558e-02;8.045e-01;2.493e-02;1.034e+00;1.043e+00;8.114e-01;8.361e-02;1.026e+00;7.428e-01;2.302e-02;1.000e+01;8.333e-01;-8.333e-02;5.002e+01;5.002e+01
20.017638000;1.026e+00;8.257e-01;2.623e-02;8.047e-01;2.556e-02;1.034e+00;1.043e+00;8.115e-01;8.424e-02;1.026e+00;7.431e-01;2.361e-02;1.000e+01;8.333e-01;-8.333e-02;5.003e+01;5.003e+01
20.019131000;1.027e+00;8.282e-01;3.075e-02;8.061e-01;2.992e-02;1.037e+00;1.045e+00;8.126e-01;8.864e-02;1.027e+00;7.454e-01;2.767e-02;1.000e+01;8.333e-01;-8.333e-02;5.003e+01;5.003e+01
20.019211000;1.027e+00;8.283e-01;3.095e-02;8.061e-01;3.012e-02;1.037e+00;1.045e+00;8.127e-01;8.884e-02;1.027e+00;7.455e-01;2.786e-02;1.000e+01;8.333e-01;-8.333e-02;5.003e+01;5.003e+01
20.019212000;1.027e+00;8.283e-01;3.095e-02;8.061e-01;3.013e-02;1.037e+00;1.045e+00;8.127e-01;8.884e-02;1.027e+00;7.455e-01;2.786e-02;1.000e+01;8.333e-01;-8.333e-02;5.003e+01;5.003e+01
20.019213000;1.027e+00;8.283e-01;3.096e-02;8.061e-01;3.013e-02;1.037e+00;1.045e+00;8.127e-01;8.885e-02;1.027e+00;7.455e-01;2.786e-02;1.000e+01;8.333e-01;-8.333e-02;5.003e+01;5.003e+01
20.019215000;1.027e+00;8.283e-01;3.096e-02;8.061e-01;3.013e-02;1.037e+00;1.045e+00;8.127e-01;8.885e-02;1.027e+00;7.455e-01;2.787e-02;1.000e+01;8.333e-01;-8.333e-02;5.003e+01;5.003e+01
20.019219000;1.028e+00;8.283e-01;3.097e-02;8.061e-01;3.014e-02;1.037e+00;1.045e+00;8.127e-01;8.886e-02;1.028e+00;7.455e-01;2.788e-02;1.000e+01;8.333e-01;-8.333e-02;5.003e+01;5.003e+01
20.019243000;1.028e+00;8.283e-01;3.103e-02;8.062e-01;3.020e-02;1.037e+00;1.045e+00;8.127e-01;8.892e-02;1.028e+00;7.455e-01;2.793e-02;1.000e+01;8.333e-01;-8.333e-02;5.003e+01;5.003e+01
20.019467000;1.028e+00;8.287e-01;3.158e-02;8.063e-01;3.073e-02;1.037e+00;1.045e+00;8.129e-01;8.945e-02;1.028e+00;7.458e-01;2.842e-02;1.000e+01;8.333e-01;-8.333e-02;5.003e+01;5.003e+01
20.019723000;1.028e+00;8.290e-01;3.216e-02;8.065e-01;3.129e-02;1.037e+00;1.046e+00;8.130e-01;9.003e-02;1.028e+00;7.461e-01;2.895e-02;1.000e+01;8.333e-01;-8.333e-02;5.003e+01;5.003e+01
20.021003000;1.028e+00;8.305e-01;3.444e-02;8.075e-01;3.348e-02;1.039e+00;1.046e+00;8.138e-01;9.226e-02;1.028e+00;7.474e-01;3.099e-02;1.000e+01;8.333e-01;-8.333e-02;5.003e+01;5.003e+01
20.021259000;1.029e+00;8.307e-01;3.476e-02;8.076e-01;3.380e-02;1.039e+00;1.047e+00;8.140e-01;9.259e-02;1.029e+00;7.476e-01;3.129e-02;1.000e+01;8.333e-01;-8.333e-02;5.003e+01;5.003e+01
20.022027000;1.029e+00;8.313e-01;3.548e-02;8.081e-01;3.449e-02;1.039e+00;1.047e+00;8.144e-01;9.332e-02;1.029e+00;7.482e-01;3.193e-02;1.000e+01;8.333e-01;-8.333e-02;5.003e+01;5.003e+01
20.022539000;1.029e+00;8.317e-01;3.575e-02;8.084e-01;3.475e-02;1.040e+00;1.047e+00;8.146e-01;9.360e-02;1.029e+00;7.485e-01;3.217e-02;1.000e+01;8.333e-01;-8.333e-02;5.003e+01;5.003e+01
20.023307000;1.029e+00;8.320e-01;3.586e-02;8.087e-01;3.485e-02;1.040e+00;1.047e+00;8.150e-01;9.376e-02;1.029e+00;7.488e-01;3.227e-02;1.000e+01;8.333e-01;-8.333e-02;5.003e+01;5.003e+01
20.023563000;1.029e+00;8.321e-01;3.582e-02;8.088e-01;3.482e-02;1.040e+00;1.047e+00;8.151e-01;9.374e-02;1.029e+00;7.489e-01;3.224e-02;1.000e+01;8.333e-01;-8.333e-02;5.003e+01;5.003e+01
20.024587000;1.029e+00;8.324e-01;3.534e-02;8.092e-01;3.435e-02;1.039e+00;1.047e+00;8.155e-01;9.334e-02;1.029e+00;7.491e-01;3.180e-02;1.000e+01;8.333e-01;-8.333e-02;5.003e+01;5.003e+01
20.024843000;1.029e+00;8.324e-01;3.514e-02;8.093e-01;3.416e-02;1.039e+00;1.047e+00;8.156e-01;9.316e-02;1.029e+00;7.491e-01;3.162e-02;1.000e+01;8.333e-01;-8.333e-02;5.003e+01;5.003e+01
20.025099000;1.028e+00;8.324e-01;3.491e-02;8.093e-01;3.394e-02;1.039e+00;1.047e+00;8.156e-01;9.296e-02;1.028e+00;7.492e-01;3.142e-02;1.000e+01;8.333e-01;-8.333e-02;5.003e+01;5.003e+01
20.026891000;1.028e+00;8.322e-01;3.266e-02;8.098e-01;3.178e-02;1.038e+00;1.046e+00;8.162e-01;9.093e-02;1.028e+00;7.490e-01;2.940e-02;1.000e+01;8.333e-01;-8.333e-02;5.003e+01;5.003e+01
20.027147000;1.028e+00;8.322e-01;3.226e-02;8.098e-01;3.140e-02;1.037e+00;1.045e+00;8.163e-01;9.057e-02;1.028e+00;7.489e-01;2.904e-02;1.000e+01;8.333e-01;-8.333e-02;5.003e+01;5.003e+01
20.027403000;1.027e+00;8.321e-01;3.185e-02;8.098e-01;3.100e-02;1.037e+00;1.045e+00;8.163e-01;9.019e-02;1.027e+00;7.489e-01;2.867e-02;1.000e+01;8.333e-01;-8.333e-02;5.003e+01;5.003e+01
20.029195000;1.026e+00;8.315e-01;2.870e-02;8.101e-01;2.796e-02;1.035e+00;1.044e+00;8.167e-01;8.729e-02;1.026e+00;7.483e-01;2.583e-02;1.000e+01;8.333e-01;-8.333e-02;5.003e+01;5.003e+01
20.029451000;1.026e+00;8.314e-01;2.823e-02;8.101e-01;2.751e-02;1.035e+00;1.044e+00;8.168e-01;8.685e-02;1.026e+00;7.482e-01;2.541e-02;1.000e+01;8.333e-01;-8.333e-02;5.002e+01;5.002e+01
20.030475000;1.026e+00;8.310e-01;2.633e-02;8.102e-01;2.567e-02;1.034e+00;1.043e+00;8.170e-01;8.509e-02;1.026e+00;7.479e-01;2.370e-02;1.000e+01;8.333e-01;-8.333e-02;5.002e+01;5.002e+01
20.030731000;1.026e+00;8.309e-01;2.586e-02;8.102e-01;2.521e-02;1.033e+00;1.043e+00;8.170e-01;8.465e-02;1.026e+00;7.478e-01;2.327e-02;1.000e+01;8.333e-01;-8.333e-02;5.002e+01;5.002e+01
20.032523000;1.025e+00;8.301e-01;2.271e-02;8.103e-01;2.216e-02;1.031e+00;1.042e+00;8.173e-01;8.172e-02;1.025e+00;7.471e-01;2.044e-02;1.000e+01;8.333e-01;-8.333e-02;5.002e+01;5.002e+01
20.032779000;1.024e+00;8.301e-01;2.229e-02;8.103e-01;2.175e-02;1.031e+00;1.042e+00;8.173e-01;8.133e-02;1.024e+00;7.470e-01;2.006e-02;1.000e+01;8.333e-01;-8.333e-02;5.002e+01;5.002e+01
20.033803000;1.024e+00;8.297e-01;2.070e-02;8.103e-01;2.021e-02;1.030e+00;1.041e+00;8.175e-01;7.985e-02;1.024e+00;7.467e-01;1.863e-02;1.000e+01;8.333e-01;-8.333e-02;5.002e+01;5.002e+01
20.034315000;1.024e+00;8.295e-01;1.997e-02;8.104e-01;1.951e-02;1.030e+00;1.041e+00;8.176e-01;7.917e-02;1.024e+00;7.466e-01;1.797e-02;1.000e+01;8.333e-01;-8.333e-02;5.002e+01;5.002e+01
20.034571000;1.024e+00;8.295e-01;1.962e-02;8.104e-01;1.917e-02;1.029e+00;1.040e+00;8.176e-01;7.885e-02;1.024e+00;7.465e-01;1.766e-02;1.000e+01;8.333e-01;-8.333e-02;5.002e+01;5.002e+01
20.034827000;1.023e+00;8.294e-01;1.928e-02;8.104e-01;1.884e-02;1.029e+00;1.040e+00;8.176e-01;7.853e-02;1.023e+00;7.465e-01;1.735e-02;1.000e+01;8.333e-01;-8.333e-02;5.002e+01;5.002e+01
20.035595000;1.023e+00;8.292e-01;1.834e-02;8.105e-01;1.792e-02;1.029e+00;1.040e+00;8.177e-01;7.766e-02;1.023e+00;7.463e-01;1.650e-02;1.000e+01;8.333e-01;-8.333e-02;5.002e+01;5.002e+01
20.035851000;1.023e+00;8.291e-01;1.805e-02;8.105e-01;1.764e-02;1.028e+00;1.040e+00;8.178e-01;7.739e-02;1.023e+00;7.462e-01;1.624e-02;1.000e+01;8.333e-01;-8.333e-02;5.001e+01;5.001e+01
20.037336000;1.023e+00;8.289e-01;1.659e-02;8.106e-01;1.622e-02;1.028e+00;1.039e+00;8.180e-01;7.603e-02;1.023e+00;7.460e-01;1.493e-02;1.000e+01;8.333e-01;-8.333e-02;5.001e+01;5.001e+01
20.037797000;1.022e+00;8.288e-01;1.621e-02;8.106e-01;1.585e-02;1.027e+00;1.039e+00;8.180e-01;7.569e-02;1.022e+00;7.459e-01;1.459e-02;1.000e+01;8.333e-01;-8.333e-02;5.001e+01;5.001e+01
20.038719000;1.022e+00;8.287e-01;1.555e-02;8.107e-01;1.521e-02;1.027e+00;1.039e+00;8.182e-01;7.508e-02;1.022e+00;7.459e-01;1.400e-02;1.000e+01;8.333e-01;-8.333e-02;5.001e+01;5.001e+01
20.039179000;1.022e+00;8.287e-01;1.527e-02;8.108e-01;1.494e-02;1.027e+00;1.039e+00;8.182e-01;7.482e-02;1.022e+00;7.458e-01;1.374e-02;1.000e+01;8.333e-01;-8.333e-02;5.001e+01;5.001e+01
20.039640000;1.022e+00;8.287e-01;1.501e-02;8.108e-01;1.469e-02;1.027e+00;1.039e+00;8.183e-01;7.459e-02;1.022e+00;7.458e-01;1.351e-02;1.000e+01;8.333e-01;-8.333e-02;5.001e+01;5.001e+01
20.040101000;1.022e+00;8.287e-01;1.478e-02;8.109e-01;1.447e-02;1.026e+00;1.038e+00;8.184e-01;7.438e-02;1.022e+00;7.458e-01;1.331e-02;1.000e+01;8.333e-01;-8.333e-02;5.001e+01;5.001e+01
20.052594000;1.021e+00;8.291e-01;1.112e-02;8.123e-01;1.090e-02;1.024e+00;1.037e+00;8.200e-01;7.114e-02;1.021e+00;7.462e-01;1.001e-02;1.000e+01;8.333e-01;-8.333e-02;5.001e+01;5.001e+01
20.053618000;1.021e+00;8.291e-01;1.065e-02;8.124e-01;1.044e-02;1.024e+00;1.037e+00;8.201e-01;7.071e-02;1.021e+00;7.462e-01;9.587e-03;1.000e+01;8.333e-01;-8.333e-02;5.001e+01;5.001e+01
20.054130000;1.020e+00;8.290e-01;1.040e-02;8.124e-01;1.019e-02;1.024e+00;1.037e+00;8.202e-01;7.048e-02;1.020e+00;7.461e-01;9.362e-03;1.000e+01;8.333e-01;-8.333e-02;5.001e+01;5.001e+01
20.054642000;1.020e+00;8.290e-01;1.014e-02;8.125e-01;9.941e-03;1.023e+00;1.037e+00;8.203e-01;7.024e-02;1.020e+00;7.461e-01;9.129e-03;1.000e+01;8.333e-01;-8.333e-02;5.001e+01;5.001e+01
20.055154000;1.020e+00;8.290e-01;9.877e-03;8.125e-01;9.681e-03;1.023e+00;1.036e+00;8.203e-01;6.999e-02;1.020e+00;7.461e-01;8.889e-03;1.000e+01;8.333e-01;-8.333e-02;5.001e+01;5.001e+01
20.058738000;1.020e+00;8.287e-01;7.853e-03;8.128e-01;7.702e-03;1.022e+00;1.036e+00;8.207e-01;6.813e-02;1.020e+00;7.459e-01;7.068e-03;1.000e+01;8.333e-01;-8.333e-02;5.001e+01;5.001e+01
20.059250000;1.019e+00;8.287e-01;7.552e-03;8.129e-01;7.408e-03;1.022e+00;1.035e+00;8.208e-01;6.785e-02;1.019e+00;7.458e-01;6.797e-03;1.000e+01;8.333e-01;-8.333e-02;5.001e+01;5.001e+01
20.065510000;1.018e+00;8.284e-01;3.952e-03;8.135e-01;3.881e-03;1.019e+00;1.034e+00;8.216e-01;6.454e-02;1.018e+00;7.455e-01;3.557e-03;1.000e+01;8.333e-01;-8.333e-02;5.001e+01;5.001e+01
20.066410000;1.018e+00;8.283e-01;3.469e-03;8.136e-01;3.407e-03;1.019e+00;1.034e+00;8.218e-01;6.409e-02;1.018e+00;7.455e-01;3.122e-03;1.000e+01;8.333e-01;-8.333e-02;5.001e+01;5.001e+01
20.068210000;1.018e+00;8.283e-01;2.534e-03;8.138e-01;2.490e-03;1.019e+00;1.033e+00;8.220e-01;6.324e-02;1.018e+00;7.455e-01;2.281e-03;1.000e+01;8.333e-01;-8.333e-02;5.001e+01;5.001e+01
20.069110000;1.018e+00;8.283e-01;2.082e-03;8.139e-01;2.046e-03;1.018e+00;1.033e+00;8.222e-01;6.283e-02;1.018e+00;7.454e-01;1.874e-03;1.000e+01;8.333e-01;-8.333e-02;5.001e+01;5.001e+01
20.070010000;1.017e+00;8.283e-01;1.639e-03;8.140e-01;1.611e-03;1.018e+00;1.033e+00;8.223e-01;6.242e-02;1.017e+00;7.454e-01;1.475e-03;1.000e+01;8.333e-01;-8.333e-02;5.001e+01;5.001e+01
20.071810000;1.017e+00;8.283e-01;7.744e-04;8.143e-01;7.614e-04;1.017e+00;1.033e+00;8.226e-01;6.164e-02;1.017e+00;7.454e-01;6.970e-04;1.000e+01;8.333e-01;-8.333e-02;5.001e+01;5.001e+01
20.072710000;1.017e+00;8.283e-01;3.511e-04;8.144e-01;3.452e-04;1.017e+00;1.032e+00;8.228e-01;6.126e-02;1.017e+00;7.455e-01;3.160e-04;1.000e+01;8.333e-01;-8.333e-02;5.001e+01;5.001e+01
20.076310000;1.016e+00;8.283e-01;-1.304e-03;8.149e-01;-1.283e-03;1.016e+00;1.032e+00;8.234e-01;5.976e-02;1.016e+00;7.455e-01;-1.174e-03;1.000e+01;8.333e-01;-8.333e-02;5.001e+01;5.001e+01
20.081710000;1.016e+00;8.285e-01;-3.770e-03;8.157e-01;-3.712e-03;1.014e+00;1.031e+00;8.244e-01;5.753e-02;1.016e+00;7.456e-01;-3.393e-03;1.000e+01;8.333e-01;-8.333e-02;5.001e+01;5.001e+01
20.082610000;1.015e+00;8.285e-01;-4.183e-03;8.159e-01;-4.120e-03;1.014e+00;1.031e+00;8.245e-01;5.716e-02;1.015e+00;7.456e-01;-3.765e-03;1.000e+01;8.333e-01;-8.333e-02;5.001e+01;5.001e+01
20.083510000;1.015e+00;8.285e-01;-4.598e-03;8.160e-01;-4.528e-03;1.014e+00;1.030e+00;8.247e-01;5.679e-02;1.015e+00;7.457e-01;-4.138e-03;1.000e+01;8.333e-01;-8.333e-02;5.001e+01;5.001e+01
20.087510000;1.015e+00;8.286e-01;-6.448e-03;8.166e-01;-6.355e-03;1.013e+00;1.030e+00;8.255e-01;5.511e-02;1.015e+00;7.458e-01;-5.803e-03;1.000e+01;8.333e-01;-8.333e-02;5.001e+01;5.001e+01
20.088510000;1.014e+00;8.286e-01;-6.909e-03;8.168e-01;-6.810e-03;1.012e+00;1.029e+00;8.256e-01;5.470e-02;1.014e+00;7.458e-01;-6.218e-03;1.000e+01;8.333e-01;-8.333e-02;5.001e+01;5.001e+01
20.092510000;1.014e+00;8.288e-01;-8.744e-03;8.174e-01;-8.625e-03;1.011e+00;1.029e+00;8.264e-01;5.304e-02;1.014e+00;7.459e-01;-7.870e-03;1.000e+01;8.333e-01;-8.333e-02;5.001e+01;5.001e+01
20.094510000;1.014e+00;8.288e-01;-9.649e-03;8.177e-01;-9.520e-03;1.011e+00;1.028e+00;8.267e-01;5.222e-02;1.014e+00;7.459e-01;-8.684e-03;1.000e+01;8.333e-01;-8.333e-02;5.001e+01;5.001e+01
20.095510000;1.013e+00;8.288e-01;-1.010e-02;8.179e-01;-9.965e-03;1.010e+00;1.028e+00;8.269e-01;5.181e-02;1.013e+00;7.459e-01;-9.088e-03;1.000e+01;8.333e-01;-8.333e-02;5.001e+01;5.001e+01
20.098510000;1.013e+00;8.289e-01;-1.143e-02;8.184e-01;-1.128e-02;1.009e+00;1.027e+00;8.275e-01;5.061e-02;1.013e+00;7.460e-01;-1.029e-02;1.000e+01;8.333e-01;-8.333e-02;5.001e+01;5.001e+01
20.100510000;1.013e+00;8.290e-01;-1.230e-02;8.187e-01;-1.215e-02;1.009e+00;1.027e+00;8.278e-01;4.982e-02;1.013e+00;7.461e-01;-1.107e-02;1.000e+01;8.333e-01;-8.333e-02;5.001e+01;5.001e+01
20.101510000;1.012e+00;8.290e-01;-1.273e-02;8.188e-01;-1.258e-02;1.009e+00;1.027e+00;8.280e-01;4.942e-02;1.012e+00;7.461e-01;-1.146e-02;1.000e+01;8.333e-01;-8.333e-02;5.001e+01;5.001e+01
20.103510000;1.012e+00;8.290e-01;-1.359e-02;8.191e-01;-1.343e-02;1.008e+00;1.027e+00;8.284e-01;4.865e-02;1.012e+00;7.461e-01;-1.223e-02;1.000e+01;8.333e-01;-8.333e-02;5.001e+01;5.001e+01
20.105510000;1.012e+00;8.291e-01;-1.444e-02;8.194e-01;-1.427e-02;1.007e+00;1.026e+00;8.287e-01;4.787e-02;1.012e+00;7.462e-01;-1.300e-02;1.000e+01;8.333e-01;-8.333e-02;5.001e+01;5.001e+01
20.107510000;1.012e+00;8.291e-01;-1.529e-02;8.197e-01;-1.511e-02;1.007e+00;1.026e+00;8.291e-01;4.711e-02;1.012e+00;7.462e-01;-1.376e-02;1.000e+01;8.333e-01;-8.333e-02;5.001e+01;5.001e+01
20.108510000;1.011e+00;8.292e-01;-1.570e-02;8.198e-01;-1.553e-02;1.007e+00;1.026e+00;8.292e-01;4.673e-02;1.011e+00;7.463e-01;-1.413e-02;1.000e+01;8.333e-01;-8.333e-02;5.001e+01;5.001e+01
20.109510000;1.011e+00;8.292e-01;-1.612e-02;8.200e-01;-1.594e-02;1.006e+00;1.025e+00;8.294e-01;4.635e-02;1.011e+00;7.463e-01;-1.451e-02;1.000e+01;8.333e-01;-8.333e-02;5.001e+01;5.001e+01
20.112510000;1.011e+00;8.293e-01;-1.736e-02;8.204e-01;-1.718e-02;1.006e+00;1.025e+00;8.299e-01;4.522e-02;1.011e+00;7.463e-01;-1.562e-02;1.000e+01;8.333e-01;-8.333e-02;5.001e+01;5.001e+01
20.113510000;1.011e+00;8.293e-01;-1.777e-02;8.205e-01;-1.758e-02;1.005e+00;1.025e+00;8.301e-01;4.485e-02;1.011e+00;7.463e-01;-1.599e-02;1.000e+01;8.333e-01;-8.333e-02;5.001e+01;5.001e+01
20.114510000;1.011e+00;8.293e-01;-1.818e-02;8.207e-01;-1.799e-02;1.005e+00;1.025e+00;8.302e-01;4.448e-02;1.011e+00;7.464e-01;-1.636e-02;1.000e+01;8.333e-01;-8.333e-02;5.001e+01;5.001e+01
20.115510000;1.010e+00;8.293e-01;-1.859e-02;8.208e-01;-1.840e-02;1.005e+00;1.024e+00;8.304e-01;4.411e-02;1.010e+00;7.464e-01;-1.673e-02;1.000e+01;8.333e-01;-8.333e-02;5.001e+01;5.001e+01
20.119510000;1.010e+00;8.294e-01;-2.020e-02;8.214e-01;-2.000e-02;1.004e+00;1.024e+00;8.310e-01;4.264e-02;1.010e+00;7.464e-01;-1.818e-02;1.000e+01;8.333e-01;-8.333e-02;5.001e+01;5.001e+01
20.120510000;1.010e+00;8.294e-01;-2.060e-02;8.215e-01;-2.040e-02;1.003e+00;1.024e+00;8.312e-01;4.227e-02;1.010e+00;7.465e-01;-1.854e-02;1.000e+01;8.333e-01;-8.333e-02;5.001e+01;5.001e+01
20.121510000;1.010e+00;8.294e-01;-2.099e-02;8.216e-01;-2.080e-02;1.003e+00;1.023e+00;8.313e-01;4.191e-02;1.010e+00;7.465e-01;-1.889e-02;1.000e+01;8.333e-01;-8.333e-02;5.001e+01;5.001e+01
20.122510000;1.009e+00;8.294e-01;-2.139e-02;8.217e-01;-2.119e-02;1.003e+00;1.023e+00;8.315e-01;4.155e-02;1.009e+00;7.465e-01;-1.925e-02;1.000e+01;8.333e-01;-8.333e-02;5.001e+01;5.001e+01
20.123510000;1.009e+00;8.295e-01;-2.178e-02;8.219e-01;-2.158e-02;1.003e+00;1.023e+00;8.317e-01;4.119e-02;1.009e+00;7.465e-01;-1.960e-02;1.000e+01;8.333e-01;-8.333e-02;5.001e+01;5.001e+01
20.126510000;1.009e+00;8.295e-01;-2.295e-02;8.223e-01;-2.275e-02;1.002e+00;1.022e+00;8.321e-01;4.012e-02;1.009e+00;7.465e-01;-2.065e-02;1.000e+01;8.333e-01;-8.333e-02;5.001e+01;5.001e+01
20.128510000;1.009e+00;8.295e-01;-2.372e-02;8.225e-01;-2.352e-02;1.001e+00;1.022e+00;8.324e-01;3.941e-02;1.009e+00;7.466e-01;-2.135e-02;1.000e+01;8.333e-01;-8.333e-02;5.001e+01;5.001e+01
20.129510000;1.008e+00;8.295e-01;-2.410e-02;8.226e-01;-2.390e-02;1.001e+00;1.022e+00;8.326e-01;3.906e-02;1.008e+00;7.466e-01;-2.169e-02;1.000e+01;8.333e-01;-8.333e-02;5.001e+01;5.001e+01
20.132510000;1.008e+00;8.296e-01;-2.524e-02;8.230e-01;-2.504e-02;1.000e+00;1.022e+00;8.330e-01;3.802e-02;1.008e+00;7.466e-01;-2.272e-02;1.000e+01;8.333e-01;-8.333e-02;5.001e+01;5.001e+01
20.133510000;1.008e+00;8.296e-01;-2.562e-02;8.231e-01;-2.542e-02;1.000e+00;1.021e+00;8.332e-01;3.768e-02;1.008e+00;7.466e-01;-2.305e-02;1.000e+01;8.333e-01;-8.333e-02;5.001e+01;5.001e+01
20.134510000;1.008e+00;8.296e-01;-2.599e-02;8.232e-01;-2.579e-02;9.999e-01;1.021e+00;8.333e-01;3.733e-02;1.008e+00;7.467e-01;-2.339e-02;1.000e+01;8.333e-01;-8.333e-02;5.001e+01;5.001e+01
20.135510000;1.008e+00;8.296e-01;-2.636e-02;8.234e-01;-2.616e-02;9.997e-01;1.021e+00;8.334e-01;3.699e-02;1.008e+00;7.467e-01;-2.373e-02;1.000e+01;8.333e-01;-8.333e-02;5.001e+01;5.001e+01
20.136510000;1.007e+00;8.296e-01;-2.673e-02;8.235e-01;-2.654e-02;9.994e-01;1.021e+00;8.336e-01;3.665e-02;1.007e+00;7.467e-01;-2.406e-02;1.000e+01;8.333e-01;-8.333e-02;5.001e+01;5.001e+01
20.143510000;1.007e+00;8.297e-01;-2.928e-02;8.243e-01;-2.909e-02;9.978e-01;1.020e+00;8.346e-01;3.431e-02;1.007e+00;7.468e-01;-2.635e-02;1.000e+01;8.333e-01;-8.333e-02;5.001e+01;5.001e+01
20.144510000;1.006e+00;8.297e-01;-2.964e-02;8.244e-01;-2.945e-02;9.975e-01;1.020e+00;8.347e-01;3.398e-02;1.006e+00;7.468e-01;-2.668e-02;1.000e+01;8.333e-01;-8.333e-02;5.001e+01;5.001e+01
20.145510000;1.006e+00;8.298e-01;-3.000e-02;8.246e-01;-2.981e-02;9.973e-01;1.019e+00;8.349e-01;3.366e-02;1.006e+00;7.468e-01;-2.700e-02;1.000e+01;8.333e-01;-8.333e-02;5.001e+01;5.001e+01
20.157510000;1.005e+00;8.299e-01;-3.415e-02;8.260e-01;-3.399e-02;9.946e-01;1.018e+00;8.365e-01;2.984e-02;1.005e+00;7.469e-01;-3.073e-02;1.000e+01;8.333e-01;-8.333e-02;5.001e+01;5.001e+01
20.159510000;1.005e+00;8.300e-01;-3.482e-02;8.262e-01;-3.466e-02;9.941e-01;1.017e+00;8.368e-01;2.922e-02;1.005e+00;7.470e-01;-3.134e-02;1.000e+01;8.333e-01;-8.333e-02;5.001e+01;5.001e+01
20.160510000;1.004e+00;8.300e-01;-3.515e-02;8.263e-01;-3.500e-02;9.939e-01;1.017e+00;8.370e-01;2.892e-02;1.004e+00;7.470e-01;-3.164e-02;1.000e+01;8.333e-01;-8.333e-02;5.001e+01;5.001e+01
20.165510000;1.004e+00;8.300e-01;-3.679e-02;8.268e-01;-3.665e-02;9.928e-01;1.017e+00;8.376e-01;2.741e-02;1.004e+00;7.470e-01;-3.311e-02;1.000e+01;8.333e-01;-8.333e-02;5.001e+01;5.001e+01
20.166510000;1.004e+00;8.301e-01;-3.712e-02;8.270e-01;-3.698e-02;9.926e-01;1.016e+00;8.378e-01;2.711e-02;1.004e+00;7.470e-01;-3.341e-02;1.000e+01;8.333e-01;-8.333e-02;5.001e+01;5.001e+01
20.168510000;1.004e+00;8.301e-01;-3.776e-02;8.272e-01;-3.763e-02;9.922e-01;1.016e+00;8.380e-01;2.651e-02;1.004e+00;7.471e-01;-3.398e-02;1.000e+01;8.333e-01;-8.333e-02;5.001e+01;5.001e+01
20.169510000;1.003e+00;8.301e-01;-3.808e-02;8.273e-01;-3.795e-02;9.920e-01;1.016e+00;8.382e-01;2.622e-02;1.003e+00;7.471e-01;-3.427e-02;1.000e+01;8.333e-01;-8.333e-02;5.001e+01;5.001e+01
20.176510000;1.003e+00;8.302e-01;-4.027e-02;8.280e-01;-4.017e-02;9.905e-01;1.015e+00;8.391e-01;2.420e-02;1.003e+00;7.472e-01;-3.625e-02;1.000e+01;8.333e-01;-8.333e-02;5.001e+01;5.001e+01
20.177510000;1.002e+00;8.302e-01;-4.058e-02;8.281e-01;-4.048e-02;9.903e-01;1.015e+00;8.392e-01;2.391e-02;1.002e+00;7.472e-01;-3.652e-02;1.000e+01;8.333e-01;-8.333e-02;5.001e+01;5.001e+01
20.179510000;1.002e+00;8.302e-01;-4.119e-02;8.284e-01;-4.110e-02;9.899e-01;1.015e+00;8.394e-01;2.335e-02;1.002e+00;7.472e-01;-3.707e-02;1.000e+01;8.333e-01;-8.333e-02;5.001e+01;5.001e+01
20.180510000;1.002e+00;8.303e-01;-4.149e-02;8.285e-01;-4.140e-02;9.897e-01;1.014e+00;8.396e-01;2.307e-02;1.002e+00;7.472e-01;-3.735e-02;1.000e+01;8.333e-01;-8.333e-02;5.001e+01;5.001e+01
20.184510000;1.002e+00;8.303e-01;-4.269e-02;8.289e-01;-4.262e-02;9.889e-01;1.014e+00;8.401e-01;2.196e-02;1.002e+00;7.473e-01;-3.842e-02;1.000e+01;8.333e-01;-8.333e-02;5.001e+01;5.001e+01
20.186510000;1.002e+00;8.303e-01;-4.328e-02;8.291e-01;-4.322e-02;9.885e-01;1.014e+00;8.403e-01;2.142e-02;1.002e+00;7.473e-01;-3.896e-02;1.000e+01;8.333e-01;-8.333e-02;5.001e+01;5.001e+01
20.187510000;1.001e+00;8.304e-01;-4.358e-02;8.292e-01;-4.352e-02;9.883e-01;1.014e+00;8.404e-01;2.115e-02;1.001e+00;7.473e-01;-3.922e-02;1.000e+01;8.333e-01;-8.333e-02;5.001e+01;5.001e+01
20.189510000;1.001e+00;8.304e-01;-4.416e-02;8.294e-01;-4.411e-02;9.879e-01;1.013e+00;8.407e-01;2.061e-02;1.001e+00;7.473e-01;-3.974e-02;1.000e+01;8.333e-01;-8.333e-02;5.001e+01;5.001e+01
20.195510000;1.001e+00;8.305e-01;-4.587e-02;8.300e-01;-4.585e-02;9.868e-01;1.013e+00;8.414e-01;1.902e-02;1.001e+00;7.474e-01;-4.129e-02;1.000e+01;8.333e-01;-8.333e-02;5.001e+01;5.001e+01
20.196510000;1.000e+00;8.305e-01;-4.615e-02;8.301e-01;-4.613e-02;9.866e-01;1.012e+00;8.415e-01;1.876e-02;1.000e+00;7.474e-01;-4.154e-02;1.000e+01;8.333e-01;-8.333e-02;5.001e+01;5.001e+01
20.203510000;9.998e-01;8.306e-01;-4.808e-02;8.308e-01;-4.809e-02;9.853e-01;1.012e+00;8.423e-01;1.698e-02;9.998e-01;7.475e-01;-4.327e-02;1.000e+01;8.333e-01;-8.333e-02;5.001e+01;5.001e+01
20.204510000;9.997e-01;8.306e-01;-4.835e-02;8.309e-01;-4.837e-02;9.852e-01;1.011e+00;8.424e-01;1.673e-02;9.997e-01;7.475e-01;-4.352e-02;1.000e+01;8.333e-01;-8.333e-02;5.001e+01;5.001e+01
20.210510000;9.991e-01;8.307e-01;-4.995e-02;8.314e-01;-4.999e-02;9.841e-01;1.011e+00;8.431e-01;1.525e-02;9.991e-01;7.476e-01;-4.495e-02;1.000e+01;8.333e-01;-8.333e-02;5.001e+01;5.001e+01
20.211510000;9.990e-01;8.307e-01;-5.021e-02;8.315e-01;-5.026e-02;9.839e-01;1.011e+00;8.432e-01;1.501e-02;9.990e-01;7.476e-01;-4.519e-02;1.000e+01;8.333e-01;-8.333e-02;5.000e+01;5.000e+01
20.212510000;9.989e-01;8.307e-01;-5.047e-02;8.316e-01;-5.052e-02;9.838e-01;1.011e+00;8.433e-01;1.477e-02;9.989e-01;7.476e-01;-4.542e-02;1.000e+01;8.333e-01;-8.333e-02;5.000e+01;5.000e+01
20.213510000;9.988e-01;8.307e-01;-5.072e-02;8.317e-01;-5.078e-02;9.836e-01;1.010e+00;8.434e-01;1.453e-02;9.988e-01;7.476e-01;-4.565e-02;1.000e+01;8.333e-01;-8.333e-02;5.000e+01;5.000e+01
20.220510000;9.982e-01;8.308e-01;-5.250e-02;8.323e-01;-5.259e-02;9.824e-01;1.010e+00;8.442e-01;1.289e-02;9.982e-01;7.477e-01;-4.725e-02;1.000e+01;8.333e-01;-8.333e-02;5.000e+01;5.000e+01
20.221510000;9.981e-01;8.308e-01;-5.274e-02;8.324e-01;-5.285e-02;9.822e-01;1.009e+00;8.443e-01;1.265e-02;9.981e-01;7.477e-01;-4.747e-02;1.000e+01;8.333e-01;-8.333e-02;5.000e+01;5.000e+01
20.230510000;9.973e-01;8.309e-01;-5.492e-02;8.332e-01;-5.507e-02;9.808e-01;1.009e+00;8.452e-01;1.063e-02;9.973e-01;7.478e-01;-4.943e-02;1.000e+01;8.333e-01;-8.333e-02;5.000e+01;5.000e+01
20.231510000;9.972e-01;8.309e-01;-5.516e-02;8.333e-01;-5.531e-02;9.806e-01;1.008e+00;8.453e-01;1.041e-02;9.972e-01;7.478e-01;-4.964e-02;1.000e+01;8.333e-01;-8.333e-02;5.000e+01;5.000e+01
20.233510000;9.970e-01;8.310e-01;-5.563e-02;8.335e-01;-5.579e-02;9.803e-01;1.008e+00;8.455e-01;9.976e-03;9.970e-01;7.479e-01;-5.006e-02;1.000e+01;8.333e-01;-8.333e-02;5.000e+01;5.000e+01
20.240510000;9.964e-01;8.311e-01;-5.723e-02;8.340e-01;-5.743e-02;9.793e-01;1.008e+00;8.462e-01;8.487e-03;9.964e-01;7.479e-01;-5.151e-02;1.000e+01;8.333e-01;-8.333e-02;5.000e+01;5.000e+01
20.241510000;9.963e-01;8.311e-01;-5.745e-02;8.341e-01;-5.766e-02;9.791e-01;1.007e+00;8.463e-01;8.279e-03;9.963e-01;7.480e-01;-5.171e-02;1.000e+01;8.333e-01;-8.333e-02;5.000e+01;5.000e+01
20.250510000;9.956e-01;8.312e-01;-5.942e-02;8.348e-01;-5.968e-02;9.778e-01;1.007e+00;8.472e-01;6.449e-03;9.956e-01;7.481e-01;-5.348e-02;1.000e+01;8.333e-01;-8.333e-02;5.000e+01;5.000e+01
20.251510000;9.955e-01;8.312e-01;-5.963e-02;8.349e-01;-5.990e-02;9.777e-01;1.006e+00;8.473e-01;6.251e-03;9.955e-01;7.481e-01;-5.367e-02;1.000e+01;8.333e-01;-8.333e-02;5.000e+01;5.000e+01
20.254510000;9.953e-01;8.312e-01;-6.026e-02;8.351e-01;-6.054e-02;9.772e-01;1.006e+00;8.476e-01;5.663e-03;9.953e-01;7.481e-01;-5.423e-02;1.000e+01;8.333e-01;-8.333e-02;5.000e+01;5.000e+01
20.259510000;9.949e-01;8.313e-01;-6.129e-02;8.355e-01;-6.160e-02;9.765e-01;1.006e+00;8.480e-01;4.703e-03;9.949e-01;7.482e-01;-5.516e-02;1.000e+01;8.333e-01;-8.333e-02;5.000e+01;5.000e+01
20.261510000;9.948e-01;8.313e-01;-6.169e-02;8.357e-01;-6.202e-02;9.763e-01;1.006e+00;8.482e-01;4.326e-03;9.948e-01;7.482e-01;-5.552e-02;1.000e+01;8.333e-01;-8.333e-02;5.000e+01;5.000e+01
20.262510000;9.947e-01;8.313e-01;-6.190e-02;8.357e-01;-6.222e-02;9.761e-01;1.005e+00;8.483e-01;4.139e-03;9.947e-01;7.482e-01;-5.571e-02;1.000e+01;8.333e-01;-8.333e-02;5.000e+01;5.000e+01
20.266510000;9.944e-01;8.314e-01;-6.269e-02;8.360e-01;-6.304e-02;9.756e-01;1.005e+00;8.486e-01;3.400e-03;9.944e-01;7.482e-01;-5.642e-02;1.000e+01;8.333e-01;-8.333e-02;5.000e+01;5.000e+01
20.270510000;9.941e-01;8.314e-01;-6.346e-02;8.363e-01;-6.384e-02;9.751e-01;1.005e+00;8.490e-01;2.677e-03;9.941e-01;7.483e-01;-5.711e-02;1.000e+01;8.333e-01;-8.333e-02;5.000e+01;5.000e+01
20.272510000;9.940e-01;8.314e-01;-6.384e-02;8.365e-01;-6.423e-02;9.748e-01;1.005e+00;8.491e-01;2.322e-03;9.940e-01;7.483e-01;-5.746e-02;1.000e+01;8.333e-01;-8.333e-02;5.000e+01;5.000e+01
20.273510000;9.939e-01;8.314e-01;-6.403e-02;8.365e-01;-6.442e-02;9.747e-01;1.004e+00;8.492e-01;2.146e-03;9.939e-01;7.483e-01;-5.763e-02;1.000e+01;8.333e-01;-8.333e-02;5.000e+01;5.000e+01
20.286510000;9.930e-01;8.316e-01;-6.640e-02;8.374e-01;-6.686e-02;9.731e-01;1.003e+00;8.503e-01;-6.201e-05;9.930e-01;7.484e-01;-5.976e-02;1.000e+01;8.333e-01;-8.333e-02;5.000e+01;5.000e+01
20.312510000;9.915e-01;8.318e-01;-7.064e-02;8.390e-01;-7.124e-02;9.703e-01;1.002e+00;8.522e-01;-4.028e-03;9.915e-01;7.487e-01;-6.357e-02;1.000e+01;8.333e-01;-8.333e-02;5.000e+01;5.000e+01
20.313510000;9.914e-01;8.319e-01;-7.079e-02;8.391e-01;-7.140e-02;9.702e-01;1.001e+00;8.523e-01;-4.169e-03;9.914e-01;7.487e-01;-6.371e-02;1.000e+01;8.333e-01;-8.333e-02;5.000e+01;5.000e+01
20.320510000;9.910e-01;8.319e-01;-7.182e-02;8.395e-01;-7.247e-02;9.695e-01;1.001e+00;8.527e-01;-5.135e-03;9.910e-01;7.487e-01;-6.463e-02;1.000e+01;8.333e-01;-8.333e-02;5.000e+01;5.000e+01
20.327510000;9.907e-01;8.320e-01;-7.281e-02;8.398e-01;-7.349e-02;9.688e-01;1.001e+00;8.532e-01;-6.061e-03;9.907e-01;7.488e-01;-6.552e-02;1.000e+01;8.333e-01;-8.333e-02;5.000e+01;5.000e+01
20.328510000;9.906e-01;8.320e-01;-7.294e-02;8.399e-01;-7.364e-02;9.687e-01;1.000e+00;8.532e-01;-6.190e-03;9.906e-01;7.488e-01;-6.565e-02;1.000e+01;8.333e-01;-8.333e-02;5.000e+01;5.000e+01
20.330510000;9.905e-01;8.320e-01;-7.322e-02;8.400e-01;-7.392e-02;9.685e-01;1.000e+00;8.534e-01;-6.447e-03;9.905e-01;7.488e-01;-6.590e-02;1.000e+01;8.333e-01;-8.333e-02;5.000e+01;5.000e+01
20.333510000;9.904e-01;8.320e-01;-7.362e-02;8.401e-01;-7.434e-02;9.683e-01;1.000e+00;8.536e-01;-6.824e-03;9.904e-01;7.488e-01;-6.626e-02;1.000e+01;8.333e-01;-8.333e-02;5.000e+01;5.000e+01
20.334510000;9.903e-01;8.321e-01;-7.375e-02;8.402e-01;-7.448e-02;9.682e-01;1.000e+00;8.536e-01;-6.949e-03;9.903e-01;7.489e-01;-6.638e-02;1.000e+01;8.333e-01;-8.333e-02;5.000e+01;5.000e+01
20.339510000;9.901e-01;8.321e-01;-7.441e-02;8.405e-01;-7.515e-02;9.677e-01;9.998e-01;8.539e-01;-7.561e-03;9.901e-01;7.489e-01;-6.697e-02;1.000e+01;8.333e-01;-8.333e-02;5.000e+01;5.000e+01
20.340510000;9.900e-01;8.321e-01;-7.454e-02;8.405e-01;-7.529e-02;9.677e-01;9.998e-01;8.540e-01;-7.682e-03;9.900e-01;7.489e-01;-6.708e-02;1.000e+01;8.333e-01;-8.333e-02;5.000e+01;5.000e+01
20.342510000;9.899e-01;8.321e-01;-7.479e-02;8.406e-01;-7.555e-02;9.675e-01;9.997e-01;8.541e-01;-7.921e-03;9.899e-01;7.489e-01;-6.731e-02;1.000e+01;8.333e-01;-8.333e-02;5.000e+01;5.000e+01
20.345510000;9.898e-01;8.322e-01;-7.516e-02;8.407e-01;-7.594e-02;9.672e-01;9.995e-01;8.543e-01;-8.272e-03;9.898e-01;7.489e-01;-6.765e-02;1.000e+01;8.333e-01;-8.333e-02;5.000e+01;5.000e+01
20.350510000;9.896e-01;8.322e-01;-7.578e-02;8.410e-01;-7.658e-02;9.668e-01;9.992e-01;8.546e-01;-8.845e-03;9.896e-01;7.490e-01;-6.820e-02;1.000e+01;8.333e-01;-8.333e-02;5.000e+01;5.000e+01
20.382510000;9.882e-01;8.325e-01;-7.925e-02;8.424e-01;-8.019e-02;9.645e-01;9.976e-01;8.562e-01;-1.211e-02;9.882e-01;7.492e-01;-7.133e-02;1.000e+01;8.333e-01;-8.333e-02;5.000e+01;5.000e+01
20.407510000;9.874e-01;8.326e-01;-8.150e-02;8.433e-01;-8.254e-02;9.629e-01;9.966e-01;8.573e-01;-1.421e-02;9.874e-01;7.494e-01;-7.335e-02;1.000e+01;8.333e-01;-8.333e-02;5.000e+01;5.000e+01
20.416510000;9.871e-01;8.327e-01;-8.221e-02;8.436e-01;-8.328e-02;9.625e-01;9.963e-01;8.576e-01;-1.489e-02;9.871e-01;7.494e-01;-7.399e-02;1.000e+01;8.333e-01;-8.333e-02;5.000e+01;5.000e+01
20.420308000;9.870e-01;8.327e-01;-8.250e-02;8.437e-01;-8.359e-02;9.623e-01;9.962e-01;8.578e-01;-1.516e-02;9.870e-01;7.494e-01;-7.425e-02;1.000e+01;8.333e-01;-8.333e-02;5.000e+01;5.000e+01
20.424308000;9.869e-01;8.327e-01;-8.280e-02;8.438e-01;-8.390e-02;9.621e-01;9.960e-01;8.579e-01;-1.544e-02;9.869e-01;7.495e-01;-7.452e-02;1.000e+01;8.333e-01;-8.333e-02;5.000e+01;5.000e+01
20.426308000;9.869e-01;8.328e-01;-8.294e-02;8.439e-01;-8.405e-02;9.620e-01;9.960e-01;8.580e-01;-1.557e-02;9.869e-01;7.495e-01;-7.465e-02;1.000e+01;8.333e-01;-8.333e-02;5.000e+01;5.000e+01
20.428308000;9.868e-01;8.328e-01;-8.308e-02;8.439e-01;-8.419e-02;9.619e-01;9.959e-01;8.580e-01;-1.571e-02;9.868e-01;7.495e-01;-7.477e-02;1.000e+01;8.333e-01;-8.333e-02;5.000e+01;5.000e+01
20.436308000;9.866e-01;8.328e-01;-8.363e-02;8.441e-01;-8.477e-02;9.615e-01;9.956e-01;8.583e-01;-1.622e-02;9.866e-01;7.495e-01;-7.527e-02;1.000e+01;8.333e-01;-8.333e-02;5.000e+01;5.000e+01
20.438308000;9.865e-01;8.328e-01;-8.376e-02;8.442e-01;-8.491e-02;9.614e-01;9.956e-01;8.584e-01;-1.635e-02;9.865e-01;7.495e-01;-7.539e-02;1.000e+01;8.333e-01;-8.333e-02;5.000e+01;5.000e+01
20.492309000;9.854e-01;8.331e-01;-8.663e-02;8.454e-01;-8.791e-02;9.595e-01;9.943e-01;8.598e-01;-1.904e-02;9.854e-01;7.498e-01;-7.797e-02;1.000e+01;8.333e-01;-8.333e-02;5.000e+01;5.000e+01
20.500309000;9.853e-01;8.332e-01;-8.695e-02;8.456e-01;-8.825e-02;9.592e-01;9.941e-01;8.600e-01;-1.934e-02;9.853e-01;7.498e-01;-7.826e-02;1.000e+01;8.333e-01;-8.333e-02;5.000e+01;5.000e+01
20.504309000;9.853e-01;8.332e-01;-8.710e-02;8.456e-01;-8.841e-02;9.591e-01;9.941e-01;8.601e-01;-1.948e-02;9.853e-01;7.499e-01;-7.839e-02;1.000e+01;8.333e-01;-8.333e-02;5.000e+01;5.000e+01
20.512309000;9.852e-01;8.332e-01;-8.739e-02;8.458e-01;-8.871e-02;9.589e-01;9.939e-01;8.602e-01;-1.975e-02;9.852e-01;7.499e-01;-7.865e-02;1.000e+01;8.333e-01;-8.333e-02;5.000e+01;5.000e+01
20.516309000;9.851e-01;8.332e-01;-8.753e-02;8.458e-01;-8.885e-02;9.588e-01;9.939e-01;8.603e-01;-1.988e-02;9.851e-01;7.499e-01;-7.877e-02;1.000e+01;8.333e-01;-8.333e-02;5.000e+01;5.000e+01
20.526309000;9.850e-01;8.333e-01;-8.784e-02;8.460e-01;-8.918e-02;9.586e-01;9.937e-01;8.605e-01;-2.017e-02;9.850e-01;7.499e-01;-7.906e-02;1.000e+01;8.333e-01;-8.333e-02;5.000e+01;5.000e+01
20.528309000;9.850e-01;8.333e-01;-8.790e-02;8.460e-01;-8.924e-02;9.586e-01;9.937e-01;8.605e-01;-2.023e-02;9.850e-01;7.499e-01;-7.911e-02;1.000e+01;8.333e-01;-8.333e-02;5.000e+01;5.000e+01
20.529309000;9.849e-01;8.333e-01;-8.793e-02;8.460e-01;-8.927e-02;9.586e-01;9.937e-01;8.605e-01;-2.025e-02;9.849e-01;7.499e-01;-7.914e-02;1.000e+01;8.333e-01;-8.333e-02;5.000e+01;5.000e+01
20.531309000;9.849e-01;8.333e-01;-8.799e-02;8.460e-01;-8.933e-02;9.585e-01;9.936e-01;8.605e-01;-2.031e-02;9.849e-01;7.499e-01;-7.919e-02;1.000e+01;8.333e-01;-8.333e-02;5.000e+01;5.000e+01
20.536309000;9.849e-01;8.333e-01;-8.812e-02;8.461e-01;-8.948e-02;9.584e-01;9.936e-01;8.606e-01;-2.044e-02;9.849e-01;7.500e-01;-7.931e-02;1.000e+01;8.333e-01;-8.333e-02;5.000e+01;5.000e+01
20.619309000;9.843e-01;8.335e-01;-8.947e-02;8.468e-01;-9.089e-02;9.575e-01;9.930e-01;8.614e-01;-2.169e-02;9.843e-01;7.502e-01;-8.052e-02;1.000e+01;8.333e-01;-8.333e-02;5.000e+01;5.000e+01
20.622309000;9.843e-01;8.335e-01;-8.949e-02;8.468e-01;-9.091e-02;9.575e-01;9.929e-01;8.614e-01;-2.171e-02;9.843e-01;7.502e-01;-8.054e-02;1.000e+01;8.333e-01;-8.333e-02;5.000e+01;5.000e+01
20.633309000;9.843e-01;8.335e-01;-8.956e-02;8.468e-01;-9.098e-02;9.574e-01;9.929e-01;8.615e-01;-2.177e-02;9.843e-01;7.502e-01;-8.060e-02;1.000e+01;8.333e-01;-8.333e-02;5.000e+01;5.000e+01
20.640309000;9.843e-01;8.336e-01;-8.959e-02;8.469e-01;-9.102e-02;9.574e-01;9.929e-01;8.615e-01;-2.179e-02;9.843e-01;7.502e-01;-8.063e-02;1.000e+01;8.333e-01;-8.333e-02;5.000e+01;5.000e+01
20.653309000;9.843e-01;8.336e-01;-8.962e-02;8.469e-01;-9.105e-02;9.574e-01;9.929e-01;8.615e-01;-2.183e-02;9.843e-01;7.502e-01;-8.066e-02;1.000e+01;8.333e-01;-8.333e-02;5.000e+01;5.000e+01
20.654309000;9.843e-01;8.336e-01;-8.963e-02;8.469e-01;-9.106e-02;9.574e-01;9.929e-01;8.615e-01;-2.183e-02;9.843e-01;7.502e-01;-8.066e-02;1.000e+01;8.333e-01;-8.333e-02;5.000e+01;5.000e+01
20.656309000;9.843e-01;8.336e-01;-8.963e-02;8.469e-01;-9.106e-02;9.574e-01;9.929e-01;8.615e-01;-2.183e-02;9.843e-01;7.502e-01;-8.067e-02;1.000e+01;8.333e-01;-8.333e-02;5.000e+01;5.000e+01
20.661309000;9.843e-01;8.336e-01;-8.963e-02;8.469e-01;-9.107e-02;9.574e-01;9.929e-01;8.615e-01;-2.183e-02;9.843e-01;7.502e-01;-8.067e-02;1.000e+01;8.333e-01;-8.333e-02;5.000e+01;5.000e+01
20.666309000;9.843e-01;8.336e-01;-8.964e-02;8.469e-01;-9.107e-02;9.574e-01;9.929e-01;8.616e-01;-2.183e-02;9.843e-01;7.502e-01;-8.067e-02;1.000e+01;8.333e-01;-8.333e-02;5.000e+01;5.000e+01
20.676309000;9.843e-01;8.336e-01;-8.963e-02;8.469e-01;-9.106e-02;9.574e-01;9.929e-01;8.616e-01;-2.183e-02;9.843e-01;7.503e-01;-8.067e-02;1.000e+01;8.333e-01;-8.333e-02;5.000e+01;5.000e+01
20.712309000;9.843e-01;8.337e-01;-8.952e-02;8.469e-01;-9.095e-02;9.575e-01;9.929e-01;8.616e-01;-2.172e-02;9.843e-01;7.503e-01;-8.057e-02;1.000e+01;8.333e-01;-8.333e-02;5.000e+01;5.000e+01
21.263329000;9.862e-01;8.335e-01;-8.457e-02;8.452e-01;-8.575e-02;9.608e-01;9.952e-01;8.594e-01;-1.700e-02;9.862e-01;7.502e-01;-7.611e-02;1.000e+01;8.333e-01;-8.333e-02;5.000e+01;5.000e+01
21.295329000;9.862e-01;8.335e-01;-8.441e-02;8.451e-01;-8.558e-02;9.609e-01;9.952e-01;8.594e-01;-1.685e-02;9.862e-01;7.502e-01;-7.597e-02;1.000e+01;8.333e-01;-8.333e-02;5.000e+01;5.000e+01
21.313329000;9.863e-01;8.335e-01;-8.432e-02;8.451e-01;-8.550e-02;9.610e-01;9.953e-01;8.593e-01;-1.677e-02;9.863e-01;7.501e-01;-7.589e-02;1.000e+01;8.333e-01;-8.333e-02;5.000e+01;5.000e+01
21.315329000;9.863e-01;8.335e-01;-8.432e-02;8.451e-01;-8.549e-02;9.610e-01;9.953e-01;8.593e-01;-1.677e-02;9.863e-01;7.501e-01;-7.588e-02;1.000e+01;8.333e-01;-8.333e-02;5.000e+01;5.000e+01
21.347329000;9.863e-01;8.335e-01;-8.418e-02;8.450e-01;-8.535e-02;9.611e-01;9.953e-01;8.593e-01;-1.664e-02;9.863e-01;7.501e-01;-7.576e-02;1.000e+01;8.333e-01;-8.333e-02;5.000e+01;5.000e+01
21.604329000;9.866e-01;8.334e-01;-8.358e-02;8.448e-01;-8.471e-02;9.615e-01;9.956e-01;8.589e-01;-1.607e-02;9.866e-01;7.501e-01;-7.522e-02;1.000e+01;8.333e-01;-8.333e-02;5.000e+01;5.000e+01
21.659329000;9.866e-01;8.334e-01;-8.352e-02;8.447e-01;-8.465e-02;9.615e-01;9.957e-01;8.589e-01;-1.602e-02;9.866e-01;7.501e-01;-7.516e-02;1.000e+01;8.333e-01;-8.333e-02;5.000e+01;5.000e+01
21.717329000;9.866e-01;8.334e-01;-8.347e-02;8.447e-01;-8.460e-02;9.616e-01;9.957e-01;8.589e-01;-1.598e-02;9.866e-01;7.501e-01;-7.512e-02;1.000e+01;8.333e-01;-8.333e-02;5.000e+01;5.000e+01
21.771329000;9.866e-01;8.334e-01;-8.344e-02;8.447e-01;-8.457e-02;9.616e-01;9.957e-01;8.589e-01;-1.595e-02;9.866e-01;7.500e-01;-7.509e-02;1.000e+01;8.333e-01;-8.333e-02;5.000e+01;5.000e+01
21.806329000;9.866e-01;8.334e-01;-8.342e-02;8.447e-01;-8.456e-02;9.616e-01;9.957e-01;8.588e-01;-1.593e-02;9.866e-01;7.500e-01;-7.508e-02;1.000e+01;8.333e-01;-8.333e-02;5.000e+01;5.000e+01
22.032329000;9.866e-01;8.334e-01;-8.337e-02;8.447e-01;-8.450e-02;9.616e-01;9.957e-01;8.588e-01;-1.589e-02;9.866e-01;7.500e-01;-7.504e-02;1.000e+01;8.333e-01;-8.333e-02;5.000e+01;5.000e+01
22.071329000;9.866e-01;8.334e-01;-8.337e-02;8.447e-01;-8.450e-02;9.616e-01;9.957e-01;8.588e-01;-1.589e-02;9.866e-01;7.500e-01;-7.503e-02;1.000e+01;8.333e-01;-8.333e-02;5.000e+01;5.000e+01
22.113329000;9.866e-01;8.334e-01;-8.337e-02;8.447e-01;-8.450e-02;9.616e-01;9.957e-01;8.588e-01;-1.588e-02;9.866e-01;7.500e-01;-7.503e-02;1.000e+01;8.333e-01;-8.333e-02;5.000e+01;5.000e+01
22.163329000;9.866e-01;8.334e-01;-8.337e-02;8.446e-01;-8.450e-02;9.616e-01;9.957e-01;8.588e-01;-1.588e-02;9.866e-01;7.500e-01;-7.503e-02;1.000e+01;8.333e-01;-8.333e-02;5.000e+01;5.000e+01
22.451329000;9.866e-01;8.333e-01;-8.336e-02;8.446e-01;-8.449e-02;9.616e-01;9.957e-01;8.588e-01;-1.588e-02;9.866e-01;7.500e-01;-7.502e-02;1.000e+01;8.333e-01;-8.333e-02;5.000e+01;5.000e+01
100.000000000;9.866e-01;8.333e-01;-8.333e-02;8.446e-01;-8.446e-02;9.616e-01;9.957e-01;8.588e-01;-1.586e-02;9.866e-01;7.500e-01;-7.500e-02;1.000e+01;8.333e-01;-8.333e-02;5.000e+01;5.000e+01
