time;BusPDR_BUS_Voltage;BusPDR_BUS_ActivePower;BusPDR_BUS_ReactivePower;BusPDR_BUS_ActiveCurrent;BusPDR_BUS_ReactiveCurrent;Wind_Turbine_GEN_MagnitudeControlledByAVRPu;Measurements_BUS_Voltage;Measurements_BUS_ActivePower;Measurements_BUS_ReactivePower;StepUp_Xfmr_XFMR_Tap;Wind_Turbine_GEN_ActivePowerSetpointPu;Wind_Turbine_GEN_ReactivePowerSetpointPu;Wind_Turbine_GEN_AVRSetpointPu;Wind_Turbine_GEN_InjectedActiveCurrent;Wind_Turbine_GEN_InjectedReactiveCurrent
0.000000000;1.044e+00;8.333e-01;4.136e-09;7.979e-01;6.038e-09;1.045e+00;1.044e+00;7.500e-01;-1.543e-09;1.000e+01;8.335e-01;1.556e-02;1.556e-02;7.977e-01;1.489e-02
29.999994000;1.044e+00;8.333e-01;-7.207e-09;7.979e-01;-2.794e-09;1.045e+00;1.044e+00;7.500e-01;3.629e-09;1.000e+01;8.335e-01;1.556e-02;1.556e-02;7.977e-01;1.489e-02
29.999994000;2.286e-01;1.362e-01;-4.616e-01;5.959e-01;-2.019e+00;2.296e-01;2.286e-01;1.226e-01;-4.155e-01;1.000e+01;8.335e-01;1.556e-02;1.556e-02;7.977e-01;1.489e-02
29.999995000;2.286e-01;1.362e-01;-4.616e-01;5.959e-01;-2.019e+00;2.296e-01;2.286e-01;1.226e-01;-4.155e-01;1.000e+01;8.335e-01;1.556e-02;1.556e-02;7.977e-01;1.489e-02
29.999998000;2.286e-01;1.362e-01;-4.616e-01;5.957e-01;-2.020e+00;2.296e-01;2.286e-01;1.225e-01;-4.155e-01;1.000e+01;8.335e-01;1.556e-02;1.556e-02;7.975e-01;1.489e-02
30.000190000;2.284e-01;1.336e-01;-4.619e-01;5.849e-01;-2.022e+00;2.294e-01;2.284e-01;1.203e-01;-4.157e-01;1.000e+01;8.335e-01;1.556e-02;1.556e-02;7.866e-01;1.520e-02
30.000318000;2.284e-01;1.320e-01;-4.622e-01;5.778e-01;-2.024e+00;2.293e-01;2.284e-01;1.188e-01;-4.160e-01;1.000e+01;8.335e-01;1.556e-02;1.556e-02;7.794e-01;1.573e-02
30.000542000;2.284e-01;1.292e-01;-4.627e-01;5.656e-01;-2.026e+00;2.291e-01;2.284e-01;1.162e-01;-4.164e-01;1.000e+01;8.335e-01;1.556e-02;1.556e-02;7.672e-01;1.726e-02
30.002238000;2.310e-01;1.117e-01;-4.699e-01;4.838e-01;-2.035e+00;2.319e-01;2.310e-01;1.006e-01;-4.229e-01;1.000e+01;8.335e-01;1.556e-02;1.556e-02;6.858e-01;5.366e-02
30.002558000;2.322e-01;1.093e-01;-4.722e-01;4.707e-01;-2.034e+00;2.334e-01;2.322e-01;9.836e-02;-4.250e-01;1.000e+01;8.335e-01;1.556e-02;1.556e-02;6.726e-01;6.817e-02
30.002590000;2.323e-01;1.091e-01;-4.725e-01;4.694e-01;-2.033e+00;2.336e-01;2.323e-01;9.816e-02;-4.252e-01;1.000e+01;8.335e-01;1.556e-02;1.556e-02;6.713e-01;6.974e-02
30.002750000;2.331e-01;1.079e-01;-4.737e-01;4.632e-01;-2.033e+00;2.344e-01;2.331e-01;9.715e-02;-4.264e-01;1.000e+01;8.335e-01;1.556e-02;1.556e-02;6.650e-01;7.787e-02
30.002814000;2.334e-01;1.075e-01;-4.743e-01;4.607e-01;-2.032e+00;2.348e-01;2.334e-01;9.676e-02;-4.268e-01;1.000e+01;8.335e-01;1.556e-02;1.556e-02;6.625e-01;8.127e-02
30.003492000;2.369e-01;1.035e-01;-4.803e-01;4.368e-01;-2.027e+00;2.392e-01;2.369e-01;9.314e-02;-4.323e-01;1.000e+01;8.335e-01;1.556e-02;1.556e-02;6.380e-01;1.218e-01
30.004832000;2.459e-01;9.743e-02;-4.945e-01;3.962e-01;-2.011e+00;2.505e-01;2.459e-01;8.769e-02;-4.451e-01;1.000e+01;8.335e-01;1.556e-02;1.556e-02;5.944e-01;2.219e-01
30.004834000;2.460e-01;9.743e-02;-4.946e-01;3.961e-01;-2.011e+00;2.505e-01;2.460e-01;8.768e-02;-4.451e-01;1.000e+01;8.335e-01;1.556e-02;1.556e-02;5.944e-01;2.220e-01
30.006302000;2.563e-01;9.252e-02;-5.099e-01;3.610e-01;-1.990e+00;2.635e-01;2.563e-01;8.327e-02;-4.589e-01;1.000e+01;8.335e-01;1.556e-02;1.556e-02;5.549e-01;3.351e-01
30.007965000;2.664e-01;8.863e-02;-5.242e-01;3.327e-01;-1.968e+00;2.763e-01;2.664e-01;7.977e-02;-4.718e-01;1.000e+01;8.335e-01;1.556e-02;1.556e-02;5.228e-01;4.446e-01
30.008605000;2.698e-01;8.748e-02;-5.290e-01;3.242e-01;-1.960e+00;2.807e-01;2.698e-01;7.873e-02;-4.761e-01;1.000e+01;8.335e-01;1.556e-02;1.556e-02;5.133e-01;4.821e-01
30.008733000;2.705e-01;8.727e-02;-5.299e-01;3.226e-01;-1.959e+00;2.815e-01;2.705e-01;7.855e-02;-4.769e-01;1.000e+01;8.335e-01;1.556e-02;1.556e-02;5.116e-01;4.894e-01
30.008861000;2.712e-01;8.707e-02;-5.308e-01;3.211e-01;-1.957e+00;2.824e-01;2.712e-01;7.837e-02;-4.777e-01;1.000e+01;8.335e-01;1.556e-02;1.556e-02;5.099e-01;4.965e-01
30.009117000;2.725e-01;8.669e-02;-5.326e-01;3.182e-01;-1.955e+00;2.840e-01;2.725e-01;7.802e-02;-4.793e-01;1.000e+01;8.335e-01;1.556e-02;1.556e-02;5.067e-01;5.105e-01
30.009373000;2.738e-01;8.634e-02;-5.343e-01;3.154e-01;-1.952e+00;2.856e-01;2.738e-01;7.771e-02;-4.809e-01;1.000e+01;8.335e-01;1.556e-02;1.556e-02;5.038e-01;5.241e-01
30.009757000;2.756e-01;8.587e-02;-5.367e-01;3.116e-01;-1.948e+00;2.880e-01;2.756e-01;7.728e-02;-4.831e-01;1.000e+01;8.335e-01;1.556e-02;1.556e-02;4.997e-01;5.439e-01
30.010397000;2.785e-01;8.520e-02;-5.406e-01;3.059e-01;-1.941e+00;2.917e-01;2.785e-01;7.668e-02;-4.865e-01;1.000e+01;8.335e-01;1.556e-02;1.556e-02;4.940e-01;5.753e-01
30.011805000;2.844e-01;8.429e-02;-5.481e-01;2.964e-01;-1.927e+00;2.991e-01;2.844e-01;7.586e-02;-4.933e-01;1.000e+01;8.335e-01;1.556e-02;1.556e-02;4.855e-01;6.377e-01
30.012744000;2.879e-01;8.408e-02;-5.524e-01;2.921e-01;-1.919e+00;3.035e-01;2.879e-01;7.567e-02;-4.972e-01;1.000e+01;8.335e-01;1.556e-02;1.556e-02;4.825e-01;6.746e-01
30.012947000;2.886e-01;8.407e-02;-5.533e-01;2.913e-01;-1.917e+00;3.045e-01;2.886e-01;7.566e-02;-4.980e-01;1.000e+01;8.335e-01;1.556e-02;1.556e-02;4.822e-01;6.822e-01
30.013075000;2.890e-01;8.407e-02;-5.539e-01;2.909e-01;-1.916e+00;3.050e-01;2.890e-01;7.567e-02;-4.985e-01;1.000e+01;8.335e-01;1.556e-02;1.556e-02;4.820e-01;6.868e-01
30.013459000;2.903e-01;8.411e-02;-5.554e-01;2.897e-01;-1.913e+00;3.067e-01;2.903e-01;7.570e-02;-4.999e-01;1.000e+01;8.335e-01;1.556e-02;1.556e-02;4.816e-01;7.005e-01
30.013912000;2.918e-01;8.422e-02;-5.572e-01;2.887e-01;-1.910e+00;3.085e-01;2.918e-01;7.580e-02;-5.015e-01;1.000e+01;8.335e-01;1.556e-02;1.556e-02;4.815e-01;7.160e-01
30.015105000;2.953e-01;8.466e-02;-5.615e-01;2.867e-01;-1.901e+00;3.130e-01;2.953e-01;7.620e-02;-5.053e-01;1.000e+01;8.335e-01;1.556e-02;1.556e-02;4.825e-01;7.536e-01
30.015233000;2.957e-01;8.471e-02;-5.619e-01;2.865e-01;-1.900e+00;3.135e-01;2.957e-01;7.624e-02;-5.057e-01;1.000e+01;8.335e-01;1.556e-02;1.556e-02;4.826e-01;7.573e-01
30.015489000;2.964e-01;8.479e-02;-5.627e-01;2.861e-01;-1.899e+00;3.144e-01;2.964e-01;7.631e-02;-5.065e-01;1.000e+01;8.335e-01;1.556e-02;1.556e-02;4.829e-01;7.647e-01
30.016334000;2.986e-01;8.502e-02;-5.653e-01;2.848e-01;-1.893e+00;3.172e-01;2.986e-01;7.652e-02;-5.088e-01;1.000e+01;8.335e-01;1.556e-02;1.556e-02;4.837e-01;7.878e-01
30.018244000;3.029e-01;8.537e-02;-5.704e-01;2.818e-01;-1.883e+00;3.227e-01;3.029e-01;7.683e-02;-5.133e-01;1.000e+01;8.335e-01;1.556e-02;1.556e-02;4.857e-01;8.334e-01
30.018260000;3.029e-01;8.537e-02;-5.704e-01;2.818e-01;-1.883e+00;3.227e-01;3.029e-01;7.683e-02;-5.134e-01;1.000e+01;8.335e-01;1.556e-02;1.556e-02;4.857e-01;8.338e-01
30.019691000;3.057e-01;8.551e-02;-5.736e-01;2.797e-01;-1.876e+00;3.262e-01;3.057e-01;7.696e-02;-5.162e-01;1.000e+01;8.335e-01;1.556e-02;1.556e-02;4.871e-01;8.626e-01
30.021790000;3.091e-01;8.560e-02;-5.774e-01;2.770e-01;-1.868e+00;3.306e-01;3.091e-01;7.704e-02;-5.197e-01;1.000e+01;8.335e-01;1.556e-02;1.556e-02;4.892e-01;8.981e-01
30.022711000;3.103e-01;8.562e-02;-5.789e-01;2.759e-01;-1.865e+00;3.322e-01;3.103e-01;7.706e-02;-5.210e-01;1.000e+01;8.335e-01;1.556e-02;1.556e-02;4.901e-01;9.115e-01
30.023172000;3.109e-01;8.562e-02;-5.795e-01;2.754e-01;-1.864e+00;3.330e-01;3.109e-01;7.706e-02;-5.216e-01;1.000e+01;8.335e-01;1.556e-02;1.556e-02;4.906e-01;9.177e-01
30.024324000;3.123e-01;8.563e-02;-5.811e-01;2.742e-01;-1.860e+00;3.347e-01;3.123e-01;7.706e-02;-5.230e-01;1.000e+01;8.335e-01;1.556e-02;1.556e-02;4.917e-01;9.321e-01
30.024555000;3.126e-01;8.563e-02;-5.814e-01;2.739e-01;-1.860e+00;3.350e-01;3.126e-01;7.706e-02;-5.232e-01;1.000e+01;8.335e-01;1.556e-02;1.556e-02;4.920e-01;9.348e-01
30.027319000;3.153e-01;8.562e-02;-5.844e-01;2.716e-01;-1.853e+00;3.385e-01;3.153e-01;7.706e-02;-5.259e-01;1.000e+01;8.335e-01;1.556e-02;1.556e-02;4.947e-01;9.626e-01
30.029623000;3.170e-01;8.564e-02;-5.863e-01;2.701e-01;-1.849e+00;3.407e-01;3.170e-01;7.708e-02;-5.276e-01;1.000e+01;8.335e-01;1.556e-02;1.556e-02;4.970e-01;9.806e-01
30.030960000;3.179e-01;8.568e-02;-5.872e-01;2.695e-01;-1.847e+00;3.418e-01;3.179e-01;7.711e-02;-5.285e-01;1.000e+01;8.335e-01;1.556e-02;1.556e-02;4.984e-01;9.893e-01
30.031374000;3.181e-01;8.569e-02;-5.875e-01;2.693e-01;-1.847e+00;3.421e-01;3.181e-01;7.712e-02;-5.287e-01;1.000e+01;8.335e-01;1.556e-02;1.556e-02;4.988e-01;9.918e-01
30.032899000;3.189e-01;8.575e-02;-5.883e-01;2.689e-01;-1.845e+00;3.431e-01;3.189e-01;7.718e-02;-5.295e-01;1.000e+01;8.335e-01;1.556e-02;1.556e-02;5.003e-01;1.000e+00
30.032963000;3.190e-01;8.575e-02;-5.883e-01;2.688e-01;-1.845e+00;3.431e-01;3.190e-01;7.717e-02;-5.295e-01;1.000e+01;8.335e-01;1.556e-02;1.556e-02;5.004e-01;1.000e+00
30.033027000;3.190e-01;8.575e-02;-5.883e-01;2.688e-01;-1.845e+00;3.432e-01;3.190e-01;7.717e-02;-5.295e-01;1.000e+01;8.335e-01;1.556e-02;1.556e-02;5.004e-01;1.000e+00
30.033923000;3.190e-01;8.572e-02;-5.884e-01;2.687e-01;-1.844e+00;3.432e-01;3.190e-01;7.715e-02;-5.296e-01;1.000e+01;8.335e-01;1.556e-02;1.556e-02;5.013e-01;1.000e+00
30.035971000;3.191e-01;8.572e-02;-5.885e-01;2.686e-01;-1.844e+00;3.433e-01;3.191e-01;7.715e-02;-5.296e-01;1.000e+01;8.335e-01;1.556e-02;1.556e-02;5.034e-01;1.000e+00
30.043856000;3.193e-01;8.647e-02;-5.887e-01;2.708e-01;-1.844e+00;3.436e-01;3.193e-01;7.782e-02;-5.298e-01;1.000e+01;8.335e-01;1.556e-02;1.556e-02;5.113e-01;1.000e+00
30.044317000;3.193e-01;8.654e-02;-5.887e-01;2.710e-01;-1.844e+00;3.436e-01;3.193e-01;7.789e-02;-5.298e-01;1.000e+01;8.335e-01;1.556e-02;1.556e-02;5.117e-01;1.000e+00
30.044778000;3.193e-01;8.662e-02;-5.887e-01;2.712e-01;-1.843e+00;3.437e-01;3.193e-01;7.795e-02;-5.298e-01;1.000e+01;8.335e-01;1.556e-02;1.556e-02;5.122e-01;1.000e+00
30.054915000;3.194e-01;8.878e-02;-5.886e-01;2.779e-01;-1.843e+00;3.438e-01;3.194e-01;7.990e-02;-5.298e-01;1.000e+01;8.335e-01;1.556e-02;1.556e-02;5.223e-01;1.000e+00
30.068739000;3.194e-01;9.270e-02;-5.883e-01;2.903e-01;-1.842e+00;3.438e-01;3.194e-01;8.343e-02;-5.294e-01;1.000e+01;8.335e-01;1.556e-02;1.556e-02;5.362e-01;1.000e+00
30.082261000;3.192e-01;9.702e-02;-5.878e-01;3.039e-01;-1.841e+00;3.436e-01;3.192e-01;8.732e-02;-5.290e-01;1.000e+01;8.335e-01;1.556e-02;1.556e-02;5.497e-01;1.000e+00
30.085261000;3.192e-01;9.801e-02;-5.876e-01;3.071e-01;-1.841e+00;3.436e-01;3.192e-01;8.821e-02;-5.289e-01;1.000e+01;8.335e-01;1.556e-02;1.556e-02;5.527e-01;1.000e+00
30.089261000;3.191e-01;9.934e-02;-5.875e-01;3.113e-01;-1.841e+00;3.435e-01;3.191e-01;8.940e-02;-5.287e-01;1.000e+01;8.335e-01;1.556e-02;1.556e-02;5.567e-01;1.000e+00
30.134261000;3.184e-01;1.146e-01;-5.851e-01;3.599e-01;-1.838e+00;3.428e-01;3.184e-01;1.031e-01;-5.266e-01;1.000e+01;8.335e-01;1.556e-02;1.556e-02;6.017e-01;1.000e+00
30.147261000;3.182e-01;1.190e-01;-5.844e-01;3.741e-01;-1.837e+00;3.425e-01;3.182e-01;1.071e-01;-5.260e-01;1.000e+01;8.335e-01;1.556e-02;1.556e-02;6.147e-01;1.000e+00
30.171261000;3.177e-01;1.272e-01;-5.829e-01;4.003e-01;-1.835e+00;3.420e-01;3.177e-01;1.145e-01;-5.246e-01;1.000e+01;8.335e-01;1.556e-02;1.556e-02;6.387e-01;1.000e+00
30.198261000;3.171e-01;1.363e-01;-5.811e-01;4.299e-01;-1.833e+00;3.414e-01;3.171e-01;1.227e-01;-5.230e-01;1.000e+01;8.335e-01;1.556e-02;1.556e-02;6.657e-01;1.000e+00
30.226261000;3.165e-01;1.458e-01;-5.791e-01;4.606e-01;-1.830e+00;3.407e-01;3.165e-01;1.312e-01;-5.212e-01;1.000e+01;8.335e-01;1.556e-02;1.556e-02;6.937e-01;1.000e+00
30.352847000;3.130e-01;1.878e-01;-5.677e-01;6.001e-01;-1.814e+00;3.371e-01;3.130e-01;1.690e-01;-5.110e-01;1.000e+01;8.335e-01;1.556e-02;1.556e-02;8.203e-01;1.000e+00
30.356452000;3.129e-01;1.888e-01;-5.674e-01;6.035e-01;-1.814e+00;3.370e-01;3.129e-01;1.699e-01;-5.107e-01;1.000e+01;8.335e-01;1.556e-02;1.556e-02;8.232e-01;1.000e+00
30.357696000;3.128e-01;1.891e-01;-5.673e-01;6.045e-01;-1.813e+00;3.370e-01;3.128e-01;1.702e-01;-5.106e-01;1.000e+01;8.335e-01;1.556e-02;1.556e-02;8.239e-01;1.000e+00
30.358525000;3.128e-01;1.893e-01;-5.672e-01;6.052e-01;-1.813e+00;3.369e-01;3.128e-01;1.704e-01;-5.105e-01;1.000e+01;8.335e-01;1.556e-02;1.556e-02;8.244e-01;1.000e+00
30.359355000;3.128e-01;1.895e-01;-5.672e-01;6.058e-01;-1.813e+00;3.369e-01;3.128e-01;1.705e-01;-5.104e-01;1.000e+01;8.335e-01;1.556e-02;1.556e-02;8.249e-01;1.000e+00
30.361843000;3.127e-01;1.899e-01;-5.670e-01;6.074e-01;-1.813e+00;3.368e-01;3.127e-01;1.709e-01;-5.103e-01;1.000e+01;8.335e-01;1.556e-02;1.556e-02;8.260e-01;1.000e+00
30.365161000;3.126e-01;1.904e-01;-5.668e-01;6.092e-01;-1.813e+00;3.367e-01;3.126e-01;1.714e-01;-5.101e-01;1.000e+01;8.335e-01;1.556e-02;1.556e-02;8.271e-01;1.000e+00
30.367649000;3.126e-01;1.907e-01;-5.666e-01;6.103e-01;-1.813e+00;3.367e-01;3.126e-01;1.717e-01;-5.100e-01;1.000e+01;8.335e-01;1.556e-02;1.556e-02;8.277e-01;1.000e+00
30.368479000;3.125e-01;1.908e-01;-5.666e-01;6.106e-01;-1.813e+00;3.366e-01;3.125e-01;1.717e-01;-5.099e-01;1.000e+01;8.335e-01;1.556e-02;1.556e-02;8.279e-01;1.000e+00
30.374138000;3.124e-01;1.913e-01;-5.664e-01;6.125e-01;-1.813e+00;3.365e-01;3.124e-01;1.722e-01;-5.097e-01;1.000e+01;8.335e-01;1.556e-02;1.556e-02;8.288e-01;1.000e+00
30.378138000;3.124e-01;1.916e-01;-5.662e-01;6.134e-01;-1.813e+00;3.364e-01;3.124e-01;1.724e-01;-5.096e-01;1.000e+01;8.335e-01;1.556e-02;1.556e-02;8.292e-01;1.000e+00
30.379138000;3.123e-01;1.917e-01;-5.662e-01;6.136e-01;-1.813e+00;3.364e-01;3.123e-01;1.725e-01;-5.096e-01;1.000e+01;8.335e-01;1.556e-02;1.556e-02;8.293e-01;1.000e+00
30.383138000;3.123e-01;1.919e-01;-5.661e-01;6.144e-01;-1.813e+00;3.364e-01;3.123e-01;1.727e-01;-5.095e-01;1.000e+01;8.335e-01;1.556e-02;1.556e-02;8.296e-01;1.000e+00
30.392138000;3.122e-01;1.922e-01;-5.660e-01;6.155e-01;-1.813e+00;3.363e-01;3.122e-01;1.730e-01;-5.094e-01;1.000e+01;8.335e-01;1.556e-02;1.556e-02;8.300e-01;1.000e+00
30.396138000;3.122e-01;1.923e-01;-5.659e-01;6.159e-01;-1.813e+00;3.362e-01;3.122e-01;1.730e-01;-5.093e-01;1.000e+01;8.335e-01;1.556e-02;1.556e-02;8.301e-01;1.000e+00
30.417138000;3.121e-01;1.925e-01;-5.658e-01;6.169e-01;-1.813e+00;3.362e-01;3.121e-01;1.733e-01;-5.092e-01;1.000e+01;8.335e-01;1.556e-02;1.556e-02;8.305e-01;1.000e+00
30.431138000;3.121e-01;1.926e-01;-5.657e-01;6.172e-01;-1.813e+00;3.361e-01;3.121e-01;1.734e-01;-5.092e-01;1.000e+01;8.335e-01;1.556e-02;1.556e-02;8.306e-01;1.000e+00
30.489138000;3.121e-01;1.927e-01;-5.657e-01;6.174e-01;-1.813e+00;3.361e-01;3.121e-01;1.734e-01;-5.091e-01;1.000e+01;8.335e-01;1.556e-02;1.556e-02;8.307e-01;1.000e+00
30.499994000;3.121e-01;1.927e-01;-5.657e-01;6.174e-01;-1.813e+00;3.361e-01;3.121e-01;1.734e-01;-5.091e-01;1.000e+01;8.335e-01;1.556e-02;1.556e-02;8.307e-01;1.000e+00
30.499994000;1.426e+00;1.274e+00;1.347e+00;8.931e-01;9.446e-01;1.449e+00;1.426e+00;1.146e+00;1.212e+00;1.000e+01;8.335e-01;1.556e-02;1.556e-02;8.307e-01;1.000e+00
30.499995000;1.426e+00;1.274e+00;1.347e+00;8.931e-01;9.446e-01;1.450e+00;1.426e+00;1.146e+00;1.212e+00;1.000e+01;8.335e-01;1.556e-02;1.556e-02;8.307e-01;1.000e+00
30.500025000;1.426e+00;1.274e+00;1.347e+00;8.930e-01;9.447e-01;1.450e+00;1.426e+00;1.146e+00;1.212e+00;1.000e+01;8.335e-01;1.556e-02;1.556e-02;8.307e-01;1.000e+00
30.500633000;1.427e+00;1.267e+00;1.350e+00;8.877e-01;9.457e-01;1.450e+00;1.427e+00;1.140e+00;1.215e+00;1.000e+01;8.335e-01;1.556e-02;1.556e-02;8.261e-01;1.000e+00
30.500662000;1.427e+00;1.266e+00;1.350e+00;8.874e-01;9.458e-01;1.450e+00;1.427e+00;1.140e+00;1.215e+00;1.000e+01;8.335e-01;1.556e-02;1.556e-02;8.258e-01;1.000e+00
30.501410000;1.428e+00;1.249e+00;1.350e+00;8.746e-01;9.455e-01;1.451e+00;1.428e+00;1.124e+00;1.215e+00;1.000e+01;8.335e-01;1.556e-02;1.556e-02;8.117e-01;1.000e+00
30.502021000;1.429e+00;1.230e+00;1.350e+00;8.612e-01;9.446e-01;1.452e+00;1.429e+00;1.107e+00;1.215e+00;1.000e+01;8.335e-01;1.556e-02;1.556e-02;7.963e-01;1.000e+00
30.503119000;1.430e+00;1.191e+00;1.348e+00;8.331e-01;9.427e-01;1.454e+00;1.430e+00;1.072e+00;1.213e+00;1.000e+01;8.335e-01;1.556e-02;1.556e-02;7.634e-01;1.000e+00
30.503490000;1.431e+00;1.177e+00;1.348e+00;8.229e-01;9.421e-01;1.454e+00;1.431e+00;1.059e+00;1.213e+00;1.000e+01;8.335e-01;1.556e-02;1.556e-02;7.515e-01;1.000e+00
30.503609000;1.431e+00;1.173e+00;1.348e+00;8.196e-01;9.419e-01;1.454e+00;1.431e+00;1.055e+00;1.213e+00;1.000e+01;8.335e-01;1.556e-02;1.556e-02;7.476e-01;1.000e+00
30.503611000;1.431e+00;1.172e+00;1.348e+00;8.195e-01;9.418e-01;1.454e+00;1.431e+00;1.055e+00;1.213e+00;1.000e+01;8.335e-01;1.556e-02;1.556e-02;7.475e-01;9.999e-01
30.503613000;1.431e+00;1.172e+00;1.347e+00;8.194e-01;9.417e-01;1.454e+00;1.431e+00;1.055e+00;1.213e+00;1.000e+01;8.335e-01;1.556e-02;1.556e-02;7.475e-01;9.998e-01
30.503737000;1.428e+00;1.165e+00;1.335e+00;8.154e-01;9.349e-01;1.451e+00;1.428e+00;1.048e+00;1.202e+00;1.000e+01;8.335e-01;1.556e-02;1.556e-02;7.434e-01;9.931e-01
30.504160000;1.419e+00;1.137e+00;1.292e+00;8.014e-01;9.106e-01;1.442e+00;1.419e+00;1.024e+00;1.163e+00;1.000e+01;8.335e-01;1.556e-02;1.556e-02;7.294e-01;9.692e-01
30.507521000;1.332e+00;9.107e-01;9.042e-01;6.839e-01;6.790e-01;1.348e+00;1.332e+00;8.196e-01;8.137e-01;1.000e+01;8.335e-01;1.556e-02;1.556e-02;6.205e-01;7.374e-01
30.507521000;1.332e+00;9.107e-01;9.042e-01;6.839e-01;6.790e-01;1.348e+00;1.332e+00;8.196e-01;8.137e-01;1.000e+01;8.335e-01;1.556e-02;1.556e-02;6.205e-01;7.374e-01
30.507522000;1.331e+00;9.102e-01;9.023e-01;6.838e-01;6.778e-01;1.348e+00;1.331e+00;8.192e-01;8.121e-01;1.000e+01;8.335e-01;1.556e-02;1.556e-02;6.205e-01;7.362e-01
30.507988000;1.169e+00;7.405e-01;3.206e-01;6.336e-01;2.743e-01;1.176e+00;1.169e+00;6.664e-01;2.885e-01;1.000e+01;8.335e-01;1.556e-02;1.556e-02;6.065e-01;3.300e-01
30.508324000;1.169e+00;7.298e-01;3.210e-01;6.242e-01;2.745e-01;1.176e+00;1.169e+00;6.568e-01;2.889e-01;1.000e+01;8.335e-01;1.556e-02;1.556e-02;5.967e-01;3.300e-01
30.508457000;1.169e+00;7.256e-01;3.212e-01;6.205e-01;2.746e-01;1.176e+00;1.169e+00;6.531e-01;2.891e-01;1.000e+01;8.335e-01;1.556e-02;1.556e-02;5.929e-01;3.300e-01
30.509628000;1.172e+00;6.906e-01;3.233e-01;5.894e-01;2.760e-01;1.179e+00;1.172e+00;6.215e-01;2.910e-01;1.000e+01;8.335e-01;1.556e-02;1.556e-02;5.610e-01;3.300e-01
30.511425000;1.175e+00;6.420e-01;3.279e-01;5.465e-01;2.791e-01;1.182e+00;1.175e+00;5.778e-01;2.951e-01;1.000e+01;8.335e-01;1.556e-02;1.556e-02;5.174e-01;3.300e-01
30.513596000;1.178e+00;5.910e-01;3.345e-01;5.016e-01;2.839e-01;1.185e+00;1.178e+00;5.319e-01;3.011e-01;1.000e+01;8.335e-01;1.556e-02;1.556e-02;4.725e-01;3.300e-01
30.513628000;1.178e+00;5.897e-01;3.322e-01;5.008e-01;2.821e-01;1.185e+00;1.178e+00;5.307e-01;2.990e-01;1.000e+01;8.335e-01;1.556e-02;1.556e-02;4.719e-01;3.281e-01
30.515516000;1.138e+00;5.207e-01;2.065e-01;4.576e-01;1.815e-01;1.142e+00;1.138e+00;4.687e-01;1.858e-01;1.000e+01;8.335e-01;1.556e-02;1.556e-02;4.391e-01;2.225e-01
30.516540000;1.118e+00;4.887e-01;1.474e-01;4.370e-01;1.318e-01;1.122e+00;1.118e+00;4.398e-01;1.326e-01;1.000e+01;8.335e-01;1.556e-02;1.556e-02;4.236e-01;1.702e-01
30.520106000;1.061e+00;4.037e-01;-1.249e-02;3.805e-01;-1.177e-02;1.061e+00;1.061e+00;3.633e-01;-1.124e-02;1.000e+01;8.335e-01;1.556e-02;1.556e-02;3.802e-01;1.812e-02
30.520234000;1.059e+00;4.013e-01;-1.703e-02;3.788e-01;-1.608e-02;1.059e+00;1.059e+00;3.612e-01;-1.533e-02;1.000e+01;8.335e-01;1.556e-02;1.556e-02;3.789e-01;1.353e-02
30.520490000;1.056e+00;3.967e-01;-2.589e-02;3.757e-01;-2.451e-02;1.056e+00;1.056e+00;3.571e-01;-2.330e-02;1.000e+01;8.335e-01;1.556e-02;1.556e-02;3.765e-01;4.542e-03
30.520874000;1.051e+00;3.901e-01;-3.862e-02;3.711e-01;-3.674e-02;1.050e+00;1.051e+00;3.511e-01;-3.476e-02;1.000e+01;8.335e-01;1.556e-02;1.556e-02;3.729e-01;-8.500e-03
30.521002000;1.050e+00;3.880e-01;-4.272e-02;3.697e-01;-4.070e-02;1.049e+00;1.050e+00;3.492e-01;-3.845e-02;1.000e+01;8.335e-01;1.556e-02;1.556e-02;3.717e-01;-1.273e-02
30.521130000;1.048e+00;3.859e-01;-4.675e-02;3.682e-01;-4.461e-02;1.047e+00;1.048e+00;3.473e-01;-4.208e-02;1.000e+01;8.335e-01;1.556e-02;1.556e-02;3.705e-01;-1.690e-02
30.521258000;1.046e+00;3.839e-01;-5.071e-02;3.668e-01;-4.846e-02;1.045e+00;1.046e+00;3.455e-01;-4.564e-02;1.000e+01;8.335e-01;1.556e-02;1.556e-02;3.694e-01;-2.102e-02
30.524881000;1.011e+00;3.401e-01;-1.374e-01;3.362e-01;-1.358e-01;1.008e+00;1.011e+00;3.061e-01;-1.237e-01;1.000e+01;8.335e-01;1.556e-02;1.556e-02;3.439e-01;-1.150e-01
30.525112000;1.010e+00;3.381e-01;-1.415e-01;3.348e-01;-1.401e-01;1.006e+00;1.010e+00;3.043e-01;-1.273e-01;1.000e+01;8.335e-01;1.556e-02;1.556e-02;3.426e-01;-1.196e-01
30.525342000;1.008e+00;3.361e-01;-1.454e-01;3.334e-01;-1.442e-01;1.005e+00;1.008e+00;3.025e-01;-1.308e-01;1.000e+01;8.335e-01;1.556e-02;1.556e-02;3.414e-01;-1.241e-01
30.527564000;9.951e-01;3.214e-01;-1.758e-01;3.230e-01;-1.766e-01;9.909e-01;9.951e-01;2.893e-01;-1.582e-01;1.000e+01;8.335e-01;1.556e-02;1.556e-02;3.317e-01;-1.597e-01
30.527820000;9.942e-01;3.203e-01;-1.778e-01;3.221e-01;-1.789e-01;9.900e-01;9.942e-01;2.882e-01;-1.601e-01;1.000e+01;8.335e-01;1.556e-02;1.556e-02;3.308e-01;-1.623e-01
30.527948000;9.939e-01;3.197e-01;-1.787e-01;3.217e-01;-1.798e-01;9.896e-01;9.939e-01;2.878e-01;-1.608e-01;1.000e+01;8.335e-01;1.556e-02;1.556e-02;3.304e-01;-1.633e-01
30.528716000;9.926e-01;3.171e-01;-1.815e-01;3.195e-01;-1.828e-01;9.883e-01;9.926e-01;2.854e-01;-1.634e-01;1.000e+01;8.335e-01;1.556e-02;1.556e-02;3.279e-01;-1.673e-01
30.528844000;9.926e-01;3.168e-01;-1.816e-01;3.192e-01;-1.829e-01;9.883e-01;9.926e-01;2.851e-01;-1.634e-01;1.000e+01;8.335e-01;1.556e-02;1.556e-02;3.275e-01;-1.675e-01
30.528972000;9.926e-01;3.165e-01;-1.816e-01;3.189e-01;-1.829e-01;9.883e-01;9.926e-01;2.849e-01;-1.634e-01;1.000e+01;8.335e-01;1.556e-02;1.556e-02;3.272e-01;-1.677e-01
30.529356000;9.929e-01;3.158e-01;-1.810e-01;3.180e-01;-1.823e-01;9.885e-01;9.929e-01;2.842e-01;-1.629e-01;1.000e+01;8.335e-01;1.556e-02;1.556e-02;3.261e-01;-1.675e-01
30.530380000;9.952e-01;3.148e-01;-1.757e-01;3.163e-01;-1.765e-01;9.910e-01;9.952e-01;2.833e-01;-1.581e-01;1.000e+01;8.335e-01;1.556e-02;1.556e-02;3.236e-01;-1.627e-01
30.530508000;9.957e-01;3.148e-01;-1.747e-01;3.161e-01;-1.754e-01;9.915e-01;9.957e-01;2.833e-01;-1.572e-01;1.000e+01;8.335e-01;1.556e-02;1.556e-02;3.233e-01;-1.617e-01
30.530636000;9.962e-01;3.147e-01;-1.736e-01;3.160e-01;-1.743e-01;9.920e-01;9.962e-01;2.833e-01;-1.562e-01;1.000e+01;8.335e-01;1.556e-02;1.556e-02;3.231e-01;-1.607e-01
30.531276000;9.989e-01;3.149e-01;-1.672e-01;3.152e-01;-1.674e-01;9.950e-01;9.989e-01;2.834e-01;-1.505e-01;1.000e+01;8.335e-01;1.556e-02;1.556e-02;3.218e-01;-1.544e-01
30.531939000;1.002e+00;3.155e-01;-1.591e-01;3.147e-01;-1.587e-01;9.987e-01;1.002e+00;2.839e-01;-1.432e-01;1.000e+01;8.335e-01;1.556e-02;1.556e-02;3.207e-01;-1.463e-01
30.532187000;1.004e+00;3.158e-01;-1.558e-01;3.145e-01;-1.552e-01;1.000e+00;1.004e+00;2.842e-01;-1.402e-01;1.000e+01;8.335e-01;1.556e-02;1.556e-02;3.203e-01;-1.429e-01
30.533595000;1.013e+00;3.181e-01;-1.340e-01;3.139e-01;-1.323e-01;1.010e+00;1.013e+00;2.863e-01;-1.206e-01;1.000e+01;8.335e-01;1.556e-02;1.556e-02;3.185e-01;-1.210e-01
30.533723000;1.014e+00;3.183e-01;-1.319e-01;3.139e-01;-1.300e-01;1.011e+00;1.014e+00;2.865e-01;-1.187e-01;1.000e+01;8.335e-01;1.556e-02;1.556e-02;3.183e-01;-1.188e-01
30.537435000;1.041e+00;3.267e-01;-6.641e-02;3.138e-01;-6.380e-02;1.039e+00;1.041e+00;2.940e-01;-5.977e-02;1.000e+01;8.335e-01;1.556e-02;1.556e-02;3.155e-01;-5.472e-02
30.539995000;1.056e+00;3.316e-01;-2.789e-02;3.140e-01;-2.641e-02;1.056e+00;1.056e+00;2.984e-01;-2.510e-02;1.000e+01;8.335e-01;1.556e-02;1.556e-02;3.145e-01;-1.849e-02
30.540123000;1.057e+00;3.318e-01;-2.626e-02;3.140e-01;-2.485e-02;1.056e+00;1.057e+00;2.986e-01;-2.363e-02;1.000e+01;8.335e-01;1.556e-02;1.556e-02;3.145e-01;-1.698e-02
30.540635000;1.059e+00;3.325e-01;-2.005e-02;3.140e-01;-1.893e-02;1.059e+00;1.059e+00;2.993e-01;-1.805e-02;1.000e+01;8.335e-01;1.556e-02;1.556e-02;3.143e-01;-1.128e-02
30.540763000;1.060e+00;3.327e-01;-1.858e-02;3.140e-01;-1.754e-02;1.059e+00;1.060e+00;2.994e-01;-1.673e-02;1.000e+01;8.335e-01;1.556e-02;1.556e-02;3.143e-01;-9.936e-03
30.541019000;1.061e+00;3.330e-01;-1.574e-02;3.140e-01;-1.484e-02;1.060e+00;1.061e+00;2.997e-01;-1.417e-02;1.000e+01;8.335e-01;1.556e-02;1.556e-02;3.142e-01;-7.345e-03
30.543451000;1.068e+00;3.353e-01;4.502e-03;3.138e-01;4.214e-03;1.069e+00;1.068e+00;3.018e-01;4.052e-03;1.000e+01;8.335e-01;1.556e-02;1.556e-02;3.136e-01;1.079e-02
30.543579000;1.069e+00;3.354e-01;5.236e-03;3.138e-01;4.899e-03;1.069e+00;1.069e+00;3.018e-01;4.712e-03;1.000e+01;8.335e-01;1.556e-02;1.556e-02;3.136e-01;1.143e-02
30.543835000;1.069e+00;3.355e-01;6.608e-03;3.138e-01;6.180e-03;1.070e+00;1.069e+00;3.019e-01;5.947e-03;1.000e+01;8.335e-01;1.556e-02;1.556e-02;3.136e-01;1.262e-02
30.544475000;1.070e+00;3.357e-01;9.493e-03;3.137e-01;8.870e-03;1.071e+00;1.070e+00;3.022e-01;8.544e-03;1.000e+01;8.335e-01;1.556e-02;1.556e-02;3.134e-01;1.509e-02
30.545499000;1.072e+00;3.360e-01;1.259e-02;3.136e-01;1.175e-02;1.072e+00;1.072e+00;3.024e-01;1.133e-02;1.000e+01;8.335e-01;1.556e-02;1.556e-02;3.133e-01;1.763e-02
30.546651000;1.072e+00;3.360e-01;1.409e-02;3.134e-01;1.314e-02;1.072e+00;1.072e+00;3.024e-01;1.268e-02;1.000e+01;8.335e-01;1.556e-02;1.556e-02;3.131e-01;1.865e-02
30.546779000;1.072e+00;3.360e-01;1.414e-02;3.134e-01;1.319e-02;1.073e+00;1.072e+00;3.024e-01;1.272e-02;1.000e+01;8.335e-01;1.556e-02;1.556e-02;3.131e-01;1.865e-02
30.546907000;1.072e+00;3.360e-01;1.416e-02;3.134e-01;1.321e-02;1.073e+00;1.072e+00;3.024e-01;1.275e-02;1.000e+01;8.335e-01;1.556e-02;1.556e-02;3.131e-01;1.864e-02
30.547035000;1.072e+00;3.360e-01;1.417e-02;3.134e-01;1.322e-02;1.073e+00;1.072e+00;3.024e-01;1.275e-02;1.000e+01;8.335e-01;1.556e-02;1.556e-02;3.131e-01;1.861e-02
30.549495000;1.071e+00;3.353e-01;1.096e-02;3.131e-01;1.024e-02;1.071e+00;1.071e+00;3.018e-01;9.866e-03;1.000e+01;8.335e-01;1.556e-02;1.556e-02;3.130e-01;1.493e-02
30.549623000;1.071e+00;3.353e-01;1.066e-02;3.131e-01;9.952e-03;1.071e+00;1.071e+00;3.018e-01;9.591e-03;1.000e+01;8.335e-01;1.556e-02;1.556e-02;3.130e-01;1.461e-02
30.549879000;1.071e+00;3.352e-01;1.002e-02;3.131e-01;9.357e-03;1.071e+00;1.071e+00;3.017e-01;9.015e-03;1.000e+01;8.335e-01;1.556e-02;1.556e-02;3.130e-01;1.395e-02
30.551443000;1.069e+00;3.347e-01;5.437e-03;3.131e-01;5.087e-03;1.069e+00;1.069e+00;3.012e-01;4.893e-03;1.000e+01;8.335e-01;1.556e-02;1.556e-02;3.130e-01;9.288e-03
30.556581000;1.063e+00;3.337e-01;-1.095e-02;3.141e-01;-1.030e-02;1.062e+00;1.063e+00;3.003e-01;-9.853e-03;1.000e+01;8.335e-01;1.556e-02;1.556e-02;3.142e-01;-7.108e-03
30.556804000;1.062e+00;3.337e-01;-1.154e-02;3.141e-01;-1.086e-02;1.062e+00;1.062e+00;3.004e-01;-1.039e-02;1.000e+01;8.335e-01;1.556e-02;1.556e-02;3.142e-01;-7.702e-03
30.557028000;1.062e+00;3.337e-01;-1.211e-02;3.142e-01;-1.140e-02;1.062e+00;1.062e+00;3.004e-01;-1.090e-02;1.000e+01;8.335e-01;1.556e-02;1.556e-02;3.143e-01;-8.280e-03
30.558368000;1.061e+00;3.339e-01;-1.518e-02;3.148e-01;-1.431e-02;1.061e+00;1.061e+00;3.005e-01;-1.367e-02;1.000e+01;8.335e-01;1.556e-02;1.556e-02;3.149e-01;-1.138e-02
30.558591000;1.061e+00;3.340e-01;-1.563e-02;3.148e-01;-1.474e-02;1.061e+00;1.061e+00;3.006e-01;-1.407e-02;1.000e+01;8.335e-01;1.556e-02;1.556e-02;3.150e-01;-1.183e-02
30.560155000;1.060e+00;3.345e-01;-1.823e-02;3.156e-01;-1.720e-02;1.059e+00;1.060e+00;3.010e-01;-1.641e-02;1.000e+01;8.335e-01;1.556e-02;1.556e-02;3.157e-01;-1.449e-02
30.560825000;1.059e+00;3.347e-01;-1.907e-02;3.160e-01;-1.800e-02;1.059e+00;1.059e+00;3.013e-01;-1.716e-02;1.000e+01;8.335e-01;1.556e-02;1.556e-02;3.161e-01;-1.536e-02
30.562389000;1.059e+00;3.355e-01;-2.041e-02;3.169e-01;-1.928e-02;1.059e+00;1.059e+00;3.020e-01;-1.837e-02;1.000e+01;8.335e-01;1.556e-02;1.556e-02;3.170e-01;-1.680e-02
30.562836000;1.059e+00;3.358e-01;-2.065e-02;3.172e-01;-1.950e-02;1.058e+00;1.059e+00;3.022e-01;-1.859e-02;1.000e+01;8.335e-01;1.556e-02;1.556e-02;3.173e-01;-1.707e-02
30.564400000;1.059e+00;3.369e-01;-2.105e-02;3.182e-01;-1.988e-02;1.058e+00;1.059e+00;3.032e-01;-1.895e-02;1.000e+01;8.335e-01;1.556e-02;1.556e-02;3.183e-01;-1.757e-02
30.564623000;1.059e+00;3.370e-01;-2.106e-02;3.184e-01;-1.989e-02;1.058e+00;1.059e+00;3.033e-01;-1.895e-02;1.000e+01;8.335e-01;1.556e-02;1.556e-02;3.185e-01;-1.760e-02
30.564846000;1.059e+00;3.372e-01;-2.105e-02;3.185e-01;-1.989e-02;1.058e+00;1.059e+00;3.035e-01;-1.895e-02;1.000e+01;8.335e-01;1.556e-02;1.556e-02;3.186e-01;-1.761e-02
30.565740000;1.059e+00;3.379e-01;-2.094e-02;3.191e-01;-1.978e-02;1.058e+00;1.059e+00;3.041e-01;-1.884e-02;1.000e+01;8.335e-01;1.556e-02;1.556e-02;3.193e-01;-1.756e-02
30.567304000;1.059e+00;3.392e-01;-2.042e-02;3.203e-01;-1.928e-02;1.059e+00;1.059e+00;3.053e-01;-1.837e-02;1.000e+01;8.335e-01;1.556e-02;1.556e-02;3.204e-01;-1.716e-02
30.570119000;1.059e+00;3.417e-01;-1.887e-02;3.225e-01;-1.782e-02;1.059e+00;1.059e+00;3.075e-01;-1.699e-02;1.000e+01;8.335e-01;1.556e-02;1.556e-02;3.226e-01;-1.584e-02
30.575346000;1.061e+00;3.467e-01;-1.592e-02;3.269e-01;-1.501e-02;1.060e+00;1.061e+00;3.121e-01;-1.433e-02;1.000e+01;8.335e-01;1.556e-02;1.556e-02;3.270e-01;-1.323e-02
30.576150000;1.061e+00;3.475e-01;-1.559e-02;3.276e-01;-1.470e-02;1.060e+00;1.061e+00;3.128e-01;-1.403e-02;1.000e+01;8.335e-01;1.556e-02;1.556e-02;3.277e-01;-1.293e-02
30.576954000;1.061e+00;3.483e-01;-1.529e-02;3.283e-01;-1.442e-02;1.061e+00;1.061e+00;3.135e-01;-1.376e-02;1.000e+01;8.335e-01;1.556e-02;1.556e-02;3.284e-01;-1.267e-02
30.581378000;1.061e+00;3.525e-01;-1.441e-02;3.322e-01;-1.358e-02;1.061e+00;1.061e+00;3.173e-01;-1.297e-02;1.000e+01;8.335e-01;1.556e-02;1.556e-02;3.323e-01;-1.193e-02
30.581780000;1.061e+00;3.529e-01;-1.438e-02;3.326e-01;-1.355e-02;1.061e+00;1.061e+00;3.176e-01;-1.294e-02;1.000e+01;8.335e-01;1.556e-02;1.556e-02;3.326e-01;-1.191e-02
30.582182000;1.061e+00;3.533e-01;-1.436e-02;3.329e-01;-1.354e-02;1.061e+00;1.061e+00;3.179e-01;-1.293e-02;1.000e+01;8.335e-01;1.556e-02;1.556e-02;3.330e-01;-1.190e-02
30.582584000;1.061e+00;3.536e-01;-1.435e-02;3.333e-01;-1.352e-02;1.061e+00;1.061e+00;3.183e-01;-1.292e-02;1.000e+01;8.335e-01;1.556e-02;1.556e-02;3.333e-01;-1.189e-02
30.588213000;1.061e+00;3.589e-01;-1.462e-02;3.383e-01;-1.378e-02;1.061e+00;1.061e+00;3.230e-01;-1.316e-02;1.000e+01;8.335e-01;1.556e-02;1.556e-02;3.384e-01;-1.221e-02
30.600518000;1.061e+00;3.708e-01;-1.508e-02;3.496e-01;-1.422e-02;1.060e+00;1.061e+00;3.337e-01;-1.358e-02;1.000e+01;8.335e-01;1.556e-02;1.556e-02;3.497e-01;-1.265e-02
30.601242000;1.061e+00;3.715e-01;-1.507e-02;3.503e-01;-1.420e-02;1.060e+00;1.061e+00;3.344e-01;-1.356e-02;1.000e+01;8.335e-01;1.556e-02;1.556e-02;3.504e-01;-1.263e-02
30.605584000;1.061e+00;3.759e-01;-1.491e-02;3.544e-01;-1.406e-02;1.060e+00;1.061e+00;3.383e-01;-1.342e-02;1.000e+01;8.335e-01;1.556e-02;1.556e-02;3.544e-01;-1.245e-02
30.629032000;1.061e+00;3.992e-01;-1.426e-02;3.764e-01;-1.345e-02;1.060e+00;1.061e+00;3.593e-01;-1.283e-02;1.000e+01;8.335e-01;1.556e-02;1.556e-02;3.765e-01;-1.160e-02
30.744750000;1.059e+00;5.147e-01;-1.132e-02;4.862e-01;-1.070e-02;1.059e+00;1.059e+00;4.633e-01;-1.019e-02;1.000e+01;8.335e-01;1.556e-02;1.556e-02;4.862e-01;-7.113e-03
30.752750000;1.059e+00;5.227e-01;-1.111e-02;4.938e-01;-1.049e-02;1.059e+00;1.059e+00;4.704e-01;-9.998e-03;1.000e+01;8.335e-01;1.556e-02;1.556e-02;4.939e-01;-6.769e-03
30.755750000;1.059e+00;5.257e-01;-1.103e-02;4.966e-01;-1.042e-02;1.058e+00;1.059e+00;4.731e-01;-9.925e-03;1.000e+01;8.335e-01;1.556e-02;1.556e-02;4.967e-01;-6.639e-03
30.794750000;1.057e+00;5.646e-01;-9.960e-03;5.339e-01;-9.419e-03;1.057e+00;1.057e+00;5.082e-01;-8.964e-03;1.000e+01;8.335e-01;1.556e-02;1.556e-02;5.340e-01;-4.906e-03
30.805750000;1.057e+00;5.756e-01;-9.656e-03;5.445e-01;-9.134e-03;1.057e+00;1.057e+00;5.180e-01;-8.690e-03;1.000e+01;8.335e-01;1.556e-02;1.556e-02;5.445e-01;-4.401e-03
30.875750000;1.055e+00;6.454e-01;-7.698e-03;6.120e-01;-7.300e-03;1.055e+00;1.055e+00;5.808e-01;-6.928e-03;1.000e+01;8.335e-01;1.556e-02;1.556e-02;6.121e-01;-1.043e-03
30.900750000;1.053e+00;6.703e-01;-6.996e-03;6.363e-01;-6.641e-03;1.054e+00;1.053e+00;6.033e-01;-6.296e-03;1.000e+01;8.335e-01;1.556e-02;1.556e-02;6.364e-01;2.160e-04
30.963324000;1.050e+00;7.325e-01;-5.262e-03;6.975e-01;-5.011e-03;1.050e+00;1.050e+00;6.593e-01;-4.736e-03;1.000e+01;8.335e-01;1.556e-02;1.556e-02;6.975e-01;3.505e-03
30.966324000;1.050e+00;7.354e-01;-5.196e-03;7.004e-01;-4.948e-03;1.050e+00;1.050e+00;6.618e-01;-4.676e-03;1.000e+01;8.335e-01;1.556e-02;1.556e-02;7.004e-01;3.672e-03
30.971324000;1.050e+00;7.400e-01;-5.088e-03;7.049e-01;-4.847e-03;1.050e+00;1.050e+00;6.660e-01;-4.579e-03;1.000e+01;8.335e-01;1.556e-02;1.556e-02;7.050e-01;3.963e-03
30.983324000;1.049e+00;7.504e-01;-4.827e-03;7.153e-01;-4.601e-03;1.049e+00;1.049e+00;6.753e-01;-4.344e-03;1.000e+01;8.335e-01;1.556e-02;1.556e-02;7.153e-01;4.714e-03
30.993324000;1.049e+00;7.582e-01;-4.603e-03;7.230e-01;-4.390e-03;1.049e+00;1.049e+00;6.824e-01;-4.143e-03;1.000e+01;8.335e-01;1.556e-02;1.556e-02;7.230e-01;5.362e-03
30.995324000;1.049e+00;7.597e-01;-4.560e-03;7.245e-01;-4.349e-03;1.049e+00;1.049e+00;6.837e-01;-4.104e-03;1.000e+01;8.335e-01;1.556e-02;1.556e-02;7.245e-01;5.490e-03
30.997324000;1.048e+00;7.611e-01;-4.516e-03;7.260e-01;-4.307e-03;1.049e+00;1.048e+00;6.850e-01;-4.064e-03;1.000e+01;8.335e-01;1.556e-02;1.556e-02;7.260e-01;5.618e-03
31.013324000;1.048e+00;7.717e-01;-4.173e-03;7.366e-01;-3.983e-03;1.048e+00;1.048e+00;6.946e-01;-3.756e-03;1.000e+01;8.335e-01;1.556e-02;1.556e-02;7.366e-01;6.603e-03
31.018324000;1.048e+00;7.747e-01;-4.069e-03;7.396e-01;-3.884e-03;1.048e+00;1.048e+00;6.973e-01;-3.662e-03;1.000e+01;8.335e-01;1.556e-02;1.556e-02;7.395e-01;6.895e-03
31.021324000;1.047e+00;7.765e-01;-4.007e-03;7.413e-01;-3.825e-03;1.048e+00;1.047e+00;6.988e-01;-3.606e-03;1.000e+01;8.335e-01;1.556e-02;1.556e-02;7.413e-01;7.067e-03
31.026324000;1.047e+00;7.792e-01;-3.904e-03;7.441e-01;-3.728e-03;1.048e+00;1.047e+00;7.013e-01;-3.514e-03;1.000e+01;8.335e-01;1.556e-02;1.556e-02;7.440e-01;7.346e-03
31.027324000;1.047e+00;7.798e-01;-3.884e-03;7.446e-01;-3.709e-03;1.048e+00;1.047e+00;7.018e-01;-3.496e-03;1.000e+01;8.335e-01;1.556e-02;1.556e-02;7.446e-01;7.401e-03
31.028324000;1.047e+00;7.803e-01;-3.864e-03;7.451e-01;-3.690e-03;1.047e+00;1.047e+00;7.023e-01;-3.478e-03;1.000e+01;8.335e-01;1.556e-02;1.556e-02;7.451e-01;7.455e-03
31.043324000;1.047e+00;7.877e-01;-3.567e-03;7.525e-01;-3.407e-03;1.047e+00;1.047e+00;7.089e-01;-3.210e-03;1.000e+01;8.335e-01;1.556e-02;1.556e-02;7.525e-01;8.233e-03
31.046324000;1.047e+00;7.890e-01;-3.508e-03;7.538e-01;-3.351e-03;1.047e+00;1.047e+00;7.101e-01;-3.157e-03;1.000e+01;8.335e-01;1.556e-02;1.556e-02;7.538e-01;8.380e-03
31.051324000;1.047e+00;7.912e-01;-3.412e-03;7.560e-01;-3.260e-03;1.047e+00;1.047e+00;7.121e-01;-3.071e-03;1.000e+01;8.335e-01;1.556e-02;1.556e-02;7.560e-01;8.618e-03
31.052324000;1.047e+00;7.916e-01;-3.393e-03;7.564e-01;-3.242e-03;1.047e+00;1.047e+00;7.125e-01;-3.054e-03;1.000e+01;8.335e-01;1.556e-02;1.556e-02;7.564e-01;8.665e-03
31.056324000;1.046e+00;7.933e-01;-3.319e-03;7.581e-01;-3.172e-03;1.047e+00;1.046e+00;7.139e-01;-2.987e-03;1.000e+01;8.335e-01;1.556e-02;1.556e-02;7.580e-01;8.849e-03
31.057324000;1.046e+00;7.936e-01;-3.300e-03;7.585e-01;-3.154e-03;1.047e+00;1.046e+00;7.143e-01;-2.970e-03;1.000e+01;8.335e-01;1.556e-02;1.556e-02;7.584e-01;8.894e-03
31.061324000;1.046e+00;7.952e-01;-3.226e-03;7.600e-01;-3.083e-03;1.047e+00;1.046e+00;7.157e-01;-2.903e-03;1.000e+01;8.335e-01;1.556e-02;1.556e-02;7.600e-01;9.072e-03
31.083324000;1.046e+00;8.027e-01;-2.834e-03;7.675e-01;-2.710e-03;1.046e+00;1.046e+00;7.225e-01;-2.551e-03;1.000e+01;8.335e-01;1.556e-02;1.556e-02;7.675e-01;9.971e-03
31.089324000;1.046e+00;8.045e-01;-2.733e-03;7.693e-01;-2.614e-03;1.046e+00;1.046e+00;7.241e-01;-2.460e-03;1.000e+01;8.335e-01;1.556e-02;1.556e-02;7.693e-01;1.019e-02
31.093324000;1.046e+00;8.057e-01;-2.667e-03;7.705e-01;-2.550e-03;1.046e+00;1.046e+00;7.251e-01;-2.400e-03;1.000e+01;8.335e-01;1.556e-02;1.556e-02;7.704e-01;1.034e-02
31.106324000;1.045e+00;8.090e-01;-2.456e-03;7.738e-01;-2.349e-03;1.046e+00;1.045e+00;7.281e-01;-2.210e-03;1.000e+01;8.335e-01;1.556e-02;1.556e-02;7.738e-01;1.078e-02
31.112324000;1.045e+00;8.104e-01;-2.362e-03;7.752e-01;-2.260e-03;1.046e+00;1.045e+00;7.294e-01;-2.126e-03;1.000e+01;8.335e-01;1.556e-02;1.556e-02;7.752e-01;1.097e-02
31.119324000;1.045e+00;8.120e-01;-2.256e-03;7.768e-01;-2.158e-03;1.046e+00;1.045e+00;7.308e-01;-2.030e-03;1.000e+01;8.335e-01;1.556e-02;1.556e-02;7.767e-01;1.119e-02
31.123324000;1.045e+00;8.128e-01;-2.196e-03;7.776e-01;-2.100e-03;1.046e+00;1.045e+00;7.316e-01;-1.976e-03;1.000e+01;8.335e-01;1.556e-02;1.556e-02;7.775e-01;1.130e-02
31.134324000;1.045e+00;8.150e-01;-2.036e-03;7.798e-01;-1.948e-03;1.046e+00;1.045e+00;7.335e-01;-1.832e-03;1.000e+01;8.335e-01;1.556e-02;1.556e-02;7.797e-01;1.161e-02
31.135324000;1.045e+00;8.152e-01;-2.021e-03;7.799e-01;-1.934e-03;1.046e+00;1.045e+00;7.336e-01;-1.819e-03;1.000e+01;8.335e-01;1.556e-02;1.556e-02;7.799e-01;1.164e-02
31.136324000;1.045e+00;8.153e-01;-2.007e-03;7.801e-01;-1.920e-03;1.045e+00;1.045e+00;7.338e-01;-1.806e-03;1.000e+01;8.335e-01;1.556e-02;1.556e-02;7.800e-01;1.166e-02
31.167324000;1.045e+00;8.202e-01;-1.592e-03;7.849e-01;-1.524e-03;1.045e+00;1.045e+00;7.381e-01;-1.433e-03;1.000e+01;8.335e-01;1.556e-02;1.556e-02;7.848e-01;1.241e-02
31.168324000;1.045e+00;8.203e-01;-1.580e-03;7.850e-01;-1.512e-03;1.045e+00;1.045e+00;7.383e-01;-1.422e-03;1.000e+01;8.335e-01;1.556e-02;1.556e-02;7.849e-01;1.243e-02
31.169324000;1.045e+00;8.204e-01;-1.568e-03;7.852e-01;-1.500e-03;1.045e+00;1.045e+00;7.384e-01;-1.411e-03;1.000e+01;8.335e-01;1.556e-02;1.556e-02;7.851e-01;1.245e-02
31.173324000;1.045e+00;8.209e-01;-1.518e-03;7.857e-01;-1.453e-03;1.045e+00;1.045e+00;7.388e-01;-1.366e-03;1.000e+01;8.335e-01;1.556e-02;1.556e-02;7.856e-01;1.254e-02
31.216324000;1.045e+00;8.253e-01;-1.034e-03;7.900e-01;-9.902e-04;1.045e+00;1.045e+00;7.427e-01;-9.310e-04;1.000e+01;8.335e-01;1.556e-02;1.556e-02;7.898e-01;1.332e-02
31.217324000;1.045e+00;8.254e-01;-1.024e-03;7.900e-01;-9.806e-04;1.045e+00;1.045e+00;7.428e-01;-9.220e-04;1.000e+01;8.335e-01;1.556e-02;1.556e-02;7.899e-01;1.333e-02
31.220324000;1.045e+00;8.256e-01;-9.933e-04;7.903e-01;-9.508e-04;1.045e+00;1.045e+00;7.430e-01;-8.940e-04;1.000e+01;8.335e-01;1.556e-02;1.556e-02;7.902e-01;1.338e-02
31.277324000;1.045e+00;8.290e-01;-4.833e-04;7.936e-01;-4.627e-04;1.045e+00;1.045e+00;7.461e-01;-4.350e-04;1.000e+01;8.335e-01;1.556e-02;1.556e-02;7.934e-01;1.411e-02
31.279324000;1.045e+00;8.291e-01;-4.678e-04;7.936e-01;-4.478e-04;1.045e+00;1.045e+00;7.462e-01;-4.210e-04;1.000e+01;8.335e-01;1.556e-02;1.556e-02;7.935e-01;1.413e-02
31.280324000;1.045e+00;8.291e-01;-4.600e-04;7.937e-01;-4.404e-04;1.045e+00;1.045e+00;7.462e-01;-4.140e-04;1.000e+01;8.335e-01;1.556e-02;1.556e-02;7.936e-01;1.415e-02
31.331324000;1.045e+00;8.308e-01;-1.078e-04;7.953e-01;-1.032e-04;1.045e+00;1.045e+00;7.477e-01;-9.699e-05;1.000e+01;8.335e-01;1.556e-02;1.556e-02;7.952e-01;1.461e-02
31.351324000;1.045e+00;8.313e-01;8.893e-06;7.958e-01;8.512e-06;1.045e+00;1.045e+00;7.481e-01;8.005e-06;1.000e+01;8.335e-01;1.556e-02;1.556e-02;7.956e-01;1.475e-02
31.353324000;1.045e+00;8.313e-01;2.000e-05;7.958e-01;1.915e-05;1.045e+00;1.045e+00;7.482e-01;1.800e-05;1.000e+01;8.335e-01;1.556e-02;1.556e-02;7.957e-01;1.476e-02
31.442629000;1.045e+00;8.325e-01;4.133e-04;7.969e-01;3.957e-04;1.045e+00;1.045e+00;7.493e-01;3.720e-04;1.000e+01;8.335e-01;1.556e-02;1.556e-02;7.968e-01;1.522e-02
31.450629000;1.045e+00;8.326e-01;4.411e-04;7.970e-01;4.222e-04;1.045e+00;1.045e+00;7.493e-01;3.970e-04;1.000e+01;8.335e-01;1.556e-02;1.556e-02;7.968e-01;1.525e-02
31.455629000;1.045e+00;8.326e-01;4.567e-04;7.970e-01;4.371e-04;1.045e+00;1.045e+00;7.494e-01;4.110e-04;1.000e+01;8.335e-01;1.556e-02;1.556e-02;7.968e-01;1.527e-02
31.460629000;1.045e+00;8.327e-01;4.722e-04;7.970e-01;4.520e-04;1.045e+00;1.045e+00;7.494e-01;4.250e-04;1.000e+01;8.335e-01;1.556e-02;1.556e-02;7.969e-01;1.529e-02
31.691710000;1.045e+00;8.333e-01;8.267e-04;7.975e-01;7.912e-04;1.045e+00;1.045e+00;7.499e-01;7.440e-04;1.000e+01;8.335e-01;1.556e-02;1.556e-02;7.974e-01;1.567e-02
31.705710000;1.045e+00;8.333e-01;8.322e-04;7.975e-01;7.965e-04;1.045e+00;1.045e+00;7.499e-01;7.490e-04;1.000e+01;8.335e-01;1.556e-02;1.556e-02;7.974e-01;1.567e-02
32.877835000;1.045e+00;8.333e-01;2.344e-04;7.978e-01;2.244e-04;1.045e+00;1.045e+00;7.500e-01;2.110e-04;1.000e+01;8.335e-01;1.556e-02;1.556e-02;7.977e-01;1.511e-02
33.237835000;1.044e+00;8.333e-01;1.322e-04;7.978e-01;1.266e-04;1.045e+00;1.044e+00;7.500e-01;1.190e-04;1.000e+01;8.335e-01;1.556e-02;1.556e-02;7.977e-01;1.502e-02
33.655835000;1.044e+00;8.333e-01;6.667e-05;7.979e-01;6.383e-05;1.045e+00;1.044e+00;7.500e-01;6.000e-05;1.000e+01;8.335e-01;1.556e-02;1.556e-02;7.977e-01;1.496e-02
100.000000000;1.044e+00;8.333e-01;-5.337e-09;7.979e-01;-3.404e-10;1.045e+00;1.044e+00;7.500e-01;-1.451e-09;1.000e+01;8.335e-01;1.556e-02;1.556e-02;7.977e-01;1.489e-02
