time;BusPDR_BUS_Voltage;BusPDR_BUS_ActivePower;BusPDR_BUS_ReactivePower;BusPDR_BUS_ActiveCurrent;BusPDR_BUS_ReactiveCurrent;Bess_GEN_MagnitudeControlledByAVRPu;Bess_GEN_UPuInjTerminal;Bess_GEN_IpInjTerminal;Bess_GEN_IqInjTerminal;Measurements_BUS_Voltage;Measurements_BUS_ActivePower;Measurements_BUS_ReactivePower;StepUp_Xfmr_XFMR_Tap;Bess_GEN_ActivePowerSetpointPu;Bess_GEN_ReactivePowerSetpointPu;Bess_GEN_VoltageSetpointPu;Bess_GEN_NetworkFrequencyPu;NetworkFrequencyPu
0.000000000;1.044e+00;-6.667e-01;1.089e-08;-6.383e-01;-8.979e-09;1.044e+00;1.037e+00;-6.211e-01;3.958e-02;1.044e+00;-4.000e-01;-4.628e-09;1.000e+01;-6.667e-01;0.000e+00;1.044e+00;5.000e+01;5.000e+01
19.999996000;1.044e+00;-6.667e-01;-5.610e-11;-6.383e-01;5.551e-10;1.044e+00;1.037e+00;-6.211e-01;3.958e-02;1.044e+00;-4.000e-01;2.580e-09;1.000e+01;-6.667e-01;0.000e+00;1.044e+00;5.000e+01;5.000e+01
19.999996000;1.044e+00;-6.667e-01;-1.793e-10;-6.383e-01;8.071e-10;1.044e+00;1.037e+00;-6.211e-01;3.958e-02;1.044e+00;-4.000e-01;2.513e-09;1.000e+01;-6.667e-01;0.000e+00;1.065e+00;5.000e+01;5.000e+01
20.002020000;1.044e+00;-6.667e-01;1.666e-06;-6.383e-01;1.599e-06;1.044e+00;1.037e+00;-6.211e-01;3.958e-02;1.044e+00;-4.000e-01;1.002e-06;1.000e+01;-6.667e-01;0.000e+00;1.065e+00;5.000e+01;5.000e+01
20.004020000;1.044e+00;-6.667e-01;8.332e-06;-6.383e-01;7.982e-06;1.044e+00;1.037e+00;-6.211e-01;3.958e-02;1.044e+00;-4.000e-01;5.002e-06;1.000e+01;-6.667e-01;0.000e+00;1.065e+00;5.000e+01;5.000e+01
20.023020000;1.044e+00;-6.667e-01;1.550e-04;-6.383e-01;1.484e-04;1.044e+00;1.037e+00;-6.211e-01;3.972e-02;1.044e+00;-4.000e-01;9.300e-05;1.000e+01;-6.667e-01;0.000e+00;1.065e+00;5.000e+01;5.000e+01
20.024020000;1.044e+00;-6.667e-01;1.650e-04;-6.383e-01;1.580e-04;1.045e+00;1.037e+00;-6.211e-01;3.973e-02;1.044e+00;-4.000e-01;9.900e-05;1.000e+01;-6.667e-01;0.000e+00;1.065e+00;5.000e+01;5.000e+01
20.046020000;1.044e+00;-6.667e-01;4.083e-04;-6.383e-01;3.909e-04;1.045e+00;1.037e+00;-6.211e-01;3.997e-02;1.044e+00;-4.000e-01;2.450e-04;1.000e+01;-6.667e-01;0.000e+00;1.065e+00;5.000e+01;5.000e+01
20.047020000;1.044e+00;-6.667e-01;4.200e-04;-6.383e-01;4.021e-04;1.045e+00;1.037e+00;-6.211e-01;3.998e-02;1.044e+00;-4.000e-01;2.520e-04;1.000e+01;-6.667e-01;0.000e+00;1.065e+00;5.000e+01;5.000e+01
20.056020000;1.044e+00;-6.667e-01;5.283e-04;-6.383e-01;5.058e-04;1.045e+00;1.037e+00;-6.211e-01;4.008e-02;1.044e+00;-4.000e-01;3.170e-04;1.000e+01;-6.667e-01;0.000e+00;1.065e+00;5.000e+01;5.000e+01
20.098020000;1.044e+00;-6.667e-01;1.067e-03;-6.383e-01;1.021e-03;1.045e+00;1.037e+00;-6.211e-01;4.060e-02;1.044e+00;-4.000e-01;6.400e-04;1.000e+01;-6.667e-01;0.000e+00;1.065e+00;5.000e+01;5.000e+01
20.099020000;1.045e+00;-6.667e-01;1.082e-03;-6.383e-01;1.036e-03;1.045e+00;1.037e+00;-6.211e-01;4.061e-02;1.045e+00;-4.000e-01;6.490e-04;1.000e+01;-6.667e-01;0.000e+00;1.065e+00;5.000e+01;5.000e+01
20.113020000;1.045e+00;-6.667e-01;1.272e-03;-6.383e-01;1.217e-03;1.045e+00;1.037e+00;-6.211e-01;4.080e-02;1.045e+00;-4.000e-01;7.630e-04;1.000e+01;-6.667e-01;0.000e+00;1.065e+00;5.000e+01;5.000e+01
20.114020000;1.045e+00;-6.667e-01;1.285e-03;-6.383e-01;1.230e-03;1.045e+00;1.037e+00;-6.210e-01;4.081e-02;1.045e+00;-4.000e-01;7.710e-04;1.000e+01;-6.667e-01;0.000e+00;1.065e+00;5.000e+01;5.000e+01
20.125020000;1.045e+00;-6.667e-01;1.438e-03;-6.383e-01;1.377e-03;1.045e+00;1.037e+00;-6.210e-01;4.096e-02;1.045e+00;-4.000e-01;8.630e-04;1.000e+01;-6.667e-01;0.000e+00;1.065e+00;5.000e+01;5.000e+01
20.135020000;1.045e+00;-6.667e-01;1.580e-03;-6.383e-01;1.513e-03;1.045e+00;1.037e+00;-6.210e-01;4.109e-02;1.045e+00;-4.000e-01;9.480e-04;1.000e+01;-6.667e-01;0.000e+00;1.065e+00;5.000e+01;5.000e+01
20.138020000;1.045e+00;-6.667e-01;1.623e-03;-6.383e-01;1.554e-03;1.045e+00;1.037e+00;-6.210e-01;4.113e-02;1.045e+00;-4.000e-01;9.740e-04;1.000e+01;-6.667e-01;0.000e+00;1.065e+00;5.000e+01;5.000e+01
20.200020000;1.045e+00;-6.667e-01;2.542e-03;-6.383e-01;2.433e-03;1.045e+00;1.037e+00;-6.210e-01;4.201e-02;1.045e+00;-4.000e-01;1.525e-03;1.000e+01;-6.667e-01;0.000e+00;1.065e+00;5.000e+01;5.000e+01
20.201020000;1.045e+00;-6.667e-01;2.558e-03;-6.382e-01;2.449e-03;1.045e+00;1.037e+00;-6.209e-01;4.203e-02;1.045e+00;-4.000e-01;1.535e-03;1.000e+01;-6.667e-01;0.000e+00;1.065e+00;5.000e+01;5.000e+01
20.229020000;1.045e+00;-6.667e-01;2.990e-03;-6.382e-01;2.862e-03;1.045e+00;1.037e+00;-6.209e-01;4.244e-02;1.045e+00;-4.000e-01;1.794e-03;1.000e+01;-6.667e-01;0.000e+00;1.065e+00;5.000e+01;5.000e+01
20.230020000;1.045e+00;-6.667e-01;3.005e-03;-6.382e-01;2.877e-03;1.046e+00;1.037e+00;-6.209e-01;4.246e-02;1.045e+00;-4.000e-01;1.803e-03;1.000e+01;-6.667e-01;0.000e+00;1.065e+00;5.000e+01;5.000e+01
20.277020000;1.045e+00;-6.667e-01;3.747e-03;-6.382e-01;3.587e-03;1.046e+00;1.037e+00;-6.209e-01;4.317e-02;1.045e+00;-4.000e-01;2.248e-03;1.000e+01;-6.667e-01;0.000e+00;1.065e+00;5.000e+01;5.000e+01
20.278020000;1.045e+00;-6.667e-01;3.762e-03;-6.382e-01;3.601e-03;1.046e+00;1.037e+00;-6.208e-01;4.318e-02;1.045e+00;-4.000e-01;2.257e-03;1.000e+01;-6.667e-01;0.000e+00;1.065e+00;5.000e+01;5.000e+01
20.301020000;1.045e+00;-6.667e-01;4.132e-03;-6.382e-01;3.955e-03;1.046e+00;1.037e+00;-6.208e-01;4.353e-02;1.045e+00;-4.000e-01;2.479e-03;1.000e+01;-6.667e-01;0.000e+00;1.065e+00;5.000e+01;5.000e+01
20.302020000;1.045e+00;-6.667e-01;4.147e-03;-6.382e-01;3.969e-03;1.046e+00;1.038e+00;-6.208e-01;4.355e-02;1.045e+00;-4.000e-01;2.488e-03;1.000e+01;-6.667e-01;0.000e+00;1.065e+00;5.000e+01;5.000e+01
20.342020000;1.045e+00;-6.667e-01;4.797e-03;-6.382e-01;4.591e-03;1.046e+00;1.038e+00;-6.208e-01;4.417e-02;1.045e+00;-4.000e-01;2.878e-03;1.000e+01;-6.667e-01;0.000e+00;1.065e+00;5.000e+01;5.000e+01
20.351020000;1.045e+00;-6.667e-01;4.945e-03;-6.382e-01;4.733e-03;1.046e+00;1.038e+00;-6.208e-01;4.431e-02;1.045e+00;-4.000e-01;2.967e-03;1.000e+01;-6.667e-01;0.000e+00;1.065e+00;5.000e+01;5.000e+01
20.352020000;1.045e+00;-6.667e-01;4.962e-03;-6.382e-01;4.749e-03;1.046e+00;1.038e+00;-6.207e-01;4.433e-02;1.045e+00;-4.000e-01;2.977e-03;1.000e+01;-6.667e-01;0.000e+00;1.065e+00;5.000e+01;5.000e+01
20.360020000;1.045e+00;-6.667e-01;5.092e-03;-6.382e-01;4.874e-03;1.046e+00;1.038e+00;-6.207e-01;4.445e-02;1.045e+00;-4.000e-01;3.055e-03;1.000e+01;-6.667e-01;0.000e+00;1.065e+00;5.000e+01;5.000e+01
20.367020000;1.045e+00;-6.667e-01;5.208e-03;-6.382e-01;4.985e-03;1.046e+00;1.038e+00;-6.207e-01;4.456e-02;1.045e+00;-4.000e-01;3.125e-03;1.000e+01;-6.667e-01;0.000e+00;1.065e+00;5.000e+01;5.000e+01
20.368020000;1.045e+00;-6.667e-01;5.223e-03;-6.382e-01;5.000e-03;1.046e+00;1.038e+00;-6.207e-01;4.458e-02;1.045e+00;-4.000e-01;3.134e-03;1.000e+01;-6.667e-01;0.000e+00;1.065e+00;5.000e+01;5.000e+01
20.383020000;1.045e+00;-6.667e-01;5.472e-03;-6.382e-01;5.237e-03;1.046e+00;1.038e+00;-6.207e-01;4.482e-02;1.045e+00;-4.000e-01;3.283e-03;1.000e+01;-6.667e-01;0.000e+00;1.065e+00;5.000e+01;5.000e+01
20.384020000;1.045e+00;-6.667e-01;5.488e-03;-6.381e-01;5.253e-03;1.046e+00;1.038e+00;-6.207e-01;4.483e-02;1.045e+00;-4.000e-01;3.293e-03;1.000e+01;-6.667e-01;0.000e+00;1.065e+00;5.000e+01;5.000e+01
20.404020000;1.045e+00;-6.667e-01;5.820e-03;-6.381e-01;5.571e-03;1.046e+00;1.038e+00;-6.207e-01;4.515e-02;1.045e+00;-4.000e-01;3.492e-03;1.000e+01;-6.667e-01;0.000e+00;1.065e+00;5.000e+01;5.000e+01
20.405020000;1.045e+00;-6.667e-01;5.837e-03;-6.381e-01;5.587e-03;1.047e+00;1.038e+00;-6.207e-01;4.517e-02;1.045e+00;-4.000e-01;3.502e-03;1.000e+01;-6.667e-01;0.000e+00;1.065e+00;5.000e+01;5.000e+01
20.423020000;1.045e+00;-6.667e-01;6.137e-03;-6.381e-01;5.874e-03;1.047e+00;1.038e+00;-6.207e-01;4.545e-02;1.045e+00;-4.000e-01;3.682e-03;1.000e+01;-6.667e-01;0.000e+00;1.065e+00;5.000e+01;5.000e+01
20.424020000;1.045e+00;-6.667e-01;6.153e-03;-6.381e-01;5.890e-03;1.047e+00;1.038e+00;-6.206e-01;4.547e-02;1.045e+00;-4.000e-01;3.692e-03;1.000e+01;-6.667e-01;0.000e+00;1.065e+00;5.000e+01;5.000e+01
20.495020000;1.045e+00;-6.667e-01;7.348e-03;-6.381e-01;7.033e-03;1.047e+00;1.038e+00;-6.206e-01;4.661e-02;1.045e+00;-4.000e-01;4.409e-03;1.000e+01;-6.667e-01;0.000e+00;1.065e+00;5.000e+01;5.000e+01
20.496020000;1.045e+00;-6.667e-01;7.367e-03;-6.381e-01;7.051e-03;1.047e+00;1.038e+00;-6.205e-01;4.663e-02;1.045e+00;-4.000e-01;4.420e-03;1.000e+01;-6.667e-01;0.000e+00;1.065e+00;5.000e+01;5.000e+01
20.554020000;1.045e+00;-6.667e-01;8.353e-03;-6.381e-01;7.995e-03;1.047e+00;1.038e+00;-6.205e-01;4.757e-02;1.045e+00;-4.000e-01;5.012e-03;1.000e+01;-6.667e-01;0.000e+00;1.065e+00;5.000e+01;5.000e+01
20.555020000;1.045e+00;-6.667e-01;8.370e-03;-6.380e-01;8.010e-03;1.047e+00;1.038e+00;-6.205e-01;4.759e-02;1.045e+00;-4.000e-01;5.022e-03;1.000e+01;-6.667e-01;0.000e+00;1.065e+00;5.000e+01;5.000e+01
20.564020000;1.045e+00;-6.667e-01;8.525e-03;-6.380e-01;8.159e-03;1.047e+00;1.038e+00;-6.205e-01;4.774e-02;1.045e+00;-4.000e-01;5.115e-03;1.000e+01;-6.667e-01;0.000e+00;1.065e+00;5.000e+01;5.000e+01
20.565020000;1.045e+00;-6.667e-01;8.542e-03;-6.380e-01;8.175e-03;1.047e+00;1.038e+00;-6.204e-01;4.775e-02;1.045e+00;-4.000e-01;5.125e-03;1.000e+01;-6.667e-01;0.000e+00;1.065e+00;5.000e+01;5.000e+01
20.572020000;1.045e+00;-6.667e-01;8.662e-03;-6.380e-01;8.289e-03;1.047e+00;1.038e+00;-6.204e-01;4.787e-02;1.045e+00;-4.000e-01;5.197e-03;1.000e+01;-6.667e-01;0.000e+00;1.065e+00;5.000e+01;5.000e+01
20.573020000;1.045e+00;-6.667e-01;8.678e-03;-6.380e-01;8.305e-03;1.048e+00;1.038e+00;-6.204e-01;4.789e-02;1.045e+00;-4.000e-01;5.207e-03;1.000e+01;-6.667e-01;0.000e+00;1.065e+00;5.000e+01;5.000e+01
20.635020000;1.045e+00;-6.667e-01;9.745e-03;-6.380e-01;9.326e-03;1.048e+00;1.038e+00;-6.204e-01;4.891e-02;1.045e+00;-4.000e-01;5.847e-03;1.000e+01;-6.667e-01;0.000e+00;1.065e+00;5.000e+01;5.000e+01
20.636020000;1.045e+00;-6.667e-01;9.762e-03;-6.380e-01;9.342e-03;1.048e+00;1.038e+00;-6.203e-01;4.892e-02;1.045e+00;-4.000e-01;5.857e-03;1.000e+01;-6.667e-01;0.000e+00;1.065e+00;5.000e+01;5.000e+01
20.637020000;1.045e+00;-6.667e-01;9.778e-03;-6.380e-01;9.358e-03;1.048e+00;1.038e+00;-6.203e-01;4.894e-02;1.045e+00;-4.000e-01;5.867e-03;1.000e+01;-6.667e-01;0.000e+00;1.065e+00;5.000e+01;5.000e+01
20.661020000;1.045e+00;-6.667e-01;1.019e-02;-6.380e-01;9.755e-03;1.048e+00;1.038e+00;-6.203e-01;4.933e-02;1.045e+00;-4.000e-01;6.116e-03;1.000e+01;-6.667e-01;0.000e+00;1.065e+00;5.000e+01;5.000e+01
20.676020000;1.045e+00;-6.667e-01;1.045e-02;-6.380e-01;1.000e-02;1.048e+00;1.038e+00;-6.203e-01;4.958e-02;1.045e+00;-4.000e-01;6.272e-03;1.000e+01;-6.667e-01;0.000e+00;1.065e+00;5.000e+01;5.000e+01
20.705020000;1.045e+00;-6.667e-01;1.096e-02;-6.380e-01;1.048e-02;1.048e+00;1.038e+00;-6.203e-01;5.007e-02;1.045e+00;-4.000e-01;6.574e-03;1.000e+01;-6.667e-01;0.000e+00;1.065e+00;5.000e+01;5.000e+01
20.706020000;1.045e+00;-6.667e-01;1.097e-02;-6.380e-01;1.050e-02;1.048e+00;1.038e+00;-6.202e-01;5.008e-02;1.045e+00;-4.000e-01;6.584e-03;1.000e+01;-6.667e-01;0.000e+00;1.065e+00;5.000e+01;5.000e+01
20.724020000;1.045e+00;-6.667e-01;1.129e-02;-6.380e-01;1.080e-02;1.048e+00;1.038e+00;-6.202e-01;5.038e-02;1.045e+00;-4.000e-01;6.772e-03;1.000e+01;-6.667e-01;0.000e+00;1.065e+00;5.000e+01;5.000e+01
20.725020000;1.045e+00;-6.667e-01;1.131e-02;-6.379e-01;1.082e-02;1.048e+00;1.038e+00;-6.202e-01;5.040e-02;1.045e+00;-4.000e-01;6.783e-03;1.000e+01;-6.667e-01;0.000e+00;1.065e+00;5.000e+01;5.000e+01
20.737020000;1.045e+00;-6.667e-01;1.151e-02;-6.379e-01;1.102e-02;1.048e+00;1.038e+00;-6.202e-01;5.060e-02;1.045e+00;-4.000e-01;6.908e-03;1.000e+01;-6.667e-01;0.000e+00;1.065e+00;5.000e+01;5.000e+01
20.738020000;1.045e+00;-6.667e-01;1.153e-02;-6.379e-01;1.103e-02;1.049e+00;1.038e+00;-6.202e-01;5.061e-02;1.045e+00;-4.000e-01;6.918e-03;1.000e+01;-6.667e-01;0.000e+00;1.065e+00;5.000e+01;5.000e+01
20.741020000;1.045e+00;-6.667e-01;1.158e-02;-6.379e-01;1.108e-02;1.049e+00;1.038e+00;-6.202e-01;5.066e-02;1.045e+00;-4.000e-01;6.950e-03;1.000e+01;-6.667e-01;0.000e+00;1.065e+00;5.000e+01;5.000e+01
20.742020000;1.045e+00;-6.667e-01;1.160e-02;-6.379e-01;1.110e-02;1.049e+00;1.039e+00;-6.202e-01;5.068e-02;1.045e+00;-4.000e-01;6.960e-03;1.000e+01;-6.667e-01;0.000e+00;1.065e+00;5.000e+01;5.000e+01
20.774020000;1.045e+00;-6.667e-01;1.216e-02;-6.379e-01;1.163e-02;1.049e+00;1.039e+00;-6.202e-01;5.121e-02;1.045e+00;-4.000e-01;7.295e-03;1.000e+01;-6.667e-01;0.000e+00;1.065e+00;5.000e+01;5.000e+01
20.775020000;1.045e+00;-6.667e-01;1.218e-02;-6.379e-01;1.165e-02;1.049e+00;1.039e+00;-6.201e-01;5.123e-02;1.045e+00;-4.000e-01;7.305e-03;1.000e+01;-6.667e-01;0.000e+00;1.065e+00;5.000e+01;5.000e+01
20.844020000;1.045e+00;-6.667e-01;1.338e-02;-6.379e-01;1.280e-02;1.049e+00;1.039e+00;-6.201e-01;5.238e-02;1.045e+00;-4.000e-01;8.029e-03;1.000e+01;-6.667e-01;0.000e+00;1.065e+00;5.000e+01;5.000e+01
20.845020000;1.045e+00;-6.667e-01;1.340e-02;-6.379e-01;1.282e-02;1.049e+00;1.039e+00;-6.200e-01;5.240e-02;1.045e+00;-4.000e-01;8.039e-03;1.000e+01;-6.667e-01;0.000e+00;1.065e+00;5.000e+01;5.000e+01
20.898020000;1.045e+00;-6.667e-01;1.433e-02;-6.379e-01;1.371e-02;1.049e+00;1.039e+00;-6.200e-01;5.329e-02;1.045e+00;-4.000e-01;8.596e-03;1.000e+01;-6.667e-01;0.000e+00;1.065e+00;5.000e+01;5.000e+01
20.899020000;1.045e+00;-6.667e-01;1.435e-02;-6.378e-01;1.372e-02;1.049e+00;1.039e+00;-6.200e-01;5.330e-02;1.045e+00;-4.000e-01;8.607e-03;1.000e+01;-6.667e-01;0.000e+00;1.065e+00;5.000e+01;5.000e+01
20.900020000;1.045e+00;-6.667e-01;1.436e-02;-6.378e-01;1.374e-02;1.050e+00;1.039e+00;-6.200e-01;5.332e-02;1.045e+00;-4.000e-01;8.617e-03;1.000e+01;-6.667e-01;0.000e+00;1.065e+00;5.000e+01;5.000e+01
20.914020000;1.045e+00;-6.667e-01;1.461e-02;-6.378e-01;1.398e-02;1.050e+00;1.039e+00;-6.200e-01;5.356e-02;1.045e+00;-4.000e-01;8.765e-03;1.000e+01;-6.667e-01;0.000e+00;1.065e+00;5.000e+01;5.000e+01
20.915020000;1.045e+00;-6.667e-01;1.463e-02;-6.378e-01;1.399e-02;1.050e+00;1.039e+00;-6.199e-01;5.357e-02;1.045e+00;-4.000e-01;8.775e-03;1.000e+01;-6.667e-01;0.000e+00;1.065e+00;5.000e+01;5.000e+01
20.984020000;1.045e+00;-6.667e-01;1.584e-02;-6.378e-01;1.515e-02;1.050e+00;1.039e+00;-6.199e-01;5.473e-02;1.045e+00;-4.000e-01;9.501e-03;1.000e+01;-6.667e-01;0.000e+00;1.065e+00;5.000e+01;5.000e+01
20.985020000;1.045e+00;-6.667e-01;1.585e-02;-6.378e-01;1.517e-02;1.050e+00;1.039e+00;-6.198e-01;5.475e-02;1.045e+00;-4.000e-01;9.512e-03;1.000e+01;-6.667e-01;0.000e+00;1.065e+00;5.000e+01;5.000e+01
21.054020000;1.045e+00;-6.667e-01;1.706e-02;-6.378e-01;1.632e-02;1.050e+00;1.039e+00;-6.198e-01;5.590e-02;1.045e+00;-4.000e-01;1.024e-02;1.000e+01;-6.667e-01;0.000e+00;1.065e+00;5.000e+01;5.000e+01
21.055020000;1.045e+00;-6.667e-01;1.708e-02;-6.378e-01;1.634e-02;1.050e+00;1.039e+00;-6.197e-01;5.592e-02;1.045e+00;-4.000e-01;1.025e-02;1.000e+01;-6.667e-01;0.000e+00;1.065e+00;5.000e+01;5.000e+01
21.061020000;1.045e+00;-6.667e-01;1.719e-02;-6.378e-01;1.644e-02;1.050e+00;1.039e+00;-6.197e-01;5.602e-02;1.045e+00;-4.000e-01;1.031e-02;1.000e+01;-6.667e-01;0.000e+00;1.065e+00;5.000e+01;5.000e+01
21.062020000;1.045e+00;-6.667e-01;1.720e-02;-6.378e-01;1.646e-02;1.051e+00;1.039e+00;-6.197e-01;5.604e-02;1.045e+00;-4.000e-01;1.032e-02;1.000e+01;-6.667e-01;0.000e+00;1.065e+00;5.000e+01;5.000e+01
21.074020000;1.045e+00;-6.667e-01;1.741e-02;-6.378e-01;1.666e-02;1.051e+00;1.039e+00;-6.197e-01;5.624e-02;1.045e+00;-4.000e-01;1.045e-02;1.000e+01;-6.667e-01;0.000e+00;1.065e+00;5.000e+01;5.000e+01
21.075020000;1.045e+00;-6.667e-01;1.743e-02;-6.377e-01;1.668e-02;1.051e+00;1.039e+00;-6.197e-01;5.626e-02;1.045e+00;-4.000e-01;1.046e-02;1.000e+01;-6.667e-01;0.000e+00;1.065e+00;5.000e+01;5.000e+01
21.125020000;1.045e+00;-6.667e-01;1.831e-02;-6.377e-01;1.751e-02;1.051e+00;1.039e+00;-6.197e-01;5.709e-02;1.045e+00;-4.000e-01;1.098e-02;1.000e+01;-6.667e-01;0.000e+00;1.065e+00;5.000e+01;5.000e+01
21.126020000;1.045e+00;-6.667e-01;1.833e-02;-6.377e-01;1.753e-02;1.051e+00;1.039e+00;-6.196e-01;5.711e-02;1.045e+00;-4.000e-01;1.099e-02;1.000e+01;-6.667e-01;0.000e+00;1.065e+00;5.000e+01;5.000e+01
21.168020000;1.045e+00;-6.667e-01;1.906e-02;-6.377e-01;1.823e-02;1.051e+00;1.039e+00;-6.196e-01;5.781e-02;1.045e+00;-4.000e-01;1.144e-02;1.000e+01;-6.667e-01;0.000e+00;1.065e+00;5.000e+01;5.000e+01
21.169020000;1.045e+00;-6.667e-01;1.908e-02;-6.377e-01;1.825e-02;1.051e+00;1.040e+00;-6.196e-01;5.783e-02;1.045e+00;-4.000e-01;1.145e-02;1.000e+01;-6.667e-01;0.000e+00;1.065e+00;5.000e+01;5.000e+01
21.195020000;1.045e+00;-6.667e-01;1.953e-02;-6.377e-01;1.868e-02;1.051e+00;1.040e+00;-6.196e-01;5.826e-02;1.045e+00;-4.000e-01;1.172e-02;1.000e+01;-6.667e-01;0.000e+00;1.065e+00;5.000e+01;5.000e+01
21.196020000;1.045e+00;-6.667e-01;1.955e-02;-6.377e-01;1.870e-02;1.051e+00;1.040e+00;-6.195e-01;5.828e-02;1.045e+00;-4.000e-01;1.173e-02;1.000e+01;-6.667e-01;0.000e+00;1.065e+00;5.000e+01;5.000e+01
21.223020000;1.045e+00;-6.667e-01;2.002e-02;-6.377e-01;1.915e-02;1.051e+00;1.040e+00;-6.195e-01;5.873e-02;1.045e+00;-4.000e-01;1.201e-02;1.000e+01;-6.667e-01;0.000e+00;1.065e+00;5.000e+01;5.000e+01
21.224020000;1.045e+00;-6.667e-01;2.004e-02;-6.377e-01;1.916e-02;1.052e+00;1.040e+00;-6.195e-01;5.875e-02;1.045e+00;-4.000e-01;1.202e-02;1.000e+01;-6.667e-01;0.000e+00;1.065e+00;5.000e+01;5.000e+01
21.230020000;1.045e+00;-6.667e-01;2.014e-02;-6.377e-01;1.926e-02;1.052e+00;1.040e+00;-6.195e-01;5.885e-02;1.045e+00;-4.000e-01;1.208e-02;1.000e+01;-6.667e-01;0.000e+00;1.065e+00;5.000e+01;5.000e+01
21.233020000;1.045e+00;-6.667e-01;2.019e-02;-6.377e-01;1.931e-02;1.052e+00;1.040e+00;-6.195e-01;5.889e-02;1.045e+00;-4.000e-01;1.212e-02;1.000e+01;-6.667e-01;0.000e+00;1.065e+00;5.000e+01;5.000e+01
21.234020000;1.046e+00;-6.667e-01;2.021e-02;-6.377e-01;1.933e-02;1.052e+00;1.040e+00;-6.195e-01;5.891e-02;1.046e+00;-4.000e-01;1.213e-02;1.000e+01;-6.667e-01;0.000e+00;1.065e+00;5.000e+01;5.000e+01
21.252020000;1.046e+00;-6.667e-01;2.052e-02;-6.377e-01;1.963e-02;1.052e+00;1.040e+00;-6.195e-01;5.921e-02;1.046e+00;-4.000e-01;1.231e-02;1.000e+01;-6.667e-01;0.000e+00;1.065e+00;5.000e+01;5.000e+01
21.253020000;1.046e+00;-6.667e-01;2.054e-02;-6.376e-01;1.965e-02;1.052e+00;1.040e+00;-6.195e-01;5.923e-02;1.046e+00;-4.000e-01;1.232e-02;1.000e+01;-6.667e-01;0.000e+00;1.065e+00;5.000e+01;5.000e+01
21.254020000;1.046e+00;-6.667e-01;2.056e-02;-6.376e-01;1.966e-02;1.052e+00;1.040e+00;-6.195e-01;5.924e-02;1.046e+00;-4.000e-01;1.234e-02;1.000e+01;-6.667e-01;0.000e+00;1.065e+00;5.000e+01;5.000e+01
21.263020000;1.046e+00;-6.667e-01;2.072e-02;-6.376e-01;1.981e-02;1.052e+00;1.040e+00;-6.195e-01;5.939e-02;1.046e+00;-4.000e-01;1.243e-02;1.000e+01;-6.667e-01;0.000e+00;1.065e+00;5.000e+01;5.000e+01
21.266020000;1.046e+00;-6.667e-01;2.077e-02;-6.376e-01;1.986e-02;1.052e+00;1.040e+00;-6.195e-01;5.944e-02;1.046e+00;-4.000e-01;1.246e-02;1.000e+01;-6.667e-01;0.000e+00;1.065e+00;5.000e+01;5.000e+01
21.267020000;1.046e+00;-6.667e-01;2.078e-02;-6.376e-01;1.988e-02;1.052e+00;1.040e+00;-6.194e-01;5.946e-02;1.046e+00;-4.000e-01;1.247e-02;1.000e+01;-6.667e-01;0.000e+00;1.065e+00;5.000e+01;5.000e+01
21.277020000;1.046e+00;-6.667e-01;2.096e-02;-6.376e-01;2.005e-02;1.052e+00;1.040e+00;-6.194e-01;5.963e-02;1.046e+00;-4.000e-01;1.257e-02;1.000e+01;-6.667e-01;0.000e+00;1.065e+00;5.000e+01;5.000e+01
21.338020000;1.046e+00;-6.667e-01;2.201e-02;-6.376e-01;2.105e-02;1.052e+00;1.040e+00;-6.194e-01;6.064e-02;1.046e+00;-4.000e-01;1.321e-02;1.000e+01;-6.667e-01;0.000e+00;1.065e+00;5.000e+01;5.000e+01
21.339020000;1.046e+00;-6.667e-01;2.203e-02;-6.376e-01;2.107e-02;1.052e+00;1.040e+00;-6.193e-01;6.065e-02;1.046e+00;-4.000e-01;1.322e-02;1.000e+01;-6.667e-01;0.000e+00;1.065e+00;5.000e+01;5.000e+01
21.387020000;1.046e+00;-6.667e-01;2.286e-02;-6.376e-01;2.186e-02;1.052e+00;1.040e+00;-6.193e-01;6.144e-02;1.046e+00;-4.000e-01;1.371e-02;1.000e+01;-6.667e-01;0.000e+00;1.065e+00;5.000e+01;5.000e+01
21.388020000;1.046e+00;-6.667e-01;2.288e-02;-6.376e-01;2.188e-02;1.053e+00;1.040e+00;-6.193e-01;6.146e-02;1.046e+00;-4.000e-01;1.373e-02;1.000e+01;-6.667e-01;0.000e+00;1.065e+00;5.000e+01;5.000e+01
21.409020000;1.046e+00;-6.667e-01;2.324e-02;-6.376e-01;2.222e-02;1.053e+00;1.040e+00;-6.193e-01;6.180e-02;1.046e+00;-4.000e-01;1.394e-02;1.000e+01;-6.667e-01;0.000e+00;1.065e+00;5.000e+01;5.000e+01
21.410020000;1.046e+00;-6.667e-01;2.325e-02;-6.376e-01;2.224e-02;1.053e+00;1.040e+00;-6.192e-01;6.182e-02;1.046e+00;-4.000e-01;1.395e-02;1.000e+01;-6.667e-01;0.000e+00;1.065e+00;5.000e+01;5.000e+01
21.434020000;1.046e+00;-6.667e-01;2.367e-02;-6.376e-01;2.263e-02;1.053e+00;1.040e+00;-6.192e-01;6.221e-02;1.046e+00;-4.000e-01;1.420e-02;1.000e+01;-6.667e-01;0.000e+00;1.065e+00;5.000e+01;5.000e+01
21.435020000;1.046e+00;-6.667e-01;2.368e-02;-6.375e-01;2.265e-02;1.053e+00;1.040e+00;-6.192e-01;6.223e-02;1.046e+00;-4.000e-01;1.421e-02;1.000e+01;-6.667e-01;0.000e+00;1.065e+00;5.000e+01;5.000e+01
21.481020000;1.046e+00;-6.667e-01;2.447e-02;-6.375e-01;2.340e-02;1.053e+00;1.040e+00;-6.192e-01;6.298e-02;1.046e+00;-4.000e-01;1.468e-02;1.000e+01;-6.667e-01;0.000e+00;1.065e+00;5.000e+01;5.000e+01
21.482020000;1.046e+00;-6.667e-01;2.448e-02;-6.375e-01;2.341e-02;1.053e+00;1.040e+00;-6.191e-01;6.300e-02;1.046e+00;-4.000e-01;1.469e-02;1.000e+01;-6.667e-01;0.000e+00;1.065e+00;5.000e+01;5.000e+01
21.543020000;1.046e+00;-6.667e-01;2.552e-02;-6.375e-01;2.440e-02;1.053e+00;1.040e+00;-6.191e-01;6.399e-02;1.046e+00;-4.000e-01;1.531e-02;1.000e+01;-6.667e-01;0.000e+00;1.065e+00;5.000e+01;5.000e+01
21.545020000;1.046e+00;-6.667e-01;2.556e-02;-6.375e-01;2.444e-02;1.053e+00;1.040e+00;-6.191e-01;6.402e-02;1.046e+00;-4.000e-01;1.533e-02;1.000e+01;-6.667e-01;0.000e+00;1.065e+00;5.000e+01;5.000e+01
21.553020000;1.046e+00;-6.667e-01;2.569e-02;-6.375e-01;2.457e-02;1.053e+00;1.040e+00;-6.191e-01;6.415e-02;1.046e+00;-4.000e-01;1.541e-02;1.000e+01;-6.667e-01;0.000e+00;1.065e+00;5.000e+01;5.000e+01
21.554020000;1.046e+00;-6.667e-01;2.571e-02;-6.375e-01;2.458e-02;1.053e+00;1.040e+00;-6.191e-01;6.416e-02;1.046e+00;-4.000e-01;1.542e-02;1.000e+01;-6.667e-01;0.000e+00;1.065e+00;5.000e+01;5.000e+01
21.555020000;1.046e+00;-6.667e-01;2.572e-02;-6.375e-01;2.460e-02;1.054e+00;1.040e+00;-6.190e-01;6.418e-02;1.046e+00;-4.000e-01;1.543e-02;1.000e+01;-6.667e-01;0.000e+00;1.065e+00;5.000e+01;5.000e+01
21.560020000;1.046e+00;-6.667e-01;2.581e-02;-6.375e-01;2.468e-02;1.054e+00;1.040e+00;-6.190e-01;6.426e-02;1.046e+00;-4.000e-01;1.549e-02;1.000e+01;-6.667e-01;0.000e+00;1.065e+00;5.000e+01;5.000e+01
21.603020000;1.046e+00;-6.667e-01;2.653e-02;-6.375e-01;2.537e-02;1.054e+00;1.040e+00;-6.190e-01;6.495e-02;1.046e+00;-4.000e-01;1.592e-02;1.000e+01;-6.667e-01;0.000e+00;1.065e+00;5.000e+01;5.000e+01
21.604020000;1.046e+00;-6.667e-01;2.655e-02;-6.375e-01;2.538e-02;1.054e+00;1.041e+00;-6.190e-01;6.497e-02;1.046e+00;-4.000e-01;1.593e-02;1.000e+01;-6.667e-01;0.000e+00;1.065e+00;5.000e+01;5.000e+01
21.620020000;1.046e+00;-6.667e-01;2.682e-02;-6.375e-01;2.564e-02;1.054e+00;1.041e+00;-6.190e-01;6.522e-02;1.046e+00;-4.000e-01;1.609e-02;1.000e+01;-6.667e-01;0.000e+00;1.065e+00;5.000e+01;5.000e+01
21.621020000;1.046e+00;-6.667e-01;2.683e-02;-6.374e-01;2.566e-02;1.054e+00;1.041e+00;-6.190e-01;6.524e-02;1.046e+00;-4.000e-01;1.610e-02;1.000e+01;-6.667e-01;0.000e+00;1.065e+00;5.000e+01;5.000e+01
21.628020000;1.046e+00;-6.667e-01;2.695e-02;-6.374e-01;2.577e-02;1.054e+00;1.041e+00;-6.190e-01;6.535e-02;1.046e+00;-4.000e-01;1.617e-02;1.000e+01;-6.667e-01;0.000e+00;1.065e+00;5.000e+01;5.000e+01
21.629020000;1.046e+00;-6.667e-01;2.697e-02;-6.374e-01;2.578e-02;1.054e+00;1.041e+00;-6.189e-01;6.537e-02;1.046e+00;-4.000e-01;1.618e-02;1.000e+01;-6.667e-01;0.000e+00;1.065e+00;5.000e+01;5.000e+01
21.703020000;1.046e+00;-6.667e-01;2.820e-02;-6.374e-01;2.696e-02;1.054e+00;1.041e+00;-6.189e-01;6.654e-02;1.046e+00;-4.000e-01;1.692e-02;1.000e+01;-6.667e-01;0.000e+00;1.065e+00;5.000e+01;5.000e+01
21.704020000;1.046e+00;-6.667e-01;2.821e-02;-6.374e-01;2.697e-02;1.054e+00;1.041e+00;-6.188e-01;6.656e-02;1.046e+00;-4.000e-01;1.693e-02;1.000e+01;-6.667e-01;0.000e+00;1.065e+00;5.000e+01;5.000e+01
21.724020000;1.046e+00;-6.667e-01;2.854e-02;-6.374e-01;2.729e-02;1.054e+00;1.041e+00;-6.188e-01;6.687e-02;1.046e+00;-4.000e-01;1.713e-02;1.000e+01;-6.667e-01;0.000e+00;1.065e+00;5.000e+01;5.000e+01
21.725020000;1.046e+00;-6.667e-01;2.856e-02;-6.374e-01;2.731e-02;1.055e+00;1.041e+00;-6.188e-01;6.689e-02;1.046e+00;-4.000e-01;1.714e-02;1.000e+01;-6.667e-01;0.000e+00;1.065e+00;5.000e+01;5.000e+01
21.779020000;1.046e+00;-6.667e-01;2.944e-02;-6.374e-01;2.815e-02;1.055e+00;1.041e+00;-6.188e-01;6.773e-02;1.046e+00;-4.000e-01;1.767e-02;1.000e+01;-6.667e-01;0.000e+00;1.065e+00;5.000e+01;5.000e+01
21.780020000;1.046e+00;-6.667e-01;2.946e-02;-6.374e-01;2.817e-02;1.055e+00;1.041e+00;-6.187e-01;6.775e-02;1.046e+00;-4.000e-01;1.768e-02;1.000e+01;-6.667e-01;0.000e+00;1.065e+00;5.000e+01;5.000e+01
21.810020000;1.046e+00;-6.667e-01;2.995e-02;-6.374e-01;2.863e-02;1.055e+00;1.041e+00;-6.187e-01;6.821e-02;1.046e+00;-4.000e-01;1.797e-02;1.000e+01;-6.667e-01;0.000e+00;1.065e+00;5.000e+01;5.000e+01
21.811020000;1.046e+00;-6.667e-01;2.996e-02;-6.373e-01;2.865e-02;1.055e+00;1.041e+00;-6.187e-01;6.823e-02;1.046e+00;-4.000e-01;1.798e-02;1.000e+01;-6.667e-01;0.000e+00;1.065e+00;5.000e+01;5.000e+01
21.845020000;1.046e+00;-6.667e-01;3.052e-02;-6.373e-01;2.917e-02;1.055e+00;1.041e+00;-6.187e-01;6.876e-02;1.046e+00;-4.000e-01;1.831e-02;1.000e+01;-6.667e-01;0.000e+00;1.065e+00;5.000e+01;5.000e+01
21.853020000;1.046e+00;-6.667e-01;3.065e-02;-6.373e-01;2.930e-02;1.055e+00;1.041e+00;-6.187e-01;6.888e-02;1.046e+00;-4.000e-01;1.839e-02;1.000e+01;-6.667e-01;0.000e+00;1.065e+00;5.000e+01;5.000e+01
21.855020000;1.046e+00;-6.667e-01;3.068e-02;-6.373e-01;2.933e-02;1.055e+00;1.041e+00;-6.187e-01;6.891e-02;1.046e+00;-4.000e-01;1.841e-02;1.000e+01;-6.667e-01;0.000e+00;1.065e+00;5.000e+01;5.000e+01
21.856020000;1.046e+00;-6.667e-01;3.069e-02;-6.373e-01;2.934e-02;1.055e+00;1.041e+00;-6.186e-01;6.892e-02;1.046e+00;-4.000e-01;1.842e-02;1.000e+01;-6.667e-01;0.000e+00;1.065e+00;5.000e+01;5.000e+01
21.857020000;1.046e+00;-6.667e-01;3.071e-02;-6.373e-01;2.936e-02;1.055e+00;1.041e+00;-6.186e-01;6.894e-02;1.046e+00;-4.000e-01;1.843e-02;1.000e+01;-6.667e-01;0.000e+00;1.065e+00;5.000e+01;5.000e+01
21.899020000;1.046e+00;-6.667e-01;3.138e-02;-6.373e-01;3.000e-02;1.055e+00;1.041e+00;-6.186e-01;6.958e-02;1.046e+00;-4.000e-01;1.883e-02;1.000e+01;-6.667e-01;0.000e+00;1.065e+00;5.000e+01;5.000e+01
21.900020000;1.046e+00;-6.667e-01;3.140e-02;-6.373e-01;3.002e-02;1.056e+00;1.041e+00;-6.186e-01;6.960e-02;1.046e+00;-4.000e-01;1.884e-02;1.000e+01;-6.667e-01;0.000e+00;1.065e+00;5.000e+01;5.000e+01
21.933020000;1.046e+00;-6.667e-01;3.192e-02;-6.373e-01;3.052e-02;1.056e+00;1.041e+00;-6.186e-01;7.010e-02;1.046e+00;-4.000e-01;1.915e-02;1.000e+01;-6.667e-01;0.000e+00;1.065e+00;5.000e+01;5.000e+01
21.934020000;1.046e+00;-6.667e-01;3.194e-02;-6.373e-01;3.053e-02;1.056e+00;1.041e+00;-6.185e-01;7.011e-02;1.046e+00;-4.000e-01;1.916e-02;1.000e+01;-6.667e-01;0.000e+00;1.065e+00;5.000e+01;5.000e+01
22.008020000;1.046e+00;-6.667e-01;3.310e-02;-6.373e-01;3.164e-02;1.056e+00;1.041e+00;-6.185e-01;7.122e-02;1.046e+00;-4.000e-01;1.986e-02;1.000e+01;-6.667e-01;0.000e+00;1.065e+00;5.000e+01;5.000e+01
22.009020000;1.046e+00;-6.667e-01;3.312e-02;-6.372e-01;3.166e-02;1.056e+00;1.041e+00;-6.185e-01;7.124e-02;1.046e+00;-4.000e-01;1.987e-02;1.000e+01;-6.667e-01;0.000e+00;1.065e+00;5.000e+01;5.000e+01
22.010020000;1.046e+00;-6.667e-01;3.313e-02;-6.372e-01;3.167e-02;1.056e+00;1.041e+00;-6.185e-01;7.125e-02;1.046e+00;-4.000e-01;1.988e-02;1.000e+01;-6.667e-01;0.000e+00;1.065e+00;5.000e+01;5.000e+01
22.011020000;1.046e+00;-6.667e-01;3.315e-02;-6.372e-01;3.169e-02;1.056e+00;1.041e+00;-6.184e-01;7.127e-02;1.046e+00;-4.000e-01;1.989e-02;1.000e+01;-6.667e-01;0.000e+00;1.065e+00;5.000e+01;5.000e+01
22.067020000;1.046e+00;-6.667e-01;3.402e-02;-6.372e-01;3.252e-02;1.056e+00;1.041e+00;-6.184e-01;7.210e-02;1.046e+00;-4.000e-01;2.041e-02;1.000e+01;-6.667e-01;0.000e+00;1.065e+00;5.000e+01;5.000e+01
22.068020000;1.046e+00;-6.667e-01;3.403e-02;-6.372e-01;3.253e-02;1.056e+00;1.042e+00;-6.184e-01;7.211e-02;1.046e+00;-4.000e-01;2.042e-02;1.000e+01;-6.667e-01;0.000e+00;1.065e+00;5.000e+01;5.000e+01
22.080020000;1.046e+00;-6.667e-01;3.422e-02;-6.372e-01;3.271e-02;1.056e+00;1.042e+00;-6.184e-01;7.229e-02;1.046e+00;-4.000e-01;2.053e-02;1.000e+01;-6.667e-01;0.000e+00;1.065e+00;5.000e+01;5.000e+01
22.081020000;1.046e+00;-6.667e-01;3.423e-02;-6.372e-01;3.272e-02;1.057e+00;1.042e+00;-6.184e-01;7.230e-02;1.046e+00;-4.000e-01;2.054e-02;1.000e+01;-6.667e-01;0.000e+00;1.065e+00;5.000e+01;5.000e+01
22.091020000;1.046e+00;-6.667e-01;3.439e-02;-6.372e-01;3.287e-02;1.057e+00;1.042e+00;-6.184e-01;7.245e-02;1.046e+00;-4.000e-01;2.063e-02;1.000e+01;-6.667e-01;0.000e+00;1.065e+00;5.000e+01;5.000e+01
22.092020000;1.046e+00;-6.667e-01;3.440e-02;-6.372e-01;3.288e-02;1.057e+00;1.042e+00;-6.183e-01;7.246e-02;1.046e+00;-4.000e-01;2.064e-02;1.000e+01;-6.667e-01;0.000e+00;1.065e+00;5.000e+01;5.000e+01
22.111020000;1.046e+00;-6.667e-01;3.469e-02;-6.372e-01;3.316e-02;1.057e+00;1.042e+00;-6.183e-01;7.274e-02;1.046e+00;-4.000e-01;2.082e-02;1.000e+01;-6.667e-01;0.000e+00;1.065e+00;5.000e+01;5.000e+01
22.114020000;1.046e+00;-6.667e-01;3.474e-02;-6.372e-01;3.320e-02;1.057e+00;1.042e+00;-6.183e-01;7.279e-02;1.046e+00;-4.000e-01;2.084e-02;1.000e+01;-6.667e-01;0.000e+00;1.065e+00;5.000e+01;5.000e+01
22.121020000;1.046e+00;-6.667e-01;3.485e-02;-6.372e-01;3.330e-02;1.057e+00;1.042e+00;-6.183e-01;7.289e-02;1.046e+00;-4.000e-01;2.091e-02;1.000e+01;-6.667e-01;0.000e+00;1.065e+00;5.000e+01;5.000e+01
22.139020000;1.046e+00;-6.667e-01;3.512e-02;-6.372e-01;3.357e-02;1.057e+00;1.042e+00;-6.183e-01;7.315e-02;1.046e+00;-4.000e-01;2.107e-02;1.000e+01;-6.667e-01;0.000e+00;1.065e+00;5.000e+01;5.000e+01
22.173020000;1.046e+00;-6.667e-01;3.563e-02;-6.372e-01;3.405e-02;1.057e+00;1.042e+00;-6.183e-01;7.364e-02;1.046e+00;-4.000e-01;2.138e-02;1.000e+01;-6.667e-01;0.000e+00;1.065e+00;5.000e+01;5.000e+01
22.174020000;1.046e+00;-6.667e-01;3.565e-02;-6.372e-01;3.407e-02;1.057e+00;1.042e+00;-6.182e-01;7.365e-02;1.046e+00;-4.000e-01;2.139e-02;1.000e+01;-6.667e-01;0.000e+00;1.065e+00;5.000e+01;5.000e+01
22.211020000;1.046e+00;-6.667e-01;3.620e-02;-6.372e-01;3.460e-02;1.057e+00;1.042e+00;-6.182e-01;7.418e-02;1.046e+00;-4.000e-01;2.172e-02;1.000e+01;-6.667e-01;0.000e+00;1.065e+00;5.000e+01;5.000e+01
22.212020000;1.046e+00;-6.667e-01;3.621e-02;-6.371e-01;3.461e-02;1.057e+00;1.042e+00;-6.182e-01;7.419e-02;1.046e+00;-4.000e-01;2.173e-02;1.000e+01;-6.667e-01;0.000e+00;1.065e+00;5.000e+01;5.000e+01
22.256020000;1.046e+00;-6.667e-01;3.687e-02;-6.371e-01;3.523e-02;1.057e+00;1.042e+00;-6.182e-01;7.482e-02;1.046e+00;-4.000e-01;2.212e-02;1.000e+01;-6.667e-01;0.000e+00;1.065e+00;5.000e+01;5.000e+01
22.257020000;1.046e+00;-6.667e-01;3.688e-02;-6.371e-01;3.525e-02;1.057e+00;1.042e+00;-6.181e-01;7.483e-02;1.046e+00;-4.000e-01;2.213e-02;1.000e+01;-6.667e-01;0.000e+00;1.065e+00;5.000e+01;5.000e+01
22.269020000;1.046e+00;-6.667e-01;3.705e-02;-6.371e-01;3.541e-02;1.057e+00;1.042e+00;-6.181e-01;7.500e-02;1.046e+00;-4.000e-01;2.223e-02;1.000e+01;-6.667e-01;0.000e+00;1.065e+00;5.000e+01;5.000e+01
22.270020000;1.046e+00;-6.667e-01;3.707e-02;-6.371e-01;3.543e-02;1.058e+00;1.042e+00;-6.181e-01;7.501e-02;1.046e+00;-4.000e-01;2.224e-02;1.000e+01;-6.667e-01;0.000e+00;1.065e+00;5.000e+01;5.000e+01
22.342020000;1.046e+00;-6.667e-01;3.812e-02;-6.371e-01;3.642e-02;1.058e+00;1.042e+00;-6.181e-01;7.601e-02;1.046e+00;-4.000e-01;2.287e-02;1.000e+01;-6.667e-01;0.000e+00;1.065e+00;5.000e+01;5.000e+01
22.343020000;1.046e+00;-6.667e-01;3.813e-02;-6.371e-01;3.644e-02;1.058e+00;1.042e+00;-6.180e-01;7.602e-02;1.046e+00;-4.000e-01;2.288e-02;1.000e+01;-6.667e-01;0.000e+00;1.065e+00;5.000e+01;5.000e+01
22.391020000;1.046e+00;-6.667e-01;3.882e-02;-6.371e-01;3.709e-02;1.058e+00;1.042e+00;-6.180e-01;7.668e-02;1.046e+00;-4.000e-01;2.329e-02;1.000e+01;-6.667e-01;0.000e+00;1.065e+00;5.000e+01;5.000e+01
22.407020000;1.046e+00;-6.667e-01;3.904e-02;-6.371e-01;3.731e-02;1.058e+00;1.042e+00;-6.180e-01;7.689e-02;1.046e+00;-4.000e-01;2.343e-02;1.000e+01;-6.667e-01;0.000e+00;1.065e+00;5.000e+01;5.000e+01
22.417020000;1.046e+00;-6.667e-01;3.918e-02;-6.371e-01;3.744e-02;1.058e+00;1.042e+00;-6.180e-01;7.703e-02;1.046e+00;-4.000e-01;2.351e-02;1.000e+01;-6.667e-01;0.000e+00;1.065e+00;5.000e+01;5.000e+01
22.421020000;1.046e+00;-6.667e-01;3.924e-02;-6.371e-01;3.750e-02;1.058e+00;1.042e+00;-6.180e-01;7.708e-02;1.046e+00;-4.000e-01;2.354e-02;1.000e+01;-6.667e-01;0.000e+00;1.065e+00;5.000e+01;5.000e+01
22.429020000;1.046e+00;-6.667e-01;3.935e-02;-6.371e-01;3.760e-02;1.058e+00;1.042e+00;-6.180e-01;7.719e-02;1.046e+00;-4.000e-01;2.361e-02;1.000e+01;-6.667e-01;0.000e+00;1.065e+00;5.000e+01;5.000e+01
22.430020000;1.046e+00;-6.667e-01;3.937e-02;-6.371e-01;3.762e-02;1.058e+00;1.042e+00;-6.179e-01;7.720e-02;1.046e+00;-4.000e-01;2.362e-02;1.000e+01;-6.667e-01;0.000e+00;1.065e+00;5.000e+01;5.000e+01
22.431020000;1.046e+00;-6.667e-01;3.938e-02;-6.370e-01;3.763e-02;1.058e+00;1.042e+00;-6.179e-01;7.721e-02;1.046e+00;-4.000e-01;2.363e-02;1.000e+01;-6.667e-01;0.000e+00;1.065e+00;5.000e+01;5.000e+01
22.432020000;1.046e+00;-6.667e-01;3.939e-02;-6.370e-01;3.764e-02;1.058e+00;1.042e+00;-6.179e-01;7.723e-02;1.046e+00;-4.000e-01;2.363e-02;1.000e+01;-6.667e-01;0.000e+00;1.065e+00;5.000e+01;5.000e+01
22.433020000;1.047e+00;-6.667e-01;3.941e-02;-6.370e-01;3.766e-02;1.058e+00;1.042e+00;-6.179e-01;7.724e-02;1.047e+00;-4.000e-01;2.364e-02;1.000e+01;-6.667e-01;0.000e+00;1.065e+00;5.000e+01;5.000e+01
22.469020000;1.047e+00;-6.667e-01;3.991e-02;-6.370e-01;3.813e-02;1.058e+00;1.042e+00;-6.179e-01;7.772e-02;1.047e+00;-4.000e-01;2.395e-02;1.000e+01;-6.667e-01;0.000e+00;1.065e+00;5.000e+01;5.000e+01
22.470020000;1.047e+00;-6.667e-01;3.992e-02;-6.370e-01;3.815e-02;1.059e+00;1.042e+00;-6.179e-01;7.773e-02;1.047e+00;-4.000e-01;2.395e-02;1.000e+01;-6.667e-01;0.000e+00;1.065e+00;5.000e+01;5.000e+01
22.517020000;1.047e+00;-6.667e-01;4.057e-02;-6.370e-01;3.876e-02;1.059e+00;1.042e+00;-6.179e-01;7.835e-02;1.047e+00;-4.000e-01;2.434e-02;1.000e+01;-6.667e-01;0.000e+00;1.065e+00;5.000e+01;5.000e+01
22.518020000;1.047e+00;-6.667e-01;4.058e-02;-6.370e-01;3.878e-02;1.059e+00;1.042e+00;-6.178e-01;7.836e-02;1.047e+00;-4.000e-01;2.435e-02;1.000e+01;-6.667e-01;0.000e+00;1.065e+00;5.000e+01;5.000e+01
22.587020000;1.047e+00;-6.667e-01;4.151e-02;-6.370e-01;3.966e-02;1.059e+00;1.042e+00;-6.178e-01;7.925e-02;1.047e+00;-4.000e-01;2.491e-02;1.000e+01;-6.667e-01;0.000e+00;1.065e+00;5.000e+01;5.000e+01
22.588020000;1.047e+00;-6.667e-01;4.153e-02;-6.370e-01;3.968e-02;1.059e+00;1.043e+00;-6.178e-01;7.926e-02;1.047e+00;-4.000e-01;2.492e-02;1.000e+01;-6.667e-01;0.000e+00;1.065e+00;5.000e+01;5.000e+01
22.610020000;1.047e+00;-6.667e-01;4.182e-02;-6.370e-01;3.996e-02;1.059e+00;1.043e+00;-6.178e-01;7.954e-02;1.047e+00;-4.000e-01;2.509e-02;1.000e+01;-6.667e-01;0.000e+00;1.065e+00;5.000e+01;5.000e+01
22.611020000;1.047e+00;-6.667e-01;4.183e-02;-6.370e-01;3.997e-02;1.059e+00;1.043e+00;-6.177e-01;7.955e-02;1.047e+00;-4.000e-01;2.510e-02;1.000e+01;-6.667e-01;0.000e+00;1.065e+00;5.000e+01;5.000e+01
22.663020000;1.047e+00;-6.667e-01;4.252e-02;-6.370e-01;4.062e-02;1.059e+00;1.043e+00;-6.177e-01;8.021e-02;1.047e+00;-4.000e-01;2.551e-02;1.000e+01;-6.667e-01;0.000e+00;1.065e+00;5.000e+01;5.000e+01
22.664020000;1.047e+00;-6.667e-01;4.253e-02;-6.369e-01;4.063e-02;1.059e+00;1.043e+00;-6.177e-01;8.022e-02;1.047e+00;-4.000e-01;2.552e-02;1.000e+01;-6.667e-01;0.000e+00;1.065e+00;5.000e+01;5.000e+01
22.669020000;1.047e+00;-6.667e-01;4.260e-02;-6.369e-01;4.070e-02;1.059e+00;1.043e+00;-6.177e-01;8.028e-02;1.047e+00;-4.000e-01;2.556e-02;1.000e+01;-6.667e-01;0.000e+00;1.065e+00;5.000e+01;5.000e+01
22.674020000;1.047e+00;-6.667e-01;4.266e-02;-6.369e-01;4.076e-02;1.059e+00;1.043e+00;-6.177e-01;8.034e-02;1.047e+00;-4.000e-01;2.560e-02;1.000e+01;-6.667e-01;0.000e+00;1.065e+00;5.000e+01;5.000e+01
22.680020000;1.047e+00;-6.667e-01;4.274e-02;-6.369e-01;4.083e-02;1.059e+00;1.043e+00;-6.177e-01;8.042e-02;1.047e+00;-4.000e-01;2.564e-02;1.000e+01;-6.667e-01;0.000e+00;1.065e+00;5.000e+01;5.000e+01
22.681020000;1.047e+00;-6.667e-01;4.275e-02;-6.369e-01;4.084e-02;1.060e+00;1.043e+00;-6.177e-01;8.043e-02;1.047e+00;-4.000e-01;2.565e-02;1.000e+01;-6.667e-01;0.000e+00;1.065e+00;5.000e+01;5.000e+01
22.705020000;1.047e+00;-6.667e-01;4.306e-02;-6.369e-01;4.114e-02;1.060e+00;1.043e+00;-6.177e-01;8.072e-02;1.047e+00;-4.000e-01;2.584e-02;1.000e+01;-6.667e-01;0.000e+00;1.065e+00;5.000e+01;5.000e+01
22.706020000;1.047e+00;-6.667e-01;4.307e-02;-6.369e-01;4.115e-02;1.060e+00;1.043e+00;-6.176e-01;8.074e-02;1.047e+00;-4.000e-01;2.584e-02;1.000e+01;-6.667e-01;0.000e+00;1.065e+00;5.000e+01;5.000e+01
22.717020000;1.047e+00;-6.667e-01;4.321e-02;-6.369e-01;4.129e-02;1.060e+00;1.043e+00;-6.176e-01;8.087e-02;1.047e+00;-4.000e-01;2.593e-02;1.000e+01;-6.667e-01;0.000e+00;1.065e+00;5.000e+01;5.000e+01
22.719020000;1.047e+00;-6.667e-01;4.324e-02;-6.369e-01;4.131e-02;1.060e+00;1.043e+00;-6.176e-01;8.090e-02;1.047e+00;-4.000e-01;2.594e-02;1.000e+01;-6.667e-01;0.000e+00;1.065e+00;5.000e+01;5.000e+01
22.802020000;1.047e+00;-6.667e-01;4.429e-02;-6.369e-01;4.231e-02;1.060e+00;1.043e+00;-6.176e-01;8.189e-02;1.047e+00;-4.000e-01;2.657e-02;1.000e+01;-6.667e-01;0.000e+00;1.065e+00;5.000e+01;5.000e+01
22.803020000;1.047e+00;-6.667e-01;4.430e-02;-6.369e-01;4.232e-02;1.060e+00;1.043e+00;-6.175e-01;8.190e-02;1.047e+00;-4.000e-01;2.658e-02;1.000e+01;-6.667e-01;0.000e+00;1.065e+00;5.000e+01;5.000e+01
22.904020000;1.047e+00;-6.667e-01;4.553e-02;-6.369e-01;4.349e-02;1.060e+00;1.043e+00;-6.175e-01;8.308e-02;1.047e+00;-4.000e-01;2.732e-02;1.000e+01;-6.667e-01;0.000e+00;1.065e+00;5.000e+01;5.000e+01
22.905020000;1.047e+00;-6.667e-01;4.554e-02;-6.369e-01;4.350e-02;1.060e+00;1.043e+00;-6.174e-01;8.309e-02;1.047e+00;-4.000e-01;2.732e-02;1.000e+01;-6.667e-01;0.000e+00;1.065e+00;5.000e+01;5.000e+01
22.909020000;1.047e+00;-6.667e-01;4.559e-02;-6.369e-01;4.355e-02;1.060e+00;1.043e+00;-6.174e-01;8.313e-02;1.047e+00;-4.000e-01;2.735e-02;1.000e+01;-6.667e-01;0.000e+00;1.065e+00;5.000e+01;5.000e+01
22.910020000;1.047e+00;-6.667e-01;4.560e-02;-6.369e-01;4.356e-02;1.061e+00;1.043e+00;-6.174e-01;8.314e-02;1.047e+00;-4.000e-01;2.736e-02;1.000e+01;-6.667e-01;0.000e+00;1.065e+00;5.000e+01;5.000e+01
22.915020000;1.047e+00;-6.667e-01;4.566e-02;-6.369e-01;4.362e-02;1.061e+00;1.043e+00;-6.174e-01;8.320e-02;1.047e+00;-4.000e-01;2.739e-02;1.000e+01;-6.667e-01;0.000e+00;1.065e+00;5.000e+01;5.000e+01
22.916020000;1.047e+00;-6.667e-01;4.567e-02;-6.368e-01;4.363e-02;1.061e+00;1.043e+00;-6.174e-01;8.321e-02;1.047e+00;-4.000e-01;2.740e-02;1.000e+01;-6.667e-01;0.000e+00;1.065e+00;5.000e+01;5.000e+01
22.940020000;1.047e+00;-6.667e-01;4.596e-02;-6.368e-01;4.390e-02;1.061e+00;1.043e+00;-6.174e-01;8.348e-02;1.047e+00;-4.000e-01;2.757e-02;1.000e+01;-6.667e-01;0.000e+00;1.065e+00;5.000e+01;5.000e+01
22.946020000;1.047e+00;-6.667e-01;4.603e-02;-6.368e-01;4.397e-02;1.061e+00;1.043e+00;-6.174e-01;8.355e-02;1.047e+00;-4.000e-01;2.762e-02;1.000e+01;-6.667e-01;0.000e+00;1.065e+00;5.000e+01;5.000e+01
22.976020000;1.047e+00;-6.667e-01;4.637e-02;-6.368e-01;4.430e-02;1.061e+00;1.043e+00;-6.174e-01;8.389e-02;1.047e+00;-4.000e-01;2.782e-02;1.000e+01;-6.667e-01;0.000e+00;1.065e+00;5.000e+01;5.000e+01
23.001020000;1.047e+00;-6.667e-01;4.666e-02;-6.368e-01;4.458e-02;1.061e+00;1.043e+00;-6.174e-01;8.416e-02;1.047e+00;-4.000e-01;2.800e-02;1.000e+01;-6.667e-01;0.000e+00;1.065e+00;5.000e+01;5.000e+01
23.011020000;1.047e+00;-6.667e-01;4.678e-02;-6.368e-01;4.468e-02;1.061e+00;1.043e+00;-6.174e-01;8.427e-02;1.047e+00;-4.000e-01;2.807e-02;1.000e+01;-6.667e-01;0.000e+00;1.065e+00;5.000e+01;5.000e+01
23.012020000;1.047e+00;-6.667e-01;4.679e-02;-6.368e-01;4.470e-02;1.061e+00;1.043e+00;-6.173e-01;8.428e-02;1.047e+00;-4.000e-01;2.807e-02;1.000e+01;-6.667e-01;0.000e+00;1.065e+00;5.000e+01;5.000e+01
23.120020000;1.047e+00;-6.667e-01;4.800e-02;-6.368e-01;4.585e-02;1.061e+00;1.043e+00;-6.173e-01;8.543e-02;1.047e+00;-4.000e-01;2.880e-02;1.000e+01;-6.667e-01;0.000e+00;1.065e+00;5.000e+01;5.000e+01
23.121020000;1.047e+00;-6.667e-01;4.801e-02;-6.368e-01;4.586e-02;1.061e+00;1.043e+00;-6.172e-01;8.544e-02;1.047e+00;-4.000e-01;2.881e-02;1.000e+01;-6.667e-01;0.000e+00;1.065e+00;5.000e+01;5.000e+01
23.159020000;1.047e+00;-6.667e-01;4.843e-02;-6.368e-01;4.625e-02;1.061e+00;1.043e+00;-6.172e-01;8.584e-02;1.047e+00;-4.000e-01;2.906e-02;1.000e+01;-6.667e-01;0.000e+00;1.065e+00;5.000e+01;5.000e+01
23.160020000;1.047e+00;-6.667e-01;4.844e-02;-6.368e-01;4.626e-02;1.062e+00;1.043e+00;-6.172e-01;8.585e-02;1.047e+00;-4.000e-01;2.906e-02;1.000e+01;-6.667e-01;0.000e+00;1.065e+00;5.000e+01;5.000e+01
23.192020000;1.047e+00;-6.667e-01;4.878e-02;-6.368e-01;4.659e-02;1.062e+00;1.043e+00;-6.172e-01;8.618e-02;1.047e+00;-4.000e-01;2.927e-02;1.000e+01;-6.667e-01;0.000e+00;1.065e+00;5.000e+01;5.000e+01
23.193020000;1.047e+00;-6.667e-01;4.879e-02;-6.367e-01;4.660e-02;1.062e+00;1.043e+00;-6.172e-01;8.619e-02;1.047e+00;-4.000e-01;2.927e-02;1.000e+01;-6.667e-01;0.000e+00;1.065e+00;5.000e+01;5.000e+01
23.212020000;1.047e+00;-6.667e-01;4.899e-02;-6.367e-01;4.679e-02;1.062e+00;1.043e+00;-6.172e-01;8.638e-02;1.047e+00;-4.000e-01;2.940e-02;1.000e+01;-6.667e-01;0.000e+00;1.065e+00;5.000e+01;5.000e+01
23.213020000;1.047e+00;-6.667e-01;4.900e-02;-6.367e-01;4.680e-02;1.062e+00;1.043e+00;-6.172e-01;8.639e-02;1.047e+00;-4.000e-01;2.940e-02;1.000e+01;-6.667e-01;0.000e+00;1.065e+00;5.000e+01;5.000e+01
23.214020000;1.047e+00;-6.667e-01;4.901e-02;-6.367e-01;4.681e-02;1.062e+00;1.044e+00;-6.172e-01;8.640e-02;1.047e+00;-4.000e-01;2.941e-02;1.000e+01;-6.667e-01;0.000e+00;1.065e+00;5.000e+01;5.000e+01
23.219020000;1.047e+00;-6.667e-01;4.907e-02;-6.367e-01;4.686e-02;1.062e+00;1.044e+00;-6.172e-01;8.645e-02;1.047e+00;-4.000e-01;2.944e-02;1.000e+01;-6.667e-01;0.000e+00;1.065e+00;5.000e+01;5.000e+01
23.237020000;1.047e+00;-6.667e-01;4.925e-02;-6.367e-01;4.704e-02;1.062e+00;1.044e+00;-6.172e-01;8.663e-02;1.047e+00;-4.000e-01;2.955e-02;1.000e+01;-6.667e-01;0.000e+00;1.065e+00;5.000e+01;5.000e+01
23.238020000;1.047e+00;-6.667e-01;4.926e-02;-6.367e-01;4.705e-02;1.062e+00;1.044e+00;-6.171e-01;8.664e-02;1.047e+00;-4.000e-01;2.956e-02;1.000e+01;-6.667e-01;0.000e+00;1.065e+00;5.000e+01;5.000e+01
23.256020000;1.047e+00;-6.667e-01;4.945e-02;-6.367e-01;4.723e-02;1.062e+00;1.044e+00;-6.171e-01;8.682e-02;1.047e+00;-4.000e-01;2.967e-02;1.000e+01;-6.667e-01;0.000e+00;1.065e+00;5.000e+01;5.000e+01
23.278020000;1.047e+00;-6.667e-01;4.968e-02;-6.367e-01;4.745e-02;1.062e+00;1.044e+00;-6.171e-01;8.703e-02;1.047e+00;-4.000e-01;2.981e-02;1.000e+01;-6.667e-01;0.000e+00;1.065e+00;5.000e+01;5.000e+01
23.358020000;1.047e+00;-6.667e-01;5.048e-02;-6.367e-01;4.821e-02;1.062e+00;1.044e+00;-6.171e-01;8.780e-02;1.047e+00;-4.000e-01;3.029e-02;1.000e+01;-6.667e-01;0.000e+00;1.065e+00;5.000e+01;5.000e+01
23.359020000;1.047e+00;-6.667e-01;5.049e-02;-6.367e-01;4.822e-02;1.062e+00;1.044e+00;-6.170e-01;8.780e-02;1.047e+00;-4.000e-01;3.029e-02;1.000e+01;-6.667e-01;0.000e+00;1.065e+00;5.000e+01;5.000e+01
23.383020000;1.047e+00;-6.667e-01;5.072e-02;-6.367e-01;4.844e-02;1.062e+00;1.044e+00;-6.170e-01;8.803e-02;1.047e+00;-4.000e-01;3.044e-02;1.000e+01;-6.667e-01;0.000e+00;1.065e+00;5.000e+01;5.000e+01
23.440020000;1.047e+00;-6.667e-01;5.127e-02;-6.367e-01;4.897e-02;1.062e+00;1.044e+00;-6.170e-01;8.855e-02;1.047e+00;-4.000e-01;3.076e-02;1.000e+01;-6.667e-01;0.000e+00;1.065e+00;5.000e+01;5.000e+01
23.441020000;1.047e+00;-6.667e-01;5.128e-02;-6.367e-01;4.897e-02;1.063e+00;1.044e+00;-6.170e-01;8.856e-02;1.047e+00;-4.000e-01;3.077e-02;1.000e+01;-6.667e-01;0.000e+00;1.065e+00;5.000e+01;5.000e+01
23.489020000;1.047e+00;-6.667e-01;5.173e-02;-6.367e-01;4.940e-02;1.063e+00;1.044e+00;-6.170e-01;8.899e-02;1.047e+00;-4.000e-01;3.104e-02;1.000e+01;-6.667e-01;0.000e+00;1.065e+00;5.000e+01;5.000e+01
23.490020000;1.047e+00;-6.667e-01;5.174e-02;-6.367e-01;4.941e-02;1.063e+00;1.044e+00;-6.169e-01;8.900e-02;1.047e+00;-4.000e-01;3.104e-02;1.000e+01;-6.667e-01;0.000e+00;1.065e+00;5.000e+01;5.000e+01
23.513020000;1.047e+00;-6.667e-01;5.195e-02;-6.367e-01;4.961e-02;1.063e+00;1.044e+00;-6.169e-01;8.920e-02;1.047e+00;-4.000e-01;3.117e-02;1.000e+01;-6.667e-01;0.000e+00;1.065e+00;5.000e+01;5.000e+01
23.514020000;1.047e+00;-6.667e-01;5.196e-02;-6.366e-01;4.962e-02;1.063e+00;1.044e+00;-6.169e-01;8.921e-02;1.047e+00;-4.000e-01;3.118e-02;1.000e+01;-6.667e-01;0.000e+00;1.065e+00;5.000e+01;5.000e+01
23.533020000;1.047e+00;-6.667e-01;5.214e-02;-6.366e-01;4.979e-02;1.063e+00;1.044e+00;-6.169e-01;8.937e-02;1.047e+00;-4.000e-01;3.128e-02;1.000e+01;-6.667e-01;0.000e+00;1.065e+00;5.000e+01;5.000e+01
23.543020000;1.047e+00;-6.667e-01;5.223e-02;-6.366e-01;4.987e-02;1.063e+00;1.044e+00;-6.169e-01;8.946e-02;1.047e+00;-4.000e-01;3.134e-02;1.000e+01;-6.667e-01;0.000e+00;1.065e+00;5.000e+01;5.000e+01
23.559020000;1.047e+00;-6.667e-01;5.237e-02;-6.366e-01;5.001e-02;1.063e+00;1.044e+00;-6.169e-01;8.960e-02;1.047e+00;-4.000e-01;3.142e-02;1.000e+01;-6.667e-01;0.000e+00;1.065e+00;5.000e+01;5.000e+01
23.587020000;1.047e+00;-6.667e-01;5.262e-02;-6.366e-01;5.025e-02;1.063e+00;1.044e+00;-6.169e-01;8.983e-02;1.047e+00;-4.000e-01;3.157e-02;1.000e+01;-6.667e-01;0.000e+00;1.065e+00;5.000e+01;5.000e+01
23.626020000;1.047e+00;-6.667e-01;5.296e-02;-6.366e-01;5.057e-02;1.063e+00;1.044e+00;-6.169e-01;9.016e-02;1.047e+00;-4.000e-01;3.177e-02;1.000e+01;-6.667e-01;0.000e+00;1.065e+00;5.000e+01;5.000e+01
23.627020000;1.047e+00;-6.667e-01;5.297e-02;-6.366e-01;5.058e-02;1.063e+00;1.044e+00;-6.168e-01;9.016e-02;1.047e+00;-4.000e-01;3.178e-02;1.000e+01;-6.667e-01;0.000e+00;1.065e+00;5.000e+01;5.000e+01
23.699020000;1.047e+00;-6.667e-01;5.358e-02;-6.366e-01;5.116e-02;1.063e+00;1.044e+00;-6.168e-01;9.074e-02;1.047e+00;-4.000e-01;3.214e-02;1.000e+01;-6.667e-01;0.000e+00;1.065e+00;5.000e+01;5.000e+01
23.765020000;1.047e+00;-6.667e-01;5.411e-02;-6.366e-01;5.167e-02;1.063e+00;1.044e+00;-6.168e-01;9.125e-02;1.047e+00;-4.000e-01;3.247e-02;1.000e+01;-6.667e-01;0.000e+00;1.065e+00;5.000e+01;5.000e+01
23.766020000;1.047e+00;-6.667e-01;5.412e-02;-6.366e-01;5.168e-02;1.064e+00;1.044e+00;-6.168e-01;9.126e-02;1.047e+00;-4.000e-01;3.247e-02;1.000e+01;-6.667e-01;0.000e+00;1.065e+00;5.000e+01;5.000e+01
23.775020000;1.047e+00;-6.667e-01;5.419e-02;-6.366e-01;5.175e-02;1.064e+00;1.044e+00;-6.168e-01;9.133e-02;1.047e+00;-4.000e-01;3.252e-02;1.000e+01;-6.667e-01;0.000e+00;1.065e+00;5.000e+01;5.000e+01
23.776020000;1.047e+00;-6.667e-01;5.420e-02;-6.366e-01;5.175e-02;1.064e+00;1.044e+00;-6.167e-01;9.134e-02;1.047e+00;-4.000e-01;3.252e-02;1.000e+01;-6.667e-01;0.000e+00;1.065e+00;5.000e+01;5.000e+01
23.837020000;1.047e+00;-6.667e-01;5.468e-02;-6.366e-01;5.221e-02;1.064e+00;1.044e+00;-6.167e-01;9.179e-02;1.047e+00;-4.000e-01;3.281e-02;1.000e+01;-6.667e-01;0.000e+00;1.065e+00;5.000e+01;5.000e+01
23.867020000;1.047e+00;-6.667e-01;5.491e-02;-6.366e-01;5.242e-02;1.064e+00;1.044e+00;-6.167e-01;9.201e-02;1.047e+00;-4.000e-01;3.294e-02;1.000e+01;-6.667e-01;0.000e+00;1.065e+00;5.000e+01;5.000e+01
23.883020000;1.047e+00;-6.667e-01;5.503e-02;-6.366e-01;5.254e-02;1.064e+00;1.044e+00;-6.167e-01;9.213e-02;1.047e+00;-4.000e-01;3.302e-02;1.000e+01;-6.667e-01;0.000e+00;1.065e+00;5.000e+01;5.000e+01
23.886020000;1.047e+00;-6.667e-01;5.505e-02;-6.366e-01;5.256e-02;1.064e+00;1.044e+00;-6.167e-01;9.215e-02;1.047e+00;-4.000e-01;3.303e-02;1.000e+01;-6.667e-01;0.000e+00;1.065e+00;5.000e+01;5.000e+01
23.887020000;1.047e+00;-6.667e-01;5.505e-02;-6.365e-01;5.257e-02;1.064e+00;1.044e+00;-6.167e-01;9.215e-02;1.047e+00;-4.000e-01;3.303e-02;1.000e+01;-6.667e-01;0.000e+00;1.065e+00;5.000e+01;5.000e+01
23.898020000;1.047e+00;-6.667e-01;5.514e-02;-6.365e-01;5.265e-02;1.064e+00;1.044e+00;-6.167e-01;9.223e-02;1.047e+00;-4.000e-01;3.308e-02;1.000e+01;-6.667e-01;0.000e+00;1.065e+00;5.000e+01;5.000e+01
23.939020000;1.047e+00;-6.667e-01;5.544e-02;-6.365e-01;5.293e-02;1.064e+00;1.044e+00;-6.167e-01;9.252e-02;1.047e+00;-4.000e-01;3.326e-02;1.000e+01;-6.667e-01;0.000e+00;1.065e+00;5.000e+01;5.000e+01
23.940020000;1.047e+00;-6.667e-01;5.544e-02;-6.365e-01;5.294e-02;1.064e+00;1.044e+00;-6.166e-01;9.252e-02;1.047e+00;-4.000e-01;3.327e-02;1.000e+01;-6.667e-01;0.000e+00;1.065e+00;5.000e+01;5.000e+01
24.025020000;1.047e+00;-6.667e-01;5.604e-02;-6.365e-01;5.351e-02;1.064e+00;1.044e+00;-6.166e-01;9.309e-02;1.047e+00;-4.000e-01;3.363e-02;1.000e+01;-6.667e-01;0.000e+00;1.065e+00;5.000e+01;5.000e+01
24.094020000;1.047e+00;-6.667e-01;5.650e-02;-6.365e-01;5.395e-02;1.064e+00;1.044e+00;-6.166e-01;9.353e-02;1.047e+00;-4.000e-01;3.390e-02;1.000e+01;-6.667e-01;0.000e+00;1.065e+00;5.000e+01;5.000e+01
24.095020000;1.047e+00;-6.667e-01;5.651e-02;-6.365e-01;5.395e-02;1.064e+00;1.045e+00;-6.166e-01;9.354e-02;1.047e+00;-4.000e-01;3.391e-02;1.000e+01;-6.667e-01;0.000e+00;1.065e+00;5.000e+01;5.000e+01
24.118020000;1.047e+00;-6.667e-01;5.666e-02;-6.365e-01;5.410e-02;1.064e+00;1.045e+00;-6.166e-01;9.368e-02;1.047e+00;-4.000e-01;3.400e-02;1.000e+01;-6.667e-01;0.000e+00;1.065e+00;5.000e+01;5.000e+01
24.119020000;1.047e+00;-6.667e-01;5.667e-02;-6.365e-01;5.410e-02;1.064e+00;1.045e+00;-6.165e-01;9.369e-02;1.047e+00;-4.000e-01;3.400e-02;1.000e+01;-6.667e-01;0.000e+00;1.065e+00;5.000e+01;5.000e+01
24.164020000;1.047e+00;-6.667e-01;5.695e-02;-6.365e-01;5.437e-02;1.064e+00;1.045e+00;-6.165e-01;9.396e-02;1.047e+00;-4.000e-01;3.417e-02;1.000e+01;-6.667e-01;0.000e+00;1.065e+00;5.000e+01;5.000e+01
24.165020000;1.047e+00;-6.667e-01;5.696e-02;-6.365e-01;5.438e-02;1.065e+00;1.045e+00;-6.165e-01;9.397e-02;1.047e+00;-4.000e-01;3.417e-02;1.000e+01;-6.667e-01;0.000e+00;1.065e+00;5.000e+01;5.000e+01
24.181020000;1.047e+00;-6.667e-01;5.706e-02;-6.365e-01;5.448e-02;1.065e+00;1.045e+00;-6.165e-01;9.406e-02;1.047e+00;-4.000e-01;3.424e-02;1.000e+01;-6.667e-01;0.000e+00;1.065e+00;5.000e+01;5.000e+01
24.197020000;1.047e+00;-6.667e-01;5.716e-02;-6.365e-01;5.457e-02;1.065e+00;1.045e+00;-6.165e-01;9.416e-02;1.047e+00;-4.000e-01;3.429e-02;1.000e+01;-6.667e-01;0.000e+00;1.065e+00;5.000e+01;5.000e+01
24.200020000;1.047e+00;-6.667e-01;5.718e-02;-6.365e-01;5.459e-02;1.065e+00;1.045e+00;-6.165e-01;9.417e-02;1.047e+00;-4.000e-01;3.431e-02;1.000e+01;-6.667e-01;0.000e+00;1.065e+00;5.000e+01;5.000e+01
24.219020000;1.047e+00;-6.667e-01;5.729e-02;-6.365e-01;5.470e-02;1.065e+00;1.045e+00;-6.165e-01;9.428e-02;1.047e+00;-4.000e-01;3.437e-02;1.000e+01;-6.667e-01;0.000e+00;1.065e+00;5.000e+01;5.000e+01
24.323020000;1.047e+00;-6.667e-01;5.789e-02;-6.365e-01;5.527e-02;1.065e+00;1.045e+00;-6.165e-01;9.486e-02;1.047e+00;-4.000e-01;3.474e-02;1.000e+01;-6.667e-01;0.000e+00;1.065e+00;5.000e+01;5.000e+01
24.324020000;1.047e+00;-6.667e-01;5.790e-02;-6.365e-01;5.528e-02;1.065e+00;1.045e+00;-6.164e-01;9.486e-02;1.047e+00;-4.000e-01;3.474e-02;1.000e+01;-6.667e-01;0.000e+00;1.065e+00;5.000e+01;5.000e+01
24.382020000;1.047e+00;-6.667e-01;5.822e-02;-6.365e-01;5.558e-02;1.065e+00;1.045e+00;-6.164e-01;9.517e-02;1.047e+00;-4.000e-01;3.493e-02;1.000e+01;-6.667e-01;0.000e+00;1.065e+00;5.000e+01;5.000e+01
24.383020000;1.047e+00;-6.667e-01;5.822e-02;-6.364e-01;5.558e-02;1.065e+00;1.045e+00;-6.164e-01;9.517e-02;1.047e+00;-4.000e-01;3.493e-02;1.000e+01;-6.667e-01;0.000e+00;1.065e+00;5.000e+01;5.000e+01
24.456020000;1.047e+00;-6.667e-01;5.860e-02;-6.364e-01;5.595e-02;1.065e+00;1.045e+00;-6.164e-01;9.553e-02;1.047e+00;-4.000e-01;3.516e-02;1.000e+01;-6.667e-01;0.000e+00;1.065e+00;5.000e+01;5.000e+01
24.457020000;1.048e+00;-6.667e-01;5.861e-02;-6.364e-01;5.595e-02;1.065e+00;1.045e+00;-6.164e-01;9.554e-02;1.048e+00;-4.000e-01;3.517e-02;1.000e+01;-6.667e-01;0.000e+00;1.065e+00;5.000e+01;5.000e+01
24.504020000;1.048e+00;-6.667e-01;5.884e-02;-6.364e-01;5.617e-02;1.065e+00;1.045e+00;-6.164e-01;9.576e-02;1.048e+00;-4.000e-01;3.531e-02;1.000e+01;-6.667e-01;0.000e+00;1.065e+00;5.000e+01;5.000e+01
24.518020000;1.048e+00;-6.667e-01;5.891e-02;-6.364e-01;5.624e-02;1.065e+00;1.045e+00;-6.164e-01;9.583e-02;1.048e+00;-4.000e-01;3.535e-02;1.000e+01;-6.667e-01;0.000e+00;1.065e+00;5.000e+01;5.000e+01
24.519020000;1.048e+00;-6.667e-01;5.892e-02;-6.364e-01;5.624e-02;1.065e+00;1.045e+00;-6.164e-01;9.583e-02;1.048e+00;-4.000e-01;3.535e-02;1.000e+01;-6.667e-01;0.000e+00;1.065e+00;5.000e+01;5.000e+01
24.537020000;1.048e+00;-6.667e-01;5.900e-02;-6.364e-01;5.633e-02;1.065e+00;1.045e+00;-6.164e-01;9.591e-02;1.048e+00;-4.000e-01;3.540e-02;1.000e+01;-6.667e-01;0.000e+00;1.065e+00;5.000e+01;5.000e+01
24.564020000;1.048e+00;-6.667e-01;5.913e-02;-6.364e-01;5.645e-02;1.065e+00;1.045e+00;-6.164e-01;9.603e-02;1.048e+00;-4.000e-01;3.548e-02;1.000e+01;-6.667e-01;0.000e+00;1.065e+00;5.000e+01;5.000e+01
24.565020000;1.048e+00;-6.667e-01;5.913e-02;-6.364e-01;5.645e-02;1.065e+00;1.045e+00;-6.163e-01;9.604e-02;1.048e+00;-4.000e-01;3.548e-02;1.000e+01;-6.667e-01;0.000e+00;1.065e+00;5.000e+01;5.000e+01
24.715593000;1.048e+00;-6.667e-01;5.980e-02;-6.364e-01;5.708e-02;1.065e+00;1.045e+00;-6.163e-01;9.667e-02;1.048e+00;-4.000e-01;3.588e-02;1.000e+01;-6.667e-01;0.000e+00;1.065e+00;5.000e+01;5.000e+01
24.716593000;1.048e+00;-6.667e-01;5.980e-02;-6.364e-01;5.709e-02;1.066e+00;1.045e+00;-6.163e-01;9.667e-02;1.048e+00;-4.000e-01;3.588e-02;1.000e+01;-6.667e-01;0.000e+00;1.065e+00;5.000e+01;5.000e+01
24.857593000;1.048e+00;-6.667e-01;6.036e-02;-6.364e-01;5.762e-02;1.066e+00;1.045e+00;-6.163e-01;9.720e-02;1.048e+00;-4.000e-01;3.622e-02;1.000e+01;-6.667e-01;0.000e+00;1.065e+00;5.000e+01;5.000e+01
24.858593000;1.048e+00;-6.667e-01;6.036e-02;-6.364e-01;5.762e-02;1.066e+00;1.045e+00;-6.162e-01;9.721e-02;1.048e+00;-4.000e-01;3.622e-02;1.000e+01;-6.667e-01;0.000e+00;1.065e+00;5.000e+01;5.000e+01
24.861593000;1.048e+00;-6.667e-01;6.038e-02;-6.364e-01;5.763e-02;1.066e+00;1.045e+00;-6.162e-01;9.722e-02;1.048e+00;-4.000e-01;3.623e-02;1.000e+01;-6.667e-01;0.000e+00;1.065e+00;5.000e+01;5.000e+01
24.869593000;1.048e+00;-6.667e-01;6.041e-02;-6.364e-01;5.766e-02;1.066e+00;1.045e+00;-6.162e-01;9.725e-02;1.048e+00;-4.000e-01;3.624e-02;1.000e+01;-6.667e-01;0.000e+00;1.065e+00;5.000e+01;5.000e+01
24.873593000;1.048e+00;-6.667e-01;6.042e-02;-6.364e-01;5.768e-02;1.066e+00;1.045e+00;-6.162e-01;9.726e-02;1.048e+00;-4.000e-01;3.625e-02;1.000e+01;-6.667e-01;0.000e+00;1.065e+00;5.000e+01;5.000e+01
24.877593000;1.048e+00;-6.667e-01;6.043e-02;-6.364e-01;5.769e-02;1.066e+00;1.045e+00;-6.162e-01;9.728e-02;1.048e+00;-4.000e-01;3.626e-02;1.000e+01;-6.667e-01;0.000e+00;1.065e+00;5.000e+01;5.000e+01
25.160593000;1.048e+00;-6.667e-01;6.134e-02;-6.364e-01;5.855e-02;1.066e+00;1.045e+00;-6.162e-01;9.814e-02;1.048e+00;-4.000e-01;3.680e-02;1.000e+01;-6.667e-01;0.000e+00;1.065e+00;5.000e+01;5.000e+01
25.161593000;1.048e+00;-6.667e-01;6.134e-02;-6.363e-01;5.855e-02;1.066e+00;1.045e+00;-6.162e-01;9.814e-02;1.048e+00;-4.000e-01;3.680e-02;1.000e+01;-6.667e-01;0.000e+00;1.065e+00;5.000e+01;5.000e+01
25.203593000;1.048e+00;-6.667e-01;6.146e-02;-6.363e-01;5.866e-02;1.066e+00;1.045e+00;-6.162e-01;9.825e-02;1.048e+00;-4.000e-01;3.687e-02;1.000e+01;-6.667e-01;0.000e+00;1.065e+00;5.000e+01;5.000e+01
25.223593000;1.048e+00;-6.667e-01;6.151e-02;-6.363e-01;5.871e-02;1.066e+00;1.045e+00;-6.162e-01;9.830e-02;1.048e+00;-4.000e-01;3.690e-02;1.000e+01;-6.667e-01;0.000e+00;1.065e+00;5.000e+01;5.000e+01
25.224593000;1.048e+00;-6.667e-01;6.151e-02;-6.363e-01;5.871e-02;1.066e+00;1.045e+00;-6.162e-01;9.830e-02;1.048e+00;-4.000e-01;3.691e-02;1.000e+01;-6.667e-01;0.000e+00;1.065e+00;5.000e+01;5.000e+01
25.255593000;1.048e+00;-6.667e-01;6.159e-02;-6.363e-01;5.879e-02;1.066e+00;1.045e+00;-6.162e-01;9.837e-02;1.048e+00;-4.000e-01;3.695e-02;1.000e+01;-6.667e-01;0.000e+00;1.065e+00;5.000e+01;5.000e+01
25.257593000;1.048e+00;-6.667e-01;6.159e-02;-6.363e-01;5.879e-02;1.066e+00;1.045e+00;-6.162e-01;9.838e-02;1.048e+00;-4.000e-01;3.696e-02;1.000e+01;-6.667e-01;0.000e+00;1.065e+00;5.000e+01;5.000e+01
25.258593000;1.048e+00;-6.667e-01;6.159e-02;-6.363e-01;5.879e-02;1.066e+00;1.045e+00;-6.161e-01;9.838e-02;1.048e+00;-4.000e-01;3.696e-02;1.000e+01;-6.667e-01;0.000e+00;1.065e+00;5.000e+01;5.000e+01
25.572593000;1.048e+00;-6.667e-01;6.223e-02;-6.363e-01;5.939e-02;1.066e+00;1.045e+00;-6.161e-01;9.898e-02;1.048e+00;-4.000e-01;3.734e-02;1.000e+01;-6.667e-01;0.000e+00;1.065e+00;5.000e+01;5.000e+01
25.608593000;1.048e+00;-6.667e-01;6.228e-02;-6.363e-01;5.945e-02;1.066e+00;1.045e+00;-6.161e-01;9.903e-02;1.048e+00;-4.000e-01;3.737e-02;1.000e+01;-6.667e-01;0.000e+00;1.065e+00;5.000e+01;5.000e+01
25.625593000;1.048e+00;-6.667e-01;6.230e-02;-6.363e-01;5.947e-02;1.066e+00;1.045e+00;-6.161e-01;9.906e-02;1.048e+00;-4.000e-01;3.738e-02;1.000e+01;-6.667e-01;0.000e+00;1.065e+00;5.000e+01;5.000e+01
25.627593000;1.048e+00;-6.667e-01;6.231e-02;-6.363e-01;5.947e-02;1.066e+00;1.045e+00;-6.161e-01;9.906e-02;1.048e+00;-4.000e-01;3.739e-02;1.000e+01;-6.667e-01;0.000e+00;1.065e+00;5.000e+01;5.000e+01
25.928593000;1.048e+00;-6.667e-01;6.264e-02;-6.363e-01;5.978e-02;1.066e+00;1.045e+00;-6.161e-01;9.937e-02;1.048e+00;-4.000e-01;3.758e-02;1.000e+01;-6.667e-01;0.000e+00;1.065e+00;5.000e+01;5.000e+01
25.929593000;1.048e+00;-6.667e-01;6.264e-02;-6.363e-01;5.978e-02;1.067e+00;1.045e+00;-6.161e-01;9.937e-02;1.048e+00;-4.000e-01;3.758e-02;1.000e+01;-6.667e-01;0.000e+00;1.065e+00;5.000e+01;5.000e+01
26.001593000;1.048e+00;-6.667e-01;6.269e-02;-6.363e-01;5.983e-02;1.067e+00;1.045e+00;-6.161e-01;9.942e-02;1.048e+00;-4.000e-01;3.761e-02;1.000e+01;-6.667e-01;0.000e+00;1.065e+00;5.000e+01;5.000e+01
26.010593000;1.048e+00;-6.667e-01;6.269e-02;-6.363e-01;5.984e-02;1.067e+00;1.045e+00;-6.161e-01;9.942e-02;1.048e+00;-4.000e-01;3.761e-02;1.000e+01;-6.667e-01;0.000e+00;1.065e+00;5.000e+01;5.000e+01
26.012593000;1.048e+00;-6.667e-01;6.269e-02;-6.363e-01;5.984e-02;1.067e+00;1.045e+00;-6.161e-01;9.942e-02;1.048e+00;-4.000e-01;3.762e-02;1.000e+01;-6.667e-01;0.000e+00;1.065e+00;5.000e+01;5.000e+01
26.016593000;1.048e+00;-6.667e-01;6.269e-02;-6.363e-01;5.984e-02;1.067e+00;1.045e+00;-6.161e-01;9.943e-02;1.048e+00;-4.000e-01;3.762e-02;1.000e+01;-6.667e-01;0.000e+00;1.065e+00;5.000e+01;5.000e+01
26.484593000;1.048e+00;-6.667e-01;6.276e-02;-6.363e-01;5.990e-02;1.067e+00;1.045e+00;-6.161e-01;9.949e-02;1.048e+00;-4.000e-01;3.766e-02;1.000e+01;-6.667e-01;0.000e+00;1.065e+00;5.000e+01;5.000e+01
26.503593000;1.048e+00;-6.667e-01;6.275e-02;-6.363e-01;5.990e-02;1.067e+00;1.045e+00;-6.161e-01;9.948e-02;1.048e+00;-4.000e-01;3.765e-02;1.000e+01;-6.667e-01;0.000e+00;1.065e+00;5.000e+01;5.000e+01
26.527593000;1.048e+00;-6.667e-01;6.275e-02;-6.363e-01;5.989e-02;1.067e+00;1.045e+00;-6.161e-01;9.948e-02;1.048e+00;-4.000e-01;3.765e-02;1.000e+01;-6.667e-01;0.000e+00;1.065e+00;5.000e+01;5.000e+01
26.531593000;1.048e+00;-6.667e-01;6.275e-02;-6.363e-01;5.989e-02;1.067e+00;1.045e+00;-6.161e-01;9.947e-02;1.048e+00;-4.000e-01;3.765e-02;1.000e+01;-6.667e-01;0.000e+00;1.065e+00;5.000e+01;5.000e+01
26.761593000;1.048e+00;-6.667e-01;6.264e-02;-6.363e-01;5.978e-02;1.067e+00;1.045e+00;-6.161e-01;9.937e-02;1.048e+00;-4.000e-01;3.758e-02;1.000e+01;-6.667e-01;0.000e+00;1.065e+00;5.000e+01;5.000e+01
26.762593000;1.048e+00;-6.667e-01;6.264e-02;-6.363e-01;5.978e-02;1.066e+00;1.045e+00;-6.161e-01;9.937e-02;1.048e+00;-4.000e-01;3.758e-02;1.000e+01;-6.667e-01;0.000e+00;1.065e+00;5.000e+01;5.000e+01
27.099593000;1.048e+00;-6.667e-01;6.237e-02;-6.363e-01;5.953e-02;1.066e+00;1.045e+00;-6.161e-01;9.912e-02;1.048e+00;-4.000e-01;3.742e-02;1.000e+01;-6.667e-01;0.000e+00;1.065e+00;5.000e+01;5.000e+01
27.123593000;1.048e+00;-6.667e-01;6.235e-02;-6.363e-01;5.951e-02;1.066e+00;1.045e+00;-6.161e-01;9.909e-02;1.048e+00;-4.000e-01;3.741e-02;1.000e+01;-6.667e-01;0.000e+00;1.065e+00;5.000e+01;5.000e+01
27.126593000;1.048e+00;-6.667e-01;6.234e-02;-6.363e-01;5.950e-02;1.066e+00;1.045e+00;-6.161e-01;9.909e-02;1.048e+00;-4.000e-01;3.741e-02;1.000e+01;-6.667e-01;0.000e+00;1.065e+00;5.000e+01;5.000e+01
27.135593000;1.048e+00;-6.667e-01;6.233e-02;-6.363e-01;5.950e-02;1.066e+00;1.045e+00;-6.161e-01;9.908e-02;1.048e+00;-4.000e-01;3.740e-02;1.000e+01;-6.667e-01;0.000e+00;1.065e+00;5.000e+01;5.000e+01
27.648593000;1.048e+00;-6.667e-01;6.174e-02;-6.363e-01;5.893e-02;1.066e+00;1.045e+00;-6.161e-01;9.852e-02;1.048e+00;-4.000e-01;3.705e-02;1.000e+01;-6.667e-01;0.000e+00;1.065e+00;5.000e+01;5.000e+01
27.661593000;1.048e+00;-6.667e-01;6.173e-02;-6.363e-01;5.892e-02;1.066e+00;1.045e+00;-6.161e-01;9.850e-02;1.048e+00;-4.000e-01;3.703e-02;1.000e+01;-6.667e-01;0.000e+00;1.065e+00;5.000e+01;5.000e+01
27.692593000;1.048e+00;-6.667e-01;6.168e-02;-6.363e-01;5.888e-02;1.066e+00;1.045e+00;-6.161e-01;9.847e-02;1.048e+00;-4.000e-01;3.701e-02;1.000e+01;-6.667e-01;0.000e+00;1.065e+00;5.000e+01;5.000e+01
27.711593000;1.048e+00;-6.667e-01;6.166e-02;-6.363e-01;5.886e-02;1.066e+00;1.045e+00;-6.161e-01;9.844e-02;1.048e+00;-4.000e-01;3.700e-02;1.000e+01;-6.667e-01;0.000e+00;1.065e+00;5.000e+01;5.000e+01
27.761593000;1.048e+00;-6.667e-01;6.159e-02;-6.363e-01;5.879e-02;1.066e+00;1.045e+00;-6.161e-01;9.838e-02;1.048e+00;-4.000e-01;3.696e-02;1.000e+01;-6.667e-01;0.000e+00;1.065e+00;5.000e+01;5.000e+01
27.762593000;1.048e+00;-6.667e-01;6.159e-02;-6.363e-01;5.879e-02;1.066e+00;1.045e+00;-6.162e-01;9.838e-02;1.048e+00;-4.000e-01;3.696e-02;1.000e+01;-6.667e-01;0.000e+00;1.065e+00;5.000e+01;5.000e+01
27.991593000;1.048e+00;-6.667e-01;6.128e-02;-6.363e-01;5.850e-02;1.066e+00;1.045e+00;-6.162e-01;9.808e-02;1.048e+00;-4.000e-01;3.677e-02;1.000e+01;-6.667e-01;0.000e+00;1.065e+00;5.000e+01;5.000e+01
27.992593000;1.048e+00;-6.667e-01;6.128e-02;-6.364e-01;5.850e-02;1.066e+00;1.045e+00;-6.162e-01;9.808e-02;1.048e+00;-4.000e-01;3.677e-02;1.000e+01;-6.667e-01;0.000e+00;1.065e+00;5.000e+01;5.000e+01
28.668593000;1.048e+00;-6.667e-01;6.035e-02;-6.364e-01;5.761e-02;1.066e+00;1.045e+00;-6.162e-01;9.719e-02;1.048e+00;-4.000e-01;3.621e-02;1.000e+01;-6.667e-01;0.000e+00;1.065e+00;5.000e+01;5.000e+01
28.669593000;1.048e+00;-6.667e-01;6.035e-02;-6.364e-01;5.761e-02;1.066e+00;1.045e+00;-6.163e-01;9.719e-02;1.048e+00;-4.000e-01;3.621e-02;1.000e+01;-6.667e-01;0.000e+00;1.065e+00;5.000e+01;5.000e+01
29.097593000;1.048e+00;-6.667e-01;5.980e-02;-6.364e-01;5.708e-02;1.066e+00;1.045e+00;-6.163e-01;9.667e-02;1.048e+00;-4.000e-01;3.588e-02;1.000e+01;-6.667e-01;0.000e+00;1.065e+00;5.000e+01;5.000e+01
29.098593000;1.048e+00;-6.667e-01;5.980e-02;-6.364e-01;5.708e-02;1.065e+00;1.045e+00;-6.163e-01;9.667e-02;1.048e+00;-4.000e-01;3.588e-02;1.000e+01;-6.667e-01;0.000e+00;1.065e+00;5.000e+01;5.000e+01
29.120593000;1.048e+00;-6.667e-01;5.977e-02;-6.364e-01;5.705e-02;1.065e+00;1.045e+00;-6.163e-01;9.664e-02;1.048e+00;-4.000e-01;3.586e-02;1.000e+01;-6.667e-01;0.000e+00;1.065e+00;5.000e+01;5.000e+01
29.156593000;1.048e+00;-6.667e-01;5.973e-02;-6.364e-01;5.701e-02;1.065e+00;1.045e+00;-6.163e-01;9.660e-02;1.048e+00;-4.000e-01;3.583e-02;1.000e+01;-6.667e-01;0.000e+00;1.065e+00;5.000e+01;5.000e+01
29.178593000;1.048e+00;-6.667e-01;5.970e-02;-6.364e-01;5.699e-02;1.065e+00;1.045e+00;-6.163e-01;9.657e-02;1.048e+00;-4.000e-01;3.582e-02;1.000e+01;-6.667e-01;0.000e+00;1.065e+00;5.000e+01;5.000e+01
29.206593000;1.048e+00;-6.667e-01;5.966e-02;-6.364e-01;5.696e-02;1.065e+00;1.045e+00;-6.163e-01;9.654e-02;1.048e+00;-4.000e-01;3.580e-02;1.000e+01;-6.667e-01;0.000e+00;1.065e+00;5.000e+01;5.000e+01
29.698943000;1.048e+00;-6.667e-01;5.911e-02;-6.364e-01;5.643e-02;1.065e+00;1.045e+00;-6.163e-01;9.602e-02;1.048e+00;-4.000e-01;3.547e-02;1.000e+01;-6.667e-01;0.000e+00;1.065e+00;5.000e+01;5.000e+01
29.699943000;1.048e+00;-6.667e-01;5.911e-02;-6.364e-01;5.643e-02;1.065e+00;1.045e+00;-6.164e-01;9.601e-02;1.048e+00;-4.000e-01;3.547e-02;1.000e+01;-6.667e-01;0.000e+00;1.065e+00;5.000e+01;5.000e+01
30.194477000;1.048e+00;-6.667e-01;5.861e-02;-6.364e-01;5.595e-02;1.065e+00;1.045e+00;-6.164e-01;9.554e-02;1.048e+00;-4.000e-01;3.517e-02;1.000e+01;-6.667e-01;0.000e+00;1.065e+00;5.000e+01;5.000e+01
30.195477000;1.047e+00;-6.667e-01;5.861e-02;-6.364e-01;5.595e-02;1.065e+00;1.045e+00;-6.164e-01;9.554e-02;1.047e+00;-4.000e-01;3.516e-02;1.000e+01;-6.667e-01;0.000e+00;1.065e+00;5.000e+01;5.000e+01
30.391477000;1.047e+00;-6.667e-01;5.844e-02;-6.364e-01;5.579e-02;1.065e+00;1.045e+00;-6.164e-01;9.537e-02;1.047e+00;-4.000e-01;3.506e-02;1.000e+01;-6.667e-01;0.000e+00;1.065e+00;5.000e+01;5.000e+01
30.408477000;1.047e+00;-6.667e-01;5.842e-02;-6.364e-01;5.577e-02;1.065e+00;1.045e+00;-6.164e-01;9.536e-02;1.047e+00;-4.000e-01;3.505e-02;1.000e+01;-6.667e-01;0.000e+00;1.065e+00;5.000e+01;5.000e+01
30.427477000;1.047e+00;-6.667e-01;5.841e-02;-6.364e-01;5.576e-02;1.065e+00;1.045e+00;-6.164e-01;9.535e-02;1.047e+00;-4.000e-01;3.504e-02;1.000e+01;-6.667e-01;0.000e+00;1.065e+00;5.000e+01;5.000e+01
30.431477000;1.047e+00;-6.667e-01;5.840e-02;-6.364e-01;5.576e-02;1.065e+00;1.045e+00;-6.164e-01;9.534e-02;1.047e+00;-4.000e-01;3.504e-02;1.000e+01;-6.667e-01;0.000e+00;1.065e+00;5.000e+01;5.000e+01
30.767477000;1.047e+00;-6.667e-01;5.817e-02;-6.364e-01;5.553e-02;1.065e+00;1.045e+00;-6.164e-01;9.511e-02;1.047e+00;-4.000e-01;3.490e-02;1.000e+01;-6.667e-01;0.000e+00;1.065e+00;5.000e+01;5.000e+01
30.768477000;1.047e+00;-6.667e-01;5.817e-02;-6.365e-01;5.553e-02;1.065e+00;1.045e+00;-6.164e-01;9.511e-02;1.047e+00;-4.000e-01;3.490e-02;1.000e+01;-6.667e-01;0.000e+00;1.065e+00;5.000e+01;5.000e+01
31.225477000;1.047e+00;-6.667e-01;5.792e-02;-6.365e-01;5.530e-02;1.065e+00;1.045e+00;-6.164e-01;9.488e-02;1.047e+00;-4.000e-01;3.475e-02;1.000e+01;-6.667e-01;0.000e+00;1.065e+00;5.000e+01;5.000e+01
31.260477000;1.047e+00;-6.667e-01;5.791e-02;-6.365e-01;5.528e-02;1.065e+00;1.045e+00;-6.164e-01;9.487e-02;1.047e+00;-4.000e-01;3.474e-02;1.000e+01;-6.667e-01;0.000e+00;1.065e+00;5.000e+01;5.000e+01
31.285477000;1.047e+00;-6.667e-01;5.790e-02;-6.365e-01;5.527e-02;1.065e+00;1.045e+00;-6.164e-01;9.486e-02;1.047e+00;-4.000e-01;3.474e-02;1.000e+01;-6.667e-01;0.000e+00;1.065e+00;5.000e+01;5.000e+01
31.293477000;1.047e+00;-6.667e-01;5.789e-02;-6.365e-01;5.527e-02;1.065e+00;1.045e+00;-6.164e-01;9.486e-02;1.047e+00;-4.000e-01;3.474e-02;1.000e+01;-6.667e-01;0.000e+00;1.065e+00;5.000e+01;5.000e+01
31.333477000;1.047e+00;-6.667e-01;5.788e-02;-6.365e-01;5.526e-02;1.065e+00;1.045e+00;-6.164e-01;9.484e-02;1.047e+00;-4.000e-01;3.473e-02;1.000e+01;-6.667e-01;0.000e+00;1.065e+00;5.000e+01;5.000e+01
31.334477000;1.047e+00;-6.667e-01;5.788e-02;-6.365e-01;5.526e-02;1.065e+00;1.045e+00;-6.165e-01;9.484e-02;1.047e+00;-4.000e-01;3.473e-02;1.000e+01;-6.667e-01;0.000e+00;1.065e+00;5.000e+01;5.000e+01
31.616477000;1.047e+00;-6.667e-01;5.779e-02;-6.365e-01;5.517e-02;1.065e+00;1.045e+00;-6.165e-01;9.476e-02;1.047e+00;-4.000e-01;3.467e-02;1.000e+01;-6.667e-01;0.000e+00;1.065e+00;5.000e+01;5.000e+01
32.094477000;1.047e+00;-6.667e-01;5.771e-02;-6.365e-01;5.510e-02;1.065e+00;1.045e+00;-6.165e-01;9.469e-02;1.047e+00;-4.000e-01;3.463e-02;1.000e+01;-6.667e-01;0.000e+00;1.065e+00;5.000e+01;5.000e+01
32.100477000;1.047e+00;-6.667e-01;5.771e-02;-6.365e-01;5.510e-02;1.065e+00;1.045e+00;-6.165e-01;9.468e-02;1.047e+00;-4.000e-01;3.463e-02;1.000e+01;-6.667e-01;0.000e+00;1.065e+00;5.000e+01;5.000e+01
32.166477000;1.047e+00;-6.667e-01;5.771e-02;-6.365e-01;5.510e-02;1.065e+00;1.045e+00;-6.165e-01;9.468e-02;1.047e+00;-4.000e-01;3.463e-02;1.000e+01;-6.667e-01;0.000e+00;1.065e+00;5.000e+01;5.000e+01
32.176477000;1.047e+00;-6.667e-01;5.771e-02;-6.365e-01;5.509e-02;1.065e+00;1.045e+00;-6.165e-01;9.468e-02;1.047e+00;-4.000e-01;3.463e-02;1.000e+01;-6.667e-01;0.000e+00;1.065e+00;5.000e+01;5.000e+01
32.217477000;1.047e+00;-6.667e-01;5.771e-02;-6.365e-01;5.509e-02;1.065e+00;1.045e+00;-6.165e-01;9.468e-02;1.047e+00;-4.000e-01;3.462e-02;1.000e+01;-6.667e-01;0.000e+00;1.065e+00;5.000e+01;5.000e+01
33.427477000;1.047e+00;-6.667e-01;5.786e-02;-6.365e-01;5.524e-02;1.065e+00;1.045e+00;-6.165e-01;9.482e-02;1.047e+00;-4.000e-01;3.472e-02;1.000e+01;-6.667e-01;0.000e+00;1.065e+00;5.000e+01;5.000e+01
33.446477000;1.047e+00;-6.667e-01;5.786e-02;-6.365e-01;5.524e-02;1.065e+00;1.045e+00;-6.165e-01;9.483e-02;1.047e+00;-4.000e-01;3.472e-02;1.000e+01;-6.667e-01;0.000e+00;1.065e+00;5.000e+01;5.000e+01
33.452477000;1.047e+00;-6.667e-01;5.787e-02;-6.365e-01;5.524e-02;1.065e+00;1.045e+00;-6.165e-01;9.483e-02;1.047e+00;-4.000e-01;3.472e-02;1.000e+01;-6.667e-01;0.000e+00;1.065e+00;5.000e+01;5.000e+01
33.485477000;1.047e+00;-6.667e-01;5.788e-02;-6.365e-01;5.525e-02;1.065e+00;1.045e+00;-6.165e-01;9.484e-02;1.047e+00;-4.000e-01;3.472e-02;1.000e+01;-6.667e-01;0.000e+00;1.065e+00;5.000e+01;5.000e+01
33.559477000;1.047e+00;-6.667e-01;5.789e-02;-6.365e-01;5.527e-02;1.065e+00;1.045e+00;-6.165e-01;9.486e-02;1.047e+00;-4.000e-01;3.474e-02;1.000e+01;-6.667e-01;0.000e+00;1.065e+00;5.000e+01;5.000e+01
33.560477000;1.047e+00;-6.667e-01;5.789e-02;-6.365e-01;5.527e-02;1.065e+00;1.045e+00;-6.164e-01;9.486e-02;1.047e+00;-4.000e-01;3.474e-02;1.000e+01;-6.667e-01;0.000e+00;1.065e+00;5.000e+01;5.000e+01
34.433477000;1.047e+00;-6.667e-01;5.817e-02;-6.365e-01;5.553e-02;1.065e+00;1.045e+00;-6.164e-01;9.511e-02;1.047e+00;-4.000e-01;3.490e-02;1.000e+01;-6.667e-01;0.000e+00;1.065e+00;5.000e+01;5.000e+01
34.434477000;1.047e+00;-6.667e-01;5.817e-02;-6.364e-01;5.553e-02;1.065e+00;1.045e+00;-6.164e-01;9.511e-02;1.047e+00;-4.000e-01;3.490e-02;1.000e+01;-6.667e-01;0.000e+00;1.065e+00;5.000e+01;5.000e+01
35.794477000;1.047e+00;-6.667e-01;5.861e-02;-6.364e-01;5.595e-02;1.065e+00;1.045e+00;-6.164e-01;9.553e-02;1.047e+00;-4.000e-01;3.516e-02;1.000e+01;-6.667e-01;0.000e+00;1.065e+00;5.000e+01;5.000e+01
35.799477000;1.047e+00;-6.667e-01;5.861e-02;-6.364e-01;5.595e-02;1.065e+00;1.045e+00;-6.164e-01;9.554e-02;1.047e+00;-4.000e-01;3.516e-02;1.000e+01;-6.667e-01;0.000e+00;1.065e+00;5.000e+01;5.000e+01
35.804477000;1.047e+00;-6.667e-01;5.861e-02;-6.364e-01;5.595e-02;1.065e+00;1.045e+00;-6.164e-01;9.554e-02;1.047e+00;-4.000e-01;3.516e-02;1.000e+01;-6.667e-01;0.000e+00;1.065e+00;5.000e+01;5.000e+01
35.805477000;1.048e+00;-6.667e-01;5.861e-02;-6.364e-01;5.595e-02;1.065e+00;1.045e+00;-6.164e-01;9.554e-02;1.048e+00;-4.000e-01;3.516e-02;1.000e+01;-6.667e-01;0.000e+00;1.065e+00;5.000e+01;5.000e+01
35.806477000;1.048e+00;-6.667e-01;5.861e-02;-6.364e-01;5.595e-02;1.065e+00;1.045e+00;-6.164e-01;9.554e-02;1.048e+00;-4.000e-01;3.517e-02;1.000e+01;-6.667e-01;0.000e+00;1.065e+00;5.000e+01;5.000e+01
36.992477000;1.048e+00;-6.667e-01;5.890e-02;-6.364e-01;5.623e-02;1.065e+00;1.045e+00;-6.164e-01;9.581e-02;1.048e+00;-4.000e-01;3.534e-02;1.000e+01;-6.667e-01;0.000e+00;1.065e+00;5.000e+01;5.000e+01
37.054477000;1.048e+00;-6.667e-01;5.891e-02;-6.364e-01;5.624e-02;1.065e+00;1.045e+00;-6.164e-01;9.582e-02;1.048e+00;-4.000e-01;3.535e-02;1.000e+01;-6.667e-01;0.000e+00;1.065e+00;5.000e+01;5.000e+01
37.067477000;1.048e+00;-6.667e-01;5.891e-02;-6.364e-01;5.624e-02;1.065e+00;1.045e+00;-6.164e-01;9.583e-02;1.048e+00;-4.000e-01;3.535e-02;1.000e+01;-6.667e-01;0.000e+00;1.065e+00;5.000e+01;5.000e+01
37.090477000;1.048e+00;-6.667e-01;5.892e-02;-6.364e-01;5.624e-02;1.065e+00;1.045e+00;-6.164e-01;9.583e-02;1.048e+00;-4.000e-01;3.535e-02;1.000e+01;-6.667e-01;0.000e+00;1.065e+00;5.000e+01;5.000e+01
38.211606000;1.048e+00;-6.667e-01;5.906e-02;-6.364e-01;5.639e-02;1.065e+00;1.045e+00;-6.164e-01;9.597e-02;1.048e+00;-4.000e-01;3.544e-02;1.000e+01;-6.667e-01;0.000e+00;1.065e+00;5.000e+01;5.000e+01
38.497606000;1.048e+00;-6.667e-01;5.909e-02;-6.364e-01;5.641e-02;1.065e+00;1.045e+00;-6.164e-01;9.600e-02;1.048e+00;-4.000e-01;3.545e-02;1.000e+01;-6.667e-01;0.000e+00;1.065e+00;5.000e+01;5.000e+01
38.525606000;1.048e+00;-6.667e-01;5.909e-02;-6.364e-01;5.641e-02;1.065e+00;1.045e+00;-6.164e-01;9.600e-02;1.048e+00;-4.000e-01;3.546e-02;1.000e+01;-6.667e-01;0.000e+00;1.065e+00;5.000e+01;5.000e+01
38.569606000;1.048e+00;-6.667e-01;5.910e-02;-6.364e-01;5.641e-02;1.065e+00;1.045e+00;-6.164e-01;9.600e-02;1.048e+00;-4.000e-01;3.546e-02;1.000e+01;-6.667e-01;0.000e+00;1.065e+00;5.000e+01;5.000e+01
39.176606000;1.048e+00;-6.667e-01;5.913e-02;-6.364e-01;5.645e-02;1.065e+00;1.045e+00;-6.164e-01;9.604e-02;1.048e+00;-4.000e-01;3.548e-02;1.000e+01;-6.667e-01;0.000e+00;1.065e+00;5.000e+01;5.000e+01
39.177606000;1.048e+00;-6.667e-01;5.913e-02;-6.364e-01;5.645e-02;1.065e+00;1.045e+00;-6.163e-01;9.604e-02;1.048e+00;-4.000e-01;3.548e-02;1.000e+01;-6.667e-01;0.000e+00;1.065e+00;5.000e+01;5.000e+01
40.183606000;1.048e+00;-6.667e-01;5.917e-02;-6.364e-01;5.649e-02;1.065e+00;1.045e+00;-6.163e-01;9.607e-02;1.048e+00;-4.000e-01;3.550e-02;1.000e+01;-6.667e-01;0.000e+00;1.065e+00;5.000e+01;5.000e+01
40.370606000;1.048e+00;-6.667e-01;5.917e-02;-6.364e-01;5.649e-02;1.065e+00;1.045e+00;-6.163e-01;9.608e-02;1.048e+00;-4.000e-01;3.550e-02;1.000e+01;-6.667e-01;0.000e+00;1.065e+00;5.000e+01;5.000e+01
40.434606000;1.048e+00;-6.667e-01;5.918e-02;-6.364e-01;5.649e-02;1.065e+00;1.045e+00;-6.163e-01;9.608e-02;1.048e+00;-4.000e-01;3.551e-02;1.000e+01;-6.667e-01;0.000e+00;1.065e+00;5.000e+01;5.000e+01
46.824606000;1.048e+00;-6.667e-01;5.913e-02;-6.364e-01;5.645e-02;1.065e+00;1.045e+00;-6.163e-01;9.604e-02;1.048e+00;-4.000e-01;3.548e-02;1.000e+01;-6.667e-01;0.000e+00;1.065e+00;5.000e+01;5.000e+01
46.825606000;1.048e+00;-6.667e-01;5.913e-02;-6.364e-01;5.645e-02;1.065e+00;1.045e+00;-6.164e-01;9.604e-02;1.048e+00;-4.000e-01;3.548e-02;1.000e+01;-6.667e-01;0.000e+00;1.065e+00;5.000e+01;5.000e+01
100.000000000;1.048e+00;-6.667e-01;5.912e-02;-6.364e-01;5.643e-02;1.065e+00;1.045e+00;-6.164e-01;9.602e-02;1.048e+00;-4.000e-01;3.547e-02;1.000e+01;-6.667e-01;0.000e+00;1.065e+00;5.000e+01;5.000e+01
