time;BusPDR_BUS_Voltage;BusPDR_BUS_ActivePower;BusPDR_BUS_ReactivePower;BusPDR_BUS_ActiveCurrent;BusPDR_BUS_ReactiveCurrent;Bess_GEN_UPuInjTerminal;Bess_GEN_IpInjTerminal;Bess_GEN_IqInjTerminal;Measurements_BUS_Voltage;Measurements_BUS_ActivePower;Measurements_BUS_ReactivePower;StepUp_Xfmr_XFMR_Tap;Bess_GEN_ActivePowerSetpointPu;Bess_GEN_ReactivePowerSetpointPu
0.000000000;1.000e+00;-6.660e-01;7.925e-10;-6.660e-01;2.720e-09;1.000e+00;-6.660e-01;1.255e-09;1.000e+00;-3.330e-03;-0.000e+00;1.000e+01;-6.660e-01;9.000e-05
0.000001000;1.000e+00;-6.660e-01;7.405e-10;-6.660e-01;2.799e-09;1.000e+00;-6.660e-01;1.229e-09;1.000e+00;-3.330e-03;-0.000e+00;1.000e+01;-6.660e-01;9.000e-05
19.999996000;1.000e+00;-6.660e-01;-1.574e-09;-6.660e-01;-2.444e-09;1.000e+00;-6.660e-01;4.927e-09;1.000e+00;-3.330e-03;-0.000e+00;1.000e+01;-6.660e-01;9.001e-05
19.999996000;1.000e+00;-6.660e-01;-1.744e-09;-6.660e-01;-2.138e-09;1.000e+00;-6.660e-01;5.062e-09;1.000e+00;-3.330e-03;-0.000e+00;1.000e+01;-6.660e-01;-1.071e-02
20.000124000;1.000e+00;-6.660e-01;-2.604e-09;-6.660e-01;-7.553e-11;1.000e+00;-6.660e-01;5.287e-09;1.000e+00;-3.330e-03;-0.000e+00;1.000e+01;-6.660e-01;-1.071e-02
20.000252000;1.000e+00;-6.660e-01;-2.000e-04;-6.660e-01;-2.000e-04;9.999e-01;-6.660e-01;5.248e-09;1.000e+00;-3.330e-03;-1.000e-06;1.000e+01;-6.660e-01;-1.071e-02
20.000508000;9.999e-01;-6.660e-01;-2.000e-04;-6.661e-01;-2.000e-04;9.999e-01;-6.661e-01;-2.000e-04;9.999e-01;-3.330e-03;-1.000e-06;1.000e+01;-6.660e-01;-1.071e-02
20.000764000;9.999e-01;-6.660e-01;-4.000e-04;-6.661e-01;-4.001e-04;9.999e-01;-6.661e-01;-4.001e-04;9.999e-01;-3.330e-03;-2.000e-06;1.000e+01;-6.660e-01;-1.071e-02
20.001276000;9.998e-01;-6.658e-01;-6.000e-04;-6.659e-01;-6.001e-04;9.998e-01;-6.659e-01;-6.001e-04;9.998e-01;-3.329e-03;-3.000e-06;1.000e+01;-6.660e-01;-1.071e-02
20.001737000;9.997e-01;-6.658e-01;-8.000e-04;-6.660e-01;-8.002e-04;9.997e-01;-6.660e-01;-8.002e-04;9.997e-01;-3.329e-03;-4.000e-06;1.000e+01;-6.660e-01;-1.071e-02
20.002198000;9.997e-01;-6.658e-01;-1.000e-03;-6.660e-01;-1.000e-03;9.996e-01;-6.660e-01;-1.000e-03;9.997e-01;-3.329e-03;-5.000e-06;1.000e+01;-6.660e-01;-1.071e-02
20.002658000;9.996e-01;-6.658e-01;-1.200e-03;-6.661e-01;-1.200e-03;9.996e-01;-6.661e-01;-1.201e-03;9.996e-01;-3.329e-03;-6.000e-06;1.000e+01;-6.660e-01;-1.071e-02
20.003119000;9.995e-01;-6.656e-01;-1.400e-03;-6.659e-01;-1.401e-03;9.995e-01;-6.659e-01;-1.401e-03;9.995e-01;-3.328e-03;-7.000e-06;1.000e+01;-6.660e-01;-1.071e-02
20.003580000;9.995e-01;-6.656e-01;-1.600e-03;-6.660e-01;-1.601e-03;9.995e-01;-6.660e-01;-1.601e-03;9.995e-01;-3.328e-03;-8.000e-06;1.000e+01;-6.660e-01;-1.071e-02
20.004041000;9.994e-01;-6.656e-01;-1.800e-03;-6.660e-01;-1.801e-03;9.994e-01;-6.660e-01;-1.801e-03;9.994e-01;-3.328e-03;-9.000e-06;1.000e+01;-6.660e-01;-1.071e-02
20.004502000;9.994e-01;-6.656e-01;-2.000e-03;-6.660e-01;-2.001e-03;9.994e-01;-6.660e-01;-1.801e-03;9.994e-01;-3.328e-03;-1.000e-05;1.000e+01;-6.660e-01;-1.071e-02
20.004962000;9.993e-01;-6.656e-01;-2.200e-03;-6.661e-01;-2.202e-03;9.993e-01;-6.661e-01;-2.001e-03;9.993e-01;-3.328e-03;-1.100e-05;1.000e+01;-6.660e-01;-1.071e-02
20.005423000;9.993e-01;-6.656e-01;-2.200e-03;-6.661e-01;-2.202e-03;9.993e-01;-6.661e-01;-2.202e-03;9.993e-01;-3.328e-03;-1.100e-05;1.000e+01;-6.660e-01;-1.071e-02
20.005884000;9.992e-01;-6.654e-01;-2.400e-03;-6.659e-01;-2.402e-03;9.992e-01;-6.659e-01;-2.402e-03;9.992e-01;-3.327e-03;-1.200e-05;1.000e+01;-6.660e-01;-1.071e-02
20.006345000;9.992e-01;-6.654e-01;-2.600e-03;-6.659e-01;-2.602e-03;9.992e-01;-6.660e-01;-2.402e-03;9.992e-01;-3.327e-03;-1.300e-05;1.000e+01;-6.660e-01;-1.071e-02
20.006806000;9.991e-01;-6.654e-01;-2.600e-03;-6.660e-01;-2.602e-03;9.991e-01;-6.660e-01;-2.602e-03;9.991e-01;-3.327e-03;-1.300e-05;1.000e+01;-6.660e-01;-1.071e-02
20.007266000;9.991e-01;-6.654e-01;-2.800e-03;-6.660e-01;-2.803e-03;9.991e-01;-6.660e-01;-2.602e-03;9.991e-01;-3.327e-03;-1.400e-05;1.000e+01;-6.660e-01;-1.071e-02
20.007727000;9.991e-01;-6.654e-01;-2.800e-03;-6.660e-01;-2.803e-03;9.991e-01;-6.660e-01;-2.803e-03;9.991e-01;-3.327e-03;-1.400e-05;1.000e+01;-6.660e-01;-1.071e-02
20.008188000;9.990e-01;-6.654e-01;-3.000e-03;-6.661e-01;-3.003e-03;9.990e-01;-6.661e-01;-2.803e-03;9.990e-01;-3.327e-03;-1.500e-05;1.000e+01;-6.660e-01;-1.071e-02
20.008649000;9.990e-01;-6.654e-01;-3.000e-03;-6.661e-01;-3.003e-03;9.990e-01;-6.661e-01;-3.003e-03;9.990e-01;-3.327e-03;-1.500e-05;1.000e+01;-6.660e-01;-1.071e-02
20.009110000;9.990e-01;-6.654e-01;-3.200e-03;-6.661e-01;-3.203e-03;9.989e-01;-6.661e-01;-3.003e-03;9.990e-01;-3.327e-03;-1.600e-05;1.000e+01;-6.660e-01;-1.071e-02
20.009570000;9.989e-01;-6.654e-01;-3.200e-03;-6.661e-01;-3.203e-03;9.989e-01;-6.661e-01;-3.203e-03;9.989e-01;-3.327e-03;-1.600e-05;1.000e+01;-6.660e-01;-1.071e-02
20.010031000;9.989e-01;-6.654e-01;-3.400e-03;-6.661e-01;-3.404e-03;9.989e-01;-6.661e-01;-3.204e-03;9.989e-01;-3.327e-03;-1.700e-05;1.000e+01;-6.660e-01;-1.071e-02
20.010492000;9.989e-01;-6.654e-01;-3.400e-03;-6.662e-01;-3.404e-03;9.989e-01;-6.662e-01;-3.404e-03;9.989e-01;-3.327e-03;-1.700e-05;1.000e+01;-6.660e-01;-1.071e-02
20.010953000;9.988e-01;-6.652e-01;-3.600e-03;-6.660e-01;-3.604e-03;9.988e-01;-6.660e-01;-3.404e-03;9.988e-01;-3.326e-03;-1.800e-05;1.000e+01;-6.660e-01;-1.071e-02
20.011414000;9.988e-01;-6.652e-01;-3.600e-03;-6.660e-01;-3.604e-03;9.988e-01;-6.660e-01;-3.604e-03;9.988e-01;-3.326e-03;-1.800e-05;1.000e+01;-6.660e-01;-1.071e-02
20.011874000;9.988e-01;-6.652e-01;-3.600e-03;-6.660e-01;-3.604e-03;9.988e-01;-6.660e-01;-3.604e-03;9.988e-01;-3.326e-03;-1.800e-05;1.000e+01;-6.660e-01;-1.071e-02
20.012335000;9.988e-01;-6.652e-01;-3.800e-03;-6.660e-01;-3.805e-03;9.988e-01;-6.660e-01;-3.604e-03;9.988e-01;-3.326e-03;-1.900e-05;1.000e+01;-6.660e-01;-1.071e-02
20.012796000;9.988e-01;-6.652e-01;-3.800e-03;-6.660e-01;-3.805e-03;9.987e-01;-6.660e-01;-3.805e-03;9.988e-01;-3.326e-03;-1.900e-05;1.000e+01;-6.660e-01;-1.071e-02
20.013257000;9.987e-01;-6.652e-01;-3.800e-03;-6.660e-01;-3.805e-03;9.987e-01;-6.661e-01;-3.805e-03;9.987e-01;-3.326e-03;-1.900e-05;1.000e+01;-6.660e-01;-1.071e-02
20.013718000;9.987e-01;-6.652e-01;-4.000e-03;-6.661e-01;-4.005e-03;9.987e-01;-6.661e-01;-3.805e-03;9.987e-01;-3.326e-03;-2.000e-05;1.000e+01;-6.660e-01;-1.071e-02
20.014178000;9.987e-01;-6.652e-01;-4.000e-03;-6.661e-01;-4.005e-03;9.987e-01;-6.661e-01;-3.805e-03;9.987e-01;-3.326e-03;-2.000e-05;1.000e+01;-6.660e-01;-1.071e-02
20.014639000;9.987e-01;-6.652e-01;-4.000e-03;-6.661e-01;-4.005e-03;9.987e-01;-6.661e-01;-4.005e-03;9.987e-01;-3.326e-03;-2.000e-05;1.000e+01;-6.660e-01;-1.071e-02
20.015100000;9.987e-01;-6.652e-01;-4.000e-03;-6.661e-01;-4.005e-03;9.987e-01;-6.661e-01;-4.005e-03;9.987e-01;-3.326e-03;-2.000e-05;1.000e+01;-6.660e-01;-1.071e-02
20.015561000;9.986e-01;-6.652e-01;-4.200e-03;-6.661e-01;-4.206e-03;9.986e-01;-6.661e-01;-4.005e-03;9.986e-01;-3.326e-03;-2.100e-05;1.000e+01;-6.660e-01;-1.071e-02
20.016022000;9.986e-01;-6.652e-01;-4.200e-03;-6.661e-01;-4.206e-03;9.986e-01;-6.661e-01;-4.006e-03;9.986e-01;-3.326e-03;-2.100e-05;1.000e+01;-6.660e-01;-1.071e-02
20.016482000;9.986e-01;-6.652e-01;-4.200e-03;-6.661e-01;-4.206e-03;9.986e-01;-6.661e-01;-4.206e-03;9.986e-01;-3.326e-03;-2.100e-05;1.000e+01;-6.660e-01;-1.071e-02
20.017404000;9.986e-01;-6.652e-01;-4.200e-03;-6.661e-01;-4.206e-03;9.986e-01;-6.661e-01;-4.206e-03;9.986e-01;-3.326e-03;-2.100e-05;1.000e+01;-6.660e-01;-1.071e-02
20.017865000;9.986e-01;-6.652e-01;-4.400e-03;-6.661e-01;-4.406e-03;9.986e-01;-6.662e-01;-4.206e-03;9.986e-01;-3.326e-03;-2.200e-05;1.000e+01;-6.660e-01;-1.071e-02
20.018786000;9.986e-01;-6.652e-01;-4.400e-03;-6.662e-01;-4.406e-03;9.985e-01;-6.662e-01;-4.206e-03;9.986e-01;-3.326e-03;-2.200e-05;1.000e+01;-6.660e-01;-1.071e-02
20.019616000;9.985e-01;-6.652e-01;-4.400e-03;-6.662e-01;-4.406e-03;9.985e-01;-6.662e-01;-4.406e-03;9.985e-01;-3.326e-03;-2.200e-05;1.000e+01;-6.660e-01;-1.071e-02
20.020445000;9.985e-01;-6.652e-01;-4.400e-03;-6.662e-01;-4.407e-03;9.985e-01;-6.662e-01;-4.407e-03;9.985e-01;-3.326e-03;-2.200e-05;1.000e+01;-6.660e-01;-1.071e-02
20.021275000;9.985e-01;-6.652e-01;-4.600e-03;-6.662e-01;-4.607e-03;9.985e-01;-6.662e-01;-4.407e-03;9.985e-01;-3.326e-03;-2.300e-05;1.000e+01;-6.660e-01;-1.071e-02
20.022934000;9.985e-01;-6.652e-01;-4.600e-03;-6.662e-01;-4.607e-03;9.985e-01;-6.662e-01;-4.407e-03;9.985e-01;-3.326e-03;-2.300e-05;1.000e+01;-6.660e-01;-1.071e-02
20.023763000;9.985e-01;-6.654e-01;-4.600e-03;-6.664e-01;-4.607e-03;9.985e-01;-6.662e-01;-4.607e-03;9.985e-01;-3.327e-03;-2.300e-05;1.000e+01;-6.660e-01;-1.071e-02
20.024592000;9.985e-01;-6.654e-01;-4.600e-03;-6.664e-01;-4.607e-03;9.985e-01;-6.664e-01;-4.607e-03;9.985e-01;-3.327e-03;-2.300e-05;1.000e+01;-6.660e-01;-1.071e-02
20.025422000;9.984e-01;-6.654e-01;-4.600e-03;-6.664e-01;-4.607e-03;9.984e-01;-6.664e-01;-4.607e-03;9.984e-01;-3.327e-03;-2.300e-05;1.000e+01;-6.660e-01;-1.071e-02
20.027081000;9.984e-01;-6.654e-01;-4.600e-03;-6.664e-01;-4.607e-03;9.984e-01;-6.664e-01;-4.607e-03;9.984e-01;-3.327e-03;-2.300e-05;1.000e+01;-6.660e-01;-1.071e-02
20.027910000;9.984e-01;-6.654e-01;-4.800e-03;-6.664e-01;-4.808e-03;9.984e-01;-6.665e-01;-4.607e-03;9.984e-01;-3.327e-03;-2.400e-05;1.000e+01;-6.660e-01;-1.071e-02
20.028740000;9.984e-01;-6.654e-01;-4.800e-03;-6.665e-01;-4.808e-03;9.984e-01;-6.665e-01;-4.607e-03;9.984e-01;-3.327e-03;-2.400e-05;1.000e+01;-6.660e-01;-1.071e-02
20.034546000;9.984e-01;-6.654e-01;-4.800e-03;-6.665e-01;-4.808e-03;9.984e-01;-6.665e-01;-4.607e-03;9.984e-01;-3.327e-03;-2.400e-05;1.000e+01;-6.660e-01;-1.071e-02
20.035375000;9.984e-01;-6.656e-01;-4.800e-03;-6.667e-01;-4.808e-03;9.984e-01;-6.665e-01;-4.607e-03;9.984e-01;-3.328e-03;-2.400e-05;1.000e+01;-6.660e-01;-1.071e-02
20.036205000;9.984e-01;-6.656e-01;-4.800e-03;-6.667e-01;-4.808e-03;9.984e-01;-6.667e-01;-4.607e-03;9.984e-01;-3.328e-03;-2.400e-05;1.000e+01;-6.660e-01;-1.071e-02
20.037205000;9.984e-01;-6.656e-01;-4.800e-03;-6.667e-01;-4.808e-03;9.984e-01;-6.667e-01;-4.608e-03;9.984e-01;-3.328e-03;-2.400e-05;1.000e+01;-6.660e-01;-1.071e-02
20.038205000;9.984e-01;-6.656e-01;-4.800e-03;-6.667e-01;-4.808e-03;9.984e-01;-6.667e-01;-4.608e-03;9.984e-01;-3.328e-03;-2.400e-05;1.000e+01;-6.660e-01;-1.071e-02
20.039205000;9.984e-01;-6.656e-01;-4.800e-03;-6.667e-01;-4.808e-03;9.984e-01;-6.667e-01;-4.808e-03;9.984e-01;-3.328e-03;-2.400e-05;1.000e+01;-6.660e-01;-1.071e-02
20.045205000;9.984e-01;-6.656e-01;-4.800e-03;-6.667e-01;-4.808e-03;9.984e-01;-6.667e-01;-4.808e-03;9.984e-01;-3.328e-03;-2.400e-05;1.000e+01;-6.660e-01;-1.071e-02
20.046205000;9.984e-01;-6.656e-01;-4.800e-03;-6.667e-01;-4.808e-03;9.983e-01;-6.667e-01;-4.808e-03;9.984e-01;-3.328e-03;-2.400e-05;1.000e+01;-6.660e-01;-1.071e-02
20.048205000;9.984e-01;-6.656e-01;-4.800e-03;-6.667e-01;-4.808e-03;9.983e-01;-6.667e-01;-4.808e-03;9.984e-01;-3.328e-03;-2.400e-05;1.000e+01;-6.660e-01;-1.071e-02
20.049205000;9.984e-01;-6.658e-01;-4.800e-03;-6.669e-01;-4.808e-03;9.983e-01;-6.667e-01;-4.808e-03;9.984e-01;-3.329e-03;-2.400e-05;1.000e+01;-6.660e-01;-1.071e-02
20.050205000;9.984e-01;-6.658e-01;-4.800e-03;-6.669e-01;-4.808e-03;9.983e-01;-6.669e-01;-4.808e-03;9.984e-01;-3.329e-03;-2.400e-05;1.000e+01;-6.660e-01;-1.071e-02
20.051205000;9.983e-01;-6.658e-01;-4.800e-03;-6.669e-01;-4.808e-03;9.983e-01;-6.669e-01;-4.808e-03;9.983e-01;-3.329e-03;-2.400e-05;1.000e+01;-6.660e-01;-1.071e-02
20.076205000;9.983e-01;-6.658e-01;-4.800e-03;-6.669e-01;-4.808e-03;9.983e-01;-6.669e-01;-4.808e-03;9.983e-01;-3.329e-03;-2.400e-05;1.000e+01;-6.660e-01;-1.071e-02
20.077205000;9.983e-01;-6.660e-01;-4.800e-03;-6.671e-01;-4.808e-03;9.983e-01;-6.669e-01;-4.808e-03;9.983e-01;-3.330e-03;-2.400e-05;1.000e+01;-6.660e-01;-1.071e-02
20.078205000;9.983e-01;-6.660e-01;-4.800e-03;-6.671e-01;-4.808e-03;9.983e-01;-6.669e-01;-4.808e-03;9.983e-01;-3.330e-03;-2.400e-05;1.000e+01;-6.660e-01;-1.071e-02
20.079205000;9.983e-01;-6.660e-01;-4.800e-03;-6.671e-01;-4.808e-03;9.983e-01;-6.671e-01;-4.808e-03;9.983e-01;-3.330e-03;-2.400e-05;1.000e+01;-6.660e-01;-1.071e-02
20.092205000;9.983e-01;-6.660e-01;-4.800e-03;-6.671e-01;-4.808e-03;9.983e-01;-6.671e-01;-4.808e-03;9.983e-01;-3.330e-03;-2.400e-05;1.000e+01;-6.660e-01;-1.071e-02
20.093205000;9.983e-01;-6.660e-01;-5.000e-03;-6.671e-01;-5.009e-03;9.983e-01;-6.671e-01;-4.808e-03;9.983e-01;-3.330e-03;-2.500e-05;1.000e+01;-6.660e-01;-1.071e-02
20.099205000;9.983e-01;-6.660e-01;-5.000e-03;-6.671e-01;-5.009e-03;9.983e-01;-6.671e-01;-4.808e-03;9.983e-01;-3.330e-03;-2.500e-05;1.000e+01;-6.660e-01;-1.071e-02
20.100205000;9.983e-01;-6.660e-01;-5.000e-03;-6.671e-01;-5.009e-03;9.983e-01;-6.672e-01;-4.808e-03;9.983e-01;-3.330e-03;-2.500e-05;1.000e+01;-6.660e-01;-1.071e-02
20.107205000;9.983e-01;-6.660e-01;-5.000e-03;-6.671e-01;-5.009e-03;9.983e-01;-6.672e-01;-4.808e-03;9.983e-01;-3.330e-03;-2.500e-05;1.000e+01;-6.660e-01;-1.071e-02
20.108205000;9.983e-01;-6.660e-01;-5.000e-03;-6.672e-01;-5.009e-03;9.983e-01;-6.672e-01;-4.808e-03;9.983e-01;-3.330e-03;-2.500e-05;1.000e+01;-6.660e-01;-1.071e-02
20.123205000;9.983e-01;-6.660e-01;-5.000e-03;-6.672e-01;-5.009e-03;9.983e-01;-6.672e-01;-4.808e-03;9.983e-01;-3.330e-03;-2.500e-05;1.000e+01;-6.660e-01;-1.071e-02
20.124205000;9.983e-01;-6.660e-01;-5.000e-03;-6.672e-01;-5.009e-03;9.982e-01;-6.672e-01;-4.808e-03;9.983e-01;-3.330e-03;-2.500e-05;1.000e+01;-6.660e-01;-1.071e-02
20.125205000;9.983e-01;-6.660e-01;-5.000e-03;-6.672e-01;-5.009e-03;9.982e-01;-6.672e-01;-5.009e-03;9.983e-01;-3.330e-03;-2.500e-05;1.000e+01;-6.660e-01;-1.071e-02
20.130205000;9.983e-01;-6.660e-01;-5.000e-03;-6.672e-01;-5.009e-03;9.982e-01;-6.672e-01;-5.009e-03;9.983e-01;-3.330e-03;-2.500e-05;1.000e+01;-6.660e-01;-1.071e-02
20.131205000;9.982e-01;-6.660e-01;-5.000e-03;-6.672e-01;-5.009e-03;9.982e-01;-6.672e-01;-5.009e-03;9.982e-01;-3.330e-03;-2.500e-05;1.000e+01;-6.660e-01;-1.071e-02
20.158205000;9.982e-01;-6.660e-01;-5.000e-03;-6.672e-01;-5.009e-03;9.982e-01;-6.672e-01;-5.009e-03;9.982e-01;-3.330e-03;-2.500e-05;1.000e+01;-6.660e-01;-1.071e-02
20.159205000;9.982e-01;-6.660e-01;-5.200e-03;-6.672e-01;-5.209e-03;9.982e-01;-6.672e-01;-5.009e-03;9.982e-01;-3.330e-03;-2.600e-05;1.000e+01;-6.660e-01;-1.071e-02
20.189205000;9.982e-01;-6.660e-01;-5.200e-03;-6.672e-01;-5.209e-03;9.982e-01;-6.672e-01;-5.009e-03;9.982e-01;-3.330e-03;-2.600e-05;1.000e+01;-6.660e-01;-1.071e-02
20.190205000;9.982e-01;-6.660e-01;-5.200e-03;-6.672e-01;-5.209e-03;9.982e-01;-6.672e-01;-5.209e-03;9.982e-01;-3.330e-03;-2.600e-05;1.000e+01;-6.660e-01;-1.071e-02
20.191205000;9.982e-01;-6.660e-01;-5.200e-03;-6.672e-01;-5.209e-03;9.982e-01;-6.672e-01;-5.210e-03;9.982e-01;-3.330e-03;-2.600e-05;1.000e+01;-6.660e-01;-1.071e-02
20.199205000;9.982e-01;-6.660e-01;-5.200e-03;-6.672e-01;-5.209e-03;9.982e-01;-6.672e-01;-5.210e-03;9.982e-01;-3.330e-03;-2.600e-05;1.000e+01;-6.660e-01;-1.071e-02
20.200205000;9.982e-01;-6.660e-01;-5.200e-03;-6.672e-01;-5.210e-03;9.982e-01;-6.672e-01;-5.210e-03;9.982e-01;-3.330e-03;-2.600e-05;1.000e+01;-6.660e-01;-1.071e-02
20.215205000;9.982e-01;-6.660e-01;-5.200e-03;-6.672e-01;-5.210e-03;9.982e-01;-6.672e-01;-5.210e-03;9.982e-01;-3.330e-03;-2.600e-05;1.000e+01;-6.660e-01;-1.071e-02
20.216205000;9.982e-01;-6.660e-01;-5.200e-03;-6.672e-01;-5.210e-03;9.981e-01;-6.672e-01;-5.210e-03;9.982e-01;-3.330e-03;-2.600e-05;1.000e+01;-6.660e-01;-1.071e-02
20.223205000;9.982e-01;-6.660e-01;-5.200e-03;-6.672e-01;-5.210e-03;9.981e-01;-6.672e-01;-5.210e-03;9.982e-01;-3.330e-03;-2.600e-05;1.000e+01;-6.660e-01;-1.071e-02
20.224205000;9.981e-01;-6.660e-01;-5.200e-03;-6.672e-01;-5.210e-03;9.981e-01;-6.672e-01;-5.210e-03;9.981e-01;-3.330e-03;-2.600e-05;1.000e+01;-6.660e-01;-1.071e-02
20.225205000;9.981e-01;-6.660e-01;-5.400e-03;-6.672e-01;-5.410e-03;9.981e-01;-6.672e-01;-5.210e-03;9.981e-01;-3.330e-03;-2.700e-05;1.000e+01;-6.660e-01;-1.071e-02
20.237205000;9.981e-01;-6.660e-01;-5.400e-03;-6.672e-01;-5.410e-03;9.981e-01;-6.672e-01;-5.210e-03;9.981e-01;-3.330e-03;-2.700e-05;1.000e+01;-6.660e-01;-1.071e-02
20.238205000;9.981e-01;-6.660e-01;-5.400e-03;-6.672e-01;-5.410e-03;9.981e-01;-6.673e-01;-5.210e-03;9.981e-01;-3.330e-03;-2.700e-05;1.000e+01;-6.660e-01;-1.071e-02
20.246205000;9.981e-01;-6.660e-01;-5.400e-03;-6.672e-01;-5.410e-03;9.981e-01;-6.673e-01;-5.210e-03;9.981e-01;-3.330e-03;-2.700e-05;1.000e+01;-6.660e-01;-1.071e-02
20.247205000;9.981e-01;-6.660e-01;-5.400e-03;-6.673e-01;-5.410e-03;9.981e-01;-6.673e-01;-5.210e-03;9.981e-01;-3.330e-03;-2.700e-05;1.000e+01;-6.660e-01;-1.071e-02
20.256205000;9.981e-01;-6.660e-01;-5.400e-03;-6.673e-01;-5.410e-03;9.981e-01;-6.673e-01;-5.210e-03;9.981e-01;-3.330e-03;-2.700e-05;1.000e+01;-6.660e-01;-1.071e-02
20.257205000;9.981e-01;-6.660e-01;-5.400e-03;-6.673e-01;-5.410e-03;9.981e-01;-6.673e-01;-5.410e-03;9.981e-01;-3.330e-03;-2.700e-05;1.000e+01;-6.660e-01;-1.071e-02
20.291205000;9.981e-01;-6.660e-01;-5.400e-03;-6.673e-01;-5.410e-03;9.981e-01;-6.673e-01;-5.410e-03;9.981e-01;-3.330e-03;-2.700e-05;1.000e+01;-6.660e-01;-1.071e-02
20.292205000;9.981e-01;-6.660e-01;-5.600e-03;-6.673e-01;-5.611e-03;9.981e-01;-6.673e-01;-5.410e-03;9.981e-01;-3.330e-03;-2.800e-05;1.000e+01;-6.660e-01;-1.071e-02
20.302205000;9.981e-01;-6.660e-01;-5.600e-03;-6.673e-01;-5.611e-03;9.981e-01;-6.673e-01;-5.410e-03;9.981e-01;-3.330e-03;-2.800e-05;1.000e+01;-6.660e-01;-1.071e-02
20.303205000;9.981e-01;-6.660e-01;-5.600e-03;-6.673e-01;-5.611e-03;9.981e-01;-6.673e-01;-5.411e-03;9.981e-01;-3.330e-03;-2.800e-05;1.000e+01;-6.660e-01;-1.071e-02
20.311205000;9.981e-01;-6.660e-01;-5.600e-03;-6.673e-01;-5.611e-03;9.981e-01;-6.673e-01;-5.411e-03;9.981e-01;-3.330e-03;-2.800e-05;1.000e+01;-6.660e-01;-1.071e-02
20.312205000;9.981e-01;-6.660e-01;-5.600e-03;-6.673e-01;-5.611e-03;9.980e-01;-6.673e-01;-5.411e-03;9.981e-01;-3.330e-03;-2.800e-05;1.000e+01;-6.660e-01;-1.071e-02
20.319205000;9.981e-01;-6.660e-01;-5.600e-03;-6.673e-01;-5.611e-03;9.980e-01;-6.673e-01;-5.411e-03;9.981e-01;-3.330e-03;-2.800e-05;1.000e+01;-6.660e-01;-1.071e-02
20.320205000;9.980e-01;-6.660e-01;-5.600e-03;-6.673e-01;-5.611e-03;9.980e-01;-6.673e-01;-5.411e-03;9.980e-01;-3.330e-03;-2.800e-05;1.000e+01;-6.660e-01;-1.071e-02
20.324205000;9.980e-01;-6.660e-01;-5.600e-03;-6.673e-01;-5.611e-03;9.980e-01;-6.673e-01;-5.411e-03;9.980e-01;-3.330e-03;-2.800e-05;1.000e+01;-6.660e-01;-1.071e-02
20.325205000;9.980e-01;-6.660e-01;-5.600e-03;-6.673e-01;-5.611e-03;9.980e-01;-6.673e-01;-5.611e-03;9.980e-01;-3.330e-03;-2.800e-05;1.000e+01;-6.660e-01;-1.071e-02
20.360205000;9.980e-01;-6.660e-01;-5.600e-03;-6.673e-01;-5.611e-03;9.980e-01;-6.673e-01;-5.611e-03;9.980e-01;-3.330e-03;-2.800e-05;1.000e+01;-6.660e-01;-1.071e-02
20.361205000;9.980e-01;-6.660e-01;-5.800e-03;-6.673e-01;-5.812e-03;9.980e-01;-6.673e-01;-5.611e-03;9.980e-01;-3.330e-03;-2.900e-05;1.000e+01;-6.660e-01;-1.071e-02
20.382205000;9.980e-01;-6.660e-01;-5.800e-03;-6.673e-01;-5.812e-03;9.980e-01;-6.673e-01;-5.611e-03;9.980e-01;-3.330e-03;-2.900e-05;1.000e+01;-6.660e-01;-1.071e-02
20.383205000;9.980e-01;-6.660e-01;-5.800e-03;-6.673e-01;-5.812e-03;9.980e-01;-6.674e-01;-5.611e-03;9.980e-01;-3.330e-03;-2.900e-05;1.000e+01;-6.660e-01;-1.071e-02
20.392205000;9.980e-01;-6.660e-01;-5.800e-03;-6.673e-01;-5.812e-03;9.980e-01;-6.674e-01;-5.611e-03;9.980e-01;-3.330e-03;-2.900e-05;1.000e+01;-6.660e-01;-1.071e-02
20.393205000;9.980e-01;-6.660e-01;-5.800e-03;-6.674e-01;-5.812e-03;9.980e-01;-6.674e-01;-5.611e-03;9.980e-01;-3.330e-03;-2.900e-05;1.000e+01;-6.660e-01;-1.071e-02
20.394205000;9.980e-01;-6.660e-01;-5.800e-03;-6.674e-01;-5.812e-03;9.980e-01;-6.674e-01;-5.812e-03;9.980e-01;-3.330e-03;-2.900e-05;1.000e+01;-6.660e-01;-1.071e-02
20.409205000;9.980e-01;-6.660e-01;-5.800e-03;-6.674e-01;-5.812e-03;9.980e-01;-6.674e-01;-5.812e-03;9.980e-01;-3.330e-03;-2.900e-05;1.000e+01;-6.660e-01;-1.071e-02
20.410205000;9.980e-01;-6.660e-01;-5.800e-03;-6.674e-01;-5.812e-03;9.979e-01;-6.674e-01;-5.812e-03;9.980e-01;-3.330e-03;-2.900e-05;1.000e+01;-6.660e-01;-1.071e-02
20.420205000;9.980e-01;-6.660e-01;-5.800e-03;-6.674e-01;-5.812e-03;9.979e-01;-6.674e-01;-5.812e-03;9.980e-01;-3.330e-03;-2.900e-05;1.000e+01;-6.660e-01;-1.071e-02
20.421205000;9.979e-01;-6.660e-01;-5.800e-03;-6.674e-01;-5.812e-03;9.979e-01;-6.674e-01;-5.812e-03;9.979e-01;-3.330e-03;-2.900e-05;1.000e+01;-6.660e-01;-1.071e-02
20.430205000;9.979e-01;-6.660e-01;-5.800e-03;-6.674e-01;-5.812e-03;9.979e-01;-6.674e-01;-5.812e-03;9.979e-01;-3.330e-03;-2.900e-05;1.000e+01;-6.660e-01;-1.071e-02
20.431205000;9.979e-01;-6.660e-01;-6.000e-03;-6.674e-01;-6.012e-03;9.979e-01;-6.674e-01;-5.812e-03;9.979e-01;-3.330e-03;-3.000e-05;1.000e+01;-6.660e-01;-1.071e-02
20.449205000;9.979e-01;-6.660e-01;-6.000e-03;-6.674e-01;-6.012e-03;9.979e-01;-6.674e-01;-5.812e-03;9.979e-01;-3.330e-03;-3.000e-05;1.000e+01;-6.660e-01;-1.071e-02
20.450205000;9.979e-01;-6.660e-01;-6.000e-03;-6.674e-01;-6.013e-03;9.979e-01;-6.674e-01;-5.812e-03;9.979e-01;-3.330e-03;-3.000e-05;1.000e+01;-6.660e-01;-1.071e-02
20.464205000;9.979e-01;-6.660e-01;-6.000e-03;-6.674e-01;-6.013e-03;9.979e-01;-6.674e-01;-5.812e-03;9.979e-01;-3.330e-03;-3.000e-05;1.000e+01;-6.660e-01;-1.071e-02
20.465205000;9.979e-01;-6.660e-01;-6.000e-03;-6.674e-01;-6.013e-03;9.979e-01;-6.674e-01;-6.013e-03;9.979e-01;-3.330e-03;-3.000e-05;1.000e+01;-6.660e-01;-1.071e-02
20.502205000;9.979e-01;-6.660e-01;-6.000e-03;-6.674e-01;-6.013e-03;9.979e-01;-6.674e-01;-6.013e-03;9.979e-01;-3.330e-03;-3.000e-05;1.000e+01;-6.660e-01;-1.071e-02
20.503205000;9.979e-01;-6.660e-01;-6.200e-03;-6.674e-01;-6.213e-03;9.979e-01;-6.674e-01;-6.013e-03;9.979e-01;-3.330e-03;-3.100e-05;1.000e+01;-6.660e-01;-1.071e-02
20.512205000;9.979e-01;-6.660e-01;-6.200e-03;-6.674e-01;-6.213e-03;9.979e-01;-6.674e-01;-6.013e-03;9.979e-01;-3.330e-03;-3.100e-05;1.000e+01;-6.660e-01;-1.071e-02
20.513205000;9.979e-01;-6.660e-01;-6.200e-03;-6.674e-01;-6.213e-03;9.978e-01;-6.674e-01;-6.013e-03;9.979e-01;-3.330e-03;-3.100e-05;1.000e+01;-6.660e-01;-1.071e-02
20.522205000;9.979e-01;-6.660e-01;-6.200e-03;-6.674e-01;-6.213e-03;9.978e-01;-6.674e-01;-6.013e-03;9.979e-01;-3.330e-03;-3.100e-05;1.000e+01;-6.660e-01;-1.071e-02
20.523205000;9.978e-01;-6.660e-01;-6.200e-03;-6.674e-01;-6.213e-03;9.978e-01;-6.674e-01;-6.013e-03;9.978e-01;-3.330e-03;-3.100e-05;1.000e+01;-6.660e-01;-1.071e-02
20.535205000;9.978e-01;-6.660e-01;-6.200e-03;-6.674e-01;-6.213e-03;9.978e-01;-6.674e-01;-6.013e-03;9.978e-01;-3.330e-03;-3.100e-05;1.000e+01;-6.660e-01;-1.071e-02
20.536205000;9.978e-01;-6.660e-01;-6.200e-03;-6.674e-01;-6.213e-03;9.978e-01;-6.675e-01;-6.013e-03;9.978e-01;-3.330e-03;-3.100e-05;1.000e+01;-6.660e-01;-1.071e-02
20.537205000;9.978e-01;-6.660e-01;-6.200e-03;-6.674e-01;-6.213e-03;9.978e-01;-6.675e-01;-6.013e-03;9.978e-01;-3.330e-03;-3.100e-05;1.000e+01;-6.660e-01;-1.071e-02
20.538205000;9.978e-01;-6.660e-01;-6.200e-03;-6.674e-01;-6.213e-03;9.978e-01;-6.675e-01;-6.214e-03;9.978e-01;-3.330e-03;-3.100e-05;1.000e+01;-6.660e-01;-1.071e-02
20.546205000;9.978e-01;-6.660e-01;-6.200e-03;-6.674e-01;-6.213e-03;9.978e-01;-6.675e-01;-6.214e-03;9.978e-01;-3.330e-03;-3.100e-05;1.000e+01;-6.660e-01;-1.071e-02
20.547205000;9.978e-01;-6.660e-01;-6.200e-03;-6.675e-01;-6.214e-03;9.978e-01;-6.675e-01;-6.214e-03;9.978e-01;-3.330e-03;-3.100e-05;1.000e+01;-6.660e-01;-1.071e-02
20.576205000;9.978e-01;-6.660e-01;-6.200e-03;-6.675e-01;-6.214e-03;9.978e-01;-6.675e-01;-6.214e-03;9.978e-01;-3.330e-03;-3.100e-05;1.000e+01;-6.660e-01;-1.071e-02
20.577205000;9.978e-01;-6.660e-01;-6.400e-03;-6.675e-01;-6.414e-03;9.978e-01;-6.675e-01;-6.214e-03;9.978e-01;-3.330e-03;-3.200e-05;1.000e+01;-6.660e-01;-1.071e-02
20.612205000;9.978e-01;-6.660e-01;-6.400e-03;-6.675e-01;-6.414e-03;9.978e-01;-6.675e-01;-6.214e-03;9.978e-01;-3.330e-03;-3.200e-05;1.000e+01;-6.660e-01;-1.071e-02
20.613205000;9.978e-01;-6.660e-01;-6.400e-03;-6.675e-01;-6.414e-03;9.978e-01;-6.675e-01;-6.414e-03;9.978e-01;-3.330e-03;-3.200e-05;1.000e+01;-6.660e-01;-1.071e-02
20.618205000;9.978e-01;-6.660e-01;-6.400e-03;-6.675e-01;-6.414e-03;9.978e-01;-6.675e-01;-6.414e-03;9.978e-01;-3.330e-03;-3.200e-05;1.000e+01;-6.660e-01;-1.071e-02
20.619205000;9.978e-01;-6.660e-01;-6.400e-03;-6.675e-01;-6.414e-03;9.977e-01;-6.675e-01;-6.414e-03;9.978e-01;-3.330e-03;-3.200e-05;1.000e+01;-6.660e-01;-1.071e-02
20.629205000;9.978e-01;-6.660e-01;-6.400e-03;-6.675e-01;-6.414e-03;9.977e-01;-6.675e-01;-6.414e-03;9.978e-01;-3.330e-03;-3.200e-05;1.000e+01;-6.660e-01;-1.071e-02
20.630205000;9.977e-01;-6.660e-01;-6.400e-03;-6.675e-01;-6.414e-03;9.977e-01;-6.675e-01;-6.414e-03;9.977e-01;-3.330e-03;-3.200e-05;1.000e+01;-6.660e-01;-1.071e-02
20.631205000;9.977e-01;-6.660e-01;-6.400e-03;-6.675e-01;-6.414e-03;9.977e-01;-6.675e-01;-6.415e-03;9.977e-01;-3.330e-03;-3.200e-05;1.000e+01;-6.660e-01;-1.071e-02
20.640205000;9.977e-01;-6.660e-01;-6.400e-03;-6.675e-01;-6.414e-03;9.977e-01;-6.675e-01;-6.415e-03;9.977e-01;-3.330e-03;-3.200e-05;1.000e+01;-6.660e-01;-1.071e-02
20.641205000;9.977e-01;-6.660e-01;-6.400e-03;-6.675e-01;-6.415e-03;9.977e-01;-6.675e-01;-6.415e-03;9.977e-01;-3.330e-03;-3.200e-05;1.000e+01;-6.660e-01;-1.071e-02
20.652205000;9.977e-01;-6.660e-01;-6.400e-03;-6.675e-01;-6.415e-03;9.977e-01;-6.675e-01;-6.415e-03;9.977e-01;-3.330e-03;-3.200e-05;1.000e+01;-6.660e-01;-1.071e-02
20.653205000;9.977e-01;-6.660e-01;-6.600e-03;-6.675e-01;-6.615e-03;9.977e-01;-6.675e-01;-6.415e-03;9.977e-01;-3.330e-03;-3.300e-05;1.000e+01;-6.660e-01;-1.071e-02
20.688205000;9.977e-01;-6.660e-01;-6.600e-03;-6.675e-01;-6.615e-03;9.977e-01;-6.675e-01;-6.415e-03;9.977e-01;-3.330e-03;-3.300e-05;1.000e+01;-6.660e-01;-1.071e-02
20.689205000;9.977e-01;-6.660e-01;-6.600e-03;-6.675e-01;-6.615e-03;9.977e-01;-6.675e-01;-6.615e-03;9.977e-01;-3.330e-03;-3.300e-05;1.000e+01;-6.660e-01;-1.071e-02
20.697205000;9.977e-01;-6.660e-01;-6.600e-03;-6.675e-01;-6.615e-03;9.977e-01;-6.675e-01;-6.615e-03;9.977e-01;-3.330e-03;-3.300e-05;1.000e+01;-6.660e-01;-1.071e-02
20.698205000;9.977e-01;-6.660e-01;-6.600e-03;-6.675e-01;-6.615e-03;9.977e-01;-6.676e-01;-6.615e-03;9.977e-01;-3.330e-03;-3.300e-05;1.000e+01;-6.660e-01;-1.071e-02
20.707205000;9.977e-01;-6.660e-01;-6.600e-03;-6.675e-01;-6.615e-03;9.977e-01;-6.676e-01;-6.615e-03;9.977e-01;-3.330e-03;-3.300e-05;1.000e+01;-6.660e-01;-1.071e-02
20.708205000;9.977e-01;-6.660e-01;-6.600e-03;-6.676e-01;-6.615e-03;9.977e-01;-6.676e-01;-6.615e-03;9.977e-01;-3.330e-03;-3.300e-05;1.000e+01;-6.660e-01;-1.071e-02
20.721205000;9.977e-01;-6.660e-01;-6.600e-03;-6.676e-01;-6.615e-03;9.977e-01;-6.676e-01;-6.615e-03;9.977e-01;-3.330e-03;-3.300e-05;1.000e+01;-6.660e-01;-1.071e-02
20.722205000;9.977e-01;-6.660e-01;-6.600e-03;-6.676e-01;-6.615e-03;9.977e-01;-6.676e-01;-6.616e-03;9.977e-01;-3.330e-03;-3.300e-05;1.000e+01;-6.660e-01;-1.071e-02
20.729205000;9.977e-01;-6.660e-01;-6.600e-03;-6.676e-01;-6.615e-03;9.977e-01;-6.676e-01;-6.616e-03;9.977e-01;-3.330e-03;-3.300e-05;1.000e+01;-6.660e-01;-1.071e-02
20.730205000;9.977e-01;-6.660e-01;-6.800e-03;-6.676e-01;-6.816e-03;9.976e-01;-6.676e-01;-6.616e-03;9.977e-01;-3.330e-03;-3.400e-05;1.000e+01;-6.660e-01;-1.071e-02
20.740205000;9.977e-01;-6.660e-01;-6.800e-03;-6.676e-01;-6.816e-03;9.976e-01;-6.676e-01;-6.616e-03;9.977e-01;-3.330e-03;-3.400e-05;1.000e+01;-6.660e-01;-1.071e-02
20.741205000;9.976e-01;-6.660e-01;-6.800e-03;-6.676e-01;-6.816e-03;9.976e-01;-6.676e-01;-6.616e-03;9.976e-01;-3.330e-03;-3.400e-05;1.000e+01;-6.660e-01;-1.071e-02
20.767205000;9.976e-01;-6.660e-01;-6.800e-03;-6.676e-01;-6.816e-03;9.976e-01;-6.676e-01;-6.616e-03;9.976e-01;-3.330e-03;-3.400e-05;1.000e+01;-6.660e-01;-1.071e-02
20.768205000;9.976e-01;-6.660e-01;-6.800e-03;-6.676e-01;-6.816e-03;9.976e-01;-6.676e-01;-6.816e-03;9.976e-01;-3.330e-03;-3.400e-05;1.000e+01;-6.660e-01;-1.071e-02
20.809205000;9.976e-01;-6.660e-01;-6.800e-03;-6.676e-01;-6.816e-03;9.976e-01;-6.676e-01;-6.816e-03;9.976e-01;-3.330e-03;-3.400e-05;1.000e+01;-6.660e-01;-1.071e-02
20.810205000;9.976e-01;-6.660e-01;-6.800e-03;-6.676e-01;-6.816e-03;9.976e-01;-6.676e-01;-6.817e-03;9.976e-01;-3.330e-03;-3.400e-05;1.000e+01;-6.660e-01;-1.071e-02
20.811205000;9.976e-01;-6.660e-01;-7.000e-03;-6.676e-01;-7.017e-03;9.976e-01;-6.676e-01;-6.817e-03;9.976e-01;-3.330e-03;-3.500e-05;1.000e+01;-6.660e-01;-1.071e-02
20.843205000;9.976e-01;-6.660e-01;-7.000e-03;-6.676e-01;-7.017e-03;9.976e-01;-6.676e-01;-6.817e-03;9.976e-01;-3.330e-03;-3.500e-05;1.000e+01;-6.660e-01;-1.071e-02
20.844205000;9.976e-01;-6.660e-01;-7.000e-03;-6.676e-01;-7.017e-03;9.975e-01;-6.676e-01;-6.817e-03;9.976e-01;-3.330e-03;-3.500e-05;1.000e+01;-6.660e-01;-1.071e-02
20.849205000;9.976e-01;-6.660e-01;-7.000e-03;-6.676e-01;-7.017e-03;9.975e-01;-6.676e-01;-6.817e-03;9.976e-01;-3.330e-03;-3.500e-05;1.000e+01;-6.660e-01;-1.071e-02
20.850205000;9.976e-01;-6.660e-01;-7.000e-03;-6.676e-01;-7.017e-03;9.975e-01;-6.676e-01;-7.017e-03;9.976e-01;-3.330e-03;-3.500e-05;1.000e+01;-6.660e-01;-1.071e-02
20.855205000;9.976e-01;-6.660e-01;-7.000e-03;-6.676e-01;-7.017e-03;9.975e-01;-6.676e-01;-7.017e-03;9.976e-01;-3.330e-03;-3.500e-05;1.000e+01;-6.660e-01;-1.071e-02
20.856205000;9.975e-01;-6.660e-01;-7.000e-03;-6.676e-01;-7.017e-03;9.975e-01;-6.676e-01;-7.017e-03;9.975e-01;-3.330e-03;-3.500e-05;1.000e+01;-6.660e-01;-1.071e-02
20.868205000;9.975e-01;-6.660e-01;-7.000e-03;-6.676e-01;-7.017e-03;9.975e-01;-6.676e-01;-7.017e-03;9.975e-01;-3.330e-03;-3.500e-05;1.000e+01;-6.660e-01;-1.071e-02
20.869205000;9.975e-01;-6.660e-01;-7.000e-03;-6.676e-01;-7.017e-03;9.975e-01;-6.677e-01;-7.017e-03;9.975e-01;-3.330e-03;-3.500e-05;1.000e+01;-6.660e-01;-1.071e-02
20.880205000;9.975e-01;-6.660e-01;-7.000e-03;-6.676e-01;-7.017e-03;9.975e-01;-6.677e-01;-7.017e-03;9.975e-01;-3.330e-03;-3.500e-05;1.000e+01;-6.660e-01;-1.071e-02
20.881205000;9.975e-01;-6.660e-01;-7.000e-03;-6.677e-01;-7.017e-03;9.975e-01;-6.677e-01;-7.017e-03;9.975e-01;-3.330e-03;-3.500e-05;1.000e+01;-6.660e-01;-1.071e-02
20.892205000;9.975e-01;-6.660e-01;-7.000e-03;-6.677e-01;-7.017e-03;9.975e-01;-6.677e-01;-7.017e-03;9.975e-01;-3.330e-03;-3.500e-05;1.000e+01;-6.660e-01;-1.071e-02
20.893205000;9.975e-01;-6.660e-01;-7.200e-03;-6.677e-01;-7.218e-03;9.975e-01;-6.677e-01;-7.017e-03;9.975e-01;-3.330e-03;-3.600e-05;1.000e+01;-6.660e-01;-1.071e-02
20.895205000;9.975e-01;-6.660e-01;-7.200e-03;-6.677e-01;-7.218e-03;9.975e-01;-6.677e-01;-7.017e-03;9.975e-01;-3.330e-03;-3.600e-05;1.000e+01;-6.660e-01;-1.071e-02
20.896205000;9.975e-01;-6.660e-01;-7.200e-03;-6.677e-01;-7.218e-03;9.975e-01;-6.677e-01;-7.018e-03;9.975e-01;-3.330e-03;-3.600e-05;1.000e+01;-6.660e-01;-1.071e-02
20.932205000;9.975e-01;-6.660e-01;-7.200e-03;-6.677e-01;-7.218e-03;9.975e-01;-6.677e-01;-7.018e-03;9.975e-01;-3.330e-03;-3.600e-05;1.000e+01;-6.660e-01;-1.071e-02
20.933205000;9.975e-01;-6.660e-01;-7.200e-03;-6.677e-01;-7.218e-03;9.975e-01;-6.677e-01;-7.218e-03;9.975e-01;-3.330e-03;-3.600e-05;1.000e+01;-6.660e-01;-1.071e-02
20.962205000;9.975e-01;-6.660e-01;-7.200e-03;-6.677e-01;-7.218e-03;9.975e-01;-6.677e-01;-7.218e-03;9.975e-01;-3.330e-03;-3.600e-05;1.000e+01;-6.660e-01;-1.071e-02
20.963205000;9.975e-01;-6.660e-01;-7.200e-03;-6.677e-01;-7.218e-03;9.974e-01;-6.677e-01;-7.218e-03;9.975e-01;-3.330e-03;-3.600e-05;1.000e+01;-6.660e-01;-1.071e-02
20.974205000;9.975e-01;-6.660e-01;-7.200e-03;-6.677e-01;-7.218e-03;9.974e-01;-6.677e-01;-7.218e-03;9.975e-01;-3.330e-03;-3.600e-05;1.000e+01;-6.660e-01;-1.071e-02
20.975205000;9.974e-01;-6.660e-01;-7.200e-03;-6.677e-01;-7.218e-03;9.974e-01;-6.677e-01;-7.218e-03;9.974e-01;-3.330e-03;-3.600e-05;1.000e+01;-6.660e-01;-1.071e-02
20.977205000;9.974e-01;-6.660e-01;-7.200e-03;-6.677e-01;-7.218e-03;9.974e-01;-6.677e-01;-7.218e-03;9.974e-01;-3.330e-03;-3.600e-05;1.000e+01;-6.660e-01;-1.071e-02
20.978205000;9.974e-01;-6.660e-01;-7.400e-03;-6.677e-01;-7.419e-03;9.974e-01;-6.677e-01;-7.218e-03;9.974e-01;-3.330e-03;-3.700e-05;1.000e+01;-6.660e-01;-1.071e-02
20.979205000;9.974e-01;-6.660e-01;-7.400e-03;-6.677e-01;-7.419e-03;9.974e-01;-6.677e-01;-7.219e-03;9.974e-01;-3.330e-03;-3.700e-05;1.000e+01;-6.660e-01;-1.071e-02
21.019205000;9.974e-01;-6.660e-01;-7.400e-03;-6.677e-01;-7.419e-03;9.974e-01;-6.677e-01;-7.219e-03;9.974e-01;-3.330e-03;-3.700e-05;1.000e+01;-6.660e-01;-1.071e-02
21.020205000;9.974e-01;-6.660e-01;-7.400e-03;-6.677e-01;-7.419e-03;9.974e-01;-6.677e-01;-7.419e-03;9.974e-01;-3.330e-03;-3.700e-05;1.000e+01;-6.660e-01;-1.071e-02
21.051205000;9.974e-01;-6.660e-01;-7.400e-03;-6.677e-01;-7.419e-03;9.974e-01;-6.677e-01;-7.419e-03;9.974e-01;-3.330e-03;-3.700e-05;1.000e+01;-6.660e-01;-1.071e-02
21.052205000;9.974e-01;-6.660e-01;-7.400e-03;-6.677e-01;-7.419e-03;9.974e-01;-6.678e-01;-7.419e-03;9.974e-01;-3.330e-03;-3.700e-05;1.000e+01;-6.660e-01;-1.071e-02
21.061205000;9.974e-01;-6.660e-01;-7.400e-03;-6.677e-01;-7.419e-03;9.974e-01;-6.678e-01;-7.419e-03;9.974e-01;-3.330e-03;-3.700e-05;1.000e+01;-6.660e-01;-1.071e-02
21.062205000;9.974e-01;-6.660e-01;-7.400e-03;-6.677e-01;-7.419e-03;9.974e-01;-6.678e-01;-7.420e-03;9.974e-01;-3.330e-03;-3.700e-05;1.000e+01;-6.660e-01;-1.071e-02
21.063205000;9.974e-01;-6.660e-01;-7.400e-03;-6.677e-01;-7.419e-03;9.974e-01;-6.678e-01;-7.420e-03;9.974e-01;-3.330e-03;-3.700e-05;1.000e+01;-6.660e-01;-1.071e-02
21.064205000;9.974e-01;-6.660e-01;-7.400e-03;-6.678e-01;-7.419e-03;9.974e-01;-6.678e-01;-7.420e-03;9.974e-01;-3.330e-03;-3.700e-05;1.000e+01;-6.660e-01;-1.071e-02
21.066205000;9.974e-01;-6.660e-01;-7.400e-03;-6.678e-01;-7.419e-03;9.974e-01;-6.678e-01;-7.420e-03;9.974e-01;-3.330e-03;-3.700e-05;1.000e+01;-6.660e-01;-1.071e-02
21.067205000;9.974e-01;-6.660e-01;-7.600e-03;-6.678e-01;-7.620e-03;9.974e-01;-6.678e-01;-7.420e-03;9.974e-01;-3.330e-03;-3.800e-05;1.000e+01;-6.660e-01;-1.071e-02
21.089205000;9.974e-01;-6.660e-01;-7.600e-03;-6.678e-01;-7.620e-03;9.974e-01;-6.678e-01;-7.420e-03;9.974e-01;-3.330e-03;-3.800e-05;1.000e+01;-6.660e-01;-1.071e-02
21.090205000;9.974e-01;-6.660e-01;-7.600e-03;-6.678e-01;-7.620e-03;9.973e-01;-6.678e-01;-7.420e-03;9.974e-01;-3.330e-03;-3.800e-05;1.000e+01;-6.660e-01;-1.071e-02
21.101205000;9.974e-01;-6.660e-01;-7.600e-03;-6.678e-01;-7.620e-03;9.973e-01;-6.678e-01;-7.420e-03;9.974e-01;-3.330e-03;-3.800e-05;1.000e+01;-6.660e-01;-1.071e-02
21.102205000;9.973e-01;-6.660e-01;-7.600e-03;-6.678e-01;-7.620e-03;9.973e-01;-6.678e-01;-7.420e-03;9.973e-01;-3.330e-03;-3.800e-05;1.000e+01;-6.660e-01;-1.071e-02
21.109205000;9.973e-01;-6.660e-01;-7.600e-03;-6.678e-01;-7.620e-03;9.973e-01;-6.678e-01;-7.420e-03;9.973e-01;-3.330e-03;-3.800e-05;1.000e+01;-6.660e-01;-1.071e-02
21.110205000;9.973e-01;-6.660e-01;-7.600e-03;-6.678e-01;-7.620e-03;9.973e-01;-6.678e-01;-7.620e-03;9.973e-01;-3.330e-03;-3.800e-05;1.000e+01;-6.660e-01;-1.071e-02
21.141205000;9.973e-01;-6.660e-01;-7.600e-03;-6.678e-01;-7.620e-03;9.973e-01;-6.678e-01;-7.620e-03;9.973e-01;-3.330e-03;-3.800e-05;1.000e+01;-6.660e-01;-1.071e-02
21.142205000;9.973e-01;-6.660e-01;-7.600e-03;-6.678e-01;-7.620e-03;9.973e-01;-6.678e-01;-7.621e-03;9.973e-01;-3.330e-03;-3.800e-05;1.000e+01;-6.660e-01;-1.071e-02
21.154205000;9.973e-01;-6.660e-01;-7.600e-03;-6.678e-01;-7.620e-03;9.973e-01;-6.678e-01;-7.621e-03;9.973e-01;-3.330e-03;-3.800e-05;1.000e+01;-6.660e-01;-1.071e-02
21.155205000;9.973e-01;-6.660e-01;-7.600e-03;-6.678e-01;-7.621e-03;9.973e-01;-6.678e-01;-7.621e-03;9.973e-01;-3.330e-03;-3.800e-05;1.000e+01;-6.660e-01;-1.071e-02
21.157205000;9.973e-01;-6.660e-01;-7.600e-03;-6.678e-01;-7.621e-03;9.973e-01;-6.678e-01;-7.621e-03;9.973e-01;-3.330e-03;-3.800e-05;1.000e+01;-6.660e-01;-1.071e-02
21.158205000;9.973e-01;-6.660e-01;-7.800e-03;-6.678e-01;-7.821e-03;9.973e-01;-6.678e-01;-7.621e-03;9.973e-01;-3.330e-03;-3.900e-05;1.000e+01;-6.660e-01;-1.071e-02
21.202205000;9.973e-01;-6.660e-01;-7.800e-03;-6.678e-01;-7.821e-03;9.973e-01;-6.678e-01;-7.621e-03;9.973e-01;-3.330e-03;-3.900e-05;1.000e+01;-6.660e-01;-1.071e-02
21.203205000;9.973e-01;-6.660e-01;-7.800e-03;-6.678e-01;-7.821e-03;9.973e-01;-6.678e-01;-7.821e-03;9.973e-01;-3.330e-03;-3.900e-05;1.000e+01;-6.660e-01;-1.071e-02
21.219205000;9.973e-01;-6.660e-01;-7.800e-03;-6.678e-01;-7.821e-03;9.973e-01;-6.678e-01;-7.821e-03;9.973e-01;-3.330e-03;-3.900e-05;1.000e+01;-6.660e-01;-1.071e-02
21.220205000;9.973e-01;-6.660e-01;-7.800e-03;-6.678e-01;-7.821e-03;9.973e-01;-6.678e-01;-7.822e-03;9.973e-01;-3.330e-03;-3.900e-05;1.000e+01;-6.660e-01;-1.071e-02
21.221205000;9.973e-01;-6.660e-01;-7.800e-03;-6.678e-01;-7.821e-03;9.972e-01;-6.678e-01;-7.822e-03;9.973e-01;-3.330e-03;-3.900e-05;1.000e+01;-6.660e-01;-1.071e-02
21.232205000;9.973e-01;-6.660e-01;-7.800e-03;-6.678e-01;-7.821e-03;9.972e-01;-6.678e-01;-7.822e-03;9.973e-01;-3.330e-03;-3.900e-05;1.000e+01;-6.660e-01;-1.071e-02
21.233205000;9.973e-01;-6.660e-01;-7.800e-03;-6.678e-01;-7.822e-03;9.972e-01;-6.678e-01;-7.822e-03;9.973e-01;-3.330e-03;-3.900e-05;1.000e+01;-6.660e-01;-1.071e-02
21.234205000;9.973e-01;-6.660e-01;-7.800e-03;-6.678e-01;-7.822e-03;9.972e-01;-6.678e-01;-7.822e-03;9.973e-01;-3.330e-03;-3.900e-05;1.000e+01;-6.660e-01;-1.071e-02
21.235205000;9.972e-01;-6.660e-01;-7.800e-03;-6.678e-01;-7.822e-03;9.972e-01;-6.678e-01;-7.822e-03;9.972e-01;-3.330e-03;-3.900e-05;1.000e+01;-6.660e-01;-1.071e-02
21.248205000;9.972e-01;-6.660e-01;-7.800e-03;-6.678e-01;-7.822e-03;9.972e-01;-6.678e-01;-7.822e-03;9.972e-01;-3.330e-03;-3.900e-05;1.000e+01;-6.660e-01;-1.071e-02
21.249205000;9.972e-01;-6.660e-01;-7.800e-03;-6.678e-01;-7.822e-03;9.972e-01;-6.679e-01;-7.822e-03;9.972e-01;-3.330e-03;-3.900e-05;1.000e+01;-6.660e-01;-1.071e-02
21.252205000;9.972e-01;-6.660e-01;-7.800e-03;-6.678e-01;-7.822e-03;9.972e-01;-6.679e-01;-7.822e-03;9.972e-01;-3.330e-03;-3.900e-05;1.000e+01;-6.660e-01;-1.071e-02
21.253205000;9.972e-01;-6.660e-01;-8.000e-03;-6.678e-01;-8.022e-03;9.972e-01;-6.679e-01;-7.822e-03;9.972e-01;-3.330e-03;-4.000e-05;1.000e+01;-6.660e-01;-1.071e-02
21.262205000;9.972e-01;-6.660e-01;-8.000e-03;-6.678e-01;-8.022e-03;9.972e-01;-6.679e-01;-7.822e-03;9.972e-01;-3.330e-03;-4.000e-05;1.000e+01;-6.660e-01;-1.071e-02
21.263205000;9.972e-01;-6.660e-01;-8.000e-03;-6.679e-01;-8.022e-03;9.972e-01;-6.679e-01;-7.822e-03;9.972e-01;-3.330e-03;-4.000e-05;1.000e+01;-6.660e-01;-1.071e-02
21.298205000;9.972e-01;-6.660e-01;-8.000e-03;-6.679e-01;-8.022e-03;9.972e-01;-6.679e-01;-7.822e-03;9.972e-01;-3.330e-03;-4.000e-05;1.000e+01;-6.660e-01;-1.071e-02
21.299205000;9.972e-01;-6.660e-01;-8.000e-03;-6.679e-01;-8.022e-03;9.972e-01;-6.679e-01;-8.023e-03;9.972e-01;-3.330e-03;-4.000e-05;1.000e+01;-6.660e-01;-1.071e-02
21.310205000;9.972e-01;-6.660e-01;-8.000e-03;-6.679e-01;-8.022e-03;9.972e-01;-6.679e-01;-8.023e-03;9.972e-01;-3.330e-03;-4.000e-05;1.000e+01;-6.660e-01;-1.071e-02
21.311205000;9.972e-01;-6.660e-01;-8.000e-03;-6.679e-01;-8.023e-03;9.972e-01;-6.679e-01;-8.023e-03;9.972e-01;-3.330e-03;-4.000e-05;1.000e+01;-6.660e-01;-1.071e-02
21.350205000;9.972e-01;-6.660e-01;-8.000e-03;-6.679e-01;-8.023e-03;9.972e-01;-6.679e-01;-8.023e-03;9.972e-01;-3.330e-03;-4.000e-05;1.000e+01;-6.660e-01;-1.071e-02
21.351205000;9.972e-01;-6.660e-01;-8.200e-03;-6.679e-01;-8.223e-03;9.972e-01;-6.679e-01;-8.023e-03;9.972e-01;-3.330e-03;-4.100e-05;1.000e+01;-6.660e-01;-1.071e-02
21.361205000;9.972e-01;-6.660e-01;-8.200e-03;-6.679e-01;-8.223e-03;9.972e-01;-6.679e-01;-8.023e-03;9.972e-01;-3.330e-03;-4.100e-05;1.000e+01;-6.660e-01;-1.071e-02
21.362205000;9.972e-01;-6.660e-01;-8.200e-03;-6.679e-01;-8.223e-03;9.971e-01;-6.679e-01;-8.023e-03;9.972e-01;-3.330e-03;-4.100e-05;1.000e+01;-6.660e-01;-1.071e-02
21.374205000;9.972e-01;-6.660e-01;-8.200e-03;-6.679e-01;-8.223e-03;9.971e-01;-6.679e-01;-8.023e-03;9.972e-01;-3.330e-03;-4.100e-05;1.000e+01;-6.660e-01;-1.071e-02
21.375205000;9.971e-01;-6.660e-01;-8.200e-03;-6.679e-01;-8.223e-03;9.971e-01;-6.679e-01;-8.023e-03;9.971e-01;-3.330e-03;-4.100e-05;1.000e+01;-6.660e-01;-1.071e-02
21.386205000;9.971e-01;-6.660e-01;-8.200e-03;-6.679e-01;-8.223e-03;9.971e-01;-6.679e-01;-8.023e-03;9.971e-01;-3.330e-03;-4.100e-05;1.000e+01;-6.660e-01;-1.071e-02
21.387205000;9.971e-01;-6.660e-01;-8.200e-03;-6.679e-01;-8.224e-03;9.971e-01;-6.679e-01;-8.023e-03;9.971e-01;-3.330e-03;-4.100e-05;1.000e+01;-6.660e-01;-1.071e-02
21.399205000;9.971e-01;-6.660e-01;-8.200e-03;-6.679e-01;-8.224e-03;9.971e-01;-6.679e-01;-8.023e-03;9.971e-01;-3.330e-03;-4.100e-05;1.000e+01;-6.660e-01;-1.071e-02
21.400205000;9.971e-01;-6.660e-01;-8.200e-03;-6.679e-01;-8.224e-03;9.971e-01;-6.679e-01;-8.224e-03;9.971e-01;-3.330e-03;-4.100e-05;1.000e+01;-6.660e-01;-1.071e-02
21.453205000;9.971e-01;-6.660e-01;-8.200e-03;-6.679e-01;-8.224e-03;9.971e-01;-6.679e-01;-8.224e-03;9.971e-01;-3.330e-03;-4.100e-05;1.000e+01;-6.660e-01;-1.071e-02
21.454205000;9.971e-01;-6.660e-01;-8.400e-03;-6.679e-01;-8.424e-03;9.971e-01;-6.679e-01;-8.224e-03;9.971e-01;-3.330e-03;-4.200e-05;1.000e+01;-6.660e-01;-1.071e-02
21.461205000;9.971e-01;-6.660e-01;-8.400e-03;-6.679e-01;-8.424e-03;9.971e-01;-6.679e-01;-8.224e-03;9.971e-01;-3.330e-03;-4.200e-05;1.000e+01;-6.660e-01;-1.071e-02
21.462205000;9.971e-01;-6.660e-01;-8.400e-03;-6.679e-01;-8.425e-03;9.971e-01;-6.679e-01;-8.224e-03;9.971e-01;-3.330e-03;-4.200e-05;1.000e+01;-6.660e-01;-1.071e-02
21.463205000;9.971e-01;-6.660e-01;-8.400e-03;-6.679e-01;-8.425e-03;9.971e-01;-6.680e-01;-8.224e-03;9.971e-01;-3.330e-03;-4.200e-05;1.000e+01;-6.660e-01;-1.071e-02
21.478205000;9.971e-01;-6.660e-01;-8.400e-03;-6.679e-01;-8.425e-03;9.971e-01;-6.680e-01;-8.224e-03;9.971e-01;-3.330e-03;-4.200e-05;1.000e+01;-6.660e-01;-1.071e-02
21.479205000;9.971e-01;-6.660e-01;-8.400e-03;-6.680e-01;-8.425e-03;9.971e-01;-6.680e-01;-8.224e-03;9.971e-01;-3.330e-03;-4.200e-05;1.000e+01;-6.660e-01;-1.071e-02
21.504205000;9.971e-01;-6.660e-01;-8.400e-03;-6.680e-01;-8.425e-03;9.971e-01;-6.680e-01;-8.224e-03;9.971e-01;-3.330e-03;-4.200e-05;1.000e+01;-6.660e-01;-1.071e-02
21.505205000;9.971e-01;-6.660e-01;-8.400e-03;-6.680e-01;-8.425e-03;9.971e-01;-6.680e-01;-8.425e-03;9.971e-01;-3.330e-03;-4.200e-05;1.000e+01;-6.660e-01;-1.071e-02
21.509205000;9.971e-01;-6.660e-01;-8.400e-03;-6.680e-01;-8.425e-03;9.971e-01;-6.680e-01;-8.425e-03;9.971e-01;-3.330e-03;-4.200e-05;1.000e+01;-6.660e-01;-1.071e-02
21.510205000;9.971e-01;-6.660e-01;-8.400e-03;-6.680e-01;-8.425e-03;9.970e-01;-6.680e-01;-8.425e-03;9.971e-01;-3.330e-03;-4.200e-05;1.000e+01;-6.660e-01;-1.071e-02
21.523205000;9.971e-01;-6.660e-01;-8.400e-03;-6.680e-01;-8.425e-03;9.970e-01;-6.680e-01;-8.425e-03;9.971e-01;-3.330e-03;-4.200e-05;1.000e+01;-6.660e-01;-1.071e-02
21.524205000;9.970e-01;-6.660e-01;-8.400e-03;-6.680e-01;-8.425e-03;9.970e-01;-6.680e-01;-8.425e-03;9.970e-01;-3.330e-03;-4.200e-05;1.000e+01;-6.660e-01;-1.071e-02
21.561205000;9.970e-01;-6.660e-01;-8.400e-03;-6.680e-01;-8.425e-03;9.970e-01;-6.680e-01;-8.425e-03;9.970e-01;-3.330e-03;-4.200e-05;1.000e+01;-6.660e-01;-1.071e-02
21.562205000;9.970e-01;-6.660e-01;-8.600e-03;-6.680e-01;-8.626e-03;9.970e-01;-6.680e-01;-8.425e-03;9.970e-01;-3.330e-03;-4.300e-05;1.000e+01;-6.660e-01;-1.071e-02
21.614205000;9.970e-01;-6.660e-01;-8.600e-03;-6.680e-01;-8.626e-03;9.970e-01;-6.680e-01;-8.425e-03;9.970e-01;-3.330e-03;-4.300e-05;1.000e+01;-6.660e-01;-1.071e-02
21.615205000;9.970e-01;-6.660e-01;-8.600e-03;-6.680e-01;-8.626e-03;9.970e-01;-6.680e-01;-8.626e-03;9.970e-01;-3.330e-03;-4.300e-05;1.000e+01;-6.660e-01;-1.071e-02
21.668205000;9.970e-01;-6.660e-01;-8.600e-03;-6.680e-01;-8.626e-03;9.970e-01;-6.680e-01;-8.626e-03;9.970e-01;-3.330e-03;-4.300e-05;1.000e+01;-6.660e-01;-1.071e-02
21.669205000;9.970e-01;-6.660e-01;-8.600e-03;-6.680e-01;-8.626e-03;9.969e-01;-6.680e-01;-8.626e-03;9.970e-01;-3.330e-03;-4.300e-05;1.000e+01;-6.660e-01;-1.071e-02
21.674205000;9.970e-01;-6.660e-01;-8.600e-03;-6.680e-01;-8.626e-03;9.969e-01;-6.680e-01;-8.626e-03;9.970e-01;-3.330e-03;-4.300e-05;1.000e+01;-6.660e-01;-1.071e-02
21.675205000;9.970e-01;-6.660e-01;-8.800e-03;-6.680e-01;-8.827e-03;9.969e-01;-6.680e-01;-8.626e-03;9.970e-01;-3.330e-03;-4.400e-05;1.000e+01;-6.660e-01;-1.071e-02
21.685205000;9.970e-01;-6.660e-01;-8.800e-03;-6.680e-01;-8.827e-03;9.969e-01;-6.680e-01;-8.626e-03;9.970e-01;-3.330e-03;-4.400e-05;1.000e+01;-6.660e-01;-1.071e-02
21.686205000;9.969e-01;-6.660e-01;-8.800e-03;-6.680e-01;-8.827e-03;9.969e-01;-6.680e-01;-8.626e-03;9.969e-01;-3.330e-03;-4.400e-05;1.000e+01;-6.660e-01;-1.071e-02
21.698205000;9.969e-01;-6.660e-01;-8.800e-03;-6.680e-01;-8.827e-03;9.969e-01;-6.680e-01;-8.626e-03;9.969e-01;-3.330e-03;-4.400e-05;1.000e+01;-6.660e-01;-1.071e-02
21.699205000;9.969e-01;-6.660e-01;-8.800e-03;-6.680e-01;-8.827e-03;9.969e-01;-6.681e-01;-8.626e-03;9.969e-01;-3.330e-03;-4.400e-05;1.000e+01;-6.660e-01;-1.071e-02
21.704205000;9.969e-01;-6.660e-01;-8.800e-03;-6.680e-01;-8.827e-03;9.969e-01;-6.681e-01;-8.626e-03;9.969e-01;-3.330e-03;-4.400e-05;1.000e+01;-6.660e-01;-1.071e-02
21.705205000;9.969e-01;-6.660e-01;-8.800e-03;-6.680e-01;-8.827e-03;9.969e-01;-6.681e-01;-8.627e-03;9.969e-01;-3.330e-03;-4.400e-05;1.000e+01;-6.660e-01;-1.071e-02
21.715205000;9.969e-01;-6.660e-01;-8.800e-03;-6.680e-01;-8.827e-03;9.969e-01;-6.681e-01;-8.627e-03;9.969e-01;-3.330e-03;-4.400e-05;1.000e+01;-6.660e-01;-1.071e-02
21.716205000;9.969e-01;-6.660e-01;-8.800e-03;-6.681e-01;-8.827e-03;9.969e-01;-6.681e-01;-8.627e-03;9.969e-01;-3.330e-03;-4.400e-05;1.000e+01;-6.660e-01;-1.071e-02
21.730205000;9.969e-01;-6.660e-01;-8.800e-03;-6.681e-01;-8.827e-03;9.969e-01;-6.681e-01;-8.627e-03;9.969e-01;-3.330e-03;-4.400e-05;1.000e+01;-6.660e-01;-1.071e-02
21.731205000;9.969e-01;-6.660e-01;-8.800e-03;-6.681e-01;-8.827e-03;9.969e-01;-6.681e-01;-8.827e-03;9.969e-01;-3.330e-03;-4.400e-05;1.000e+01;-6.660e-01;-1.071e-02
21.777205000;9.969e-01;-6.660e-01;-8.800e-03;-6.681e-01;-8.827e-03;9.969e-01;-6.681e-01;-8.827e-03;9.969e-01;-3.330e-03;-4.400e-05;1.000e+01;-6.660e-01;-1.071e-02
21.778205000;9.969e-01;-6.660e-01;-8.800e-03;-6.681e-01;-8.827e-03;9.969e-01;-6.681e-01;-8.828e-03;9.969e-01;-3.330e-03;-4.400e-05;1.000e+01;-6.660e-01;-1.071e-02
21.792205000;9.969e-01;-6.660e-01;-8.800e-03;-6.681e-01;-8.827e-03;9.969e-01;-6.681e-01;-8.828e-03;9.969e-01;-3.330e-03;-4.400e-05;1.000e+01;-6.660e-01;-1.071e-02
21.793205000;9.969e-01;-6.660e-01;-9.000e-03;-6.681e-01;-9.028e-03;9.969e-01;-6.681e-01;-8.828e-03;9.969e-01;-3.330e-03;-4.500e-05;1.000e+01;-6.660e-01;-1.071e-02
21.838205000;9.969e-01;-6.660e-01;-9.000e-03;-6.681e-01;-9.028e-03;9.969e-01;-6.681e-01;-8.828e-03;9.969e-01;-3.330e-03;-4.500e-05;1.000e+01;-6.660e-01;-1.071e-02
21.839205000;9.969e-01;-6.660e-01;-9.000e-03;-6.681e-01;-9.028e-03;9.968e-01;-6.681e-01;-8.828e-03;9.969e-01;-3.330e-03;-4.500e-05;1.000e+01;-6.660e-01;-1.071e-02
21.852205000;9.969e-01;-6.660e-01;-9.000e-03;-6.681e-01;-9.028e-03;9.968e-01;-6.681e-01;-8.828e-03;9.969e-01;-3.330e-03;-4.500e-05;1.000e+01;-6.660e-01;-1.071e-02
21.853205000;9.969e-01;-6.660e-01;-9.000e-03;-6.681e-01;-9.028e-03;9.968e-01;-6.681e-01;-9.029e-03;9.969e-01;-3.330e-03;-4.500e-05;1.000e+01;-6.660e-01;-1.071e-02
21.857205000;9.969e-01;-6.660e-01;-9.000e-03;-6.681e-01;-9.028e-03;9.968e-01;-6.681e-01;-9.029e-03;9.969e-01;-3.330e-03;-4.500e-05;1.000e+01;-6.660e-01;-1.071e-02
21.858205000;9.968e-01;-6.660e-01;-9.000e-03;-6.681e-01;-9.028e-03;9.968e-01;-6.681e-01;-9.029e-03;9.968e-01;-3.330e-03;-4.500e-05;1.000e+01;-6.660e-01;-1.071e-02
21.867205000;9.968e-01;-6.660e-01;-9.000e-03;-6.681e-01;-9.028e-03;9.968e-01;-6.681e-01;-9.029e-03;9.968e-01;-3.330e-03;-4.500e-05;1.000e+01;-6.660e-01;-1.071e-02
21.868205000;9.968e-01;-6.660e-01;-9.000e-03;-6.681e-01;-9.029e-03;9.968e-01;-6.681e-01;-9.029e-03;9.968e-01;-3.330e-03;-4.500e-05;1.000e+01;-6.660e-01;-1.071e-02
21.918205000;9.968e-01;-6.660e-01;-9.000e-03;-6.681e-01;-9.029e-03;9.968e-01;-6.681e-01;-9.029e-03;9.968e-01;-3.330e-03;-4.500e-05;1.000e+01;-6.660e-01;-1.071e-02
21.919205000;9.968e-01;-6.660e-01;-9.200e-03;-6.681e-01;-9.229e-03;9.968e-01;-6.681e-01;-9.029e-03;9.968e-01;-3.330e-03;-4.600e-05;1.000e+01;-6.660e-01;-1.071e-02
21.940205000;9.968e-01;-6.660e-01;-9.200e-03;-6.681e-01;-9.229e-03;9.968e-01;-6.681e-01;-9.029e-03;9.968e-01;-3.330e-03;-4.600e-05;1.000e+01;-6.660e-01;-1.071e-02
21.941205000;9.968e-01;-6.660e-01;-9.200e-03;-6.681e-01;-9.230e-03;9.968e-01;-6.681e-01;-9.029e-03;9.968e-01;-3.330e-03;-4.600e-05;1.000e+01;-6.660e-01;-1.071e-02
21.961205000;9.968e-01;-6.660e-01;-9.200e-03;-6.681e-01;-9.230e-03;9.968e-01;-6.681e-01;-9.029e-03;9.968e-01;-3.330e-03;-4.600e-05;1.000e+01;-6.660e-01;-1.071e-02
21.962205000;9.968e-01;-6.660e-01;-9.200e-03;-6.681e-01;-9.230e-03;9.968e-01;-6.682e-01;-9.029e-03;9.968e-01;-3.330e-03;-4.600e-05;1.000e+01;-6.660e-01;-1.071e-02
21.980205000;9.968e-01;-6.660e-01;-9.200e-03;-6.681e-01;-9.230e-03;9.968e-01;-6.682e-01;-9.029e-03;9.968e-01;-3.330e-03;-4.600e-05;1.000e+01;-6.660e-01;-1.071e-02
21.981205000;9.968e-01;-6.660e-01;-9.200e-03;-6.682e-01;-9.230e-03;9.968e-01;-6.682e-01;-9.029e-03;9.968e-01;-3.330e-03;-4.600e-05;1.000e+01;-6.660e-01;-1.071e-02
21.982205000;9.968e-01;-6.660e-01;-9.200e-03;-6.682e-01;-9.230e-03;9.968e-01;-6.682e-01;-9.230e-03;9.968e-01;-3.330e-03;-4.600e-05;1.000e+01;-6.660e-01;-1.071e-02
22.022205000;9.968e-01;-6.660e-01;-9.200e-03;-6.682e-01;-9.230e-03;9.968e-01;-6.682e-01;-9.230e-03;9.968e-01;-3.330e-03;-4.600e-05;1.000e+01;-6.660e-01;-1.071e-02
22.023205000;9.968e-01;-6.660e-01;-9.200e-03;-6.682e-01;-9.230e-03;9.967e-01;-6.682e-01;-9.230e-03;9.968e-01;-3.330e-03;-4.600e-05;1.000e+01;-6.660e-01;-1.071e-02
22.043205000;9.968e-01;-6.660e-01;-9.200e-03;-6.682e-01;-9.230e-03;9.967e-01;-6.682e-01;-9.230e-03;9.968e-01;-3.330e-03;-4.600e-05;1.000e+01;-6.660e-01;-1.071e-02
22.044205000;9.967e-01;-6.660e-01;-9.200e-03;-6.682e-01;-9.230e-03;9.967e-01;-6.682e-01;-9.230e-03;9.967e-01;-3.330e-03;-4.600e-05;1.000e+01;-6.660e-01;-1.071e-02
22.052205000;9.967e-01;-6.660e-01;-9.200e-03;-6.682e-01;-9.230e-03;9.967e-01;-6.682e-01;-9.230e-03;9.967e-01;-3.330e-03;-4.600e-05;1.000e+01;-6.660e-01;-1.071e-02
22.053205000;9.967e-01;-6.660e-01;-9.400e-03;-6.682e-01;-9.431e-03;9.967e-01;-6.682e-01;-9.230e-03;9.967e-01;-3.330e-03;-4.700e-05;1.000e+01;-6.660e-01;-1.071e-02
22.119205000;9.967e-01;-6.660e-01;-9.400e-03;-6.682e-01;-9.431e-03;9.967e-01;-6.682e-01;-9.230e-03;9.967e-01;-3.330e-03;-4.700e-05;1.000e+01;-6.660e-01;-1.071e-02
22.120205000;9.967e-01;-6.660e-01;-9.400e-03;-6.682e-01;-9.431e-03;9.967e-01;-6.682e-01;-9.431e-03;9.967e-01;-3.330e-03;-4.700e-05;1.000e+01;-6.660e-01;-1.071e-02
22.195205000;9.967e-01;-6.660e-01;-9.400e-03;-6.682e-01;-9.431e-03;9.967e-01;-6.682e-01;-9.431e-03;9.967e-01;-3.330e-03;-4.700e-05;1.000e+01;-6.660e-01;-1.071e-02
22.196205000;9.967e-01;-6.660e-01;-9.600e-03;-6.682e-01;-9.632e-03;9.967e-01;-6.682e-01;-9.431e-03;9.967e-01;-3.330e-03;-4.800e-05;1.000e+01;-6.660e-01;-1.071e-02
22.205205000;9.967e-01;-6.660e-01;-9.600e-03;-6.682e-01;-9.632e-03;9.967e-01;-6.682e-01;-9.431e-03;9.967e-01;-3.330e-03;-4.800e-05;1.000e+01;-6.660e-01;-1.071e-02
22.206205000;9.967e-01;-6.660e-01;-9.600e-03;-6.682e-01;-9.632e-03;9.967e-01;-6.682e-01;-9.432e-03;9.967e-01;-3.330e-03;-4.800e-05;1.000e+01;-6.660e-01;-1.071e-02
22.226205000;9.967e-01;-6.660e-01;-9.600e-03;-6.682e-01;-9.632e-03;9.967e-01;-6.682e-01;-9.432e-03;9.967e-01;-3.330e-03;-4.800e-05;1.000e+01;-6.660e-01;-1.071e-02
22.227205000;9.967e-01;-6.660e-01;-9.600e-03;-6.682e-01;-9.632e-03;9.966e-01;-6.682e-01;-9.432e-03;9.967e-01;-3.330e-03;-4.800e-05;1.000e+01;-6.660e-01;-1.071e-02
22.249205000;9.967e-01;-6.660e-01;-9.600e-03;-6.682e-01;-9.632e-03;9.966e-01;-6.682e-01;-9.432e-03;9.967e-01;-3.330e-03;-4.800e-05;1.000e+01;-6.660e-01;-1.071e-02
22.250205000;9.966e-01;-6.660e-01;-9.600e-03;-6.682e-01;-9.632e-03;9.966e-01;-6.682e-01;-9.432e-03;9.966e-01;-3.330e-03;-4.800e-05;1.000e+01;-6.660e-01;-1.071e-02
22.263205000;9.966e-01;-6.660e-01;-9.600e-03;-6.682e-01;-9.632e-03;9.966e-01;-6.682e-01;-9.432e-03;9.966e-01;-3.330e-03;-4.800e-05;1.000e+01;-6.660e-01;-1.071e-02
22.264205000;9.966e-01;-6.660e-01;-9.600e-03;-6.682e-01;-9.632e-03;9.966e-01;-6.683e-01;-9.432e-03;9.966e-01;-3.330e-03;-4.800e-05;1.000e+01;-6.660e-01;-1.071e-02
22.267205000;9.966e-01;-6.660e-01;-9.600e-03;-6.682e-01;-9.632e-03;9.966e-01;-6.683e-01;-9.432e-03;9.966e-01;-3.330e-03;-4.800e-05;1.000e+01;-6.660e-01;-1.071e-02
22.268205000;9.966e-01;-6.660e-01;-9.600e-03;-6.682e-01;-9.632e-03;9.966e-01;-6.683e-01;-9.632e-03;9.966e-01;-3.330e-03;-4.800e-05;1.000e+01;-6.660e-01;-1.071e-02
22.278205000;9.966e-01;-6.660e-01;-9.600e-03;-6.682e-01;-9.632e-03;9.966e-01;-6.683e-01;-9.632e-03;9.966e-01;-3.330e-03;-4.800e-05;1.000e+01;-6.660e-01;-1.071e-02
22.279205000;9.966e-01;-6.660e-01;-9.600e-03;-6.682e-01;-9.632e-03;9.966e-01;-6.683e-01;-9.633e-03;9.966e-01;-3.330e-03;-4.800e-05;1.000e+01;-6.660e-01;-1.071e-02
22.286205000;9.966e-01;-6.660e-01;-9.600e-03;-6.682e-01;-9.632e-03;9.966e-01;-6.683e-01;-9.633e-03;9.966e-01;-3.330e-03;-4.800e-05;1.000e+01;-6.660e-01;-1.071e-02
22.287205000;9.966e-01;-6.660e-01;-9.600e-03;-6.683e-01;-9.632e-03;9.966e-01;-6.683e-01;-9.633e-03;9.966e-01;-3.330e-03;-4.800e-05;1.000e+01;-6.660e-01;-1.071e-02
22.299205000;9.966e-01;-6.660e-01;-9.600e-03;-6.683e-01;-9.632e-03;9.966e-01;-6.683e-01;-9.633e-03;9.966e-01;-3.330e-03;-4.800e-05;1.000e+01;-6.660e-01;-1.071e-02
22.300205000;9.966e-01;-6.660e-01;-9.600e-03;-6.683e-01;-9.633e-03;9.966e-01;-6.683e-01;-9.633e-03;9.966e-01;-3.330e-03;-4.800e-05;1.000e+01;-6.660e-01;-1.071e-02
22.349205000;9.966e-01;-6.660e-01;-9.600e-03;-6.683e-01;-9.633e-03;9.966e-01;-6.683e-01;-9.633e-03;9.966e-01;-3.330e-03;-4.800e-05;1.000e+01;-6.660e-01;-1.071e-02
22.350205000;9.966e-01;-6.660e-01;-9.800e-03;-6.683e-01;-9.833e-03;9.966e-01;-6.683e-01;-9.633e-03;9.966e-01;-3.330e-03;-4.900e-05;1.000e+01;-6.660e-01;-1.071e-02
22.374205000;9.966e-01;-6.660e-01;-9.800e-03;-6.683e-01;-9.833e-03;9.966e-01;-6.683e-01;-9.633e-03;9.966e-01;-3.330e-03;-4.900e-05;1.000e+01;-6.660e-01;-1.071e-02
22.375205000;9.966e-01;-6.660e-01;-9.800e-03;-6.683e-01;-9.834e-03;9.966e-01;-6.683e-01;-9.633e-03;9.966e-01;-3.330e-03;-4.900e-05;1.000e+01;-6.660e-01;-1.071e-02
22.427205000;9.966e-01;-6.660e-01;-9.800e-03;-6.683e-01;-9.834e-03;9.966e-01;-6.683e-01;-9.633e-03;9.966e-01;-3.330e-03;-4.900e-05;1.000e+01;-6.660e-01;-1.071e-02
22.428205000;9.966e-01;-6.660e-01;-9.800e-03;-6.683e-01;-9.834e-03;9.966e-01;-6.683e-01;-9.834e-03;9.966e-01;-3.330e-03;-4.900e-05;1.000e+01;-6.660e-01;-1.071e-02
22.451205000;9.966e-01;-6.660e-01;-9.800e-03;-6.683e-01;-9.834e-03;9.966e-01;-6.683e-01;-9.834e-03;9.966e-01;-3.330e-03;-4.900e-05;1.000e+01;-6.660e-01;-1.071e-02
22.452205000;9.966e-01;-6.660e-01;-9.800e-03;-6.683e-01;-9.834e-03;9.965e-01;-6.683e-01;-9.834e-03;9.966e-01;-3.330e-03;-4.900e-05;1.000e+01;-6.660e-01;-1.071e-02
22.478205000;9.966e-01;-6.660e-01;-9.800e-03;-6.683e-01;-9.834e-03;9.965e-01;-6.683e-01;-9.834e-03;9.966e-01;-3.330e-03;-4.900e-05;1.000e+01;-6.660e-01;-1.071e-02
22.479205000;9.965e-01;-6.660e-01;-9.800e-03;-6.683e-01;-9.834e-03;9.965e-01;-6.683e-01;-9.834e-03;9.965e-01;-3.330e-03;-4.900e-05;1.000e+01;-6.660e-01;-1.071e-02
22.516205000;9.965e-01;-6.660e-01;-9.800e-03;-6.683e-01;-9.834e-03;9.965e-01;-6.683e-01;-9.834e-03;9.965e-01;-3.330e-03;-4.900e-05;1.000e+01;-6.660e-01;-1.071e-02
22.517205000;9.965e-01;-6.660e-01;-1.000e-02;-6.683e-01;-1.003e-02;9.965e-01;-6.683e-01;-9.834e-03;9.965e-01;-3.330e-03;-5.000e-05;1.000e+01;-6.660e-01;-1.071e-02
22.570205000;9.965e-01;-6.660e-01;-1.000e-02;-6.683e-01;-1.003e-02;9.965e-01;-6.683e-01;-9.834e-03;9.965e-01;-3.330e-03;-5.000e-05;1.000e+01;-6.660e-01;-1.071e-02
22.571205000;9.965e-01;-6.660e-01;-1.000e-02;-6.683e-01;-1.004e-02;9.965e-01;-6.683e-01;-9.834e-03;9.965e-01;-3.330e-03;-5.000e-05;1.000e+01;-6.660e-01;-1.071e-02
22.598205000;9.965e-01;-6.660e-01;-1.000e-02;-6.683e-01;-1.004e-02;9.965e-01;-6.683e-01;-9.834e-03;9.965e-01;-3.330e-03;-5.000e-05;1.000e+01;-6.660e-01;-1.071e-02
22.599205000;9.965e-01;-6.660e-01;-1.000e-02;-6.683e-01;-1.004e-02;9.965e-01;-6.683e-01;-9.835e-03;9.965e-01;-3.330e-03;-5.000e-05;1.000e+01;-6.660e-01;-1.071e-02
22.602205000;9.965e-01;-6.660e-01;-1.000e-02;-6.683e-01;-1.004e-02;9.965e-01;-6.683e-01;-9.835e-03;9.965e-01;-3.330e-03;-5.000e-05;1.000e+01;-6.660e-01;-1.071e-02
22.603205000;9.965e-01;-6.660e-01;-1.000e-02;-6.683e-01;-1.004e-02;9.965e-01;-6.683e-01;-1.004e-02;9.965e-01;-3.330e-03;-5.000e-05;1.000e+01;-6.660e-01;-1.071e-02
22.619205000;9.965e-01;-6.660e-01;-1.000e-02;-6.683e-01;-1.004e-02;9.965e-01;-6.683e-01;-1.004e-02;9.965e-01;-3.330e-03;-5.000e-05;1.000e+01;-6.660e-01;-1.071e-02
22.620205000;9.965e-01;-6.660e-01;-1.000e-02;-6.683e-01;-1.004e-02;9.965e-01;-6.684e-01;-1.004e-02;9.965e-01;-3.330e-03;-5.000e-05;1.000e+01;-6.660e-01;-1.071e-02
22.646205000;9.965e-01;-6.660e-01;-1.000e-02;-6.683e-01;-1.004e-02;9.965e-01;-6.684e-01;-1.004e-02;9.965e-01;-3.330e-03;-5.000e-05;1.000e+01;-6.660e-01;-1.071e-02
22.647205000;9.965e-01;-6.660e-01;-1.000e-02;-6.684e-01;-1.004e-02;9.965e-01;-6.684e-01;-1.004e-02;9.965e-01;-3.330e-03;-5.000e-05;1.000e+01;-6.660e-01;-1.071e-02
22.700205000;9.965e-01;-6.660e-01;-1.000e-02;-6.684e-01;-1.004e-02;9.965e-01;-6.684e-01;-1.004e-02;9.965e-01;-3.330e-03;-5.000e-05;1.000e+01;-6.660e-01;-1.071e-02
22.701205000;9.965e-01;-6.660e-01;-1.020e-02;-6.684e-01;-1.024e-02;9.965e-01;-6.684e-01;-1.004e-02;9.965e-01;-3.330e-03;-5.100e-05;1.000e+01;-6.660e-01;-1.071e-02
22.710205000;9.965e-01;-6.660e-01;-1.020e-02;-6.684e-01;-1.024e-02;9.965e-01;-6.684e-01;-1.004e-02;9.965e-01;-3.330e-03;-5.100e-05;1.000e+01;-6.660e-01;-1.071e-02
22.711205000;9.965e-01;-6.660e-01;-1.020e-02;-6.684e-01;-1.024e-02;9.964e-01;-6.684e-01;-1.004e-02;9.965e-01;-3.330e-03;-5.100e-05;1.000e+01;-6.660e-01;-1.071e-02
22.737205000;9.965e-01;-6.660e-01;-1.020e-02;-6.684e-01;-1.024e-02;9.964e-01;-6.684e-01;-1.004e-02;9.965e-01;-3.330e-03;-5.100e-05;1.000e+01;-6.660e-01;-1.071e-02
22.738205000;9.964e-01;-6.660e-01;-1.020e-02;-6.684e-01;-1.024e-02;9.964e-01;-6.684e-01;-1.004e-02;9.964e-01;-3.330e-03;-5.100e-05;1.000e+01;-6.660e-01;-1.071e-02
22.795205000;9.964e-01;-6.660e-01;-1.020e-02;-6.684e-01;-1.024e-02;9.964e-01;-6.684e-01;-1.004e-02;9.964e-01;-3.330e-03;-5.100e-05;1.000e+01;-6.660e-01;-1.071e-02
22.796205000;9.964e-01;-6.660e-01;-1.020e-02;-6.684e-01;-1.024e-02;9.964e-01;-6.684e-01;-1.024e-02;9.964e-01;-3.330e-03;-5.100e-05;1.000e+01;-6.660e-01;-1.071e-02
22.905205000;9.964e-01;-6.660e-01;-1.020e-02;-6.684e-01;-1.024e-02;9.964e-01;-6.684e-01;-1.024e-02;9.964e-01;-3.330e-03;-5.100e-05;1.000e+01;-6.660e-01;-1.071e-02
22.906205000;9.964e-01;-6.660e-01;-1.040e-02;-6.684e-01;-1.044e-02;9.964e-01;-6.684e-01;-1.024e-02;9.964e-01;-3.330e-03;-5.200e-05;1.000e+01;-6.660e-01;-1.071e-02
23.009205000;9.964e-01;-6.660e-01;-1.040e-02;-6.684e-01;-1.044e-02;9.964e-01;-6.684e-01;-1.024e-02;9.964e-01;-3.330e-03;-5.200e-05;1.000e+01;-6.660e-01;-1.071e-02
23.010205000;9.964e-01;-6.660e-01;-1.040e-02;-6.684e-01;-1.044e-02;9.963e-01;-6.684e-01;-1.024e-02;9.964e-01;-3.330e-03;-5.200e-05;1.000e+01;-6.660e-01;-1.071e-02
23.012205000;9.964e-01;-6.660e-01;-1.040e-02;-6.684e-01;-1.044e-02;9.963e-01;-6.684e-01;-1.024e-02;9.964e-01;-3.330e-03;-5.200e-05;1.000e+01;-6.660e-01;-1.071e-02
23.013205000;9.964e-01;-6.660e-01;-1.040e-02;-6.684e-01;-1.044e-02;9.963e-01;-6.684e-01;-1.044e-02;9.964e-01;-3.330e-03;-5.200e-05;1.000e+01;-6.660e-01;-1.071e-02
23.042205000;9.964e-01;-6.660e-01;-1.040e-02;-6.684e-01;-1.044e-02;9.963e-01;-6.684e-01;-1.044e-02;9.964e-01;-3.330e-03;-5.200e-05;1.000e+01;-6.660e-01;-1.071e-02
23.043205000;9.963e-01;-6.660e-01;-1.040e-02;-6.684e-01;-1.044e-02;9.963e-01;-6.684e-01;-1.044e-02;9.963e-01;-3.330e-03;-5.200e-05;1.000e+01;-6.660e-01;-1.071e-02
23.059205000;9.963e-01;-6.660e-01;-1.040e-02;-6.684e-01;-1.044e-02;9.963e-01;-6.684e-01;-1.044e-02;9.963e-01;-3.330e-03;-5.200e-05;1.000e+01;-6.660e-01;-1.071e-02
23.060205000;9.963e-01;-6.660e-01;-1.040e-02;-6.684e-01;-1.044e-02;9.963e-01;-6.685e-01;-1.044e-02;9.963e-01;-3.330e-03;-5.200e-05;1.000e+01;-6.660e-01;-1.071e-02
23.097205000;9.963e-01;-6.660e-01;-1.040e-02;-6.684e-01;-1.044e-02;9.963e-01;-6.685e-01;-1.044e-02;9.963e-01;-3.330e-03;-5.200e-05;1.000e+01;-6.660e-01;-1.071e-02
23.098205000;9.963e-01;-6.660e-01;-1.040e-02;-6.685e-01;-1.044e-02;9.963e-01;-6.685e-01;-1.044e-02;9.963e-01;-3.330e-03;-5.200e-05;1.000e+01;-6.660e-01;-1.071e-02
23.138205000;9.963e-01;-6.660e-01;-1.040e-02;-6.685e-01;-1.044e-02;9.963e-01;-6.685e-01;-1.044e-02;9.963e-01;-3.330e-03;-5.200e-05;1.000e+01;-6.660e-01;-1.071e-02
23.139205000;9.963e-01;-6.660e-01;-1.060e-02;-6.685e-01;-1.064e-02;9.963e-01;-6.685e-01;-1.044e-02;9.963e-01;-3.330e-03;-5.300e-05;1.000e+01;-6.660e-01;-1.071e-02
23.262205000;9.963e-01;-6.660e-01;-1.060e-02;-6.685e-01;-1.064e-02;9.963e-01;-6.685e-01;-1.044e-02;9.963e-01;-3.330e-03;-5.300e-05;1.000e+01;-6.660e-01;-1.071e-02
23.263205000;9.963e-01;-6.660e-01;-1.060e-02;-6.685e-01;-1.064e-02;9.963e-01;-6.685e-01;-1.064e-02;9.963e-01;-3.330e-03;-5.300e-05;1.000e+01;-6.660e-01;-1.071e-02
23.378205000;9.963e-01;-6.660e-01;-1.060e-02;-6.685e-01;-1.064e-02;9.963e-01;-6.685e-01;-1.064e-02;9.963e-01;-3.330e-03;-5.300e-05;1.000e+01;-6.660e-01;-1.071e-02
23.379205000;9.963e-01;-6.660e-01;-1.060e-02;-6.685e-01;-1.064e-02;9.962e-01;-6.685e-01;-1.064e-02;9.963e-01;-3.330e-03;-5.300e-05;1.000e+01;-6.660e-01;-1.071e-02
23.411205000;9.963e-01;-6.660e-01;-1.060e-02;-6.685e-01;-1.064e-02;9.962e-01;-6.685e-01;-1.064e-02;9.963e-01;-3.330e-03;-5.300e-05;1.000e+01;-6.660e-01;-1.071e-02
23.412205000;9.963e-01;-6.660e-01;-1.080e-02;-6.685e-01;-1.084e-02;9.962e-01;-6.685e-01;-1.064e-02;9.963e-01;-3.330e-03;-5.400e-05;1.000e+01;-6.660e-01;-1.071e-02
23.419205000;9.963e-01;-6.660e-01;-1.080e-02;-6.685e-01;-1.084e-02;9.962e-01;-6.685e-01;-1.064e-02;9.963e-01;-3.330e-03;-5.400e-05;1.000e+01;-6.660e-01;-1.071e-02
23.420205000;9.962e-01;-6.660e-01;-1.080e-02;-6.685e-01;-1.084e-02;9.962e-01;-6.685e-01;-1.064e-02;9.962e-01;-3.330e-03;-5.400e-05;1.000e+01;-6.660e-01;-1.071e-02
23.561205000;9.962e-01;-6.660e-01;-1.080e-02;-6.685e-01;-1.084e-02;9.962e-01;-6.685e-01;-1.064e-02;9.962e-01;-3.330e-03;-5.400e-05;1.000e+01;-6.660e-01;-1.071e-02
23.562205000;9.962e-01;-6.660e-01;-1.080e-02;-6.685e-01;-1.084e-02;9.962e-01;-6.685e-01;-1.084e-02;9.962e-01;-3.330e-03;-5.400e-05;1.000e+01;-6.660e-01;-1.071e-02
23.670205000;9.962e-01;-6.660e-01;-1.080e-02;-6.685e-01;-1.084e-02;9.962e-01;-6.685e-01;-1.084e-02;9.962e-01;-3.330e-03;-5.400e-05;1.000e+01;-6.660e-01;-1.071e-02
23.671205000;9.962e-01;-6.660e-01;-1.080e-02;-6.685e-01;-1.084e-02;9.962e-01;-6.686e-01;-1.084e-02;9.962e-01;-3.330e-03;-5.400e-05;1.000e+01;-6.660e-01;-1.071e-02
23.727205000;9.962e-01;-6.660e-01;-1.080e-02;-6.685e-01;-1.084e-02;9.962e-01;-6.686e-01;-1.084e-02;9.962e-01;-3.330e-03;-5.400e-05;1.000e+01;-6.660e-01;-1.071e-02
23.728205000;9.962e-01;-6.660e-01;-1.080e-02;-6.686e-01;-1.084e-02;9.962e-01;-6.686e-01;-1.084e-02;9.962e-01;-3.330e-03;-5.400e-05;1.000e+01;-6.660e-01;-1.071e-02
23.746205000;9.962e-01;-6.660e-01;-1.080e-02;-6.686e-01;-1.084e-02;9.962e-01;-6.686e-01;-1.084e-02;9.962e-01;-3.330e-03;-5.400e-05;1.000e+01;-6.660e-01;-1.071e-02
23.747205000;9.962e-01;-6.660e-01;-1.100e-02;-6.686e-01;-1.104e-02;9.962e-01;-6.686e-01;-1.084e-02;9.962e-01;-3.330e-03;-5.500e-05;1.000e+01;-6.660e-01;-1.071e-02
23.865205000;9.962e-01;-6.660e-01;-1.100e-02;-6.686e-01;-1.104e-02;9.962e-01;-6.686e-01;-1.084e-02;9.962e-01;-3.330e-03;-5.500e-05;1.000e+01;-6.660e-01;-1.071e-02
23.866205000;9.962e-01;-6.660e-01;-1.100e-02;-6.686e-01;-1.104e-02;9.961e-01;-6.686e-01;-1.084e-02;9.962e-01;-3.330e-03;-5.500e-05;1.000e+01;-6.660e-01;-1.071e-02
23.926205000;9.962e-01;-6.660e-01;-1.100e-02;-6.686e-01;-1.104e-02;9.961e-01;-6.686e-01;-1.084e-02;9.962e-01;-3.330e-03;-5.500e-05;1.000e+01;-6.660e-01;-1.071e-02
23.927205000;9.961e-01;-6.660e-01;-1.100e-02;-6.686e-01;-1.104e-02;9.961e-01;-6.686e-01;-1.084e-02;9.961e-01;-3.330e-03;-5.500e-05;1.000e+01;-6.660e-01;-1.071e-02
23.940205000;9.961e-01;-6.660e-01;-1.100e-02;-6.686e-01;-1.104e-02;9.961e-01;-6.686e-01;-1.084e-02;9.961e-01;-3.330e-03;-5.500e-05;1.000e+01;-6.660e-01;-1.071e-02
23.941205000;9.961e-01;-6.660e-01;-1.100e-02;-6.686e-01;-1.104e-02;9.961e-01;-6.686e-01;-1.104e-02;9.961e-01;-3.330e-03;-5.500e-05;1.000e+01;-6.660e-01;-1.071e-02
24.193205000;9.961e-01;-6.660e-01;-1.100e-02;-6.686e-01;-1.104e-02;9.961e-01;-6.686e-01;-1.104e-02;9.961e-01;-3.330e-03;-5.500e-05;1.000e+01;-6.660e-01;-1.071e-02
24.194205000;9.961e-01;-6.660e-01;-1.120e-02;-6.686e-01;-1.124e-02;9.961e-01;-6.686e-01;-1.104e-02;9.961e-01;-3.330e-03;-5.600e-05;1.000e+01;-6.660e-01;-1.071e-02
24.488205000;9.961e-01;-6.660e-01;-1.120e-02;-6.686e-01;-1.124e-02;9.961e-01;-6.686e-01;-1.104e-02;9.961e-01;-3.330e-03;-5.600e-05;1.000e+01;-6.660e-01;-1.071e-02
24.489205000;9.961e-01;-6.660e-01;-1.120e-02;-6.686e-01;-1.124e-02;9.961e-01;-6.686e-01;-1.124e-02;9.961e-01;-3.330e-03;-5.600e-05;1.000e+01;-6.660e-01;-1.071e-02
24.682205000;9.961e-01;-6.660e-01;-1.120e-02;-6.686e-01;-1.124e-02;9.961e-01;-6.686e-01;-1.124e-02;9.961e-01;-3.330e-03;-5.600e-05;1.000e+01;-6.660e-01;-1.071e-02
24.683205000;9.961e-01;-6.660e-01;-1.120e-02;-6.686e-01;-1.124e-02;9.960e-01;-6.686e-01;-1.124e-02;9.961e-01;-3.330e-03;-5.600e-05;1.000e+01;-6.660e-01;-1.071e-02
24.812205000;9.961e-01;-6.660e-01;-1.120e-02;-6.686e-01;-1.124e-02;9.960e-01;-6.686e-01;-1.124e-02;9.961e-01;-3.330e-03;-5.600e-05;1.000e+01;-6.660e-01;-1.071e-02
24.813205000;9.960e-01;-6.660e-01;-1.120e-02;-6.686e-01;-1.124e-02;9.960e-01;-6.686e-01;-1.124e-02;9.960e-01;-3.330e-03;-5.600e-05;1.000e+01;-6.660e-01;-1.071e-02
24.859205000;9.960e-01;-6.660e-01;-1.120e-02;-6.686e-01;-1.124e-02;9.960e-01;-6.686e-01;-1.124e-02;9.960e-01;-3.330e-03;-5.600e-05;1.000e+01;-6.660e-01;-1.071e-02
24.860205000;9.960e-01;-6.660e-01;-1.120e-02;-6.686e-01;-1.124e-02;9.960e-01;-6.687e-01;-1.124e-02;9.960e-01;-3.330e-03;-5.600e-05;1.000e+01;-6.660e-01;-1.071e-02
24.963205000;9.960e-01;-6.660e-01;-1.120e-02;-6.686e-01;-1.124e-02;9.960e-01;-6.687e-01;-1.124e-02;9.960e-01;-3.330e-03;-5.600e-05;1.000e+01;-6.660e-01;-1.071e-02
24.964205000;9.960e-01;-6.660e-01;-1.140e-02;-6.686e-01;-1.145e-02;9.960e-01;-6.687e-01;-1.124e-02;9.960e-01;-3.330e-03;-5.700e-05;1.000e+01;-6.660e-01;-1.071e-02
25.043205000;9.960e-01;-6.660e-01;-1.140e-02;-6.686e-01;-1.145e-02;9.960e-01;-6.687e-01;-1.124e-02;9.960e-01;-3.330e-03;-5.700e-05;1.000e+01;-6.660e-01;-1.071e-02
25.044205000;9.960e-01;-6.660e-01;-1.140e-02;-6.687e-01;-1.145e-02;9.960e-01;-6.687e-01;-1.124e-02;9.960e-01;-3.330e-03;-5.700e-05;1.000e+01;-6.660e-01;-1.071e-02
27.100205000;9.960e-01;-6.660e-01;-1.140e-02;-6.687e-01;-1.145e-02;9.960e-01;-6.687e-01;-1.124e-02;9.960e-01;-3.330e-03;-5.700e-05;1.000e+01;-6.660e-01;-1.071e-02
27.101205000;9.960e-01;-6.660e-01;-1.140e-02;-6.686e-01;-1.145e-02;9.960e-01;-6.687e-01;-1.124e-02;9.960e-01;-3.330e-03;-5.700e-05;1.000e+01;-6.660e-01;-1.071e-02
27.227205000;9.960e-01;-6.660e-01;-1.140e-02;-6.686e-01;-1.145e-02;9.960e-01;-6.687e-01;-1.124e-02;9.960e-01;-3.330e-03;-5.700e-05;1.000e+01;-6.660e-01;-1.071e-02
27.228205000;9.960e-01;-6.660e-01;-1.120e-02;-6.686e-01;-1.124e-02;9.960e-01;-6.687e-01;-1.124e-02;9.960e-01;-3.330e-03;-5.600e-05;1.000e+01;-6.660e-01;-1.071e-02
27.423205000;9.960e-01;-6.660e-01;-1.120e-02;-6.686e-01;-1.124e-02;9.960e-01;-6.687e-01;-1.124e-02;9.960e-01;-3.330e-03;-5.600e-05;1.000e+01;-6.660e-01;-1.071e-02
27.424205000;9.960e-01;-6.660e-01;-1.120e-02;-6.686e-01;-1.124e-02;9.960e-01;-6.686e-01;-1.124e-02;9.960e-01;-3.330e-03;-5.600e-05;1.000e+01;-6.660e-01;-1.071e-02
27.507205000;9.960e-01;-6.660e-01;-1.120e-02;-6.686e-01;-1.124e-02;9.960e-01;-6.686e-01;-1.124e-02;9.960e-01;-3.330e-03;-5.600e-05;1.000e+01;-6.660e-01;-1.071e-02
27.508205000;9.961e-01;-6.660e-01;-1.120e-02;-6.686e-01;-1.124e-02;9.960e-01;-6.686e-01;-1.124e-02;9.961e-01;-3.330e-03;-5.600e-05;1.000e+01;-6.660e-01;-1.071e-02
27.770205000;9.961e-01;-6.660e-01;-1.120e-02;-6.686e-01;-1.124e-02;9.960e-01;-6.686e-01;-1.124e-02;9.961e-01;-3.330e-03;-5.600e-05;1.000e+01;-6.660e-01;-1.071e-02
27.771205000;9.961e-01;-6.660e-01;-1.120e-02;-6.686e-01;-1.124e-02;9.961e-01;-6.686e-01;-1.124e-02;9.961e-01;-3.330e-03;-5.600e-05;1.000e+01;-6.660e-01;-1.071e-02
28.201205000;9.961e-01;-6.660e-01;-1.120e-02;-6.686e-01;-1.124e-02;9.961e-01;-6.686e-01;-1.124e-02;9.961e-01;-3.330e-03;-5.600e-05;1.000e+01;-6.660e-01;-1.071e-02
28.202205000;9.961e-01;-6.660e-01;-1.120e-02;-6.686e-01;-1.124e-02;9.961e-01;-6.686e-01;-1.104e-02;9.961e-01;-3.330e-03;-5.600e-05;1.000e+01;-6.660e-01;-1.071e-02
29.054205000;9.961e-01;-6.660e-01;-1.120e-02;-6.686e-01;-1.124e-02;9.961e-01;-6.686e-01;-1.104e-02;9.961e-01;-3.330e-03;-5.600e-05;1.000e+01;-6.660e-01;-1.071e-02
29.055205000;9.961e-01;-6.660e-01;-1.100e-02;-6.686e-01;-1.104e-02;9.961e-01;-6.686e-01;-1.104e-02;9.961e-01;-3.330e-03;-5.500e-05;1.000e+01;-6.660e-01;-1.071e-02
30.105205000;9.961e-01;-6.660e-01;-1.100e-02;-6.686e-01;-1.104e-02;9.961e-01;-6.686e-01;-1.104e-02;9.961e-01;-3.330e-03;-5.500e-05;1.000e+01;-6.660e-01;-1.071e-02
30.106205000;9.961e-01;-6.660e-01;-1.100e-02;-6.686e-01;-1.104e-02;9.961e-01;-6.686e-01;-1.084e-02;9.961e-01;-3.330e-03;-5.500e-05;1.000e+01;-6.660e-01;-1.071e-02
30.192205000;9.961e-01;-6.660e-01;-1.100e-02;-6.686e-01;-1.104e-02;9.961e-01;-6.686e-01;-1.084e-02;9.961e-01;-3.330e-03;-5.500e-05;1.000e+01;-6.660e-01;-1.071e-02
30.193205000;9.962e-01;-6.660e-01;-1.100e-02;-6.686e-01;-1.104e-02;9.961e-01;-6.686e-01;-1.084e-02;9.962e-01;-3.330e-03;-5.500e-05;1.000e+01;-6.660e-01;-1.071e-02
30.550205000;9.962e-01;-6.660e-01;-1.100e-02;-6.686e-01;-1.104e-02;9.961e-01;-6.686e-01;-1.084e-02;9.962e-01;-3.330e-03;-5.500e-05;1.000e+01;-6.660e-01;-1.071e-02
30.551205000;9.962e-01;-6.660e-01;-1.100e-02;-6.686e-01;-1.104e-02;9.962e-01;-6.686e-01;-1.084e-02;9.962e-01;-3.330e-03;-5.500e-05;1.000e+01;-6.660e-01;-1.071e-02
31.383205000;9.962e-01;-6.660e-01;-1.100e-02;-6.686e-01;-1.104e-02;9.962e-01;-6.686e-01;-1.084e-02;9.962e-01;-3.330e-03;-5.500e-05;1.000e+01;-6.660e-01;-1.071e-02
31.384205000;9.962e-01;-6.660e-01;-1.080e-02;-6.686e-01;-1.084e-02;9.962e-01;-6.686e-01;-1.084e-02;9.962e-01;-3.330e-03;-5.400e-05;1.000e+01;-6.660e-01;-1.071e-02
31.581205000;9.962e-01;-6.660e-01;-1.080e-02;-6.686e-01;-1.084e-02;9.962e-01;-6.686e-01;-1.084e-02;9.962e-01;-3.330e-03;-5.400e-05;1.000e+01;-6.660e-01;-1.071e-02
31.582205000;9.962e-01;-6.660e-01;-1.080e-02;-6.685e-01;-1.084e-02;9.962e-01;-6.686e-01;-1.084e-02;9.962e-01;-3.330e-03;-5.400e-05;1.000e+01;-6.660e-01;-1.071e-02
32.161205000;9.962e-01;-6.660e-01;-1.080e-02;-6.685e-01;-1.084e-02;9.962e-01;-6.686e-01;-1.084e-02;9.962e-01;-3.330e-03;-5.400e-05;1.000e+01;-6.660e-01;-1.071e-02
32.162205000;9.962e-01;-6.660e-01;-1.080e-02;-6.685e-01;-1.084e-02;9.962e-01;-6.685e-01;-1.084e-02;9.962e-01;-3.330e-03;-5.400e-05;1.000e+01;-6.660e-01;-1.071e-02
34.693205000;9.962e-01;-6.660e-01;-1.080e-02;-6.685e-01;-1.084e-02;9.962e-01;-6.685e-01;-1.084e-02;9.962e-01;-3.330e-03;-5.400e-05;1.000e+01;-6.660e-01;-1.071e-02
34.694205000;9.962e-01;-6.660e-01;-1.080e-02;-6.685e-01;-1.084e-02;9.962e-01;-6.685e-01;-1.064e-02;9.962e-01;-3.330e-03;-5.400e-05;1.000e+01;-6.660e-01;-1.071e-02
40.538205000;9.962e-01;-6.660e-01;-1.080e-02;-6.685e-01;-1.084e-02;9.962e-01;-6.685e-01;-1.064e-02;9.962e-01;-3.330e-03;-5.400e-05;1.000e+01;-6.660e-01;-1.071e-02
40.539205000;9.962e-01;-6.660e-01;-1.080e-02;-6.685e-01;-1.084e-02;9.962e-01;-6.685e-01;-1.084e-02;9.962e-01;-3.330e-03;-5.400e-05;1.000e+01;-6.660e-01;-1.071e-02
100.000000000;9.962e-01;-6.660e-01;-1.080e-02;-6.685e-01;-1.084e-02;9.962e-01;-6.685e-01;-1.084e-02;9.962e-01;-3.330e-03;-5.400e-05;1.000e+01;-6.660e-01;-1.071e-02
