time;BusPDR_BUS_Voltage;BusPDR_BUS_ActivePower;BusPDR_BUS_ReactivePower;BusPDR_BUS_ActiveCurrent;BusPDR_BUS_ReactiveCurrent;Measurements_BUS_Voltage;Measurements_BUS_ActivePower;Measurements_BUS_ReactivePower;StepUp_Xfmr_XFMR_Tap;Wind_Turbine_GEN_ActivePowerSetpointPu;Wind_Turbine_GEN_ReactivePowerSetpointPu;Wind_Turbine_GEN_InjectedActiveCurrent;Wind_Turbine_GEN_InjectedReactiveCurrent
0.000000000;1.044e+00;8.333e-01;-1.391e-08;7.979e-01;1.890e-09;1.044e+00;7.500e-01;-6.543e-09;1.000e+01;8.335e-01;1.556e-02;7.977e-01;-1.490e-02
19.999996000;1.044e+00;8.333e-01;-1.109e-06;7.979e-01;-1.059e-06;1.044e+00;7.500e-01;-1.000e-06;1.000e+01;8.335e-01;1.556e-02;7.977e-01;-1.489e-02
19.999996000;1.044e+00;8.333e-01;-1.109e-06;7.979e-01;-1.059e-06;1.044e+00;7.500e-01;-1.000e-06;1.000e+01;8.335e-01;-4.438e-03;7.977e-01;-1.489e-02
19.999997000;1.044e+00;8.333e-01;-1.109e-06;7.979e-01;-1.059e-06;1.044e+00;7.500e-01;-1.000e-06;1.000e+01;8.335e-01;-4.438e-03;7.977e-01;-1.489e-02
20.000004000;1.044e+00;8.333e-01;-8.887e-06;7.979e-01;-8.506e-06;1.044e+00;7.500e-01;-8.001e-06;1.000e+01;8.335e-01;-4.438e-03;7.977e-01;-1.489e-02
20.000124000;1.044e+00;8.333e-01;-1.300e-04;7.979e-01;-1.245e-04;1.044e+00;7.500e-01;-1.170e-04;1.000e+01;8.335e-01;-4.438e-03;7.977e-01;-1.477e-02
20.000252000;1.044e+00;8.332e-01;-2.589e-04;7.979e-01;-2.479e-04;1.044e+00;7.499e-01;-2.330e-04;1.000e+01;8.335e-01;-4.438e-03;7.977e-01;-1.464e-02
20.000508000;1.044e+00;8.332e-01;-5.122e-04;7.979e-01;-4.905e-04;1.044e+00;7.498e-01;-4.610e-04;1.000e+01;8.335e-01;-4.438e-03;7.977e-01;-1.439e-02
20.000764000;1.044e+00;8.331e-01;-7.600e-04;7.979e-01;-7.279e-04;1.044e+00;7.498e-01;-6.840e-04;1.000e+01;8.335e-01;-4.438e-03;7.977e-01;-1.415e-02
20.001276000;1.044e+00;8.329e-01;-1.239e-03;7.979e-01;-1.187e-03;1.044e+00;7.496e-01;-1.115e-03;1.000e+01;8.335e-01;-4.438e-03;7.977e-01;-1.369e-02
20.001532000;1.044e+00;8.328e-01;-1.470e-03;7.978e-01;-1.408e-03;1.044e+00;7.496e-01;-1.323e-03;1.000e+01;8.335e-01;-4.438e-03;7.977e-01;-1.347e-02
20.001788000;1.044e+00;8.328e-01;-1.696e-03;7.978e-01;-1.624e-03;1.044e+00;7.495e-01;-1.526e-03;1.000e+01;8.335e-01;-4.438e-03;7.977e-01;-1.325e-02
20.002044000;1.044e+00;8.327e-01;-1.916e-03;7.978e-01;-1.835e-03;1.044e+00;7.494e-01;-1.724e-03;1.000e+01;8.335e-01;-4.438e-03;7.977e-01;-1.304e-02
20.002300000;1.044e+00;8.326e-01;-2.130e-03;7.978e-01;-2.041e-03;1.044e+00;7.494e-01;-1.917e-03;1.000e+01;8.335e-01;-4.438e-03;7.977e-01;-1.284e-02
20.002556000;1.044e+00;8.326e-01;-2.339e-03;7.978e-01;-2.241e-03;1.044e+00;7.493e-01;-2.105e-03;1.000e+01;8.335e-01;-4.438e-03;7.977e-01;-1.264e-02
20.002812000;1.043e+00;8.325e-01;-2.542e-03;7.978e-01;-2.436e-03;1.043e+00;7.492e-01;-2.288e-03;1.000e+01;8.335e-01;-4.438e-03;7.977e-01;-1.245e-02
20.003068000;1.043e+00;8.324e-01;-2.740e-03;7.978e-01;-2.626e-03;1.043e+00;7.492e-01;-2.466e-03;1.000e+01;8.335e-01;-4.438e-03;7.977e-01;-1.226e-02
20.003324000;1.043e+00;8.324e-01;-2.933e-03;7.978e-01;-2.812e-03;1.043e+00;7.491e-01;-2.640e-03;1.000e+01;8.335e-01;-4.438e-03;7.977e-01;-1.208e-02
20.003580000;1.043e+00;8.323e-01;-3.120e-03;7.978e-01;-2.991e-03;1.043e+00;7.491e-01;-2.808e-03;1.000e+01;8.335e-01;-4.438e-03;7.977e-01;-1.190e-02
20.003836000;1.043e+00;8.322e-01;-3.303e-03;7.978e-01;-3.167e-03;1.043e+00;7.490e-01;-2.973e-03;1.000e+01;8.335e-01;-4.438e-03;7.977e-01;-1.172e-02
20.004092000;1.043e+00;8.322e-01;-3.480e-03;7.978e-01;-3.336e-03;1.043e+00;7.490e-01;-3.132e-03;1.000e+01;8.335e-01;-4.438e-03;7.977e-01;-1.155e-02
20.004348000;1.043e+00;8.321e-01;-3.652e-03;7.978e-01;-3.502e-03;1.043e+00;7.489e-01;-3.287e-03;1.000e+01;8.335e-01;-4.438e-03;7.978e-01;-1.139e-02
20.004604000;1.043e+00;8.321e-01;-3.820e-03;7.978e-01;-3.663e-03;1.043e+00;7.489e-01;-3.438e-03;1.000e+01;8.335e-01;-4.438e-03;7.978e-01;-1.123e-02
20.004860000;1.043e+00;8.320e-01;-3.983e-03;7.978e-01;-3.820e-03;1.043e+00;7.488e-01;-3.585e-03;1.000e+01;8.335e-01;-4.438e-03;7.978e-01;-1.107e-02
20.005116000;1.043e+00;8.320e-01;-4.141e-03;7.978e-01;-3.971e-03;1.043e+00;7.488e-01;-3.727e-03;1.000e+01;8.335e-01;-4.438e-03;7.978e-01;-1.092e-02
20.005372000;1.043e+00;8.319e-01;-4.296e-03;7.978e-01;-4.119e-03;1.043e+00;7.487e-01;-3.866e-03;1.000e+01;8.335e-01;-4.438e-03;7.978e-01;-1.078e-02
20.005628000;1.043e+00;8.319e-01;-4.444e-03;7.978e-01;-4.262e-03;1.043e+00;7.487e-01;-4.000e-03;1.000e+01;8.335e-01;-4.438e-03;7.978e-01;-1.064e-02
20.005884000;1.043e+00;8.318e-01;-4.590e-03;7.978e-01;-4.402e-03;1.043e+00;7.487e-01;-4.131e-03;1.000e+01;8.335e-01;-4.438e-03;7.978e-01;-1.050e-02
20.006396000;1.043e+00;8.318e-01;-4.868e-03;7.978e-01;-4.669e-03;1.043e+00;7.486e-01;-4.381e-03;1.000e+01;8.335e-01;-4.438e-03;7.978e-01;-1.023e-02
20.006857000;1.042e+00;8.317e-01;-5.104e-03;7.978e-01;-4.897e-03;1.042e+00;7.485e-01;-4.594e-03;1.000e+01;8.335e-01;-4.438e-03;7.978e-01;-1.001e-02
20.007318000;1.042e+00;8.316e-01;-5.329e-03;7.978e-01;-5.112e-03;1.042e+00;7.485e-01;-4.796e-03;1.000e+01;8.335e-01;-4.438e-03;7.978e-01;-9.793e-03
20.007778000;1.042e+00;8.316e-01;-5.542e-03;7.979e-01;-5.318e-03;1.042e+00;7.484e-01;-4.988e-03;1.000e+01;8.335e-01;-4.438e-03;7.978e-01;-9.590e-03
20.008239000;1.042e+00;8.315e-01;-5.743e-03;7.979e-01;-5.511e-03;1.042e+00;7.484e-01;-5.169e-03;1.000e+01;8.335e-01;-4.438e-03;7.978e-01;-9.398e-03
20.008700000;1.042e+00;8.315e-01;-5.933e-03;7.979e-01;-5.694e-03;1.042e+00;7.483e-01;-5.340e-03;1.000e+01;8.335e-01;-4.438e-03;7.978e-01;-9.217e-03
20.009161000;1.042e+00;8.314e-01;-6.114e-03;7.979e-01;-5.868e-03;1.042e+00;7.483e-01;-5.503e-03;1.000e+01;8.335e-01;-4.438e-03;7.979e-01;-9.045e-03
20.009622000;1.042e+00;8.314e-01;-6.284e-03;7.979e-01;-6.031e-03;1.042e+00;7.482e-01;-5.656e-03;1.000e+01;8.335e-01;-4.438e-03;7.979e-01;-8.882e-03
20.010082000;1.042e+00;8.313e-01;-6.446e-03;7.979e-01;-6.186e-03;1.042e+00;7.482e-01;-5.801e-03;1.000e+01;8.335e-01;-4.438e-03;7.979e-01;-8.729e-03
20.010543000;1.042e+00;8.313e-01;-6.599e-03;7.979e-01;-6.334e-03;1.042e+00;7.482e-01;-5.939e-03;1.000e+01;8.335e-01;-4.438e-03;7.979e-01;-8.584e-03
20.011004000;1.042e+00;8.313e-01;-6.742e-03;7.979e-01;-6.472e-03;1.042e+00;7.481e-01;-6.068e-03;1.000e+01;8.335e-01;-4.438e-03;7.979e-01;-8.447e-03
20.011465000;1.042e+00;8.312e-01;-6.878e-03;7.980e-01;-6.602e-03;1.042e+00;7.481e-01;-6.190e-03;1.000e+01;8.335e-01;-4.438e-03;7.979e-01;-8.318e-03
20.011926000;1.042e+00;8.312e-01;-7.007e-03;7.980e-01;-6.726e-03;1.042e+00;7.481e-01;-6.306e-03;1.000e+01;8.335e-01;-4.438e-03;7.980e-01;-8.196e-03
20.012847000;1.042e+00;8.312e-01;-7.241e-03;7.980e-01;-6.952e-03;1.042e+00;7.481e-01;-6.517e-03;1.000e+01;8.335e-01;-4.438e-03;7.980e-01;-7.973e-03
20.013308000;1.042e+00;8.312e-01;-7.348e-03;7.980e-01;-7.055e-03;1.042e+00;7.480e-01;-6.613e-03;1.000e+01;8.335e-01;-4.438e-03;7.980e-01;-7.871e-03
20.013769000;1.041e+00;8.312e-01;-7.449e-03;7.981e-01;-7.152e-03;1.041e+00;7.480e-01;-6.704e-03;1.000e+01;8.335e-01;-4.438e-03;7.980e-01;-7.775e-03
20.014230000;1.041e+00;8.311e-01;-7.544e-03;7.981e-01;-7.244e-03;1.041e+00;7.480e-01;-6.790e-03;1.000e+01;8.335e-01;-4.438e-03;7.981e-01;-7.685e-03
20.014690000;1.041e+00;8.311e-01;-7.633e-03;7.981e-01;-7.330e-03;1.041e+00;7.480e-01;-6.870e-03;1.000e+01;8.335e-01;-4.438e-03;7.981e-01;-7.600e-03
20.015151000;1.041e+00;8.311e-01;-7.718e-03;7.981e-01;-7.411e-03;1.041e+00;7.480e-01;-6.946e-03;1.000e+01;8.335e-01;-4.438e-03;7.981e-01;-7.521e-03
20.015612000;1.041e+00;8.311e-01;-7.797e-03;7.981e-01;-7.487e-03;1.041e+00;7.480e-01;-7.017e-03;1.000e+01;8.335e-01;-4.438e-03;7.981e-01;-7.446e-03
20.016073000;1.041e+00;8.311e-01;-7.870e-03;7.982e-01;-7.558e-03;1.041e+00;7.480e-01;-7.083e-03;1.000e+01;8.335e-01;-4.438e-03;7.982e-01;-7.377e-03
20.016534000;1.041e+00;8.311e-01;-7.940e-03;7.982e-01;-7.625e-03;1.041e+00;7.480e-01;-7.146e-03;1.000e+01;8.335e-01;-4.438e-03;7.982e-01;-7.311e-03
20.016994000;1.041e+00;8.311e-01;-8.004e-03;7.982e-01;-7.687e-03;1.041e+00;7.480e-01;-7.204e-03;1.000e+01;8.335e-01;-4.438e-03;7.982e-01;-7.250e-03
20.017455000;1.041e+00;8.311e-01;-8.066e-03;7.982e-01;-7.746e-03;1.041e+00;7.480e-01;-7.259e-03;1.000e+01;8.335e-01;-4.438e-03;7.982e-01;-7.192e-03
20.017916000;1.041e+00;8.311e-01;-8.123e-03;7.983e-01;-7.802e-03;1.041e+00;7.480e-01;-7.311e-03;1.000e+01;8.335e-01;-4.438e-03;7.983e-01;-7.139e-03
20.018377000;1.041e+00;8.312e-01;-8.177e-03;7.983e-01;-7.853e-03;1.041e+00;7.480e-01;-7.359e-03;1.000e+01;8.335e-01;-4.438e-03;7.983e-01;-7.089e-03
20.018838000;1.041e+00;8.312e-01;-8.227e-03;7.983e-01;-7.902e-03;1.041e+00;7.480e-01;-7.404e-03;1.000e+01;8.335e-01;-4.438e-03;7.983e-01;-7.042e-03
20.019298000;1.041e+00;8.312e-01;-8.273e-03;7.983e-01;-7.947e-03;1.041e+00;7.481e-01;-7.446e-03;1.000e+01;8.335e-01;-4.438e-03;7.984e-01;-6.999e-03
20.019759000;1.041e+00;8.312e-01;-8.317e-03;7.984e-01;-7.988e-03;1.041e+00;7.481e-01;-7.485e-03;1.000e+01;8.335e-01;-4.438e-03;7.984e-01;-6.958e-03
20.020681000;1.041e+00;8.312e-01;-8.394e-03;7.984e-01;-8.063e-03;1.041e+00;7.481e-01;-7.555e-03;1.000e+01;8.335e-01;-4.438e-03;7.984e-01;-6.885e-03
20.021142000;1.041e+00;8.312e-01;-8.430e-03;7.985e-01;-8.098e-03;1.041e+00;7.481e-01;-7.587e-03;1.000e+01;8.335e-01;-4.438e-03;7.985e-01;-6.853e-03
20.021602000;1.041e+00;8.313e-01;-8.462e-03;7.985e-01;-8.129e-03;1.041e+00;7.481e-01;-7.616e-03;1.000e+01;8.335e-01;-4.438e-03;7.985e-01;-6.823e-03
20.022063000;1.041e+00;8.313e-01;-8.493e-03;7.985e-01;-8.159e-03;1.041e+00;7.481e-01;-7.644e-03;1.000e+01;8.335e-01;-4.438e-03;7.985e-01;-6.795e-03
20.022524000;1.041e+00;8.313e-01;-8.521e-03;7.985e-01;-8.185e-03;1.041e+00;7.482e-01;-7.669e-03;1.000e+01;8.335e-01;-4.438e-03;7.986e-01;-6.769e-03
20.022985000;1.041e+00;8.313e-01;-8.548e-03;7.986e-01;-8.211e-03;1.041e+00;7.482e-01;-7.693e-03;1.000e+01;8.335e-01;-4.438e-03;7.986e-01;-6.745e-03
20.023446000;1.041e+00;8.313e-01;-8.571e-03;7.986e-01;-8.234e-03;1.041e+00;7.482e-01;-7.714e-03;1.000e+01;8.335e-01;-4.438e-03;7.986e-01;-6.723e-03
20.023906000;1.041e+00;8.314e-01;-8.594e-03;7.986e-01;-8.256e-03;1.041e+00;7.482e-01;-7.735e-03;1.000e+01;8.335e-01;-4.438e-03;7.986e-01;-6.703e-03
20.024367000;1.041e+00;8.314e-01;-8.614e-03;7.987e-01;-8.275e-03;1.041e+00;7.482e-01;-7.753e-03;1.000e+01;8.335e-01;-4.438e-03;7.987e-01;-6.685e-03
20.025289000;1.041e+00;8.314e-01;-8.651e-03;7.987e-01;-8.311e-03;1.041e+00;7.483e-01;-7.786e-03;1.000e+01;8.335e-01;-4.438e-03;7.987e-01;-6.652e-03
20.026118000;1.041e+00;8.315e-01;-8.680e-03;7.988e-01;-8.339e-03;1.041e+00;7.483e-01;-7.812e-03;1.000e+01;8.335e-01;-4.438e-03;7.988e-01;-6.627e-03
20.026948000;1.041e+00;8.315e-01;-8.704e-03;7.988e-01;-8.362e-03;1.041e+00;7.484e-01;-7.834e-03;1.000e+01;8.335e-01;-4.438e-03;7.988e-01;-6.606e-03
20.027777000;1.041e+00;8.315e-01;-8.724e-03;7.989e-01;-8.382e-03;1.041e+00;7.484e-01;-7.852e-03;1.000e+01;8.335e-01;-4.438e-03;7.989e-01;-6.589e-03
20.028607000;1.041e+00;8.316e-01;-8.742e-03;7.989e-01;-8.399e-03;1.041e+00;7.484e-01;-7.868e-03;1.000e+01;8.335e-01;-4.438e-03;7.989e-01;-6.574e-03
20.029436000;1.041e+00;8.316e-01;-8.757e-03;7.990e-01;-8.413e-03;1.041e+00;7.485e-01;-7.881e-03;1.000e+01;8.335e-01;-4.438e-03;7.990e-01;-6.563e-03
20.030265000;1.041e+00;8.317e-01;-8.769e-03;7.990e-01;-8.425e-03;1.041e+00;7.485e-01;-7.892e-03;1.000e+01;8.335e-01;-4.438e-03;7.990e-01;-6.553e-03
20.031095000;1.041e+00;8.317e-01;-8.780e-03;7.991e-01;-8.435e-03;1.041e+00;7.486e-01;-7.902e-03;1.000e+01;8.335e-01;-4.438e-03;7.991e-01;-6.546e-03
20.031924000;1.041e+00;8.318e-01;-8.788e-03;7.991e-01;-8.443e-03;1.041e+00;7.486e-01;-7.909e-03;1.000e+01;8.335e-01;-4.438e-03;7.991e-01;-6.540e-03
20.032754000;1.041e+00;8.318e-01;-8.794e-03;7.992e-01;-8.449e-03;1.041e+00;7.486e-01;-7.915e-03;1.000e+01;8.335e-01;-4.438e-03;7.992e-01;-6.536e-03
20.033583000;1.041e+00;8.319e-01;-8.800e-03;7.992e-01;-8.455e-03;1.041e+00;7.487e-01;-7.920e-03;1.000e+01;8.335e-01;-4.438e-03;7.992e-01;-6.533e-03
20.034413000;1.041e+00;8.319e-01;-8.804e-03;7.993e-01;-8.459e-03;1.041e+00;7.487e-01;-7.924e-03;1.000e+01;8.335e-01;-4.438e-03;7.993e-01;-6.531e-03
20.035242000;1.041e+00;8.319e-01;-8.807e-03;7.993e-01;-8.461e-03;1.041e+00;7.487e-01;-7.926e-03;1.000e+01;8.335e-01;-4.438e-03;7.993e-01;-6.531e-03
20.036072000;1.041e+00;8.320e-01;-8.809e-03;7.993e-01;-8.463e-03;1.041e+00;7.488e-01;-7.928e-03;1.000e+01;8.335e-01;-4.438e-03;7.994e-01;-6.531e-03
20.036901000;1.041e+00;8.320e-01;-8.811e-03;7.994e-01;-8.466e-03;1.041e+00;7.488e-01;-7.930e-03;1.000e+01;8.335e-01;-4.438e-03;7.994e-01;-6.531e-03
20.037730000;1.041e+00;8.321e-01;-8.812e-03;7.994e-01;-8.467e-03;1.041e+00;7.489e-01;-7.931e-03;1.000e+01;8.335e-01;-4.438e-03;7.995e-01;-6.532e-03
20.038560000;1.041e+00;8.321e-01;-8.812e-03;7.995e-01;-8.467e-03;1.041e+00;7.489e-01;-7.931e-03;1.000e+01;8.335e-01;-4.438e-03;7.995e-01;-6.534e-03
20.039389000;1.041e+00;8.321e-01;-8.812e-03;7.995e-01;-8.467e-03;1.041e+00;7.489e-01;-7.931e-03;1.000e+01;8.335e-01;-4.438e-03;7.995e-01;-6.536e-03
20.040219000;1.041e+00;8.322e-01;-8.812e-03;7.996e-01;-8.467e-03;1.041e+00;7.490e-01;-7.931e-03;1.000e+01;8.335e-01;-4.438e-03;7.996e-01;-6.538e-03
20.041048000;1.041e+00;8.322e-01;-8.812e-03;7.996e-01;-8.467e-03;1.041e+00;7.490e-01;-7.931e-03;1.000e+01;8.335e-01;-4.438e-03;7.996e-01;-6.540e-03
20.041878000;1.041e+00;8.323e-01;-8.812e-03;7.996e-01;-8.467e-03;1.041e+00;7.490e-01;-7.931e-03;1.000e+01;8.335e-01;-4.438e-03;7.996e-01;-6.542e-03
20.042878000;1.041e+00;8.323e-01;-8.811e-03;7.997e-01;-8.466e-03;1.041e+00;7.491e-01;-7.930e-03;1.000e+01;8.335e-01;-4.438e-03;7.997e-01;-6.545e-03
20.043878000;1.041e+00;8.323e-01;-8.810e-03;7.997e-01;-8.465e-03;1.041e+00;7.491e-01;-7.929e-03;1.000e+01;8.335e-01;-4.438e-03;7.997e-01;-6.548e-03
20.044878000;1.041e+00;8.324e-01;-8.810e-03;7.998e-01;-8.465e-03;1.041e+00;7.491e-01;-7.929e-03;1.000e+01;8.335e-01;-4.438e-03;7.998e-01;-6.551e-03
20.045878000;1.041e+00;8.324e-01;-8.809e-03;7.998e-01;-8.464e-03;1.041e+00;7.492e-01;-7.928e-03;1.000e+01;8.335e-01;-4.438e-03;7.998e-01;-6.553e-03
20.046878000;1.041e+00;8.325e-01;-8.809e-03;7.998e-01;-8.464e-03;1.041e+00;7.492e-01;-7.928e-03;1.000e+01;8.335e-01;-4.438e-03;7.999e-01;-6.556e-03
20.047878000;1.041e+00;8.325e-01;-8.809e-03;7.999e-01;-8.464e-03;1.041e+00;7.492e-01;-7.928e-03;1.000e+01;8.335e-01;-4.438e-03;7.999e-01;-6.558e-03
20.048878000;1.041e+00;8.325e-01;-8.808e-03;7.999e-01;-8.463e-03;1.041e+00;7.493e-01;-7.927e-03;1.000e+01;8.335e-01;-4.438e-03;7.999e-01;-6.560e-03
20.049878000;1.041e+00;8.326e-01;-8.809e-03;7.999e-01;-8.464e-03;1.041e+00;7.493e-01;-7.928e-03;1.000e+01;8.335e-01;-4.438e-03;8.000e-01;-6.562e-03
20.050878000;1.041e+00;8.326e-01;-8.809e-03;8.000e-01;-8.464e-03;1.041e+00;7.493e-01;-7.928e-03;1.000e+01;8.335e-01;-4.438e-03;8.000e-01;-6.563e-03
20.051878000;1.041e+00;8.326e-01;-8.809e-03;8.000e-01;-8.464e-03;1.041e+00;7.494e-01;-7.928e-03;1.000e+01;8.335e-01;-4.438e-03;8.000e-01;-6.564e-03
20.052878000;1.041e+00;8.326e-01;-8.810e-03;8.000e-01;-8.465e-03;1.041e+00;7.494e-01;-7.929e-03;1.000e+01;8.335e-01;-4.438e-03;8.001e-01;-6.565e-03
20.053878000;1.041e+00;8.327e-01;-8.811e-03;8.001e-01;-8.466e-03;1.041e+00;7.494e-01;-7.930e-03;1.000e+01;8.335e-01;-4.438e-03;8.001e-01;-6.566e-03
20.054878000;1.041e+00;8.327e-01;-8.812e-03;8.001e-01;-8.467e-03;1.041e+00;7.494e-01;-7.931e-03;1.000e+01;8.335e-01;-4.438e-03;8.001e-01;-6.566e-03
20.055878000;1.041e+00;8.327e-01;-8.813e-03;8.001e-01;-8.468e-03;1.041e+00;7.495e-01;-7.932e-03;1.000e+01;8.335e-01;-4.438e-03;8.001e-01;-6.566e-03
20.056878000;1.041e+00;8.328e-01;-8.816e-03;8.001e-01;-8.470e-03;1.041e+00;7.495e-01;-7.934e-03;1.000e+01;8.335e-01;-4.438e-03;8.002e-01;-6.566e-03
20.057878000;1.041e+00;8.328e-01;-8.818e-03;8.002e-01;-8.473e-03;1.041e+00;7.495e-01;-7.936e-03;1.000e+01;8.335e-01;-4.438e-03;8.002e-01;-6.565e-03
20.059878000;1.041e+00;8.328e-01;-8.822e-03;8.002e-01;-8.477e-03;1.041e+00;7.495e-01;-7.940e-03;1.000e+01;8.335e-01;-4.438e-03;8.002e-01;-6.563e-03
20.060878000;1.041e+00;8.328e-01;-8.824e-03;8.002e-01;-8.479e-03;1.041e+00;7.496e-01;-7.942e-03;1.000e+01;8.335e-01;-4.438e-03;8.003e-01;-6.562e-03
20.061878000;1.041e+00;8.329e-01;-8.828e-03;8.003e-01;-8.482e-03;1.041e+00;7.496e-01;-7.945e-03;1.000e+01;8.335e-01;-4.438e-03;8.003e-01;-6.560e-03
20.064878000;1.041e+00;8.329e-01;-8.837e-03;8.003e-01;-8.491e-03;1.041e+00;7.496e-01;-7.953e-03;1.000e+01;8.335e-01;-4.438e-03;8.003e-01;-6.554e-03
20.065878000;1.041e+00;8.329e-01;-8.840e-03;8.003e-01;-8.494e-03;1.041e+00;7.496e-01;-7.956e-03;1.000e+01;8.335e-01;-4.438e-03;8.004e-01;-6.552e-03
20.066878000;1.041e+00;8.329e-01;-8.844e-03;8.004e-01;-8.498e-03;1.041e+00;7.497e-01;-7.960e-03;1.000e+01;8.335e-01;-4.438e-03;8.004e-01;-6.549e-03
20.067878000;1.041e+00;8.330e-01;-8.848e-03;8.004e-01;-8.502e-03;1.041e+00;7.497e-01;-7.963e-03;1.000e+01;8.335e-01;-4.438e-03;8.004e-01;-6.547e-03
20.071878000;1.041e+00;8.330e-01;-8.864e-03;8.004e-01;-8.518e-03;1.041e+00;7.497e-01;-7.978e-03;1.000e+01;8.335e-01;-4.438e-03;8.004e-01;-6.534e-03
20.072878000;1.041e+00;8.330e-01;-8.869e-03;8.004e-01;-8.522e-03;1.041e+00;7.497e-01;-7.982e-03;1.000e+01;8.335e-01;-4.438e-03;8.005e-01;-6.531e-03
20.073878000;1.041e+00;8.330e-01;-8.873e-03;8.005e-01;-8.526e-03;1.041e+00;7.497e-01;-7.986e-03;1.000e+01;8.335e-01;-4.438e-03;8.005e-01;-6.527e-03
20.074878000;1.041e+00;8.330e-01;-8.878e-03;8.005e-01;-8.531e-03;1.041e+00;7.497e-01;-7.990e-03;1.000e+01;8.335e-01;-4.438e-03;8.005e-01;-6.523e-03
20.075878000;1.041e+00;8.331e-01;-8.882e-03;8.005e-01;-8.535e-03;1.041e+00;7.498e-01;-7.994e-03;1.000e+01;8.335e-01;-4.438e-03;8.005e-01;-6.520e-03
20.077878000;1.041e+00;8.331e-01;-8.891e-03;8.005e-01;-8.543e-03;1.041e+00;7.498e-01;-8.002e-03;1.000e+01;8.335e-01;-4.438e-03;8.005e-01;-6.512e-03
20.078878000;1.041e+00;8.331e-01;-8.896e-03;8.005e-01;-8.548e-03;1.041e+00;7.498e-01;-8.006e-03;1.000e+01;8.335e-01;-4.438e-03;8.005e-01;-6.508e-03
20.079878000;1.041e+00;8.331e-01;-8.901e-03;8.005e-01;-8.553e-03;1.041e+00;7.498e-01;-8.011e-03;1.000e+01;8.335e-01;-4.438e-03;8.005e-01;-6.504e-03
20.080878000;1.041e+00;8.331e-01;-8.906e-03;8.005e-01;-8.557e-03;1.041e+00;7.498e-01;-8.015e-03;1.000e+01;8.335e-01;-4.438e-03;8.006e-01;-6.499e-03
20.081878000;1.041e+00;8.331e-01;-8.911e-03;8.005e-01;-8.563e-03;1.041e+00;7.498e-01;-8.020e-03;1.000e+01;8.335e-01;-4.438e-03;8.006e-01;-6.495e-03
20.082878000;1.041e+00;8.331e-01;-8.916e-03;8.006e-01;-8.567e-03;1.041e+00;7.498e-01;-8.024e-03;1.000e+01;8.335e-01;-4.438e-03;8.006e-01;-6.491e-03
20.087878000;1.041e+00;8.331e-01;-8.941e-03;8.006e-01;-8.592e-03;1.041e+00;7.498e-01;-8.047e-03;1.000e+01;8.335e-01;-4.438e-03;8.006e-01;-6.469e-03
20.088878000;1.041e+00;8.332e-01;-8.947e-03;8.006e-01;-8.597e-03;1.041e+00;7.498e-01;-8.052e-03;1.000e+01;8.335e-01;-4.438e-03;8.006e-01;-6.464e-03
20.090878000;1.041e+00;8.332e-01;-8.957e-03;8.006e-01;-8.607e-03;1.041e+00;7.498e-01;-8.061e-03;1.000e+01;8.335e-01;-4.438e-03;8.006e-01;-6.455e-03
20.091878000;1.041e+00;8.332e-01;-8.962e-03;8.006e-01;-8.612e-03;1.041e+00;7.499e-01;-8.066e-03;1.000e+01;8.335e-01;-4.438e-03;8.006e-01;-6.450e-03
20.092878000;1.041e+00;8.332e-01;-8.968e-03;8.006e-01;-8.617e-03;1.041e+00;7.499e-01;-8.071e-03;1.000e+01;8.335e-01;-4.438e-03;8.006e-01;-6.445e-03
20.093878000;1.041e+00;8.332e-01;-8.972e-03;8.006e-01;-8.622e-03;1.041e+00;7.499e-01;-8.075e-03;1.000e+01;8.335e-01;-4.438e-03;8.007e-01;-6.440e-03
20.095878000;1.041e+00;8.332e-01;-8.983e-03;8.006e-01;-8.632e-03;1.041e+00;7.499e-01;-8.085e-03;1.000e+01;8.335e-01;-4.438e-03;8.007e-01;-6.431e-03
20.096878000;1.041e+00;8.332e-01;-8.989e-03;8.007e-01;-8.638e-03;1.041e+00;7.499e-01;-8.090e-03;1.000e+01;8.335e-01;-4.438e-03;8.007e-01;-6.426e-03
20.113878000;1.041e+00;8.332e-01;-9.081e-03;8.007e-01;-8.727e-03;1.041e+00;7.499e-01;-8.173e-03;1.000e+01;8.335e-01;-4.438e-03;8.007e-01;-6.341e-03
20.114878000;1.041e+00;8.332e-01;-9.087e-03;8.007e-01;-8.732e-03;1.041e+00;7.499e-01;-8.178e-03;1.000e+01;8.335e-01;-4.438e-03;8.008e-01;-6.336e-03
20.119878000;1.041e+00;8.332e-01;-9.113e-03;8.007e-01;-8.758e-03;1.041e+00;7.499e-01;-8.202e-03;1.000e+01;8.335e-01;-4.438e-03;8.008e-01;-6.310e-03
20.120878000;1.041e+00;8.332e-01;-9.119e-03;8.008e-01;-8.763e-03;1.041e+00;7.499e-01;-8.207e-03;1.000e+01;8.335e-01;-4.438e-03;8.008e-01;-6.305e-03
20.125878000;1.041e+00;8.332e-01;-9.147e-03;8.008e-01;-8.790e-03;1.041e+00;7.499e-01;-8.232e-03;1.000e+01;8.335e-01;-4.438e-03;8.008e-01;-6.279e-03
20.126878000;1.041e+00;8.333e-01;-9.152e-03;8.008e-01;-8.795e-03;1.041e+00;7.499e-01;-8.237e-03;1.000e+01;8.335e-01;-4.438e-03;8.008e-01;-6.274e-03
20.149878000;1.041e+00;8.333e-01;-9.279e-03;8.008e-01;-8.918e-03;1.041e+00;7.499e-01;-8.351e-03;1.000e+01;8.335e-01;-4.438e-03;8.008e-01;-6.154e-03
20.150878000;1.041e+00;8.333e-01;-9.284e-03;8.008e-01;-8.923e-03;1.041e+00;7.499e-01;-8.356e-03;1.000e+01;8.335e-01;-4.438e-03;8.009e-01;-6.149e-03
20.152878000;1.041e+00;8.333e-01;-9.296e-03;8.008e-01;-8.934e-03;1.041e+00;7.499e-01;-8.366e-03;1.000e+01;8.335e-01;-4.438e-03;8.009e-01;-6.139e-03
20.153878000;1.040e+00;8.333e-01;-9.301e-03;8.008e-01;-8.939e-03;1.040e+00;7.499e-01;-8.371e-03;1.000e+01;8.335e-01;-4.438e-03;8.009e-01;-6.134e-03
20.161878000;1.040e+00;8.333e-01;-9.344e-03;8.008e-01;-8.981e-03;1.040e+00;7.499e-01;-8.410e-03;1.000e+01;8.335e-01;-4.438e-03;8.009e-01;-6.092e-03
20.162878000;1.040e+00;8.333e-01;-9.350e-03;8.009e-01;-8.986e-03;1.040e+00;7.499e-01;-8.415e-03;1.000e+01;8.335e-01;-4.438e-03;8.009e-01;-6.087e-03
20.197878000;1.040e+00;8.333e-01;-9.541e-03;8.009e-01;-9.171e-03;1.040e+00;7.499e-01;-8.587e-03;1.000e+01;8.335e-01;-4.438e-03;8.009e-01;-5.906e-03
20.198878000;1.040e+00;8.333e-01;-9.547e-03;8.009e-01;-9.176e-03;1.040e+00;7.499e-01;-8.592e-03;1.000e+01;8.335e-01;-4.438e-03;8.010e-01;-5.901e-03
20.215878000;1.040e+00;8.333e-01;-9.639e-03;8.009e-01;-9.265e-03;1.040e+00;7.499e-01;-8.675e-03;1.000e+01;8.335e-01;-4.438e-03;8.010e-01;-5.813e-03
20.216878000;1.040e+00;8.333e-01;-9.644e-03;8.010e-01;-9.270e-03;1.040e+00;7.499e-01;-8.680e-03;1.000e+01;8.335e-01;-4.438e-03;8.010e-01;-5.808e-03
20.250878000;1.040e+00;8.333e-01;-9.827e-03;8.010e-01;-9.446e-03;1.040e+00;7.499e-01;-8.844e-03;1.000e+01;8.335e-01;-4.438e-03;8.010e-01;-5.635e-03
20.251878000;1.040e+00;8.333e-01;-9.832e-03;8.010e-01;-9.452e-03;1.040e+00;7.499e-01;-8.849e-03;1.000e+01;8.335e-01;-4.438e-03;8.011e-01;-5.630e-03
20.270878000;1.040e+00;8.333e-01;-9.933e-03;8.010e-01;-9.549e-03;1.040e+00;7.499e-01;-8.940e-03;1.000e+01;8.335e-01;-4.438e-03;8.011e-01;-5.534e-03
20.271878000;1.040e+00;8.333e-01;-9.939e-03;8.011e-01;-9.555e-03;1.040e+00;7.499e-01;-8.945e-03;1.000e+01;8.335e-01;-4.438e-03;8.011e-01;-5.529e-03
20.304878000;1.040e+00;8.333e-01;-1.011e-02;8.011e-01;-9.723e-03;1.040e+00;7.499e-01;-9.102e-03;1.000e+01;8.335e-01;-4.438e-03;8.011e-01;-5.363e-03
20.305878000;1.040e+00;8.333e-01;-1.012e-02;8.011e-01;-9.728e-03;1.040e+00;7.499e-01;-9.107e-03;1.000e+01;8.335e-01;-4.438e-03;8.012e-01;-5.358e-03
20.328878000;1.040e+00;8.333e-01;-1.024e-02;8.011e-01;-9.844e-03;1.040e+00;7.499e-01;-9.215e-03;1.000e+01;8.335e-01;-4.438e-03;8.012e-01;-5.244e-03
20.329878000;1.040e+00;8.333e-01;-1.024e-02;8.012e-01;-9.850e-03;1.040e+00;7.499e-01;-9.220e-03;1.000e+01;8.335e-01;-4.438e-03;8.012e-01;-5.239e-03
20.359878000;1.040e+00;8.333e-01;-1.040e-02;8.012e-01;-1.000e-02;1.040e+00;7.499e-01;-9.360e-03;1.000e+01;8.335e-01;-4.438e-03;8.012e-01;-5.092e-03
20.360878000;1.040e+00;8.333e-01;-1.041e-02;8.012e-01;-1.001e-02;1.040e+00;7.499e-01;-9.365e-03;1.000e+01;8.335e-01;-4.438e-03;8.013e-01;-5.087e-03
20.386878000;1.040e+00;8.333e-01;-1.054e-02;8.012e-01;-1.013e-02;1.040e+00;7.499e-01;-9.485e-03;1.000e+01;8.335e-01;-4.438e-03;8.013e-01;-4.960e-03
20.387878000;1.040e+00;8.333e-01;-1.054e-02;8.013e-01;-1.014e-02;1.040e+00;7.499e-01;-9.489e-03;1.000e+01;8.335e-01;-4.438e-03;8.013e-01;-4.955e-03
20.392878000;1.040e+00;8.333e-01;-1.057e-02;8.013e-01;-1.016e-02;1.040e+00;7.499e-01;-9.513e-03;1.000e+01;8.335e-01;-4.438e-03;8.013e-01;-4.931e-03
20.399878000;1.040e+00;8.333e-01;-1.061e-02;8.013e-01;-1.020e-02;1.040e+00;7.499e-01;-9.545e-03;1.000e+01;8.335e-01;-4.438e-03;8.013e-01;-4.897e-03
20.414878000;1.040e+00;8.333e-01;-1.068e-02;8.013e-01;-1.027e-02;1.040e+00;7.499e-01;-9.613e-03;1.000e+01;8.335e-01;-4.438e-03;8.013e-01;-4.825e-03
20.415878000;1.040e+00;8.333e-01;-1.069e-02;8.013e-01;-1.028e-02;1.040e+00;7.499e-01;-9.618e-03;1.000e+01;8.335e-01;-4.438e-03;8.014e-01;-4.820e-03
20.439878000;1.040e+00;8.333e-01;-1.081e-02;8.013e-01;-1.039e-02;1.040e+00;7.499e-01;-9.727e-03;1.000e+01;8.335e-01;-4.438e-03;8.014e-01;-4.705e-03
20.445878000;1.040e+00;8.333e-01;-1.084e-02;8.013e-01;-1.042e-02;1.040e+00;7.499e-01;-9.754e-03;1.000e+01;8.335e-01;-4.438e-03;8.014e-01;-4.677e-03
20.446878000;1.040e+00;8.333e-01;-1.084e-02;8.014e-01;-1.043e-02;1.040e+00;7.499e-01;-9.759e-03;1.000e+01;8.335e-01;-4.438e-03;8.014e-01;-4.672e-03
20.461878000;1.040e+00;8.333e-01;-1.092e-02;8.014e-01;-1.050e-02;1.040e+00;7.499e-01;-9.826e-03;1.000e+01;8.335e-01;-4.438e-03;8.014e-01;-4.601e-03
20.462878000;1.040e+00;8.333e-01;-1.092e-02;8.014e-01;-1.051e-02;1.040e+00;7.500e-01;-9.831e-03;1.000e+01;8.335e-01;-4.438e-03;8.014e-01;-4.596e-03
20.472878000;1.040e+00;8.333e-01;-1.097e-02;8.014e-01;-1.055e-02;1.040e+00;7.500e-01;-9.876e-03;1.000e+01;8.335e-01;-4.438e-03;8.014e-01;-4.549e-03
20.473878000;1.040e+00;8.333e-01;-1.098e-02;8.014e-01;-1.056e-02;1.040e+00;7.500e-01;-9.880e-03;1.000e+01;8.335e-01;-4.438e-03;8.015e-01;-4.544e-03
20.506878000;1.040e+00;8.333e-01;-1.114e-02;8.014e-01;-1.072e-02;1.040e+00;7.500e-01;-1.003e-02;1.000e+01;8.335e-01;-4.438e-03;8.015e-01;-4.390e-03
20.507878000;1.040e+00;8.333e-01;-1.115e-02;8.015e-01;-1.072e-02;1.040e+00;7.500e-01;-1.003e-02;1.000e+01;8.335e-01;-4.438e-03;8.015e-01;-4.385e-03
20.527878000;1.040e+00;8.333e-01;-1.124e-02;8.015e-01;-1.082e-02;1.040e+00;7.500e-01;-1.012e-02;1.000e+01;8.335e-01;-4.438e-03;8.015e-01;-4.292e-03
20.529878000;1.040e+00;8.333e-01;-1.125e-02;8.015e-01;-1.082e-02;1.040e+00;7.500e-01;-1.013e-02;1.000e+01;8.335e-01;-4.438e-03;8.015e-01;-4.283e-03
20.530878000;1.040e+00;8.333e-01;-1.126e-02;8.015e-01;-1.083e-02;1.040e+00;7.500e-01;-1.013e-02;1.000e+01;8.335e-01;-4.438e-03;8.016e-01;-4.278e-03
20.535878000;1.040e+00;8.333e-01;-1.128e-02;8.015e-01;-1.085e-02;1.040e+00;7.500e-01;-1.016e-02;1.000e+01;8.335e-01;-4.438e-03;8.016e-01;-4.255e-03
20.567878000;1.040e+00;8.333e-01;-1.144e-02;8.015e-01;-1.100e-02;1.040e+00;7.500e-01;-1.029e-02;1.000e+01;8.335e-01;-4.438e-03;8.016e-01;-4.108e-03
20.568878000;1.040e+00;8.333e-01;-1.144e-02;8.016e-01;-1.101e-02;1.040e+00;7.500e-01;-1.030e-02;1.000e+01;8.335e-01;-4.438e-03;8.016e-01;-4.104e-03
20.585878000;1.040e+00;8.333e-01;-1.152e-02;8.016e-01;-1.109e-02;1.040e+00;7.500e-01;-1.037e-02;1.000e+01;8.335e-01;-4.438e-03;8.016e-01;-4.026e-03
20.588878000;1.040e+00;8.333e-01;-1.154e-02;8.016e-01;-1.110e-02;1.040e+00;7.500e-01;-1.039e-02;1.000e+01;8.335e-01;-4.438e-03;8.016e-01;-4.013e-03
20.589878000;1.040e+00;8.333e-01;-1.154e-02;8.016e-01;-1.110e-02;1.040e+00;7.500e-01;-1.039e-02;1.000e+01;8.335e-01;-4.438e-03;8.017e-01;-4.008e-03
20.609878000;1.040e+00;8.333e-01;-1.164e-02;8.016e-01;-1.120e-02;1.040e+00;7.500e-01;-1.047e-02;1.000e+01;8.335e-01;-4.438e-03;8.017e-01;-3.918e-03
20.610878000;1.039e+00;8.333e-01;-1.164e-02;8.016e-01;-1.120e-02;1.039e+00;7.500e-01;-1.048e-02;1.000e+01;8.335e-01;-4.438e-03;8.017e-01;-3.914e-03
20.630878000;1.039e+00;8.333e-01;-1.174e-02;8.016e-01;-1.129e-02;1.039e+00;7.500e-01;-1.056e-02;1.000e+01;8.335e-01;-4.438e-03;8.017e-01;-3.824e-03
20.631878000;1.039e+00;8.333e-01;-1.174e-02;8.017e-01;-1.130e-02;1.039e+00;7.500e-01;-1.057e-02;1.000e+01;8.335e-01;-4.438e-03;8.017e-01;-3.819e-03
20.648878000;1.039e+00;8.333e-01;-1.182e-02;8.017e-01;-1.137e-02;1.039e+00;7.500e-01;-1.064e-02;1.000e+01;8.335e-01;-4.438e-03;8.017e-01;-3.744e-03
20.649878000;1.039e+00;8.333e-01;-1.183e-02;8.017e-01;-1.138e-02;1.039e+00;7.500e-01;-1.064e-02;1.000e+01;8.335e-01;-4.438e-03;8.018e-01;-3.739e-03
20.695878000;1.039e+00;8.333e-01;-1.204e-02;8.017e-01;-1.159e-02;1.039e+00;7.500e-01;-1.084e-02;1.000e+01;8.335e-01;-4.438e-03;8.018e-01;-3.537e-03
20.696878000;1.039e+00;8.333e-01;-1.205e-02;8.018e-01;-1.159e-02;1.039e+00;7.500e-01;-1.084e-02;1.000e+01;8.335e-01;-4.438e-03;8.018e-01;-3.532e-03
20.697878000;1.039e+00;8.333e-01;-1.205e-02;8.018e-01;-1.160e-02;1.039e+00;7.500e-01;-1.085e-02;1.000e+01;8.335e-01;-4.438e-03;8.018e-01;-3.528e-03
20.709878000;1.039e+00;8.333e-01;-1.211e-02;8.018e-01;-1.165e-02;1.039e+00;7.500e-01;-1.090e-02;1.000e+01;8.335e-01;-4.438e-03;8.018e-01;-3.476e-03
20.710878000;1.039e+00;8.333e-01;-1.211e-02;8.018e-01;-1.165e-02;1.039e+00;7.500e-01;-1.090e-02;1.000e+01;8.335e-01;-4.438e-03;8.018e-01;-3.471e-03
20.711878000;1.039e+00;8.333e-01;-1.212e-02;8.018e-01;-1.166e-02;1.039e+00;7.500e-01;-1.090e-02;1.000e+01;8.335e-01;-4.438e-03;8.019e-01;-3.467e-03
20.760878000;1.039e+00;8.333e-01;-1.234e-02;8.018e-01;-1.187e-02;1.039e+00;7.500e-01;-1.110e-02;1.000e+01;8.335e-01;-4.438e-03;8.019e-01;-3.256e-03
20.761878000;1.039e+00;8.333e-01;-1.234e-02;8.019e-01;-1.188e-02;1.039e+00;7.500e-01;-1.111e-02;1.000e+01;8.335e-01;-4.438e-03;8.019e-01;-3.252e-03
20.766878000;1.039e+00;8.333e-01;-1.236e-02;8.019e-01;-1.190e-02;1.039e+00;7.500e-01;-1.113e-02;1.000e+01;8.335e-01;-4.438e-03;8.019e-01;-3.230e-03
20.772878000;1.039e+00;8.333e-01;-1.239e-02;8.019e-01;-1.193e-02;1.039e+00;7.500e-01;-1.115e-02;1.000e+01;8.335e-01;-4.438e-03;8.019e-01;-3.205e-03
20.773878000;1.039e+00;8.333e-01;-1.240e-02;8.019e-01;-1.193e-02;1.039e+00;7.500e-01;-1.116e-02;1.000e+01;8.335e-01;-4.438e-03;8.020e-01;-3.201e-03
20.828878000;1.039e+00;8.333e-01;-1.264e-02;8.019e-01;-1.216e-02;1.039e+00;7.500e-01;-1.138e-02;1.000e+01;8.335e-01;-4.438e-03;8.020e-01;-2.969e-03
20.829878000;1.039e+00;8.333e-01;-1.264e-02;8.020e-01;-1.217e-02;1.039e+00;7.500e-01;-1.138e-02;1.000e+01;8.335e-01;-4.438e-03;8.020e-01;-2.965e-03
20.836878000;1.039e+00;8.333e-01;-1.268e-02;8.020e-01;-1.220e-02;1.039e+00;7.500e-01;-1.141e-02;1.000e+01;8.335e-01;-4.438e-03;8.020e-01;-2.936e-03
20.837878000;1.039e+00;8.333e-01;-1.268e-02;8.020e-01;-1.220e-02;1.039e+00;7.500e-01;-1.141e-02;1.000e+01;8.335e-01;-4.438e-03;8.021e-01;-2.932e-03
20.896878000;1.039e+00;8.333e-01;-1.294e-02;8.020e-01;-1.245e-02;1.039e+00;7.500e-01;-1.164e-02;1.000e+01;8.335e-01;-4.438e-03;8.021e-01;-2.689e-03
20.897878000;1.039e+00;8.333e-01;-1.294e-02;8.021e-01;-1.245e-02;1.039e+00;7.500e-01;-1.165e-02;1.000e+01;8.335e-01;-4.438e-03;8.021e-01;-2.685e-03
20.901878000;1.039e+00;8.333e-01;-1.296e-02;8.021e-01;-1.247e-02;1.039e+00;7.500e-01;-1.166e-02;1.000e+01;8.335e-01;-4.438e-03;8.021e-01;-2.669e-03
20.902878000;1.039e+00;8.333e-01;-1.296e-02;8.021e-01;-1.248e-02;1.039e+00;7.500e-01;-1.167e-02;1.000e+01;8.335e-01;-4.438e-03;8.022e-01;-2.665e-03
20.953878000;1.039e+00;8.333e-01;-1.318e-02;8.021e-01;-1.269e-02;1.039e+00;7.500e-01;-1.186e-02;1.000e+01;8.335e-01;-4.438e-03;8.022e-01;-2.460e-03
20.957878000;1.039e+00;8.333e-01;-1.319e-02;8.021e-01;-1.270e-02;1.039e+00;7.500e-01;-1.188e-02;1.000e+01;8.335e-01;-4.438e-03;8.022e-01;-2.444e-03
20.967878000;1.039e+00;8.333e-01;-1.324e-02;8.021e-01;-1.274e-02;1.039e+00;7.500e-01;-1.191e-02;1.000e+01;8.335e-01;-4.438e-03;8.022e-01;-2.404e-03
20.968878000;1.039e+00;8.333e-01;-1.324e-02;8.022e-01;-1.275e-02;1.039e+00;7.500e-01;-1.192e-02;1.000e+01;8.335e-01;-4.438e-03;8.022e-01;-2.401e-03
20.969878000;1.039e+00;8.333e-01;-1.324e-02;8.022e-01;-1.275e-02;1.039e+00;7.500e-01;-1.192e-02;1.000e+01;8.335e-01;-4.438e-03;8.023e-01;-2.397e-03
20.986878000;1.039e+00;8.333e-01;-1.332e-02;8.022e-01;-1.282e-02;1.039e+00;7.500e-01;-1.198e-02;1.000e+01;8.335e-01;-4.438e-03;8.023e-01;-2.330e-03
21.009878000;1.039e+00;8.333e-01;-1.341e-02;8.022e-01;-1.291e-02;1.039e+00;7.500e-01;-1.207e-02;1.000e+01;8.335e-01;-4.438e-03;8.023e-01;-2.239e-03
21.037878000;1.039e+00;8.333e-01;-1.352e-02;8.022e-01;-1.302e-02;1.039e+00;7.500e-01;-1.217e-02;1.000e+01;8.335e-01;-4.438e-03;8.023e-01;-2.131e-03
21.038878000;1.039e+00;8.333e-01;-1.353e-02;8.022e-01;-1.302e-02;1.039e+00;7.500e-01;-1.218e-02;1.000e+01;8.335e-01;-4.438e-03;8.024e-01;-2.127e-03
21.039878000;1.039e+00;8.333e-01;-1.353e-02;8.022e-01;-1.303e-02;1.039e+00;7.500e-01;-1.218e-02;1.000e+01;8.335e-01;-4.438e-03;8.024e-01;-2.123e-03
21.040878000;1.039e+00;8.333e-01;-1.354e-02;8.023e-01;-1.303e-02;1.039e+00;7.500e-01;-1.218e-02;1.000e+01;8.335e-01;-4.438e-03;8.024e-01;-2.119e-03
21.108878000;1.039e+00;8.333e-01;-1.381e-02;8.023e-01;-1.330e-02;1.039e+00;7.500e-01;-1.243e-02;1.000e+01;8.335e-01;-4.438e-03;8.024e-01;-1.860e-03
21.109878000;1.039e+00;8.333e-01;-1.381e-02;8.023e-01;-1.330e-02;1.039e+00;7.500e-01;-1.243e-02;1.000e+01;8.335e-01;-4.438e-03;8.025e-01;-1.857e-03
21.115878000;1.039e+00;8.333e-01;-1.384e-02;8.023e-01;-1.332e-02;1.039e+00;7.500e-01;-1.245e-02;1.000e+01;8.335e-01;-4.438e-03;8.025e-01;-1.834e-03
21.116878000;1.039e+00;8.333e-01;-1.384e-02;8.024e-01;-1.333e-02;1.039e+00;7.500e-01;-1.246e-02;1.000e+01;8.335e-01;-4.438e-03;8.025e-01;-1.830e-03
21.149878000;1.039e+00;8.333e-01;-1.397e-02;8.024e-01;-1.345e-02;1.039e+00;7.500e-01;-1.257e-02;1.000e+01;8.335e-01;-4.438e-03;8.025e-01;-1.708e-03
21.150878000;1.038e+00;8.333e-01;-1.397e-02;8.024e-01;-1.346e-02;1.038e+00;7.500e-01;-1.258e-02;1.000e+01;8.335e-01;-4.438e-03;8.025e-01;-1.704e-03
21.181878000;1.038e+00;8.333e-01;-1.409e-02;8.024e-01;-1.357e-02;1.038e+00;7.500e-01;-1.269e-02;1.000e+01;8.335e-01;-4.438e-03;8.025e-01;-1.590e-03
21.182878000;1.038e+00;8.333e-01;-1.410e-02;8.024e-01;-1.358e-02;1.038e+00;7.500e-01;-1.269e-02;1.000e+01;8.335e-01;-4.438e-03;8.026e-01;-1.586e-03
21.191878000;1.038e+00;8.333e-01;-1.413e-02;8.024e-01;-1.361e-02;1.038e+00;7.500e-01;-1.272e-02;1.000e+01;8.335e-01;-4.438e-03;8.026e-01;-1.554e-03
21.192878000;1.038e+00;8.333e-01;-1.414e-02;8.025e-01;-1.361e-02;1.038e+00;7.500e-01;-1.272e-02;1.000e+01;8.335e-01;-4.438e-03;8.026e-01;-1.550e-03
21.213878000;1.038e+00;8.333e-01;-1.422e-02;8.025e-01;-1.369e-02;1.038e+00;7.500e-01;-1.280e-02;1.000e+01;8.335e-01;-4.438e-03;8.026e-01;-1.474e-03
21.244878000;1.038e+00;8.333e-01;-1.433e-02;8.025e-01;-1.381e-02;1.038e+00;7.500e-01;-1.290e-02;1.000e+01;8.335e-01;-4.438e-03;8.026e-01;-1.363e-03
21.248878000;1.038e+00;8.333e-01;-1.435e-02;8.025e-01;-1.382e-02;1.038e+00;7.500e-01;-1.291e-02;1.000e+01;8.335e-01;-4.438e-03;8.026e-01;-1.348e-03
21.255878000;1.038e+00;8.333e-01;-1.438e-02;8.025e-01;-1.384e-02;1.038e+00;7.500e-01;-1.294e-02;1.000e+01;8.335e-01;-4.438e-03;8.026e-01;-1.324e-03
21.256878000;1.038e+00;8.333e-01;-1.438e-02;8.025e-01;-1.385e-02;1.038e+00;7.500e-01;-1.294e-02;1.000e+01;8.335e-01;-4.438e-03;8.027e-01;-1.320e-03
21.263878000;1.038e+00;8.333e-01;-1.441e-02;8.025e-01;-1.387e-02;1.038e+00;7.500e-01;-1.297e-02;1.000e+01;8.335e-01;-4.438e-03;8.027e-01;-1.295e-03
21.270878000;1.038e+00;8.333e-01;-1.443e-02;8.025e-01;-1.390e-02;1.038e+00;7.500e-01;-1.299e-02;1.000e+01;8.335e-01;-4.438e-03;8.027e-01;-1.271e-03
21.271878000;1.038e+00;8.333e-01;-1.443e-02;8.026e-01;-1.390e-02;1.038e+00;7.500e-01;-1.299e-02;1.000e+01;8.335e-01;-4.438e-03;8.027e-01;-1.267e-03
21.332878000;1.038e+00;8.333e-01;-1.466e-02;8.026e-01;-1.412e-02;1.038e+00;7.500e-01;-1.319e-02;1.000e+01;8.335e-01;-4.438e-03;8.027e-01;-1.054e-03
21.333878000;1.038e+00;8.333e-01;-1.466e-02;8.026e-01;-1.412e-02;1.038e+00;7.500e-01;-1.320e-02;1.000e+01;8.335e-01;-4.438e-03;8.028e-01;-1.051e-03
21.352878000;1.038e+00;8.333e-01;-1.473e-02;8.026e-01;-1.419e-02;1.038e+00;7.500e-01;-1.326e-02;1.000e+01;8.335e-01;-4.438e-03;8.028e-01;-9.860e-04
21.353878000;1.038e+00;8.333e-01;-1.473e-02;8.027e-01;-1.419e-02;1.038e+00;7.500e-01;-1.326e-02;1.000e+01;8.335e-01;-4.438e-03;8.028e-01;-9.820e-04
21.411878000;1.038e+00;8.333e-01;-1.494e-02;8.027e-01;-1.439e-02;1.038e+00;7.500e-01;-1.345e-02;1.000e+01;8.335e-01;-4.438e-03;8.028e-01;-7.870e-04
21.412878000;1.038e+00;8.333e-01;-1.494e-02;8.027e-01;-1.440e-02;1.038e+00;7.500e-01;-1.345e-02;1.000e+01;8.335e-01;-4.438e-03;8.029e-01;-7.830e-04
21.435878000;1.038e+00;8.333e-01;-1.502e-02;8.027e-01;-1.447e-02;1.038e+00;7.500e-01;-1.352e-02;1.000e+01;8.335e-01;-4.438e-03;8.029e-01;-7.070e-04
21.436878000;1.038e+00;8.333e-01;-1.503e-02;8.028e-01;-1.448e-02;1.038e+00;7.500e-01;-1.353e-02;1.000e+01;8.335e-01;-4.438e-03;8.029e-01;-7.040e-04
21.439878000;1.038e+00;8.333e-01;-1.504e-02;8.028e-01;-1.449e-02;1.038e+00;7.500e-01;-1.354e-02;1.000e+01;8.335e-01;-4.438e-03;8.029e-01;-6.940e-04
21.453878000;1.038e+00;8.333e-01;-1.509e-02;8.028e-01;-1.454e-02;1.038e+00;7.500e-01;-1.358e-02;1.000e+01;8.335e-01;-4.438e-03;8.029e-01;-6.480e-04
21.464878000;1.038e+00;8.333e-01;-1.513e-02;8.028e-01;-1.457e-02;1.038e+00;7.500e-01;-1.361e-02;1.000e+01;8.335e-01;-4.438e-03;8.029e-01;-6.120e-04
21.465878000;1.038e+00;8.333e-01;-1.513e-02;8.028e-01;-1.457e-02;1.038e+00;7.500e-01;-1.362e-02;1.000e+01;8.335e-01;-4.438e-03;8.029e-01;-6.080e-04
21.492878000;1.038e+00;8.333e-01;-1.522e-02;8.028e-01;-1.466e-02;1.038e+00;7.500e-01;-1.370e-02;1.000e+01;8.335e-01;-4.438e-03;8.029e-01;-5.210e-04
21.493878000;1.038e+00;8.333e-01;-1.522e-02;8.028e-01;-1.467e-02;1.038e+00;7.500e-01;-1.370e-02;1.000e+01;8.335e-01;-4.438e-03;8.030e-01;-5.180e-04
21.522878000;1.038e+00;8.333e-01;-1.532e-02;8.028e-01;-1.476e-02;1.038e+00;7.500e-01;-1.379e-02;1.000e+01;8.335e-01;-4.438e-03;8.030e-01;-4.250e-04
21.523878000;1.038e+00;8.333e-01;-1.533e-02;8.029e-01;-1.477e-02;1.038e+00;7.500e-01;-1.379e-02;1.000e+01;8.335e-01;-4.438e-03;8.030e-01;-4.210e-04
21.577878000;1.038e+00;8.333e-01;-1.550e-02;8.029e-01;-1.494e-02;1.038e+00;7.500e-01;-1.395e-02;1.000e+01;8.335e-01;-4.438e-03;8.030e-01;-2.510e-04
21.578878000;1.038e+00;8.333e-01;-1.551e-02;8.029e-01;-1.494e-02;1.038e+00;7.500e-01;-1.396e-02;1.000e+01;8.335e-01;-4.438e-03;8.031e-01;-2.480e-04
21.613878000;1.038e+00;8.333e-01;-1.562e-02;8.029e-01;-1.505e-02;1.038e+00;7.500e-01;-1.406e-02;1.000e+01;8.335e-01;-4.438e-03;8.031e-01;-1.400e-04
21.614878000;1.038e+00;8.333e-01;-1.563e-02;8.030e-01;-1.506e-02;1.038e+00;7.500e-01;-1.406e-02;1.000e+01;8.335e-01;-4.438e-03;8.031e-01;-1.370e-04
21.664878000;1.038e+00;8.333e-01;-1.578e-02;8.030e-01;-1.521e-02;1.038e+00;7.500e-01;-1.421e-02;1.000e+01;8.335e-01;-4.438e-03;8.031e-01;1.501e-05
21.665878000;1.038e+00;8.333e-01;-1.579e-02;8.030e-01;-1.521e-02;1.038e+00;7.500e-01;-1.421e-02;1.000e+01;8.335e-01;-4.438e-03;8.032e-01;1.801e-05
21.675878000;1.038e+00;8.333e-01;-1.582e-02;8.030e-01;-1.525e-02;1.038e+00;7.500e-01;-1.424e-02;1.000e+01;8.335e-01;-4.438e-03;8.032e-01;4.800e-05
21.680878000;1.038e+00;8.333e-01;-1.584e-02;8.030e-01;-1.526e-02;1.038e+00;7.500e-01;-1.425e-02;1.000e+01;8.335e-01;-4.438e-03;8.032e-01;6.300e-05
21.681878000;1.038e+00;8.333e-01;-1.584e-02;8.030e-01;-1.526e-02;1.038e+00;7.500e-01;-1.426e-02;1.000e+01;8.335e-01;-4.438e-03;8.032e-01;6.600e-05
21.694878000;1.038e+00;8.333e-01;-1.588e-02;8.030e-01;-1.530e-02;1.038e+00;7.500e-01;-1.429e-02;1.000e+01;8.335e-01;-4.438e-03;8.032e-01;1.050e-04
21.707878000;1.038e+00;8.333e-01;-1.592e-02;8.030e-01;-1.534e-02;1.038e+00;7.500e-01;-1.433e-02;1.000e+01;8.335e-01;-4.438e-03;8.032e-01;1.430e-04
21.708878000;1.038e+00;8.333e-01;-1.592e-02;8.031e-01;-1.534e-02;1.038e+00;7.500e-01;-1.433e-02;1.000e+01;8.335e-01;-4.438e-03;8.032e-01;1.460e-04
21.755878000;1.038e+00;8.333e-01;-1.607e-02;8.031e-01;-1.548e-02;1.038e+00;7.500e-01;-1.446e-02;1.000e+01;8.335e-01;-4.438e-03;8.032e-01;2.830e-04
21.756878000;1.038e+00;8.333e-01;-1.607e-02;8.031e-01;-1.549e-02;1.038e+00;7.500e-01;-1.446e-02;1.000e+01;8.335e-01;-4.438e-03;8.033e-01;2.860e-04
21.805878000;1.038e+00;8.333e-01;-1.622e-02;8.031e-01;-1.563e-02;1.038e+00;7.500e-01;-1.460e-02;1.000e+01;8.335e-01;-4.438e-03;8.033e-01;4.260e-04
21.806878000;1.038e+00;8.333e-01;-1.622e-02;8.032e-01;-1.563e-02;1.038e+00;7.500e-01;-1.460e-02;1.000e+01;8.335e-01;-4.438e-03;8.033e-01;4.290e-04
21.834878000;1.038e+00;8.333e-01;-1.630e-02;8.032e-01;-1.571e-02;1.038e+00;7.500e-01;-1.467e-02;1.000e+01;8.335e-01;-4.438e-03;8.033e-01;5.080e-04
21.835878000;1.037e+00;8.333e-01;-1.631e-02;8.032e-01;-1.572e-02;1.037e+00;7.500e-01;-1.468e-02;1.000e+01;8.335e-01;-4.438e-03;8.033e-01;5.100e-04
21.849878000;1.037e+00;8.333e-01;-1.635e-02;8.032e-01;-1.576e-02;1.037e+00;7.500e-01;-1.471e-02;1.000e+01;8.335e-01;-4.438e-03;8.033e-01;5.490e-04
21.850878000;1.037e+00;8.333e-01;-1.635e-02;8.032e-01;-1.576e-02;1.037e+00;7.500e-01;-1.472e-02;1.000e+01;8.335e-01;-4.438e-03;8.034e-01;5.520e-04
21.900878000;1.037e+00;8.333e-01;-1.649e-02;8.032e-01;-1.590e-02;1.037e+00;7.500e-01;-1.485e-02;1.000e+01;8.335e-01;-4.438e-03;8.034e-01;6.890e-04
21.905878000;1.037e+00;8.333e-01;-1.651e-02;8.032e-01;-1.591e-02;1.037e+00;7.500e-01;-1.486e-02;1.000e+01;8.335e-01;-4.438e-03;8.034e-01;7.030e-04
21.906878000;1.037e+00;8.333e-01;-1.651e-02;8.033e-01;-1.592e-02;1.037e+00;7.500e-01;-1.486e-02;1.000e+01;8.335e-01;-4.438e-03;8.034e-01;7.050e-04
21.913878000;1.037e+00;8.333e-01;-1.653e-02;8.033e-01;-1.594e-02;1.037e+00;7.500e-01;-1.488e-02;1.000e+01;8.335e-01;-4.438e-03;8.034e-01;7.240e-04
21.922878000;1.037e+00;8.333e-01;-1.656e-02;8.033e-01;-1.596e-02;1.037e+00;7.500e-01;-1.490e-02;1.000e+01;8.335e-01;-4.438e-03;8.034e-01;7.490e-04
21.925878000;1.037e+00;8.333e-01;-1.657e-02;8.033e-01;-1.597e-02;1.037e+00;7.500e-01;-1.491e-02;1.000e+01;8.335e-01;-4.438e-03;8.034e-01;7.570e-04
21.949878000;1.037e+00;8.333e-01;-1.663e-02;8.033e-01;-1.603e-02;1.037e+00;7.500e-01;-1.497e-02;1.000e+01;8.335e-01;-4.438e-03;8.034e-01;8.210e-04
21.950878000;1.037e+00;8.333e-01;-1.664e-02;8.033e-01;-1.604e-02;1.037e+00;7.500e-01;-1.497e-02;1.000e+01;8.335e-01;-4.438e-03;8.035e-01;8.230e-04
22.012878000;1.037e+00;8.333e-01;-1.681e-02;8.033e-01;-1.620e-02;1.037e+00;7.500e-01;-1.512e-02;1.000e+01;8.335e-01;-4.438e-03;8.035e-01;9.850e-04
22.013878000;1.037e+00;8.333e-01;-1.681e-02;8.034e-01;-1.620e-02;1.037e+00;7.500e-01;-1.513e-02;1.000e+01;8.335e-01;-4.438e-03;8.035e-01;9.880e-04
22.052878000;1.037e+00;8.333e-01;-1.691e-02;8.034e-01;-1.631e-02;1.037e+00;7.500e-01;-1.522e-02;1.000e+01;8.335e-01;-4.438e-03;8.035e-01;1.088e-03
22.053878000;1.037e+00;8.333e-01;-1.692e-02;8.034e-01;-1.631e-02;1.037e+00;7.500e-01;-1.522e-02;1.000e+01;8.335e-01;-4.438e-03;8.036e-01;1.090e-03
22.124878000;1.037e+00;8.333e-01;-1.710e-02;8.034e-01;-1.649e-02;1.037e+00;7.500e-01;-1.539e-02;1.000e+01;8.335e-01;-4.438e-03;8.036e-01;1.267e-03
22.125878000;1.037e+00;8.333e-01;-1.710e-02;8.035e-01;-1.649e-02;1.037e+00;7.500e-01;-1.539e-02;1.000e+01;8.335e-01;-4.438e-03;8.036e-01;1.270e-03
22.133878000;1.037e+00;8.333e-01;-1.713e-02;8.035e-01;-1.651e-02;1.037e+00;7.500e-01;-1.541e-02;1.000e+01;8.335e-01;-4.438e-03;8.036e-01;1.289e-03
22.147878000;1.037e+00;8.333e-01;-1.716e-02;8.035e-01;-1.655e-02;1.037e+00;7.500e-01;-1.545e-02;1.000e+01;8.335e-01;-4.438e-03;8.036e-01;1.323e-03
22.160878000;1.037e+00;8.333e-01;-1.719e-02;8.035e-01;-1.658e-02;1.037e+00;7.500e-01;-1.547e-02;1.000e+01;8.335e-01;-4.438e-03;8.036e-01;1.355e-03
22.161878000;1.037e+00;8.333e-01;-1.720e-02;8.035e-01;-1.658e-02;1.037e+00;7.500e-01;-1.548e-02;1.000e+01;8.335e-01;-4.438e-03;8.037e-01;1.357e-03
22.183878000;1.037e+00;8.333e-01;-1.725e-02;8.035e-01;-1.664e-02;1.037e+00;7.500e-01;-1.553e-02;1.000e+01;8.335e-01;-4.438e-03;8.037e-01;1.410e-03
22.243878000;1.037e+00;8.333e-01;-1.740e-02;8.035e-01;-1.678e-02;1.037e+00;7.500e-01;-1.566e-02;1.000e+01;8.335e-01;-4.438e-03;8.037e-01;1.551e-03
22.244878000;1.037e+00;8.333e-01;-1.740e-02;8.036e-01;-1.678e-02;1.037e+00;7.500e-01;-1.566e-02;1.000e+01;8.335e-01;-4.438e-03;8.037e-01;1.553e-03
22.274878000;1.037e+00;8.333e-01;-1.748e-02;8.036e-01;-1.685e-02;1.037e+00;7.500e-01;-1.573e-02;1.000e+01;8.335e-01;-4.438e-03;8.037e-01;1.622e-03
22.275878000;1.037e+00;8.333e-01;-1.748e-02;8.036e-01;-1.685e-02;1.037e+00;7.500e-01;-1.573e-02;1.000e+01;8.335e-01;-4.438e-03;8.038e-01;1.624e-03
22.359878000;1.037e+00;8.333e-01;-1.768e-02;8.036e-01;-1.705e-02;1.037e+00;7.500e-01;-1.591e-02;1.000e+01;8.335e-01;-4.438e-03;8.038e-01;1.812e-03
22.367878000;1.037e+00;8.333e-01;-1.769e-02;8.036e-01;-1.706e-02;1.037e+00;7.500e-01;-1.592e-02;1.000e+01;8.335e-01;-4.438e-03;8.038e-01;1.830e-03
22.368878000;1.037e+00;8.333e-01;-1.770e-02;8.037e-01;-1.707e-02;1.037e+00;7.500e-01;-1.593e-02;1.000e+01;8.335e-01;-4.438e-03;8.038e-01;1.832e-03
22.377878000;1.037e+00;8.333e-01;-1.772e-02;8.037e-01;-1.709e-02;1.037e+00;7.500e-01;-1.595e-02;1.000e+01;8.335e-01;-4.438e-03;8.038e-01;1.852e-03
22.394878000;1.037e+00;8.333e-01;-1.776e-02;8.037e-01;-1.712e-02;1.037e+00;7.500e-01;-1.598e-02;1.000e+01;8.335e-01;-4.438e-03;8.038e-01;1.888e-03
22.395878000;1.037e+00;8.333e-01;-1.776e-02;8.037e-01;-1.713e-02;1.037e+00;7.500e-01;-1.598e-02;1.000e+01;8.335e-01;-4.438e-03;8.039e-01;1.891e-03
22.401878000;1.037e+00;8.333e-01;-1.777e-02;8.037e-01;-1.714e-02;1.037e+00;7.500e-01;-1.599e-02;1.000e+01;8.335e-01;-4.438e-03;8.039e-01;1.904e-03
22.413878000;1.037e+00;8.333e-01;-1.780e-02;8.037e-01;-1.717e-02;1.037e+00;7.500e-01;-1.602e-02;1.000e+01;8.335e-01;-4.438e-03;8.039e-01;1.929e-03
22.500878000;1.037e+00;8.333e-01;-1.799e-02;8.037e-01;-1.735e-02;1.037e+00;7.500e-01;-1.619e-02;1.000e+01;8.335e-01;-4.438e-03;8.039e-01;2.111e-03
22.501878000;1.037e+00;8.333e-01;-1.799e-02;8.038e-01;-1.735e-02;1.037e+00;7.500e-01;-1.619e-02;1.000e+01;8.335e-01;-4.438e-03;8.039e-01;2.113e-03
22.520878000;1.037e+00;8.333e-01;-1.803e-02;8.038e-01;-1.739e-02;1.037e+00;7.500e-01;-1.623e-02;1.000e+01;8.335e-01;-4.438e-03;8.039e-01;2.152e-03
22.521878000;1.037e+00;8.333e-01;-1.803e-02;8.038e-01;-1.740e-02;1.037e+00;7.500e-01;-1.623e-02;1.000e+01;8.335e-01;-4.438e-03;8.040e-01;2.154e-03
22.608878000;1.037e+00;8.333e-01;-1.822e-02;8.038e-01;-1.757e-02;1.037e+00;7.500e-01;-1.639e-02;1.000e+01;8.335e-01;-4.438e-03;8.040e-01;2.326e-03
22.636878000;1.037e+00;8.333e-01;-1.827e-02;8.038e-01;-1.763e-02;1.037e+00;7.500e-01;-1.645e-02;1.000e+01;8.335e-01;-4.438e-03;8.040e-01;2.380e-03
22.641878000;1.037e+00;8.333e-01;-1.828e-02;8.038e-01;-1.764e-02;1.037e+00;7.500e-01;-1.645e-02;1.000e+01;8.335e-01;-4.438e-03;8.040e-01;2.390e-03
22.642878000;1.037e+00;8.333e-01;-1.828e-02;8.039e-01;-1.764e-02;1.037e+00;7.500e-01;-1.646e-02;1.000e+01;8.335e-01;-4.438e-03;8.040e-01;2.392e-03
22.643878000;1.037e+00;8.333e-01;-1.829e-02;8.039e-01;-1.764e-02;1.037e+00;7.500e-01;-1.646e-02;1.000e+01;8.335e-01;-4.438e-03;8.040e-01;2.394e-03
22.651878000;1.037e+00;8.333e-01;-1.830e-02;8.039e-01;-1.766e-02;1.037e+00;7.500e-01;-1.647e-02;1.000e+01;8.335e-01;-4.438e-03;8.040e-01;2.409e-03
22.656878000;1.037e+00;8.333e-01;-1.831e-02;8.039e-01;-1.766e-02;1.037e+00;7.500e-01;-1.648e-02;1.000e+01;8.335e-01;-4.438e-03;8.040e-01;2.418e-03
22.657878000;1.037e+00;8.333e-01;-1.831e-02;8.039e-01;-1.767e-02;1.037e+00;7.500e-01;-1.648e-02;1.000e+01;8.335e-01;-4.438e-03;8.041e-01;2.420e-03
22.796878000;1.037e+00;8.333e-01;-1.858e-02;8.039e-01;-1.793e-02;1.037e+00;7.500e-01;-1.672e-02;1.000e+01;8.335e-01;-4.438e-03;8.041e-01;2.674e-03
22.797878000;1.037e+00;8.333e-01;-1.858e-02;8.040e-01;-1.793e-02;1.037e+00;7.500e-01;-1.672e-02;1.000e+01;8.335e-01;-4.438e-03;8.041e-01;2.676e-03
22.802878000;1.037e+00;8.333e-01;-1.859e-02;8.040e-01;-1.794e-02;1.037e+00;7.500e-01;-1.673e-02;1.000e+01;8.335e-01;-4.438e-03;8.041e-01;2.684e-03
22.803878000;1.037e+00;8.333e-01;-1.859e-02;8.040e-01;-1.794e-02;1.037e+00;7.500e-01;-1.673e-02;1.000e+01;8.335e-01;-4.438e-03;8.042e-01;2.686e-03
22.820878000;1.037e+00;8.333e-01;-1.862e-02;8.040e-01;-1.797e-02;1.037e+00;7.500e-01;-1.676e-02;1.000e+01;8.335e-01;-4.438e-03;8.042e-01;2.716e-03
22.821878000;1.036e+00;8.333e-01;-1.863e-02;8.040e-01;-1.797e-02;1.036e+00;7.500e-01;-1.676e-02;1.000e+01;8.335e-01;-4.438e-03;8.042e-01;2.717e-03
22.865878000;1.036e+00;8.333e-01;-1.871e-02;8.040e-01;-1.805e-02;1.036e+00;7.500e-01;-1.683e-02;1.000e+01;8.335e-01;-4.438e-03;8.042e-01;2.793e-03
22.876878000;1.036e+00;8.333e-01;-1.872e-02;8.040e-01;-1.807e-02;1.036e+00;7.500e-01;-1.685e-02;1.000e+01;8.335e-01;-4.438e-03;8.042e-01;2.812e-03
22.884878000;1.036e+00;8.333e-01;-1.874e-02;8.040e-01;-1.808e-02;1.036e+00;7.500e-01;-1.687e-02;1.000e+01;8.335e-01;-4.438e-03;8.042e-01;2.825e-03
22.887878000;1.036e+00;8.333e-01;-1.874e-02;8.040e-01;-1.809e-02;1.036e+00;7.500e-01;-1.687e-02;1.000e+01;8.335e-01;-4.438e-03;8.042e-01;2.830e-03
22.960878000;1.036e+00;8.333e-01;-1.887e-02;8.040e-01;-1.821e-02;1.036e+00;7.500e-01;-1.698e-02;1.000e+01;8.335e-01;-4.438e-03;8.042e-01;2.950e-03
22.961878000;1.036e+00;8.333e-01;-1.887e-02;8.040e-01;-1.821e-02;1.036e+00;7.500e-01;-1.699e-02;1.000e+01;8.335e-01;-4.438e-03;8.043e-01;2.952e-03
22.962878000;1.036e+00;8.333e-01;-1.887e-02;8.041e-01;-1.821e-02;1.036e+00;7.500e-01;-1.699e-02;1.000e+01;8.335e-01;-4.438e-03;8.043e-01;2.953e-03
23.126878000;1.036e+00;8.333e-01;-1.914e-02;8.041e-01;-1.847e-02;1.036e+00;7.500e-01;-1.723e-02;1.000e+01;8.335e-01;-4.438e-03;8.043e-01;3.206e-03
23.133878000;1.036e+00;8.333e-01;-1.915e-02;8.041e-01;-1.848e-02;1.036e+00;7.500e-01;-1.723e-02;1.000e+01;8.335e-01;-4.438e-03;8.043e-01;3.216e-03
23.134878000;1.036e+00;8.333e-01;-1.915e-02;8.041e-01;-1.848e-02;1.036e+00;7.500e-01;-1.724e-02;1.000e+01;8.335e-01;-4.438e-03;8.044e-01;3.217e-03
23.137878000;1.036e+00;8.333e-01;-1.916e-02;8.041e-01;-1.849e-02;1.036e+00;7.500e-01;-1.724e-02;1.000e+01;8.335e-01;-4.438e-03;8.044e-01;3.222e-03
23.143878000;1.036e+00;8.333e-01;-1.916e-02;8.041e-01;-1.849e-02;1.036e+00;7.500e-01;-1.725e-02;1.000e+01;8.335e-01;-4.438e-03;8.044e-01;3.231e-03
23.144878000;1.036e+00;8.333e-01;-1.917e-02;8.041e-01;-1.849e-02;1.036e+00;7.500e-01;-1.725e-02;1.000e+01;8.335e-01;-4.438e-03;8.044e-01;3.232e-03
23.145878000;1.036e+00;8.333e-01;-1.917e-02;8.042e-01;-1.850e-02;1.036e+00;7.500e-01;-1.725e-02;1.000e+01;8.335e-01;-4.438e-03;8.044e-01;3.233e-03
23.150878000;1.036e+00;8.333e-01;-1.918e-02;8.042e-01;-1.850e-02;1.036e+00;7.500e-01;-1.726e-02;1.000e+01;8.335e-01;-4.438e-03;8.044e-01;3.241e-03
23.326878000;1.036e+00;8.333e-01;-1.943e-02;8.042e-01;-1.875e-02;1.036e+00;7.500e-01;-1.749e-02;1.000e+01;8.335e-01;-4.438e-03;8.044e-01;3.483e-03
23.327878000;1.036e+00;8.333e-01;-1.943e-02;8.042e-01;-1.875e-02;1.036e+00;7.500e-01;-1.749e-02;1.000e+01;8.335e-01;-4.438e-03;8.045e-01;3.485e-03
23.349878000;1.036e+00;8.333e-01;-1.946e-02;8.042e-01;-1.878e-02;1.036e+00;7.500e-01;-1.751e-02;1.000e+01;8.335e-01;-4.438e-03;8.045e-01;3.513e-03
23.350878000;1.036e+00;8.333e-01;-1.946e-02;8.043e-01;-1.878e-02;1.036e+00;7.500e-01;-1.752e-02;1.000e+01;8.335e-01;-4.438e-03;8.045e-01;3.515e-03
23.389878000;1.036e+00;8.333e-01;-1.952e-02;8.043e-01;-1.884e-02;1.036e+00;7.500e-01;-1.756e-02;1.000e+01;8.335e-01;-4.438e-03;8.045e-01;3.565e-03
23.390878000;1.036e+00;8.333e-01;-1.952e-02;8.043e-01;-1.884e-02;1.036e+00;7.500e-01;-1.757e-02;1.000e+01;8.335e-01;-4.438e-03;8.045e-01;3.566e-03
23.435878000;1.036e+00;8.333e-01;-1.958e-02;8.043e-01;-1.889e-02;1.036e+00;7.500e-01;-1.762e-02;1.000e+01;8.335e-01;-4.438e-03;8.045e-01;3.622e-03
23.541878000;1.036e+00;8.333e-01;-1.971e-02;8.043e-01;-1.902e-02;1.036e+00;7.500e-01;-1.774e-02;1.000e+01;8.335e-01;-4.438e-03;8.045e-01;3.748e-03
23.542878000;1.036e+00;8.333e-01;-1.971e-02;8.043e-01;-1.902e-02;1.036e+00;7.500e-01;-1.774e-02;1.000e+01;8.335e-01;-4.438e-03;8.046e-01;3.749e-03
23.579878000;1.036e+00;8.333e-01;-1.975e-02;8.043e-01;-1.907e-02;1.036e+00;7.500e-01;-1.778e-02;1.000e+01;8.335e-01;-4.438e-03;8.046e-01;3.791e-03
23.580878000;1.036e+00;8.333e-01;-1.975e-02;8.044e-01;-1.907e-02;1.036e+00;7.500e-01;-1.778e-02;1.000e+01;8.335e-01;-4.438e-03;8.046e-01;3.792e-03
23.624878000;1.036e+00;8.333e-01;-1.981e-02;8.044e-01;-1.912e-02;1.036e+00;7.500e-01;-1.783e-02;1.000e+01;8.335e-01;-4.438e-03;8.046e-01;3.841e-03
23.671878000;1.036e+00;8.333e-01;-1.986e-02;8.044e-01;-1.917e-02;1.036e+00;7.500e-01;-1.787e-02;1.000e+01;8.335e-01;-4.438e-03;8.046e-01;3.892e-03
23.705878000;1.036e+00;8.333e-01;-1.990e-02;8.044e-01;-1.921e-02;1.036e+00;7.500e-01;-1.791e-02;1.000e+01;8.335e-01;-4.438e-03;8.046e-01;3.927e-03
23.723878000;1.036e+00;8.333e-01;-1.992e-02;8.044e-01;-1.922e-02;1.036e+00;7.500e-01;-1.792e-02;1.000e+01;8.335e-01;-4.438e-03;8.046e-01;3.946e-03
23.790878000;1.036e+00;8.333e-01;-1.999e-02;8.044e-01;-1.929e-02;1.036e+00;7.500e-01;-1.799e-02;1.000e+01;8.335e-01;-4.438e-03;8.046e-01;4.013e-03
23.791878000;1.036e+00;8.333e-01;-1.999e-02;8.044e-01;-1.929e-02;1.036e+00;7.500e-01;-1.799e-02;1.000e+01;8.335e-01;-4.438e-03;8.047e-01;4.014e-03
23.851878000;1.036e+00;8.333e-01;-2.005e-02;8.044e-01;-1.935e-02;1.036e+00;7.500e-01;-1.804e-02;1.000e+01;8.335e-01;-4.438e-03;8.047e-01;4.072e-03
23.852878000;1.036e+00;8.333e-01;-2.005e-02;8.045e-01;-1.935e-02;1.036e+00;7.500e-01;-1.804e-02;1.000e+01;8.335e-01;-4.438e-03;8.047e-01;4.073e-03
23.899878000;1.036e+00;8.333e-01;-2.009e-02;8.045e-01;-1.940e-02;1.036e+00;7.500e-01;-1.809e-02;1.000e+01;8.335e-01;-4.438e-03;8.047e-01;4.116e-03
23.964878000;1.036e+00;8.333e-01;-2.015e-02;8.045e-01;-1.946e-02;1.036e+00;7.500e-01;-1.814e-02;1.000e+01;8.335e-01;-4.438e-03;8.047e-01;4.175e-03
23.986878000;1.036e+00;8.333e-01;-2.018e-02;8.045e-01;-1.948e-02;1.036e+00;7.500e-01;-1.816e-02;1.000e+01;8.335e-01;-4.438e-03;8.047e-01;4.194e-03
23.995878000;1.036e+00;8.333e-01;-2.018e-02;8.045e-01;-1.949e-02;1.036e+00;7.500e-01;-1.817e-02;1.000e+01;8.335e-01;-4.438e-03;8.047e-01;4.201e-03
24.086878000;1.036e+00;8.333e-01;-2.026e-02;8.045e-01;-1.956e-02;1.036e+00;7.500e-01;-1.824e-02;1.000e+01;8.335e-01;-4.438e-03;8.047e-01;4.277e-03
24.087878000;1.036e+00;8.333e-01;-2.026e-02;8.045e-01;-1.956e-02;1.036e+00;7.500e-01;-1.824e-02;1.000e+01;8.335e-01;-4.438e-03;8.048e-01;4.278e-03
24.181878000;1.036e+00;8.333e-01;-2.034e-02;8.045e-01;-1.964e-02;1.036e+00;7.500e-01;-1.831e-02;1.000e+01;8.335e-01;-4.438e-03;8.048e-01;4.350e-03
24.182878000;1.036e+00;8.333e-01;-2.034e-02;8.046e-01;-1.964e-02;1.036e+00;7.500e-01;-1.831e-02;1.000e+01;8.335e-01;-4.438e-03;8.048e-01;4.351e-03
24.208878000;1.036e+00;8.333e-01;-2.036e-02;8.046e-01;-1.966e-02;1.036e+00;7.500e-01;-1.833e-02;1.000e+01;8.335e-01;-4.438e-03;8.048e-01;4.371e-03
24.248878000;1.036e+00;8.333e-01;-2.039e-02;8.046e-01;-1.969e-02;1.036e+00;7.500e-01;-1.835e-02;1.000e+01;8.335e-01;-4.438e-03;8.048e-01;4.400e-03
24.258878000;1.036e+00;8.333e-01;-2.040e-02;8.046e-01;-1.970e-02;1.036e+00;7.500e-01;-1.836e-02;1.000e+01;8.335e-01;-4.438e-03;8.048e-01;4.407e-03
24.267878000;1.036e+00;8.333e-01;-2.041e-02;8.046e-01;-1.970e-02;1.036e+00;7.500e-01;-1.836e-02;1.000e+01;8.335e-01;-4.438e-03;8.048e-01;4.413e-03
24.462878000;1.036e+00;8.333e-01;-2.054e-02;8.046e-01;-1.983e-02;1.036e+00;7.500e-01;-1.849e-02;1.000e+01;8.335e-01;-4.438e-03;8.048e-01;4.540e-03
24.463878000;1.036e+00;8.333e-01;-2.054e-02;8.046e-01;-1.983e-02;1.036e+00;7.500e-01;-1.849e-02;1.000e+01;8.335e-01;-4.438e-03;8.049e-01;4.541e-03
24.515878000;1.036e+00;8.333e-01;-2.057e-02;8.046e-01;-1.986e-02;1.036e+00;7.500e-01;-1.852e-02;1.000e+01;8.335e-01;-4.438e-03;8.049e-01;4.572e-03
24.553878000;1.036e+00;8.333e-01;-2.059e-02;8.046e-01;-1.989e-02;1.036e+00;7.500e-01;-1.853e-02;1.000e+01;8.335e-01;-4.438e-03;8.049e-01;4.594e-03
24.554878000;1.036e+00;8.333e-01;-2.060e-02;8.046e-01;-1.989e-02;1.036e+00;7.500e-01;-1.854e-02;1.000e+01;8.335e-01;-4.438e-03;8.049e-01;4.594e-03
24.570878000;1.036e+00;8.333e-01;-2.060e-02;8.046e-01;-1.990e-02;1.036e+00;7.500e-01;-1.854e-02;1.000e+01;8.335e-01;-4.438e-03;8.049e-01;4.603e-03
24.613878000;1.036e+00;8.333e-01;-2.063e-02;8.046e-01;-1.992e-02;1.036e+00;7.500e-01;-1.857e-02;1.000e+01;8.335e-01;-4.438e-03;8.049e-01;4.626e-03
24.614878000;1.036e+00;8.333e-01;-2.063e-02;8.047e-01;-1.992e-02;1.036e+00;7.500e-01;-1.857e-02;1.000e+01;8.335e-01;-4.438e-03;8.049e-01;4.627e-03
24.851878000;1.036e+00;8.333e-01;-2.075e-02;8.047e-01;-2.004e-02;1.036e+00;7.500e-01;-1.868e-02;1.000e+01;8.335e-01;-4.438e-03;8.049e-01;4.741e-03
24.884878000;1.036e+00;8.333e-01;-2.076e-02;8.047e-01;-2.005e-02;1.036e+00;7.500e-01;-1.869e-02;1.000e+01;8.335e-01;-4.438e-03;8.049e-01;4.756e-03
24.886878000;1.036e+00;8.333e-01;-2.077e-02;8.047e-01;-2.005e-02;1.036e+00;7.500e-01;-1.869e-02;1.000e+01;8.335e-01;-4.438e-03;8.049e-01;4.756e-03
24.917878000;1.036e+00;8.333e-01;-2.078e-02;8.047e-01;-2.007e-02;1.036e+00;7.500e-01;-1.870e-02;1.000e+01;8.335e-01;-4.438e-03;8.049e-01;4.769e-03
24.997878000;1.036e+00;8.333e-01;-2.081e-02;8.047e-01;-2.010e-02;1.036e+00;7.500e-01;-1.873e-02;1.000e+01;8.335e-01;-4.438e-03;8.049e-01;4.801e-03
24.998878000;1.036e+00;8.333e-01;-2.081e-02;8.047e-01;-2.010e-02;1.036e+00;7.500e-01;-1.873e-02;1.000e+01;8.335e-01;-4.438e-03;8.050e-01;4.801e-03
25.236878000;1.036e+00;8.333e-01;-2.090e-02;8.047e-01;-2.018e-02;1.036e+00;7.500e-01;-1.881e-02;1.000e+01;8.335e-01;-4.438e-03;8.050e-01;4.880e-03
25.322878000;1.036e+00;8.333e-01;-2.092e-02;8.047e-01;-2.020e-02;1.036e+00;7.500e-01;-1.883e-02;1.000e+01;8.335e-01;-4.438e-03;8.050e-01;4.904e-03
25.323878000;1.036e+00;8.333e-01;-2.092e-02;8.048e-01;-2.020e-02;1.036e+00;7.500e-01;-1.883e-02;1.000e+01;8.335e-01;-4.438e-03;8.050e-01;4.905e-03
25.410878000;1.036e+00;8.333e-01;-2.094e-02;8.048e-01;-2.023e-02;1.036e+00;7.500e-01;-1.885e-02;1.000e+01;8.335e-01;-4.438e-03;8.050e-01;4.927e-03
25.411878000;1.035e+00;8.333e-01;-2.094e-02;8.048e-01;-2.023e-02;1.035e+00;7.500e-01;-1.885e-02;1.000e+01;8.335e-01;-4.438e-03;8.050e-01;4.927e-03
25.537878000;1.035e+00;8.333e-01;-2.097e-02;8.048e-01;-2.025e-02;1.035e+00;7.500e-01;-1.888e-02;1.000e+01;8.335e-01;-4.438e-03;8.050e-01;4.954e-03
25.573878000;1.035e+00;8.333e-01;-2.098e-02;8.048e-01;-2.026e-02;1.035e+00;7.500e-01;-1.888e-02;1.000e+01;8.335e-01;-4.438e-03;8.050e-01;4.962e-03
25.592878000;1.035e+00;8.333e-01;-2.098e-02;8.048e-01;-2.027e-02;1.035e+00;7.500e-01;-1.889e-02;1.000e+01;8.335e-01;-4.438e-03;8.050e-01;4.965e-03
25.597878000;1.035e+00;8.333e-01;-2.099e-02;8.048e-01;-2.027e-02;1.035e+00;7.500e-01;-1.889e-02;1.000e+01;8.335e-01;-4.438e-03;8.050e-01;4.966e-03
26.091878000;1.035e+00;8.333e-01;-2.105e-02;8.048e-01;-2.033e-02;1.035e+00;7.500e-01;-1.895e-02;1.000e+01;8.335e-01;-4.438e-03;8.050e-01;5.028e-03
26.178878000;1.035e+00;8.333e-01;-2.106e-02;8.048e-01;-2.033e-02;1.035e+00;7.500e-01;-1.895e-02;1.000e+01;8.335e-01;-4.438e-03;8.050e-01;5.033e-03
26.199878000;1.035e+00;8.333e-01;-2.106e-02;8.048e-01;-2.034e-02;1.035e+00;7.500e-01;-1.895e-02;1.000e+01;8.335e-01;-4.438e-03;8.050e-01;5.034e-03
26.235878000;1.035e+00;8.333e-01;-2.106e-02;8.048e-01;-2.034e-02;1.035e+00;7.500e-01;-1.895e-02;1.000e+01;8.335e-01;-4.438e-03;8.050e-01;5.036e-03
26.922878000;1.035e+00;8.333e-01;-2.105e-02;8.048e-01;-2.033e-02;1.035e+00;7.500e-01;-1.895e-02;1.000e+01;8.335e-01;-4.438e-03;8.050e-01;5.027e-03
26.987878000;1.035e+00;8.333e-01;-2.105e-02;8.048e-01;-2.032e-02;1.035e+00;7.500e-01;-1.894e-02;1.000e+01;8.335e-01;-4.438e-03;8.050e-01;5.024e-03
26.991878000;1.035e+00;8.333e-01;-2.105e-02;8.048e-01;-2.032e-02;1.035e+00;7.500e-01;-1.894e-02;1.000e+01;8.335e-01;-4.438e-03;8.050e-01;5.023e-03
27.125878000;1.035e+00;8.333e-01;-2.104e-02;8.048e-01;-2.032e-02;1.035e+00;7.500e-01;-1.893e-02;1.000e+01;8.335e-01;-4.438e-03;8.050e-01;5.014e-03
27.923878000;1.035e+00;8.333e-01;-2.095e-02;8.048e-01;-2.023e-02;1.035e+00;7.500e-01;-1.885e-02;1.000e+01;8.335e-01;-4.438e-03;8.050e-01;4.929e-03
27.945878000;1.035e+00;8.333e-01;-2.094e-02;8.048e-01;-2.023e-02;1.035e+00;7.500e-01;-1.885e-02;1.000e+01;8.335e-01;-4.438e-03;8.050e-01;4.926e-03
27.946878000;1.036e+00;8.333e-01;-2.094e-02;8.048e-01;-2.022e-02;1.036e+00;7.500e-01;-1.885e-02;1.000e+01;8.335e-01;-4.438e-03;8.050e-01;4.926e-03
27.978878000;1.036e+00;8.333e-01;-2.094e-02;8.048e-01;-2.022e-02;1.036e+00;7.500e-01;-1.885e-02;1.000e+01;8.335e-01;-4.438e-03;8.050e-01;4.921e-03
28.002878000;1.036e+00;8.333e-01;-2.094e-02;8.048e-01;-2.022e-02;1.036e+00;7.500e-01;-1.884e-02;1.000e+01;8.335e-01;-4.438e-03;8.050e-01;4.918e-03
28.168878000;1.036e+00;8.333e-01;-2.091e-02;8.048e-01;-2.020e-02;1.036e+00;7.500e-01;-1.882e-02;1.000e+01;8.335e-01;-4.438e-03;8.050e-01;4.896e-03
28.226878000;1.036e+00;8.333e-01;-2.090e-02;8.048e-01;-2.019e-02;1.036e+00;7.500e-01;-1.881e-02;1.000e+01;8.335e-01;-4.438e-03;8.050e-01;4.888e-03
28.227878000;1.036e+00;8.333e-01;-2.090e-02;8.047e-01;-2.019e-02;1.036e+00;7.500e-01;-1.881e-02;1.000e+01;8.335e-01;-4.438e-03;8.050e-01;4.888e-03
28.956878000;1.036e+00;8.333e-01;-2.079e-02;8.047e-01;-2.008e-02;1.036e+00;7.500e-01;-1.871e-02;1.000e+01;8.335e-01;-4.438e-03;8.050e-01;4.783e-03
28.957878000;1.036e+00;8.333e-01;-2.079e-02;8.047e-01;-2.008e-02;1.036e+00;7.500e-01;-1.871e-02;1.000e+01;8.335e-01;-4.438e-03;8.049e-01;4.783e-03
30.115878000;1.036e+00;8.333e-01;-2.062e-02;8.047e-01;-1.991e-02;1.036e+00;7.500e-01;-1.856e-02;1.000e+01;8.335e-01;-4.438e-03;8.049e-01;4.622e-03
30.270878000;1.036e+00;8.333e-01;-2.060e-02;8.047e-01;-1.990e-02;1.036e+00;7.500e-01;-1.854e-02;1.000e+01;8.335e-01;-4.438e-03;8.049e-01;4.603e-03
30.271878000;1.036e+00;8.333e-01;-2.060e-02;8.046e-01;-1.990e-02;1.036e+00;7.500e-01;-1.854e-02;1.000e+01;8.335e-01;-4.438e-03;8.049e-01;4.603e-03
30.342878000;1.036e+00;8.333e-01;-2.059e-02;8.046e-01;-1.989e-02;1.036e+00;7.500e-01;-1.853e-02;1.000e+01;8.335e-01;-4.438e-03;8.049e-01;4.594e-03
30.426878000;1.036e+00;8.333e-01;-2.058e-02;8.046e-01;-1.988e-02;1.036e+00;7.500e-01;-1.853e-02;1.000e+01;8.335e-01;-4.438e-03;8.049e-01;4.583e-03
30.429878000;1.036e+00;8.333e-01;-2.058e-02;8.046e-01;-1.987e-02;1.036e+00;7.500e-01;-1.852e-02;1.000e+01;8.335e-01;-4.438e-03;8.049e-01;4.583e-03
31.010878000;1.036e+00;8.333e-01;-2.051e-02;8.046e-01;-1.981e-02;1.036e+00;7.500e-01;-1.846e-02;1.000e+01;8.335e-01;-4.438e-03;8.049e-01;4.517e-03
31.011878000;1.036e+00;8.333e-01;-2.051e-02;8.046e-01;-1.981e-02;1.036e+00;7.500e-01;-1.846e-02;1.000e+01;8.335e-01;-4.438e-03;8.048e-01;4.517e-03
31.647878000;1.036e+00;8.333e-01;-2.045e-02;8.046e-01;-1.974e-02;1.036e+00;7.500e-01;-1.841e-02;1.000e+01;8.335e-01;-4.438e-03;8.048e-01;4.456e-03
31.708878000;1.036e+00;8.333e-01;-2.044e-02;8.046e-01;-1.974e-02;1.036e+00;7.500e-01;-1.840e-02;1.000e+01;8.335e-01;-4.438e-03;8.048e-01;4.451e-03
31.817878000;1.036e+00;8.333e-01;-2.044e-02;8.046e-01;-1.973e-02;1.036e+00;7.500e-01;-1.839e-02;1.000e+01;8.335e-01;-4.438e-03;8.048e-01;4.441e-03
31.899878000;1.036e+00;8.333e-01;-2.043e-02;8.046e-01;-1.972e-02;1.036e+00;7.500e-01;-1.838e-02;1.000e+01;8.335e-01;-4.438e-03;8.048e-01;4.435e-03
33.483878000;1.036e+00;8.333e-01;-2.033e-02;8.046e-01;-1.962e-02;1.036e+00;7.500e-01;-1.829e-02;1.000e+01;8.335e-01;-4.438e-03;8.048e-01;4.338e-03
33.533878000;1.036e+00;8.333e-01;-2.032e-02;8.046e-01;-1.962e-02;1.036e+00;7.500e-01;-1.829e-02;1.000e+01;8.335e-01;-4.438e-03;8.048e-01;4.336e-03
33.674878000;1.036e+00;8.333e-01;-2.032e-02;8.046e-01;-1.962e-02;1.036e+00;7.500e-01;-1.829e-02;1.000e+01;8.335e-01;-4.438e-03;8.048e-01;4.330e-03
33.902878000;1.036e+00;8.333e-01;-2.031e-02;8.046e-01;-1.961e-02;1.036e+00;7.500e-01;-1.828e-02;1.000e+01;8.335e-01;-4.438e-03;8.048e-01;4.322e-03
33.903878000;1.036e+00;8.333e-01;-2.031e-02;8.045e-01;-1.961e-02;1.036e+00;7.500e-01;-1.828e-02;1.000e+01;8.335e-01;-4.438e-03;8.048e-01;4.322e-03
34.012878000;1.036e+00;8.333e-01;-2.031e-02;8.045e-01;-1.960e-02;1.036e+00;7.500e-01;-1.827e-02;1.000e+01;8.335e-01;-4.438e-03;8.048e-01;4.318e-03
35.983878000;1.036e+00;8.333e-01;-2.026e-02;8.045e-01;-1.956e-02;1.036e+00;7.500e-01;-1.824e-02;1.000e+01;8.335e-01;-4.438e-03;8.048e-01;4.279e-03
36.041878000;1.036e+00;8.333e-01;-2.026e-02;8.045e-01;-1.956e-02;1.036e+00;7.500e-01;-1.824e-02;1.000e+01;8.335e-01;-4.438e-03;8.048e-01;4.278e-03
36.560878000;1.036e+00;8.333e-01;-2.026e-02;8.045e-01;-1.956e-02;1.036e+00;7.500e-01;-1.823e-02;1.000e+01;8.335e-01;-4.438e-03;8.048e-01;4.275e-03
100.000000000;1.036e+00;8.333e-01;-2.027e-02;8.045e-01;-1.957e-02;1.036e+00;7.500e-01;-1.824e-02;1.000e+01;8.335e-01;-4.438e-03;8.048e-01;4.285e-03
