time;BusPDR_BUS_Voltage;BusPDR_BUS_ActivePower;BusPDR_BUS_ReactivePower;BusPDR_BUS_ActiveCurrent;BusPDR_BUS_ReactiveCurrent;Wind_Turbine_GEN_MagnitudeControlledByAVRPu;Measurements_BUS_Voltage;Measurements_BUS_ActivePower;Measurements_BUS_ReactivePower;StepUp_Xfmr_XFMR_Tap;Wind_Turbine_GEN_ActivePowerSetpointPu;Wind_Turbine_GEN_AVRSetpointPu;Wind_Turbine_GEN_InjectedActiveCurrent;Wind_Turbine_GEN_InjectedReactiveCurrent
0.000000000;1.044e+00;8.333e-01;5.901e-08;7.979e-01;-7.091e-08;1.045e+00;1.044e+00;7.500e-01;-5.764e-08;1.000e+01;8.335e-01;1.045e+00;7.977e-01;1.489e-02
19.999996000;1.044e+00;8.333e-01;7.274e-08;7.979e-01;2.955e-08;1.045e+00;1.044e+00;7.500e-01;5.278e-08;1.000e+01;8.335e-01;1.045e+00;7.977e-01;1.489e-02
19.999996000;1.044e+00;8.333e-01;7.048e-08;7.979e-01;2.903e-08;1.045e+00;1.044e+00;7.500e-01;5.283e-08;1.000e+01;8.335e-01;1.097e+00;7.977e-01;1.489e-02
20.000000000;1.044e+00;8.333e-01;4.228e-05;7.979e-01;4.045e-05;1.045e+00;1.044e+00;7.500e-01;3.805e-05;1.000e+01;8.335e-01;1.097e+00;7.977e-01;1.494e-02
20.000004000;1.044e+00;8.334e-01;8.562e-05;7.979e-01;8.194e-05;1.045e+00;1.044e+00;7.500e-01;7.705e-05;1.000e+01;8.335e-01;1.097e+00;7.977e-01;1.498e-02
20.000012000;1.045e+00;8.334e-01;1.701e-04;7.979e-01;1.628e-04;1.045e+00;1.045e+00;7.501e-01;1.531e-04;1.000e+01;8.335e-01;1.097e+00;7.977e-01;1.506e-02
20.000060000;1.045e+00;8.336e-01;6.790e-04;7.979e-01;6.498e-04;1.045e+00;1.045e+00;7.502e-01;6.111e-04;1.000e+01;8.335e-01;1.097e+00;7.977e-01;1.556e-02
20.000124000;1.045e+00;8.338e-01;1.354e-03;7.979e-01;1.296e-03;1.045e+00;1.045e+00;7.504e-01;1.219e-03;1.000e+01;8.335e-01;1.097e+00;7.977e-01;1.622e-02
20.000188000;1.045e+00;8.340e-01;2.026e-03;7.979e-01;1.938e-03;1.046e+00;1.045e+00;7.506e-01;1.823e-03;1.000e+01;8.335e-01;1.097e+00;7.977e-01;1.688e-02
20.000252000;1.046e+00;8.342e-01;2.693e-03;7.979e-01;2.576e-03;1.046e+00;1.046e+00;7.508e-01;2.424e-03;1.000e+01;8.335e-01;1.097e+00;7.977e-01;1.754e-02
20.000316000;1.046e+00;8.345e-01;3.358e-03;7.979e-01;3.211e-03;1.046e+00;1.046e+00;7.510e-01;3.022e-03;1.000e+01;8.335e-01;1.097e+00;7.977e-01;1.819e-02
20.000380000;1.046e+00;8.347e-01;4.018e-03;7.979e-01;3.841e-03;1.047e+00;1.046e+00;7.512e-01;3.616e-03;1.000e+01;8.335e-01;1.097e+00;7.977e-01;1.883e-02
20.000444000;1.046e+00;8.349e-01;4.674e-03;7.980e-01;4.468e-03;1.047e+00;1.046e+00;7.514e-01;4.207e-03;1.000e+01;8.335e-01;1.097e+00;7.977e-01;1.947e-02
20.000508000;1.047e+00;8.351e-01;5.328e-03;7.980e-01;5.091e-03;1.047e+00;1.047e+00;7.516e-01;4.795e-03;1.000e+01;8.335e-01;1.097e+00;7.977e-01;2.011e-02
20.000572000;1.047e+00;8.353e-01;5.978e-03;7.980e-01;5.711e-03;1.047e+00;1.047e+00;7.518e-01;5.380e-03;1.000e+01;8.335e-01;1.097e+00;7.977e-01;2.075e-02
20.000636000;1.047e+00;8.355e-01;6.623e-03;7.980e-01;6.326e-03;1.048e+00;1.047e+00;7.520e-01;5.961e-03;1.000e+01;8.335e-01;1.097e+00;7.977e-01;2.138e-02
20.000700000;1.047e+00;8.357e-01;7.266e-03;7.980e-01;6.937e-03;1.048e+00;1.047e+00;7.522e-01;6.539e-03;1.000e+01;8.335e-01;1.097e+00;7.977e-01;2.200e-02
20.000764000;1.048e+00;8.360e-01;7.903e-03;7.980e-01;7.545e-03;1.048e+00;1.048e+00;7.524e-01;7.113e-03;1.000e+01;8.335e-01;1.097e+00;7.977e-01;2.262e-02
20.000828000;1.048e+00;8.362e-01;8.538e-03;7.980e-01;8.148e-03;1.048e+00;1.048e+00;7.526e-01;7.684e-03;1.000e+01;8.335e-01;1.097e+00;7.977e-01;2.324e-02
20.000956000;1.048e+00;8.366e-01;9.797e-03;7.980e-01;9.345e-03;1.049e+00;1.048e+00;7.529e-01;8.817e-03;1.000e+01;8.335e-01;1.097e+00;7.977e-01;2.447e-02
20.001084000;1.049e+00;8.370e-01;1.104e-02;7.981e-01;1.053e-02;1.049e+00;1.049e+00;7.533e-01;9.935e-03;1.000e+01;8.335e-01;1.097e+00;7.977e-01;2.567e-02
20.001212000;1.049e+00;8.374e-01;1.227e-02;7.981e-01;1.169e-02;1.050e+00;1.049e+00;7.537e-01;1.104e-02;1.000e+01;8.335e-01;1.097e+00;7.977e-01;2.687e-02
20.001340000;1.050e+00;8.378e-01;1.348e-02;7.981e-01;1.284e-02;1.050e+00;1.050e+00;7.540e-01;1.213e-02;1.000e+01;8.335e-01;1.097e+00;7.977e-01;2.804e-02
20.001468000;1.050e+00;8.382e-01;1.468e-02;7.981e-01;1.398e-02;1.051e+00;1.050e+00;7.544e-01;1.321e-02;1.000e+01;8.335e-01;1.097e+00;7.977e-01;2.920e-02
20.001724000;1.051e+00;8.390e-01;1.703e-02;7.982e-01;1.620e-02;1.052e+00;1.051e+00;7.551e-01;1.533e-02;1.000e+01;8.335e-01;1.097e+00;7.977e-01;3.148e-02
20.001980000;1.052e+00;8.397e-01;1.932e-02;7.982e-01;1.837e-02;1.053e+00;1.052e+00;7.557e-01;1.739e-02;1.000e+01;8.335e-01;1.097e+00;7.977e-01;3.369e-02
20.002466000;1.054e+00;8.410e-01;2.351e-02;7.982e-01;2.232e-02;1.055e+00;1.054e+00;7.569e-01;2.116e-02;1.000e+01;8.335e-01;1.097e+00;7.977e-01;3.772e-02
20.002697000;1.054e+00;8.417e-01;2.543e-02;7.983e-01;2.411e-02;1.055e+00;1.054e+00;7.575e-01;2.288e-02;1.000e+01;8.335e-01;1.097e+00;7.976e-01;3.955e-02
20.002927000;1.055e+00;8.422e-01;2.729e-02;7.983e-01;2.586e-02;1.056e+00;1.055e+00;7.580e-01;2.456e-02;1.000e+01;8.335e-01;1.097e+00;7.976e-01;4.133e-02
20.003158000;1.056e+00;8.428e-01;2.910e-02;7.983e-01;2.757e-02;1.057e+00;1.056e+00;7.585e-01;2.619e-02;1.000e+01;8.335e-01;1.097e+00;7.976e-01;4.307e-02
20.003388000;1.056e+00;8.434e-01;3.087e-02;7.983e-01;2.922e-02;1.058e+00;1.056e+00;7.590e-01;2.779e-02;1.000e+01;8.335e-01;1.097e+00;7.976e-01;4.476e-02
20.003618000;1.057e+00;8.439e-01;3.259e-02;7.983e-01;3.083e-02;1.058e+00;1.057e+00;7.595e-01;2.933e-02;1.000e+01;8.335e-01;1.097e+00;7.975e-01;4.640e-02
20.003849000;1.058e+00;8.444e-01;3.427e-02;7.983e-01;3.240e-02;1.059e+00;1.058e+00;7.600e-01;3.084e-02;1.000e+01;8.335e-01;1.097e+00;7.975e-01;4.800e-02
20.004079000;1.058e+00;8.449e-01;3.590e-02;7.983e-01;3.392e-02;1.060e+00;1.058e+00;7.604e-01;3.231e-02;1.000e+01;8.335e-01;1.097e+00;7.974e-01;4.954e-02
20.004310000;1.059e+00;8.454e-01;3.748e-02;7.983e-01;3.539e-02;1.060e+00;1.059e+00;7.608e-01;3.373e-02;1.000e+01;8.335e-01;1.097e+00;7.974e-01;5.105e-02
20.004540000;1.060e+00;8.458e-01;3.902e-02;7.982e-01;3.682e-02;1.061e+00;1.060e+00;7.612e-01;3.512e-02;1.000e+01;8.335e-01;1.097e+00;7.974e-01;5.251e-02
20.004770000;1.060e+00;8.462e-01;4.051e-02;7.982e-01;3.821e-02;1.062e+00;1.060e+00;7.616e-01;3.646e-02;1.000e+01;8.335e-01;1.097e+00;7.973e-01;5.392e-02
20.005001000;1.061e+00;8.467e-01;4.196e-02;7.982e-01;3.956e-02;1.062e+00;1.061e+00;7.620e-01;3.776e-02;1.000e+01;8.335e-01;1.097e+00;7.972e-01;5.529e-02
20.005231000;1.061e+00;8.471e-01;4.337e-02;7.981e-01;4.086e-02;1.063e+00;1.061e+00;7.624e-01;3.903e-02;1.000e+01;8.335e-01;1.097e+00;7.972e-01;5.662e-02
20.005462000;1.062e+00;8.474e-01;4.473e-02;7.981e-01;4.213e-02;1.063e+00;1.062e+00;7.627e-01;4.026e-02;1.000e+01;8.335e-01;1.097e+00;7.971e-01;5.791e-02
20.005692000;1.062e+00;8.478e-01;4.605e-02;7.981e-01;4.335e-02;1.064e+00;1.062e+00;7.630e-01;4.144e-02;1.000e+01;8.335e-01;1.097e+00;7.971e-01;5.916e-02
20.005922000;1.063e+00;8.481e-01;4.733e-02;7.980e-01;4.453e-02;1.064e+00;1.063e+00;7.633e-01;4.259e-02;1.000e+01;8.335e-01;1.097e+00;7.970e-01;6.036e-02
20.006153000;1.063e+00;8.485e-01;4.856e-02;7.980e-01;4.567e-02;1.065e+00;1.063e+00;7.636e-01;4.371e-02;1.000e+01;8.335e-01;1.097e+00;7.969e-01;6.153e-02
20.006383000;1.064e+00;8.488e-01;4.976e-02;7.979e-01;4.678e-02;1.065e+00;1.064e+00;7.639e-01;4.478e-02;1.000e+01;8.335e-01;1.097e+00;7.968e-01;6.265e-02
20.006614000;1.064e+00;8.491e-01;5.091e-02;7.978e-01;4.784e-02;1.066e+00;1.064e+00;7.642e-01;4.582e-02;1.000e+01;8.335e-01;1.097e+00;7.967e-01;6.374e-02
20.006844000;1.065e+00;8.493e-01;5.203e-02;7.978e-01;4.887e-02;1.066e+00;1.065e+00;7.644e-01;4.683e-02;1.000e+01;8.335e-01;1.097e+00;7.966e-01;6.479e-02
20.007074000;1.065e+00;8.496e-01;5.311e-02;7.977e-01;4.987e-02;1.067e+00;1.065e+00;7.646e-01;4.780e-02;1.000e+01;8.335e-01;1.097e+00;7.966e-01;6.581e-02
20.007305000;1.065e+00;8.498e-01;5.415e-02;7.976e-01;5.082e-02;1.067e+00;1.065e+00;7.648e-01;4.873e-02;1.000e+01;8.335e-01;1.097e+00;7.965e-01;6.678e-02
20.007535000;1.066e+00;8.501e-01;5.515e-02;7.976e-01;5.174e-02;1.067e+00;1.066e+00;7.650e-01;4.963e-02;1.000e+01;8.335e-01;1.097e+00;7.964e-01;6.772e-02
20.007766000;1.066e+00;8.503e-01;5.612e-02;7.975e-01;5.263e-02;1.068e+00;1.066e+00;7.652e-01;5.050e-02;1.000e+01;8.335e-01;1.097e+00;7.963e-01;6.863e-02
20.007996000;1.067e+00;8.505e-01;5.705e-02;7.974e-01;5.349e-02;1.068e+00;1.067e+00;7.654e-01;5.134e-02;1.000e+01;8.335e-01;1.097e+00;7.962e-01;6.950e-02
20.008226000;1.067e+00;8.506e-01;5.794e-02;7.973e-01;5.431e-02;1.069e+00;1.067e+00;7.656e-01;5.215e-02;1.000e+01;8.335e-01;1.097e+00;7.960e-01;7.034e-02
20.008457000;1.067e+00;8.508e-01;5.880e-02;7.972e-01;5.510e-02;1.069e+00;1.067e+00;7.657e-01;5.292e-02;1.000e+01;8.335e-01;1.097e+00;7.959e-01;7.115e-02
20.008687000;1.068e+00;8.509e-01;5.963e-02;7.971e-01;5.585e-02;1.069e+00;1.068e+00;7.659e-01;5.366e-02;1.000e+01;8.335e-01;1.097e+00;7.958e-01;7.192e-02
20.008918000;1.068e+00;8.511e-01;6.042e-02;7.970e-01;5.658e-02;1.070e+00;1.068e+00;7.660e-01;5.438e-02;1.000e+01;8.335e-01;1.097e+00;7.957e-01;7.267e-02
20.009148000;1.068e+00;8.512e-01;6.118e-02;7.969e-01;5.728e-02;1.070e+00;1.068e+00;7.661e-01;5.506e-02;1.000e+01;8.335e-01;1.097e+00;7.956e-01;7.338e-02
20.009378000;1.068e+00;8.513e-01;6.191e-02;7.968e-01;5.794e-02;1.070e+00;1.068e+00;7.662e-01;5.572e-02;1.000e+01;8.335e-01;1.097e+00;7.954e-01;7.406e-02
20.009609000;1.069e+00;8.514e-01;6.260e-02;7.967e-01;5.858e-02;1.071e+00;1.069e+00;7.663e-01;5.634e-02;1.000e+01;8.335e-01;1.097e+00;7.953e-01;7.472e-02
20.009839000;1.069e+00;8.515e-01;6.327e-02;7.965e-01;5.919e-02;1.071e+00;1.069e+00;7.663e-01;5.695e-02;1.000e+01;8.335e-01;1.097e+00;7.952e-01;7.534e-02
20.010070000;1.069e+00;8.516e-01;6.391e-02;7.964e-01;5.977e-02;1.071e+00;1.069e+00;7.664e-01;5.752e-02;1.000e+01;8.335e-01;1.097e+00;7.950e-01;7.594e-02
20.010300000;1.069e+00;8.516e-01;6.452e-02;7.963e-01;6.033e-02;1.071e+00;1.069e+00;7.664e-01;5.807e-02;1.000e+01;8.335e-01;1.097e+00;7.949e-01;7.651e-02
20.010530000;1.070e+00;8.517e-01;6.510e-02;7.962e-01;6.086e-02;1.072e+00;1.070e+00;7.665e-01;5.859e-02;1.000e+01;8.335e-01;1.097e+00;7.948e-01;7.705e-02
20.010761000;1.070e+00;8.517e-01;6.565e-02;7.960e-01;6.136e-02;1.072e+00;1.070e+00;7.665e-01;5.909e-02;1.000e+01;8.335e-01;1.097e+00;7.946e-01;7.757e-02
20.010991000;1.070e+00;8.517e-01;6.618e-02;7.959e-01;6.184e-02;1.072e+00;1.070e+00;7.665e-01;5.956e-02;1.000e+01;8.335e-01;1.097e+00;7.945e-01;7.806e-02
20.011222000;1.070e+00;8.517e-01;6.668e-02;7.958e-01;6.230e-02;1.072e+00;1.070e+00;7.666e-01;6.001e-02;1.000e+01;8.335e-01;1.097e+00;7.943e-01;7.853e-02
20.011452000;1.071e+00;8.517e-01;6.716e-02;7.956e-01;6.273e-02;1.072e+00;1.071e+00;7.666e-01;6.044e-02;1.000e+01;8.335e-01;1.097e+00;7.942e-01;7.898e-02
20.011682000;1.071e+00;8.517e-01;6.761e-02;7.955e-01;6.314e-02;1.073e+00;1.071e+00;7.665e-01;6.085e-02;1.000e+01;8.335e-01;1.097e+00;7.940e-01;7.940e-02
20.011913000;1.071e+00;8.517e-01;6.804e-02;7.953e-01;6.353e-02;1.073e+00;1.071e+00;7.665e-01;6.123e-02;1.000e+01;8.335e-01;1.097e+00;7.939e-01;7.980e-02
20.012143000;1.071e+00;8.517e-01;6.844e-02;7.952e-01;6.390e-02;1.073e+00;1.071e+00;7.665e-01;6.160e-02;1.000e+01;8.335e-01;1.097e+00;7.937e-01;8.018e-02
20.012374000;1.071e+00;8.516e-01;6.882e-02;7.950e-01;6.425e-02;1.073e+00;1.071e+00;7.665e-01;6.194e-02;1.000e+01;8.335e-01;1.097e+00;7.936e-01;8.054e-02
20.012604000;1.071e+00;8.516e-01;6.918e-02;7.949e-01;6.458e-02;1.073e+00;1.071e+00;7.664e-01;6.226e-02;1.000e+01;8.335e-01;1.097e+00;7.934e-01;8.088e-02
20.012834000;1.071e+00;8.515e-01;6.952e-02;7.947e-01;6.488e-02;1.073e+00;1.071e+00;7.664e-01;6.257e-02;1.000e+01;8.335e-01;1.097e+00;7.932e-01;8.119e-02
20.013065000;1.072e+00;8.515e-01;6.984e-02;7.946e-01;6.517e-02;1.074e+00;1.072e+00;7.663e-01;6.285e-02;1.000e+01;8.335e-01;1.097e+00;7.931e-01;8.149e-02
20.013295000;1.072e+00;8.514e-01;7.014e-02;7.944e-01;6.544e-02;1.074e+00;1.072e+00;7.663e-01;6.312e-02;1.000e+01;8.335e-01;1.097e+00;7.929e-01;8.177e-02
20.013526000;1.072e+00;8.513e-01;7.042e-02;7.943e-01;6.570e-02;1.074e+00;1.072e+00;7.662e-01;6.338e-02;1.000e+01;8.335e-01;1.097e+00;7.927e-01;8.203e-02
20.013756000;1.072e+00;8.512e-01;7.068e-02;7.941e-01;6.593e-02;1.074e+00;1.072e+00;7.661e-01;6.361e-02;1.000e+01;8.335e-01;1.097e+00;7.926e-01;8.228e-02
20.013986000;1.072e+00;8.512e-01;7.092e-02;7.939e-01;6.615e-02;1.074e+00;1.072e+00;7.660e-01;6.383e-02;1.000e+01;8.335e-01;1.097e+00;7.924e-01;8.250e-02
20.014217000;1.072e+00;8.511e-01;7.114e-02;7.938e-01;6.635e-02;1.074e+00;1.072e+00;7.660e-01;6.403e-02;1.000e+01;8.335e-01;1.097e+00;7.922e-01;8.271e-02
20.014447000;1.072e+00;8.510e-01;7.135e-02;7.936e-01;6.654e-02;1.074e+00;1.072e+00;7.659e-01;6.422e-02;1.000e+01;8.335e-01;1.097e+00;7.921e-01;8.291e-02
20.014678000;1.072e+00;8.508e-01;7.154e-02;7.934e-01;6.672e-02;1.074e+00;1.072e+00;7.658e-01;6.439e-02;1.000e+01;8.335e-01;1.097e+00;7.919e-01;8.309e-02
20.015138000;1.072e+00;8.506e-01;7.188e-02;7.931e-01;6.702e-02;1.075e+00;1.072e+00;7.655e-01;6.469e-02;1.000e+01;8.335e-01;1.097e+00;7.916e-01;8.341e-02
20.015553000;1.073e+00;8.504e-01;7.213e-02;7.928e-01;6.725e-02;1.075e+00;1.073e+00;7.653e-01;6.492e-02;1.000e+01;8.335e-01;1.097e+00;7.912e-01;8.364e-02
20.015968000;1.073e+00;8.501e-01;7.235e-02;7.925e-01;6.744e-02;1.075e+00;1.073e+00;7.651e-01;6.511e-02;1.000e+01;8.335e-01;1.097e+00;7.909e-01;8.384e-02
20.016383000;1.073e+00;8.499e-01;7.251e-02;7.922e-01;6.759e-02;1.075e+00;1.073e+00;7.649e-01;6.526e-02;1.000e+01;8.335e-01;1.097e+00;7.906e-01;8.400e-02
20.016797000;1.073e+00;8.496e-01;7.265e-02;7.919e-01;6.771e-02;1.075e+00;1.073e+00;7.646e-01;6.538e-02;1.000e+01;8.335e-01;1.097e+00;7.903e-01;8.412e-02
20.017212000;1.073e+00;8.493e-01;7.274e-02;7.916e-01;6.780e-02;1.075e+00;1.073e+00;7.644e-01;6.547e-02;1.000e+01;8.335e-01;1.097e+00;7.900e-01;8.421e-02
20.017627000;1.073e+00;8.490e-01;7.280e-02;7.913e-01;6.785e-02;1.075e+00;1.073e+00;7.641e-01;6.552e-02;1.000e+01;8.335e-01;1.097e+00;7.897e-01;8.426e-02
20.018041000;1.073e+00;8.487e-01;7.284e-02;7.909e-01;6.788e-02;1.075e+00;1.073e+00;7.638e-01;6.555e-02;1.000e+01;8.335e-01;1.097e+00;7.894e-01;8.429e-02
20.018456000;1.073e+00;8.484e-01;7.284e-02;7.906e-01;6.788e-02;1.075e+00;1.073e+00;7.636e-01;6.556e-02;1.000e+01;8.335e-01;1.097e+00;7.891e-01;8.429e-02
20.018871000;1.073e+00;8.481e-01;7.282e-02;7.903e-01;6.786e-02;1.075e+00;1.073e+00;7.633e-01;6.554e-02;1.000e+01;8.335e-01;1.097e+00;7.888e-01;8.427e-02
20.019286000;1.073e+00;8.478e-01;7.278e-02;7.900e-01;6.782e-02;1.075e+00;1.073e+00;7.630e-01;6.550e-02;1.000e+01;8.335e-01;1.097e+00;7.884e-01;8.422e-02
20.019700000;1.073e+00;8.474e-01;7.272e-02;7.897e-01;6.776e-02;1.075e+00;1.073e+00;7.627e-01;6.545e-02;1.000e+01;8.335e-01;1.097e+00;7.881e-01;8.416e-02
20.020530000;1.073e+00;8.468e-01;7.254e-02;7.891e-01;6.760e-02;1.075e+00;1.073e+00;7.621e-01;6.528e-02;1.000e+01;8.335e-01;1.097e+00;7.875e-01;8.397e-02
20.020944000;1.073e+00;8.464e-01;7.242e-02;7.888e-01;6.749e-02;1.075e+00;1.073e+00;7.618e-01;6.518e-02;1.000e+01;8.335e-01;1.097e+00;7.873e-01;8.386e-02
20.021359000;1.073e+00;8.461e-01;7.229e-02;7.885e-01;6.737e-02;1.075e+00;1.073e+00;7.615e-01;6.506e-02;1.000e+01;8.335e-01;1.097e+00;7.870e-01;8.373e-02
20.021774000;1.073e+00;8.458e-01;7.216e-02;7.882e-01;6.725e-02;1.075e+00;1.073e+00;7.612e-01;6.494e-02;1.000e+01;8.335e-01;1.097e+00;7.867e-01;8.359e-02
20.022189000;1.073e+00;8.454e-01;7.201e-02;7.880e-01;6.711e-02;1.075e+00;1.073e+00;7.609e-01;6.481e-02;1.000e+01;8.335e-01;1.097e+00;7.864e-01;8.344e-02
20.023018000;1.073e+00;8.448e-01;7.169e-02;7.874e-01;6.682e-02;1.075e+00;1.073e+00;7.603e-01;6.452e-02;1.000e+01;8.335e-01;1.097e+00;7.858e-01;8.311e-02
20.023433000;1.073e+00;8.445e-01;7.151e-02;7.871e-01;6.666e-02;1.075e+00;1.073e+00;7.600e-01;6.436e-02;1.000e+01;8.335e-01;1.097e+00;7.856e-01;8.294e-02
20.023848000;1.073e+00;8.441e-01;7.134e-02;7.869e-01;6.650e-02;1.075e+00;1.073e+00;7.597e-01;6.420e-02;1.000e+01;8.335e-01;1.097e+00;7.853e-01;8.276e-02
20.024262000;1.073e+00;8.438e-01;7.116e-02;7.866e-01;6.633e-02;1.075e+00;1.073e+00;7.594e-01;6.404e-02;1.000e+01;8.335e-01;1.097e+00;7.850e-01;8.257e-02
20.024677000;1.073e+00;8.435e-01;7.098e-02;7.863e-01;6.617e-02;1.075e+00;1.073e+00;7.592e-01;6.388e-02;1.000e+01;8.335e-01;1.097e+00;7.848e-01;8.239e-02
20.025092000;1.073e+00;8.432e-01;7.079e-02;7.861e-01;6.600e-02;1.075e+00;1.073e+00;7.589e-01;6.371e-02;1.000e+01;8.335e-01;1.097e+00;7.845e-01;8.220e-02
20.025921000;1.073e+00;8.426e-01;7.042e-02;7.856e-01;6.566e-02;1.075e+00;1.073e+00;7.583e-01;6.338e-02;1.000e+01;8.335e-01;1.097e+00;7.841e-01;8.181e-02
20.026336000;1.073e+00;8.423e-01;7.024e-02;7.853e-01;6.549e-02;1.075e+00;1.073e+00;7.581e-01;6.321e-02;1.000e+01;8.335e-01;1.097e+00;7.838e-01;8.162e-02
20.026751000;1.072e+00;8.420e-01;7.006e-02;7.851e-01;6.532e-02;1.074e+00;1.072e+00;7.578e-01;6.305e-02;1.000e+01;8.335e-01;1.097e+00;7.836e-01;8.143e-02
20.027165000;1.072e+00;8.417e-01;6.988e-02;7.849e-01;6.516e-02;1.074e+00;1.072e+00;7.575e-01;6.289e-02;1.000e+01;8.335e-01;1.097e+00;7.834e-01;8.124e-02
20.027580000;1.072e+00;8.414e-01;6.970e-02;7.846e-01;6.499e-02;1.074e+00;1.072e+00;7.573e-01;6.273e-02;1.000e+01;8.335e-01;1.097e+00;7.832e-01;8.105e-02
20.027995000;1.072e+00;8.412e-01;6.952e-02;7.844e-01;6.483e-02;1.074e+00;1.072e+00;7.570e-01;6.257e-02;1.000e+01;8.335e-01;1.097e+00;7.829e-01;8.086e-02
20.028409000;1.072e+00;8.409e-01;6.935e-02;7.842e-01;6.468e-02;1.074e+00;1.072e+00;7.568e-01;6.241e-02;1.000e+01;8.335e-01;1.097e+00;7.827e-01;8.067e-02
20.029239000;1.072e+00;8.404e-01;6.902e-02;7.838e-01;6.437e-02;1.074e+00;1.072e+00;7.563e-01;6.212e-02;1.000e+01;8.335e-01;1.097e+00;7.823e-01;8.031e-02
20.029985000;1.072e+00;8.399e-01;6.874e-02;7.835e-01;6.411e-02;1.074e+00;1.072e+00;7.559e-01;6.186e-02;1.000e+01;8.335e-01;1.097e+00;7.820e-01;8.000e-02
20.030732000;1.072e+00;8.395e-01;6.847e-02;7.831e-01;6.387e-02;1.074e+00;1.072e+00;7.556e-01;6.162e-02;1.000e+01;8.335e-01;1.097e+00;7.817e-01;7.970e-02
20.031478000;1.072e+00;8.391e-01;6.822e-02;7.828e-01;6.364e-02;1.074e+00;1.072e+00;7.552e-01;6.140e-02;1.000e+01;8.335e-01;1.097e+00;7.814e-01;7.942e-02
20.032225000;1.072e+00;8.388e-01;6.799e-02;7.825e-01;6.343e-02;1.074e+00;1.072e+00;7.549e-01;6.119e-02;1.000e+01;8.335e-01;1.097e+00;7.811e-01;7.915e-02
20.032971000;1.072e+00;8.384e-01;6.778e-02;7.822e-01;6.324e-02;1.074e+00;1.072e+00;7.546e-01;6.100e-02;1.000e+01;8.335e-01;1.097e+00;7.808e-01;7.890e-02
20.033718000;1.072e+00;8.381e-01;6.759e-02;7.819e-01;6.306e-02;1.074e+00;1.072e+00;7.543e-01;6.083e-02;1.000e+01;8.335e-01;1.097e+00;7.805e-01;7.867e-02
20.034464000;1.072e+00;8.378e-01;6.742e-02;7.817e-01;6.290e-02;1.074e+00;1.072e+00;7.540e-01;6.068e-02;1.000e+01;8.335e-01;1.097e+00;7.803e-01;7.846e-02
20.035211000;1.072e+00;8.375e-01;6.726e-02;7.814e-01;6.276e-02;1.074e+00;1.072e+00;7.537e-01;6.054e-02;1.000e+01;8.335e-01;1.097e+00;7.800e-01;7.826e-02
20.035957000;1.072e+00;8.372e-01;6.713e-02;7.812e-01;6.264e-02;1.074e+00;1.072e+00;7.535e-01;6.042e-02;1.000e+01;8.335e-01;1.097e+00;7.798e-01;7.808e-02
20.036704000;1.072e+00;8.370e-01;6.702e-02;7.810e-01;6.253e-02;1.074e+00;1.072e+00;7.533e-01;6.031e-02;1.000e+01;8.335e-01;1.097e+00;7.796e-01;7.792e-02
20.037450000;1.072e+00;8.367e-01;6.692e-02;7.808e-01;6.245e-02;1.074e+00;1.072e+00;7.530e-01;6.023e-02;1.000e+01;8.335e-01;1.097e+00;7.794e-01;7.777e-02
20.038197000;1.072e+00;8.365e-01;6.684e-02;7.806e-01;6.237e-02;1.074e+00;1.072e+00;7.529e-01;6.016e-02;1.000e+01;8.335e-01;1.097e+00;7.792e-01;7.764e-02
20.038943000;1.072e+00;8.363e-01;6.678e-02;7.804e-01;6.231e-02;1.074e+00;1.072e+00;7.527e-01;6.010e-02;1.000e+01;8.335e-01;1.097e+00;7.791e-01;7.753e-02
20.039690000;1.072e+00;8.361e-01;6.673e-02;7.803e-01;6.227e-02;1.074e+00;1.072e+00;7.525e-01;6.005e-02;1.000e+01;8.335e-01;1.097e+00;7.789e-01;7.743e-02
20.040436000;1.072e+00;8.360e-01;6.670e-02;7.801e-01;6.224e-02;1.074e+00;1.072e+00;7.524e-01;6.003e-02;1.000e+01;8.335e-01;1.097e+00;7.787e-01;7.735e-02
20.041183000;1.072e+00;8.358e-01;6.668e-02;7.799e-01;6.222e-02;1.074e+00;1.072e+00;7.522e-01;6.001e-02;1.000e+01;8.335e-01;1.097e+00;7.786e-01;7.728e-02
20.041929000;1.072e+00;8.357e-01;6.667e-02;7.798e-01;6.222e-02;1.074e+00;1.072e+00;7.521e-01;6.001e-02;1.000e+01;8.335e-01;1.097e+00;7.785e-01;7.723e-02
20.042676000;1.072e+00;8.355e-01;6.668e-02;7.797e-01;6.222e-02;1.074e+00;1.072e+00;7.520e-01;6.001e-02;1.000e+01;8.335e-01;1.097e+00;7.783e-01;7.718e-02
20.043422000;1.072e+00;8.354e-01;6.670e-02;7.795e-01;6.224e-02;1.074e+00;1.072e+00;7.519e-01;6.003e-02;1.000e+01;8.335e-01;1.097e+00;7.782e-01;7.715e-02
20.044915000;1.072e+00;8.352e-01;6.677e-02;7.793e-01;6.230e-02;1.074e+00;1.072e+00;7.517e-01;6.009e-02;1.000e+01;8.335e-01;1.097e+00;7.780e-01;7.712e-02
20.046408000;1.072e+00;8.350e-01;6.687e-02;7.791e-01;6.240e-02;1.074e+00;1.072e+00;7.515e-01;6.019e-02;1.000e+01;8.335e-01;1.097e+00;7.778e-01;7.713e-02
20.047155000;1.072e+00;8.350e-01;6.694e-02;7.790e-01;6.245e-02;1.074e+00;1.072e+00;7.515e-01;6.024e-02;1.000e+01;8.335e-01;1.097e+00;7.777e-01;7.715e-02
20.047901000;1.072e+00;8.349e-01;6.701e-02;7.789e-01;6.252e-02;1.074e+00;1.072e+00;7.514e-01;6.031e-02;1.000e+01;8.335e-01;1.097e+00;7.776e-01;7.718e-02
20.048648000;1.072e+00;8.348e-01;6.709e-02;7.789e-01;6.259e-02;1.074e+00;1.072e+00;7.513e-01;6.038e-02;1.000e+01;8.335e-01;1.097e+00;7.776e-01;7.721e-02
20.049394000;1.072e+00;8.348e-01;6.717e-02;7.788e-01;6.266e-02;1.074e+00;1.072e+00;7.513e-01;6.045e-02;1.000e+01;8.335e-01;1.097e+00;7.775e-01;7.725e-02
20.050141000;1.072e+00;8.347e-01;6.725e-02;7.787e-01;6.274e-02;1.074e+00;1.072e+00;7.513e-01;6.053e-02;1.000e+01;8.335e-01;1.097e+00;7.774e-01;7.729e-02
20.050887000;1.072e+00;8.347e-01;6.735e-02;7.786e-01;6.282e-02;1.074e+00;1.072e+00;7.512e-01;6.061e-02;1.000e+01;8.335e-01;1.097e+00;7.773e-01;7.734e-02
20.051634000;1.072e+00;8.346e-01;6.744e-02;7.786e-01;6.291e-02;1.074e+00;1.072e+00;7.512e-01;6.070e-02;1.000e+01;8.335e-01;1.097e+00;7.773e-01;7.739e-02
20.052634000;1.072e+00;8.346e-01;6.757e-02;7.785e-01;6.303e-02;1.074e+00;1.072e+00;7.511e-01;6.082e-02;1.000e+01;8.335e-01;1.097e+00;7.772e-01;7.747e-02
20.053634000;1.072e+00;8.346e-01;6.771e-02;7.784e-01;6.315e-02;1.074e+00;1.072e+00;7.511e-01;6.094e-02;1.000e+01;8.335e-01;1.097e+00;7.771e-01;7.756e-02
20.054634000;1.072e+00;8.345e-01;6.785e-02;7.783e-01;6.328e-02;1.074e+00;1.072e+00;7.511e-01;6.106e-02;1.000e+01;8.335e-01;1.097e+00;7.770e-01;7.765e-02
20.055634000;1.072e+00;8.345e-01;6.799e-02;7.783e-01;6.341e-02;1.074e+00;1.072e+00;7.510e-01;6.119e-02;1.000e+01;8.335e-01;1.097e+00;7.770e-01;7.774e-02
20.057634000;1.072e+00;8.345e-01;6.828e-02;7.781e-01;6.367e-02;1.074e+00;1.072e+00;7.510e-01;6.145e-02;1.000e+01;8.335e-01;1.097e+00;7.768e-01;7.794e-02
20.058634000;1.072e+00;8.344e-01;6.843e-02;7.781e-01;6.381e-02;1.074e+00;1.072e+00;7.510e-01;6.159e-02;1.000e+01;8.335e-01;1.097e+00;7.768e-01;7.805e-02
20.059634000;1.072e+00;8.344e-01;6.858e-02;7.780e-01;6.394e-02;1.074e+00;1.072e+00;7.510e-01;6.172e-02;1.000e+01;8.335e-01;1.097e+00;7.767e-01;7.816e-02
20.060634000;1.073e+00;8.344e-01;6.872e-02;7.780e-01;6.408e-02;1.074e+00;1.073e+00;7.510e-01;6.185e-02;1.000e+01;8.335e-01;1.097e+00;7.767e-01;7.826e-02
20.061634000;1.073e+00;8.344e-01;6.887e-02;7.779e-01;6.421e-02;1.075e+00;1.073e+00;7.510e-01;6.198e-02;1.000e+01;8.335e-01;1.097e+00;7.766e-01;7.838e-02
20.062634000;1.073e+00;8.344e-01;6.902e-02;7.779e-01;6.434e-02;1.075e+00;1.073e+00;7.509e-01;6.212e-02;1.000e+01;8.335e-01;1.097e+00;7.766e-01;7.849e-02
20.063634000;1.073e+00;8.344e-01;6.916e-02;7.778e-01;6.448e-02;1.075e+00;1.073e+00;7.509e-01;6.225e-02;1.000e+01;8.335e-01;1.097e+00;7.765e-01;7.860e-02
20.064634000;1.073e+00;8.344e-01;6.931e-02;7.778e-01;6.461e-02;1.075e+00;1.073e+00;7.509e-01;6.238e-02;1.000e+01;8.335e-01;1.097e+00;7.765e-01;7.871e-02
20.065634000;1.073e+00;8.344e-01;6.945e-02;7.777e-01;6.474e-02;1.075e+00;1.073e+00;7.509e-01;6.251e-02;1.000e+01;8.335e-01;1.097e+00;7.764e-01;7.882e-02
20.066634000;1.073e+00;8.343e-01;6.960e-02;7.777e-01;6.487e-02;1.075e+00;1.073e+00;7.509e-01;6.264e-02;1.000e+01;8.335e-01;1.097e+00;7.764e-01;7.894e-02
20.067634000;1.073e+00;8.343e-01;6.974e-02;7.776e-01;6.500e-02;1.075e+00;1.073e+00;7.509e-01;6.276e-02;1.000e+01;8.335e-01;1.097e+00;7.763e-01;7.905e-02
20.068634000;1.073e+00;8.343e-01;6.988e-02;7.776e-01;6.512e-02;1.075e+00;1.073e+00;7.509e-01;6.289e-02;1.000e+01;8.335e-01;1.097e+00;7.763e-01;7.916e-02
20.069634000;1.073e+00;8.343e-01;7.002e-02;7.775e-01;6.525e-02;1.075e+00;1.073e+00;7.509e-01;6.302e-02;1.000e+01;8.335e-01;1.097e+00;7.762e-01;7.927e-02
20.070634000;1.073e+00;8.343e-01;7.015e-02;7.775e-01;6.537e-02;1.075e+00;1.073e+00;7.509e-01;6.314e-02;1.000e+01;8.335e-01;1.097e+00;7.762e-01;7.939e-02
20.071634000;1.073e+00;8.343e-01;7.029e-02;7.774e-01;6.550e-02;1.075e+00;1.073e+00;7.509e-01;6.326e-02;1.000e+01;8.335e-01;1.097e+00;7.761e-01;7.950e-02
20.072634000;1.073e+00;8.343e-01;7.043e-02;7.774e-01;6.562e-02;1.075e+00;1.073e+00;7.509e-01;6.338e-02;1.000e+01;8.335e-01;1.097e+00;7.761e-01;7.961e-02
20.073634000;1.073e+00;8.343e-01;7.056e-02;7.773e-01;6.574e-02;1.075e+00;1.073e+00;7.509e-01;6.350e-02;1.000e+01;8.335e-01;1.097e+00;7.760e-01;7.972e-02
20.074634000;1.073e+00;8.343e-01;7.069e-02;7.773e-01;6.586e-02;1.075e+00;1.073e+00;7.509e-01;6.363e-02;1.000e+01;8.335e-01;1.097e+00;7.760e-01;7.983e-02
20.075634000;1.073e+00;8.343e-01;7.083e-02;7.773e-01;6.598e-02;1.075e+00;1.073e+00;7.509e-01;6.374e-02;1.000e+01;8.335e-01;1.097e+00;7.759e-01;7.994e-02
20.076634000;1.073e+00;8.343e-01;7.096e-02;7.772e-01;6.610e-02;1.075e+00;1.073e+00;7.509e-01;6.386e-02;1.000e+01;8.335e-01;1.097e+00;7.759e-01;8.006e-02
20.077634000;1.073e+00;8.343e-01;7.109e-02;7.772e-01;6.622e-02;1.075e+00;1.073e+00;7.509e-01;6.398e-02;1.000e+01;8.335e-01;1.097e+00;7.759e-01;8.017e-02
20.078634000;1.074e+00;8.343e-01;7.122e-02;7.771e-01;6.634e-02;1.076e+00;1.074e+00;7.509e-01;6.410e-02;1.000e+01;8.335e-01;1.097e+00;7.758e-01;8.027e-02
20.079634000;1.074e+00;8.343e-01;7.135e-02;7.771e-01;6.646e-02;1.076e+00;1.074e+00;7.508e-01;6.421e-02;1.000e+01;8.335e-01;1.097e+00;7.758e-01;8.038e-02
20.080634000;1.074e+00;8.343e-01;7.148e-02;7.770e-01;6.657e-02;1.076e+00;1.074e+00;7.508e-01;6.433e-02;1.000e+01;8.335e-01;1.097e+00;7.757e-01;8.049e-02
20.081634000;1.074e+00;8.343e-01;7.160e-02;7.770e-01;6.669e-02;1.076e+00;1.074e+00;7.508e-01;6.444e-02;1.000e+01;8.335e-01;1.097e+00;7.757e-01;8.060e-02
20.082634000;1.074e+00;8.343e-01;7.173e-02;7.770e-01;6.680e-02;1.076e+00;1.074e+00;7.508e-01;6.456e-02;1.000e+01;8.335e-01;1.097e+00;7.756e-01;8.071e-02
20.083634000;1.074e+00;8.343e-01;7.186e-02;7.769e-01;6.692e-02;1.076e+00;1.074e+00;7.508e-01;6.467e-02;1.000e+01;8.335e-01;1.097e+00;7.756e-01;8.082e-02
20.084634000;1.074e+00;8.342e-01;7.198e-02;7.769e-01;6.703e-02;1.076e+00;1.074e+00;7.508e-01;6.478e-02;1.000e+01;8.335e-01;1.097e+00;7.756e-01;8.093e-02
20.085634000;1.074e+00;8.342e-01;7.211e-02;7.768e-01;6.715e-02;1.076e+00;1.074e+00;7.508e-01;6.490e-02;1.000e+01;8.335e-01;1.097e+00;7.755e-01;8.104e-02
20.087634000;1.074e+00;8.342e-01;7.236e-02;7.768e-01;6.737e-02;1.076e+00;1.074e+00;7.508e-01;6.512e-02;1.000e+01;8.335e-01;1.097e+00;7.754e-01;8.125e-02
20.088634000;1.074e+00;8.342e-01;7.248e-02;7.767e-01;6.749e-02;1.076e+00;1.074e+00;7.508e-01;6.523e-02;1.000e+01;8.335e-01;1.097e+00;7.754e-01;8.136e-02
20.089634000;1.074e+00;8.342e-01;7.261e-02;7.767e-01;6.760e-02;1.076e+00;1.074e+00;7.508e-01;6.535e-02;1.000e+01;8.335e-01;1.097e+00;7.753e-01;8.147e-02
20.090634000;1.074e+00;8.342e-01;7.273e-02;7.766e-01;6.771e-02;1.076e+00;1.074e+00;7.508e-01;6.546e-02;1.000e+01;8.335e-01;1.097e+00;7.753e-01;8.158e-02
20.091634000;1.074e+00;8.342e-01;7.285e-02;7.766e-01;6.782e-02;1.076e+00;1.074e+00;7.508e-01;6.557e-02;1.000e+01;8.335e-01;1.097e+00;7.753e-01;8.168e-02
20.092634000;1.074e+00;8.342e-01;7.298e-02;7.766e-01;6.793e-02;1.076e+00;1.074e+00;7.508e-01;6.568e-02;1.000e+01;8.335e-01;1.097e+00;7.752e-01;8.179e-02
20.094634000;1.074e+00;8.342e-01;7.322e-02;7.765e-01;6.816e-02;1.076e+00;1.074e+00;7.508e-01;6.590e-02;1.000e+01;8.335e-01;1.097e+00;7.751e-01;8.201e-02
20.095634000;1.074e+00;8.342e-01;7.334e-02;7.764e-01;6.827e-02;1.076e+00;1.074e+00;7.508e-01;6.601e-02;1.000e+01;8.335e-01;1.097e+00;7.751e-01;8.211e-02
20.096634000;1.074e+00;8.342e-01;7.347e-02;7.764e-01;6.838e-02;1.076e+00;1.074e+00;7.508e-01;6.612e-02;1.000e+01;8.335e-01;1.097e+00;7.751e-01;8.222e-02
20.097634000;1.074e+00;8.342e-01;7.359e-02;7.764e-01;6.849e-02;1.077e+00;1.074e+00;7.508e-01;6.623e-02;1.000e+01;8.335e-01;1.097e+00;7.750e-01;8.233e-02
20.098634000;1.075e+00;8.342e-01;7.371e-02;7.763e-01;6.860e-02;1.077e+00;1.075e+00;7.508e-01;6.634e-02;1.000e+01;8.335e-01;1.097e+00;7.750e-01;8.243e-02
20.099634000;1.075e+00;8.342e-01;7.383e-02;7.763e-01;6.871e-02;1.077e+00;1.075e+00;7.508e-01;6.645e-02;1.000e+01;8.335e-01;1.097e+00;7.749e-01;8.254e-02
20.100634000;1.075e+00;8.342e-01;7.395e-02;7.763e-01;6.882e-02;1.077e+00;1.075e+00;7.508e-01;6.656e-02;1.000e+01;8.335e-01;1.097e+00;7.749e-01;8.265e-02
20.101634000;1.075e+00;8.342e-01;7.407e-02;7.762e-01;6.893e-02;1.077e+00;1.075e+00;7.508e-01;6.667e-02;1.000e+01;8.335e-01;1.097e+00;7.749e-01;8.275e-02
20.102634000;1.075e+00;8.342e-01;7.419e-02;7.762e-01;6.903e-02;1.077e+00;1.075e+00;7.508e-01;6.677e-02;1.000e+01;8.335e-01;1.097e+00;7.748e-01;8.286e-02
20.103634000;1.075e+00;8.342e-01;7.431e-02;7.761e-01;6.914e-02;1.077e+00;1.075e+00;7.508e-01;6.688e-02;1.000e+01;8.335e-01;1.097e+00;7.748e-01;8.296e-02
20.104634000;1.075e+00;8.342e-01;7.443e-02;7.761e-01;6.925e-02;1.077e+00;1.075e+00;7.508e-01;6.699e-02;1.000e+01;8.335e-01;1.097e+00;7.748e-01;8.307e-02
20.105634000;1.075e+00;8.342e-01;7.455e-02;7.761e-01;6.936e-02;1.077e+00;1.075e+00;7.508e-01;6.710e-02;1.000e+01;8.335e-01;1.097e+00;7.747e-01;8.317e-02
20.106634000;1.075e+00;8.342e-01;7.467e-02;7.760e-01;6.947e-02;1.077e+00;1.075e+00;7.508e-01;6.720e-02;1.000e+01;8.335e-01;1.097e+00;7.747e-01;8.328e-02
20.107634000;1.075e+00;8.342e-01;7.479e-02;7.760e-01;6.957e-02;1.077e+00;1.075e+00;7.508e-01;6.731e-02;1.000e+01;8.335e-01;1.097e+00;7.746e-01;8.338e-02
20.108634000;1.075e+00;8.342e-01;7.491e-02;7.760e-01;6.968e-02;1.077e+00;1.075e+00;7.508e-01;6.742e-02;1.000e+01;8.335e-01;1.097e+00;7.746e-01;8.349e-02
20.109634000;1.075e+00;8.342e-01;7.503e-02;7.759e-01;6.979e-02;1.077e+00;1.075e+00;7.507e-01;6.753e-02;1.000e+01;8.335e-01;1.097e+00;7.746e-01;8.359e-02
20.111634000;1.075e+00;8.342e-01;7.526e-02;7.759e-01;7.000e-02;1.077e+00;1.075e+00;7.507e-01;6.774e-02;1.000e+01;8.335e-01;1.097e+00;7.745e-01;8.380e-02
20.112634000;1.075e+00;8.342e-01;7.538e-02;7.758e-01;7.011e-02;1.077e+00;1.075e+00;7.507e-01;6.784e-02;1.000e+01;8.335e-01;1.097e+00;7.744e-01;8.391e-02
20.114634000;1.075e+00;8.342e-01;7.562e-02;7.757e-01;7.032e-02;1.077e+00;1.075e+00;7.507e-01;6.806e-02;1.000e+01;8.335e-01;1.097e+00;7.744e-01;8.411e-02
20.115634000;1.075e+00;8.342e-01;7.573e-02;7.757e-01;7.043e-02;1.077e+00;1.075e+00;7.507e-01;6.816e-02;1.000e+01;8.335e-01;1.097e+00;7.743e-01;8.422e-02
20.116634000;1.075e+00;8.341e-01;7.585e-02;7.757e-01;7.053e-02;1.077e+00;1.075e+00;7.507e-01;6.827e-02;1.000e+01;8.335e-01;1.097e+00;7.743e-01;8.432e-02
20.117634000;1.075e+00;8.341e-01;7.597e-02;7.756e-01;7.064e-02;1.078e+00;1.075e+00;7.507e-01;6.837e-02;1.000e+01;8.335e-01;1.097e+00;7.743e-01;8.442e-02
20.118634000;1.075e+00;8.341e-01;7.608e-02;7.756e-01;7.074e-02;1.078e+00;1.075e+00;7.507e-01;6.847e-02;1.000e+01;8.335e-01;1.097e+00;7.742e-01;8.452e-02
20.119634000;1.076e+00;8.341e-01;7.620e-02;7.756e-01;7.085e-02;1.078e+00;1.076e+00;7.507e-01;6.858e-02;1.000e+01;8.335e-01;1.097e+00;7.742e-01;8.463e-02
20.120634000;1.076e+00;8.341e-01;7.632e-02;7.755e-01;7.095e-02;1.078e+00;1.076e+00;7.507e-01;6.868e-02;1.000e+01;8.335e-01;1.097e+00;7.742e-01;8.473e-02
20.122634000;1.076e+00;8.341e-01;7.655e-02;7.755e-01;7.116e-02;1.078e+00;1.076e+00;7.507e-01;6.889e-02;1.000e+01;8.335e-01;1.097e+00;7.741e-01;8.493e-02
20.123634000;1.076e+00;8.341e-01;7.666e-02;7.754e-01;7.127e-02;1.078e+00;1.076e+00;7.507e-01;6.900e-02;1.000e+01;8.335e-01;1.097e+00;7.740e-01;8.503e-02
20.125634000;1.076e+00;8.341e-01;7.689e-02;7.754e-01;7.147e-02;1.078e+00;1.076e+00;7.507e-01;6.920e-02;1.000e+01;8.335e-01;1.097e+00;7.740e-01;8.524e-02
20.126634000;1.076e+00;8.341e-01;7.700e-02;7.753e-01;7.158e-02;1.078e+00;1.076e+00;7.507e-01;6.930e-02;1.000e+01;8.335e-01;1.097e+00;7.739e-01;8.534e-02
20.128634000;1.076e+00;8.341e-01;7.723e-02;7.753e-01;7.178e-02;1.078e+00;1.076e+00;7.507e-01;6.951e-02;1.000e+01;8.335e-01;1.097e+00;7.739e-01;8.554e-02
20.129634000;1.076e+00;8.341e-01;7.734e-02;7.752e-01;7.188e-02;1.078e+00;1.076e+00;7.507e-01;6.961e-02;1.000e+01;8.335e-01;1.097e+00;7.738e-01;8.564e-02
20.131634000;1.076e+00;8.341e-01;7.757e-02;7.752e-01;7.209e-02;1.078e+00;1.076e+00;7.507e-01;6.981e-02;1.000e+01;8.335e-01;1.097e+00;7.738e-01;8.583e-02
20.132634000;1.076e+00;8.341e-01;7.768e-02;7.751e-01;7.219e-02;1.078e+00;1.076e+00;7.507e-01;6.991e-02;1.000e+01;8.335e-01;1.097e+00;7.737e-01;8.593e-02
20.134634000;1.076e+00;8.341e-01;7.791e-02;7.751e-01;7.239e-02;1.078e+00;1.076e+00;7.507e-01;7.011e-02;1.000e+01;8.335e-01;1.097e+00;7.736e-01;8.613e-02
20.135634000;1.076e+00;8.341e-01;7.802e-02;7.750e-01;7.249e-02;1.078e+00;1.076e+00;7.507e-01;7.022e-02;1.000e+01;8.335e-01;1.097e+00;7.736e-01;8.623e-02
20.136634000;1.076e+00;8.341e-01;7.813e-02;7.750e-01;7.259e-02;1.078e+00;1.076e+00;7.507e-01;7.032e-02;1.000e+01;8.335e-01;1.097e+00;7.736e-01;8.633e-02
20.137634000;1.076e+00;8.341e-01;7.824e-02;7.750e-01;7.269e-02;1.078e+00;1.076e+00;7.507e-01;7.042e-02;1.000e+01;8.335e-01;1.097e+00;7.735e-01;8.643e-02
20.138634000;1.076e+00;8.341e-01;7.835e-02;7.749e-01;7.279e-02;1.079e+00;1.076e+00;7.507e-01;7.052e-02;1.000e+01;8.335e-01;1.097e+00;7.735e-01;8.653e-02
20.139634000;1.076e+00;8.341e-01;7.846e-02;7.749e-01;7.289e-02;1.079e+00;1.076e+00;7.507e-01;7.061e-02;1.000e+01;8.335e-01;1.097e+00;7.735e-01;8.662e-02
20.140634000;1.076e+00;8.341e-01;7.857e-02;7.749e-01;7.299e-02;1.079e+00;1.076e+00;7.507e-01;7.071e-02;1.000e+01;8.335e-01;1.097e+00;7.734e-01;8.672e-02
20.141634000;1.077e+00;8.341e-01;7.868e-02;7.748e-01;7.309e-02;1.079e+00;1.077e+00;7.507e-01;7.081e-02;1.000e+01;8.335e-01;1.097e+00;7.734e-01;8.682e-02
20.142634000;1.077e+00;8.341e-01;7.879e-02;7.748e-01;7.319e-02;1.079e+00;1.077e+00;7.507e-01;7.091e-02;1.000e+01;8.335e-01;1.097e+00;7.734e-01;8.691e-02
20.143634000;1.077e+00;8.341e-01;7.890e-02;7.748e-01;7.329e-02;1.079e+00;1.077e+00;7.507e-01;7.101e-02;1.000e+01;8.335e-01;1.097e+00;7.733e-01;8.701e-02
20.144634000;1.077e+00;8.341e-01;7.901e-02;7.747e-01;7.339e-02;1.079e+00;1.077e+00;7.507e-01;7.111e-02;1.000e+01;8.335e-01;1.097e+00;7.733e-01;8.711e-02
20.145634000;1.077e+00;8.341e-01;7.912e-02;7.747e-01;7.348e-02;1.079e+00;1.077e+00;7.507e-01;7.121e-02;1.000e+01;8.335e-01;1.097e+00;7.733e-01;8.720e-02
20.146634000;1.077e+00;8.341e-01;7.923e-02;7.747e-01;7.358e-02;1.079e+00;1.077e+00;7.507e-01;7.130e-02;1.000e+01;8.335e-01;1.097e+00;7.732e-01;8.730e-02
20.147634000;1.077e+00;8.341e-01;7.934e-02;7.746e-01;7.368e-02;1.079e+00;1.077e+00;7.507e-01;7.140e-02;1.000e+01;8.335e-01;1.097e+00;7.732e-01;8.739e-02
20.148634000;1.077e+00;8.341e-01;7.944e-02;7.746e-01;7.378e-02;1.079e+00;1.077e+00;7.507e-01;7.150e-02;1.000e+01;8.335e-01;1.097e+00;7.732e-01;8.749e-02
20.149634000;1.077e+00;8.341e-01;7.955e-02;7.746e-01;7.387e-02;1.079e+00;1.077e+00;7.507e-01;7.160e-02;1.000e+01;8.335e-01;1.097e+00;7.731e-01;8.758e-02
20.150634000;1.077e+00;8.341e-01;7.966e-02;7.745e-01;7.397e-02;1.079e+00;1.077e+00;7.507e-01;7.169e-02;1.000e+01;8.335e-01;1.097e+00;7.731e-01;8.768e-02
20.151446000;1.077e+00;8.341e-01;7.975e-02;7.745e-01;7.405e-02;1.079e+00;1.077e+00;7.507e-01;7.177e-02;1.000e+01;8.335e-01;1.097e+00;7.731e-01;8.776e-02
20.151958000;1.077e+00;8.341e-01;7.980e-02;7.745e-01;7.410e-02;1.079e+00;1.077e+00;7.507e-01;7.182e-02;1.000e+01;8.335e-01;1.097e+00;7.730e-01;8.780e-02
20.152958000;1.077e+00;8.341e-01;7.991e-02;7.744e-01;7.420e-02;1.079e+00;1.077e+00;7.507e-01;7.192e-02;1.000e+01;8.335e-01;1.097e+00;7.730e-01;8.790e-02
20.153958000;1.077e+00;8.341e-01;8.002e-02;7.744e-01;7.429e-02;1.079e+00;1.077e+00;7.507e-01;7.201e-02;1.000e+01;8.335e-01;1.097e+00;7.730e-01;8.799e-02
20.154958000;1.077e+00;8.341e-01;8.012e-02;7.744e-01;7.439e-02;1.079e+00;1.077e+00;7.507e-01;7.211e-02;1.000e+01;8.335e-01;1.097e+00;7.729e-01;8.809e-02
20.155958000;1.077e+00;8.341e-01;8.023e-02;7.744e-01;7.448e-02;1.079e+00;1.077e+00;7.507e-01;7.221e-02;1.000e+01;8.335e-01;1.097e+00;7.729e-01;8.818e-02
20.156958000;1.077e+00;8.341e-01;8.033e-02;7.743e-01;7.458e-02;1.079e+00;1.077e+00;7.507e-01;7.230e-02;1.000e+01;8.335e-01;1.097e+00;7.729e-01;8.827e-02
20.157958000;1.077e+00;8.341e-01;8.044e-02;7.743e-01;7.467e-02;1.079e+00;1.077e+00;7.507e-01;7.240e-02;1.000e+01;8.335e-01;1.097e+00;7.728e-01;8.837e-02
20.158958000;1.077e+00;8.341e-01;8.055e-02;7.743e-01;7.477e-02;1.079e+00;1.077e+00;7.507e-01;7.249e-02;1.000e+01;8.335e-01;1.097e+00;7.728e-01;8.846e-02
20.159958000;1.077e+00;8.341e-01;8.065e-02;7.742e-01;7.486e-02;1.079e+00;1.077e+00;7.507e-01;7.258e-02;1.000e+01;8.335e-01;1.097e+00;7.728e-01;8.855e-02
20.160958000;1.077e+00;8.341e-01;8.076e-02;7.742e-01;7.496e-02;1.080e+00;1.077e+00;7.507e-01;7.268e-02;1.000e+01;8.335e-01;1.097e+00;7.727e-01;8.865e-02
20.161958000;1.077e+00;8.341e-01;8.086e-02;7.742e-01;7.505e-02;1.080e+00;1.077e+00;7.507e-01;7.277e-02;1.000e+01;8.335e-01;1.097e+00;7.727e-01;8.874e-02
20.162958000;1.077e+00;8.341e-01;8.096e-02;7.741e-01;7.515e-02;1.080e+00;1.077e+00;7.507e-01;7.287e-02;1.000e+01;8.335e-01;1.097e+00;7.727e-01;8.883e-02
20.163958000;1.077e+00;8.341e-01;8.107e-02;7.741e-01;7.524e-02;1.080e+00;1.077e+00;7.507e-01;7.296e-02;1.000e+01;8.335e-01;1.097e+00;7.726e-01;8.892e-02
20.164958000;1.077e+00;8.341e-01;8.117e-02;7.741e-01;7.533e-02;1.080e+00;1.077e+00;7.506e-01;7.305e-02;1.000e+01;8.335e-01;1.097e+00;7.726e-01;8.901e-02
20.165958000;1.078e+00;8.341e-01;8.128e-02;7.740e-01;7.543e-02;1.080e+00;1.078e+00;7.506e-01;7.315e-02;1.000e+01;8.335e-01;1.097e+00;7.726e-01;8.910e-02
20.166958000;1.078e+00;8.341e-01;8.138e-02;7.740e-01;7.552e-02;1.080e+00;1.078e+00;7.506e-01;7.324e-02;1.000e+01;8.335e-01;1.097e+00;7.726e-01;8.919e-02
20.167958000;1.078e+00;8.340e-01;8.148e-02;7.740e-01;7.561e-02;1.080e+00;1.078e+00;7.506e-01;7.333e-02;1.000e+01;8.335e-01;1.097e+00;7.725e-01;8.929e-02
20.168958000;1.078e+00;8.340e-01;8.159e-02;7.739e-01;7.571e-02;1.080e+00;1.078e+00;7.506e-01;7.343e-02;1.000e+01;8.335e-01;1.097e+00;7.725e-01;8.938e-02
20.169958000;1.078e+00;8.340e-01;8.169e-02;7.739e-01;7.580e-02;1.080e+00;1.078e+00;7.506e-01;7.352e-02;1.000e+01;8.335e-01;1.097e+00;7.725e-01;8.947e-02
20.170958000;1.078e+00;8.340e-01;8.179e-02;7.739e-01;7.589e-02;1.080e+00;1.078e+00;7.506e-01;7.361e-02;1.000e+01;8.335e-01;1.097e+00;7.724e-01;8.956e-02
20.171958000;1.078e+00;8.340e-01;8.189e-02;7.739e-01;7.598e-02;1.080e+00;1.078e+00;7.506e-01;7.370e-02;1.000e+01;8.335e-01;1.097e+00;7.724e-01;8.965e-02
20.172958000;1.078e+00;8.340e-01;8.200e-02;7.738e-01;7.608e-02;1.080e+00;1.078e+00;7.506e-01;7.380e-02;1.000e+01;8.335e-01;1.097e+00;7.724e-01;8.974e-02
20.173958000;1.078e+00;8.340e-01;8.210e-02;7.738e-01;7.617e-02;1.080e+00;1.078e+00;7.506e-01;7.389e-02;1.000e+01;8.335e-01;1.097e+00;7.723e-01;8.983e-02
20.174958000;1.078e+00;8.340e-01;8.220e-02;7.738e-01;7.626e-02;1.080e+00;1.078e+00;7.506e-01;7.398e-02;1.000e+01;8.335e-01;1.097e+00;7.723e-01;8.992e-02
20.175958000;1.078e+00;8.340e-01;8.230e-02;7.737e-01;7.635e-02;1.080e+00;1.078e+00;7.506e-01;7.407e-02;1.000e+01;8.335e-01;1.097e+00;7.723e-01;9.001e-02
20.176958000;1.078e+00;8.340e-01;8.240e-02;7.737e-01;7.644e-02;1.080e+00;1.078e+00;7.506e-01;7.416e-02;1.000e+01;8.335e-01;1.097e+00;7.722e-01;9.009e-02
20.177958000;1.078e+00;8.340e-01;8.250e-02;7.737e-01;7.653e-02;1.080e+00;1.078e+00;7.506e-01;7.425e-02;1.000e+01;8.335e-01;1.097e+00;7.722e-01;9.018e-02
20.178958000;1.078e+00;8.340e-01;8.260e-02;7.736e-01;7.662e-02;1.080e+00;1.078e+00;7.506e-01;7.434e-02;1.000e+01;8.335e-01;1.097e+00;7.722e-01;9.027e-02
20.179958000;1.078e+00;8.340e-01;8.270e-02;7.736e-01;7.671e-02;1.080e+00;1.078e+00;7.506e-01;7.443e-02;1.000e+01;8.335e-01;1.097e+00;7.721e-01;9.036e-02
20.181958000;1.078e+00;8.340e-01;8.290e-02;7.736e-01;7.689e-02;1.080e+00;1.078e+00;7.506e-01;7.461e-02;1.000e+01;8.335e-01;1.097e+00;7.721e-01;9.054e-02
20.182958000;1.078e+00;8.340e-01;8.300e-02;7.735e-01;7.698e-02;1.080e+00;1.078e+00;7.506e-01;7.470e-02;1.000e+01;8.335e-01;1.097e+00;7.720e-01;9.062e-02
20.183958000;1.078e+00;8.340e-01;8.310e-02;7.735e-01;7.707e-02;1.081e+00;1.078e+00;7.506e-01;7.479e-02;1.000e+01;8.335e-01;1.097e+00;7.720e-01;9.071e-02
20.184958000;1.078e+00;8.340e-01;8.320e-02;7.735e-01;7.716e-02;1.081e+00;1.078e+00;7.506e-01;7.488e-02;1.000e+01;8.335e-01;1.097e+00;7.720e-01;9.080e-02
20.185958000;1.078e+00;8.340e-01;8.330e-02;7.734e-01;7.725e-02;1.081e+00;1.078e+00;7.506e-01;7.497e-02;1.000e+01;8.335e-01;1.097e+00;7.720e-01;9.088e-02
20.186958000;1.078e+00;8.340e-01;8.340e-02;7.734e-01;7.734e-02;1.081e+00;1.078e+00;7.506e-01;7.506e-02;1.000e+01;8.335e-01;1.097e+00;7.719e-01;9.097e-02
20.187958000;1.078e+00;8.340e-01;8.350e-02;7.734e-01;7.742e-02;1.081e+00;1.078e+00;7.506e-01;7.515e-02;1.000e+01;8.335e-01;1.097e+00;7.719e-01;9.106e-02
20.188958000;1.078e+00;8.340e-01;8.359e-02;7.733e-01;7.751e-02;1.081e+00;1.078e+00;7.506e-01;7.523e-02;1.000e+01;8.335e-01;1.097e+00;7.719e-01;9.114e-02
20.189958000;1.078e+00;8.340e-01;8.369e-02;7.733e-01;7.760e-02;1.081e+00;1.078e+00;7.506e-01;7.532e-02;1.000e+01;8.335e-01;1.097e+00;7.718e-01;9.123e-02
20.190958000;1.079e+00;8.340e-01;8.379e-02;7.733e-01;7.769e-02;1.081e+00;1.079e+00;7.506e-01;7.541e-02;1.000e+01;8.335e-01;1.097e+00;7.718e-01;9.131e-02
20.191958000;1.079e+00;8.340e-01;8.389e-02;7.733e-01;7.778e-02;1.081e+00;1.079e+00;7.506e-01;7.550e-02;1.000e+01;8.335e-01;1.097e+00;7.718e-01;9.140e-02
20.192958000;1.079e+00;8.340e-01;8.398e-02;7.732e-01;7.786e-02;1.081e+00;1.079e+00;7.506e-01;7.558e-02;1.000e+01;8.335e-01;1.097e+00;7.717e-01;9.149e-02
20.194958000;1.079e+00;8.340e-01;8.418e-02;7.732e-01;7.804e-02;1.081e+00;1.079e+00;7.506e-01;7.576e-02;1.000e+01;8.335e-01;1.097e+00;7.717e-01;9.166e-02
20.195958000;1.079e+00;8.340e-01;8.427e-02;7.731e-01;7.812e-02;1.081e+00;1.079e+00;7.506e-01;7.585e-02;1.000e+01;8.335e-01;1.097e+00;7.716e-01;9.174e-02
20.198958000;1.079e+00;8.340e-01;8.456e-02;7.731e-01;7.838e-02;1.081e+00;1.079e+00;7.506e-01;7.611e-02;1.000e+01;8.335e-01;1.097e+00;7.716e-01;9.199e-02
20.199958000;1.079e+00;8.340e-01;8.466e-02;7.730e-01;7.847e-02;1.081e+00;1.079e+00;7.506e-01;7.619e-02;1.000e+01;8.335e-01;1.097e+00;7.715e-01;9.208e-02
20.201958000;1.079e+00;8.340e-01;8.485e-02;7.730e-01;7.864e-02;1.081e+00;1.079e+00;7.506e-01;7.636e-02;1.000e+01;8.335e-01;1.097e+00;7.715e-01;9.225e-02
20.202958000;1.079e+00;8.340e-01;8.494e-02;7.729e-01;7.872e-02;1.081e+00;1.079e+00;7.506e-01;7.645e-02;1.000e+01;8.335e-01;1.097e+00;7.714e-01;9.233e-02
20.204958000;1.079e+00;8.340e-01;8.513e-02;7.729e-01;7.889e-02;1.081e+00;1.079e+00;7.506e-01;7.662e-02;1.000e+01;8.335e-01;1.097e+00;7.714e-01;9.249e-02
20.205958000;1.079e+00;8.340e-01;8.523e-02;7.729e-01;7.898e-02;1.081e+00;1.079e+00;7.506e-01;7.670e-02;1.000e+01;8.335e-01;1.097e+00;7.713e-01;9.258e-02
20.206958000;1.079e+00;8.340e-01;8.532e-02;7.728e-01;7.906e-02;1.081e+00;1.079e+00;7.506e-01;7.679e-02;1.000e+01;8.335e-01;1.097e+00;7.713e-01;9.266e-02
20.207958000;1.079e+00;8.340e-01;8.541e-02;7.728e-01;7.915e-02;1.081e+00;1.079e+00;7.506e-01;7.687e-02;1.000e+01;8.335e-01;1.097e+00;7.713e-01;9.274e-02
20.208958000;1.079e+00;8.340e-01;8.551e-02;7.728e-01;7.923e-02;1.082e+00;1.079e+00;7.506e-01;7.696e-02;1.000e+01;8.335e-01;1.097e+00;7.713e-01;9.283e-02
20.209958000;1.079e+00;8.340e-01;8.560e-02;7.727e-01;7.932e-02;1.082e+00;1.079e+00;7.506e-01;7.704e-02;1.000e+01;8.335e-01;1.097e+00;7.712e-01;9.291e-02
20.211958000;1.079e+00;8.340e-01;8.579e-02;7.727e-01;7.948e-02;1.082e+00;1.079e+00;7.506e-01;7.721e-02;1.000e+01;8.335e-01;1.097e+00;7.712e-01;9.307e-02
20.212958000;1.079e+00;8.340e-01;8.588e-02;7.727e-01;7.956e-02;1.082e+00;1.079e+00;7.506e-01;7.729e-02;1.000e+01;8.335e-01;1.097e+00;7.711e-01;9.315e-02
20.213958000;1.079e+00;8.340e-01;8.597e-02;7.726e-01;7.965e-02;1.082e+00;1.079e+00;7.506e-01;7.737e-02;1.000e+01;8.335e-01;1.097e+00;7.711e-01;9.323e-02
20.215958000;1.079e+00;8.340e-01;8.615e-02;7.726e-01;7.981e-02;1.082e+00;1.079e+00;7.506e-01;7.754e-02;1.000e+01;8.335e-01;1.097e+00;7.711e-01;9.339e-02
20.216958000;1.079e+00;8.340e-01;8.625e-02;7.726e-01;7.989e-02;1.082e+00;1.079e+00;7.506e-01;7.762e-02;1.000e+01;8.335e-01;1.097e+00;7.710e-01;9.347e-02
20.217958000;1.080e+00;8.340e-01;8.634e-02;7.725e-01;7.998e-02;1.082e+00;1.080e+00;7.506e-01;7.770e-02;1.000e+01;8.335e-01;1.097e+00;7.710e-01;9.355e-02
20.218958000;1.080e+00;8.340e-01;8.643e-02;7.725e-01;8.006e-02;1.082e+00;1.080e+00;7.506e-01;7.779e-02;1.000e+01;8.335e-01;1.097e+00;7.710e-01;9.363e-02
20.219958000;1.080e+00;8.340e-01;8.652e-02;7.725e-01;8.014e-02;1.082e+00;1.080e+00;7.506e-01;7.787e-02;1.000e+01;8.335e-01;1.097e+00;7.709e-01;9.371e-02
20.220958000;1.080e+00;8.340e-01;8.661e-02;7.724e-01;8.022e-02;1.082e+00;1.080e+00;7.506e-01;7.795e-02;1.000e+01;8.335e-01;1.097e+00;7.709e-01;9.379e-02
20.222958000;1.080e+00;8.340e-01;8.679e-02;7.724e-01;8.038e-02;1.082e+00;1.080e+00;7.506e-01;7.811e-02;1.000e+01;8.335e-01;1.097e+00;7.709e-01;9.395e-02
20.223958000;1.080e+00;8.340e-01;8.688e-02;7.724e-01;8.046e-02;1.082e+00;1.080e+00;7.506e-01;7.819e-02;1.000e+01;8.335e-01;1.097e+00;7.708e-01;9.403e-02
20.224958000;1.080e+00;8.340e-01;8.697e-02;7.723e-01;8.055e-02;1.082e+00;1.080e+00;7.506e-01;7.827e-02;1.000e+01;8.335e-01;1.097e+00;7.708e-01;9.411e-02
20.225958000;1.080e+00;8.340e-01;8.706e-02;7.723e-01;8.063e-02;1.082e+00;1.080e+00;7.506e-01;7.835e-02;1.000e+01;8.335e-01;1.097e+00;7.708e-01;9.419e-02
20.226958000;1.080e+00;8.340e-01;8.715e-02;7.723e-01;8.071e-02;1.082e+00;1.080e+00;7.506e-01;7.844e-02;1.000e+01;8.335e-01;1.097e+00;7.707e-01;9.427e-02
20.227958000;1.080e+00;8.339e-01;8.724e-02;7.723e-01;8.079e-02;1.082e+00;1.080e+00;7.506e-01;7.852e-02;1.000e+01;8.335e-01;1.097e+00;7.707e-01;9.435e-02
20.228958000;1.080e+00;8.339e-01;8.733e-02;7.722e-01;8.087e-02;1.082e+00;1.080e+00;7.506e-01;7.860e-02;1.000e+01;8.335e-01;1.097e+00;7.707e-01;9.442e-02
20.229958000;1.080e+00;8.339e-01;8.742e-02;7.722e-01;8.095e-02;1.082e+00;1.080e+00;7.506e-01;7.868e-02;1.000e+01;8.335e-01;1.097e+00;7.707e-01;9.450e-02
20.230958000;1.080e+00;8.339e-01;8.751e-02;7.722e-01;8.102e-02;1.082e+00;1.080e+00;7.506e-01;7.876e-02;1.000e+01;8.335e-01;1.097e+00;7.706e-01;9.458e-02
20.231958000;1.080e+00;8.339e-01;8.759e-02;7.722e-01;8.110e-02;1.082e+00;1.080e+00;7.506e-01;7.884e-02;1.000e+01;8.335e-01;1.097e+00;7.706e-01;9.466e-02
20.232958000;1.080e+00;8.339e-01;8.768e-02;7.721e-01;8.118e-02;1.082e+00;1.080e+00;7.505e-01;7.891e-02;1.000e+01;8.335e-01;1.097e+00;7.706e-01;9.473e-02
20.233958000;1.080e+00;8.339e-01;8.777e-02;7.721e-01;8.126e-02;1.082e+00;1.080e+00;7.505e-01;7.899e-02;1.000e+01;8.335e-01;1.097e+00;7.706e-01;9.481e-02
20.234958000;1.080e+00;8.339e-01;8.786e-02;7.721e-01;8.134e-02;1.082e+00;1.080e+00;7.505e-01;7.907e-02;1.000e+01;8.335e-01;1.097e+00;7.705e-01;9.489e-02
20.235958000;1.080e+00;8.339e-01;8.795e-02;7.720e-01;8.142e-02;1.083e+00;1.080e+00;7.505e-01;7.915e-02;1.000e+01;8.335e-01;1.097e+00;7.705e-01;9.497e-02
20.236958000;1.080e+00;8.339e-01;8.803e-02;7.720e-01;8.150e-02;1.083e+00;1.080e+00;7.505e-01;7.923e-02;1.000e+01;8.335e-01;1.097e+00;7.705e-01;9.504e-02
20.237958000;1.080e+00;8.339e-01;8.812e-02;7.720e-01;8.158e-02;1.083e+00;1.080e+00;7.505e-01;7.931e-02;1.000e+01;8.335e-01;1.097e+00;7.704e-01;9.512e-02
20.238958000;1.080e+00;8.339e-01;8.821e-02;7.720e-01;8.165e-02;1.083e+00;1.080e+00;7.505e-01;7.939e-02;1.000e+01;8.335e-01;1.097e+00;7.704e-01;9.520e-02
20.239958000;1.080e+00;8.339e-01;8.829e-02;7.719e-01;8.173e-02;1.083e+00;1.080e+00;7.505e-01;7.946e-02;1.000e+01;8.335e-01;1.097e+00;7.704e-01;9.527e-02
20.240958000;1.080e+00;8.339e-01;8.838e-02;7.719e-01;8.181e-02;1.083e+00;1.080e+00;7.505e-01;7.954e-02;1.000e+01;8.335e-01;1.097e+00;7.704e-01;9.535e-02
20.241958000;1.080e+00;8.339e-01;8.847e-02;7.719e-01;8.189e-02;1.083e+00;1.080e+00;7.505e-01;7.962e-02;1.000e+01;8.335e-01;1.097e+00;7.703e-01;9.542e-02
20.242958000;1.080e+00;8.339e-01;8.855e-02;7.719e-01;8.196e-02;1.083e+00;1.080e+00;7.505e-01;7.970e-02;1.000e+01;8.335e-01;1.097e+00;7.703e-01;9.550e-02
20.243958000;1.080e+00;8.339e-01;8.864e-02;7.718e-01;8.204e-02;1.083e+00;1.080e+00;7.505e-01;7.977e-02;1.000e+01;8.335e-01;1.097e+00;7.703e-01;9.557e-02
20.244958000;1.080e+00;8.339e-01;8.872e-02;7.718e-01;8.212e-02;1.083e+00;1.080e+00;7.505e-01;7.985e-02;1.000e+01;8.335e-01;1.097e+00;7.703e-01;9.565e-02
20.245958000;1.081e+00;8.339e-01;8.881e-02;7.718e-01;8.219e-02;1.083e+00;1.081e+00;7.505e-01;7.993e-02;1.000e+01;8.335e-01;1.097e+00;7.702e-01;9.572e-02
20.246958000;1.081e+00;8.339e-01;8.889e-02;7.718e-01;8.227e-02;1.083e+00;1.081e+00;7.505e-01;8.001e-02;1.000e+01;8.335e-01;1.097e+00;7.702e-01;9.580e-02
20.247958000;1.081e+00;8.339e-01;8.898e-02;7.717e-01;8.235e-02;1.083e+00;1.081e+00;7.505e-01;8.008e-02;1.000e+01;8.335e-01;1.097e+00;7.702e-01;9.587e-02
20.248958000;1.081e+00;8.339e-01;8.906e-02;7.717e-01;8.242e-02;1.083e+00;1.081e+00;7.505e-01;8.016e-02;1.000e+01;8.335e-01;1.097e+00;7.702e-01;9.595e-02
20.249958000;1.081e+00;8.339e-01;8.915e-02;7.717e-01;8.250e-02;1.083e+00;1.081e+00;7.505e-01;8.023e-02;1.000e+01;8.335e-01;1.097e+00;7.701e-01;9.602e-02
20.250958000;1.081e+00;8.339e-01;8.923e-02;7.717e-01;8.257e-02;1.083e+00;1.081e+00;7.505e-01;8.031e-02;1.000e+01;8.335e-01;1.097e+00;7.701e-01;9.609e-02
20.251958000;1.081e+00;8.339e-01;8.932e-02;7.716e-01;8.265e-02;1.083e+00;1.081e+00;7.505e-01;8.039e-02;1.000e+01;8.335e-01;1.097e+00;7.701e-01;9.617e-02
20.252958000;1.081e+00;8.339e-01;8.940e-02;7.716e-01;8.272e-02;1.083e+00;1.081e+00;7.505e-01;8.046e-02;1.000e+01;8.335e-01;1.097e+00;7.700e-01;9.624e-02
20.254958000;1.081e+00;8.339e-01;8.957e-02;7.716e-01;8.287e-02;1.083e+00;1.081e+00;7.505e-01;8.061e-02;1.000e+01;8.335e-01;1.097e+00;7.700e-01;9.639e-02
20.255958000;1.081e+00;8.339e-01;8.965e-02;7.715e-01;8.295e-02;1.083e+00;1.081e+00;7.505e-01;8.069e-02;1.000e+01;8.335e-01;1.097e+00;7.700e-01;9.646e-02
20.256958000;1.081e+00;8.339e-01;8.974e-02;7.715e-01;8.302e-02;1.083e+00;1.081e+00;7.505e-01;8.076e-02;1.000e+01;8.335e-01;1.097e+00;7.699e-01;9.653e-02
20.258958000;1.081e+00;8.339e-01;8.990e-02;7.715e-01;8.317e-02;1.083e+00;1.081e+00;7.505e-01;8.091e-02;1.000e+01;8.335e-01;1.097e+00;7.699e-01;9.668e-02
20.259958000;1.081e+00;8.339e-01;8.998e-02;7.714e-01;8.324e-02;1.083e+00;1.081e+00;7.505e-01;8.099e-02;1.000e+01;8.335e-01;1.097e+00;7.699e-01;9.675e-02
20.260958000;1.081e+00;8.339e-01;9.007e-02;7.714e-01;8.332e-02;1.083e+00;1.081e+00;7.505e-01;8.106e-02;1.000e+01;8.335e-01;1.097e+00;7.698e-01;9.682e-02
20.262958000;1.081e+00;8.339e-01;9.023e-02;7.714e-01;8.346e-02;1.083e+00;1.081e+00;7.505e-01;8.121e-02;1.000e+01;8.335e-01;1.097e+00;7.698e-01;9.697e-02
20.263958000;1.081e+00;8.339e-01;9.031e-02;7.713e-01;8.354e-02;1.084e+00;1.081e+00;7.505e-01;8.128e-02;1.000e+01;8.335e-01;1.097e+00;7.698e-01;9.704e-02
20.264958000;1.081e+00;8.339e-01;9.039e-02;7.713e-01;8.361e-02;1.084e+00;1.081e+00;7.505e-01;8.135e-02;1.000e+01;8.335e-01;1.097e+00;7.697e-01;9.711e-02
20.267958000;1.081e+00;8.339e-01;9.064e-02;7.713e-01;8.383e-02;1.084e+00;1.081e+00;7.505e-01;8.157e-02;1.000e+01;8.335e-01;1.097e+00;7.697e-01;9.732e-02
20.268958000;1.081e+00;8.339e-01;9.072e-02;7.712e-01;8.390e-02;1.084e+00;1.081e+00;7.505e-01;8.165e-02;1.000e+01;8.335e-01;1.097e+00;7.696e-01;9.739e-02
20.271958000;1.081e+00;8.339e-01;9.096e-02;7.712e-01;8.412e-02;1.084e+00;1.081e+00;7.505e-01;8.186e-02;1.000e+01;8.335e-01;1.097e+00;7.696e-01;9.761e-02
20.272958000;1.081e+00;8.339e-01;9.104e-02;7.711e-01;8.419e-02;1.084e+00;1.081e+00;7.505e-01;8.193e-02;1.000e+01;8.335e-01;1.097e+00;7.695e-01;9.768e-02
20.273958000;1.081e+00;8.339e-01;9.112e-02;7.711e-01;8.426e-02;1.084e+00;1.081e+00;7.505e-01;8.201e-02;1.000e+01;8.335e-01;1.097e+00;7.695e-01;9.774e-02
20.275958000;1.081e+00;8.339e-01;9.128e-02;7.711e-01;8.440e-02;1.084e+00;1.081e+00;7.505e-01;8.215e-02;1.000e+01;8.335e-01;1.097e+00;7.695e-01;9.788e-02
20.276958000;1.082e+00;8.339e-01;9.136e-02;7.710e-01;8.447e-02;1.084e+00;1.082e+00;7.505e-01;8.222e-02;1.000e+01;8.335e-01;1.097e+00;7.694e-01;9.795e-02
20.279958000;1.082e+00;8.339e-01;9.159e-02;7.710e-01;8.468e-02;1.084e+00;1.082e+00;7.505e-01;8.243e-02;1.000e+01;8.335e-01;1.097e+00;7.694e-01;9.816e-02
20.280958000;1.082e+00;8.339e-01;9.167e-02;7.709e-01;8.475e-02;1.084e+00;1.082e+00;7.505e-01;8.250e-02;1.000e+01;8.335e-01;1.097e+00;7.693e-01;9.823e-02
20.283958000;1.082e+00;8.339e-01;9.191e-02;7.709e-01;8.496e-02;1.084e+00;1.082e+00;7.505e-01;8.271e-02;1.000e+01;8.335e-01;1.097e+00;7.693e-01;9.843e-02
20.284958000;1.082e+00;8.339e-01;9.198e-02;7.709e-01;8.503e-02;1.084e+00;1.082e+00;7.505e-01;8.278e-02;1.000e+01;8.335e-01;1.097e+00;7.692e-01;9.850e-02
20.285958000;1.082e+00;8.339e-01;9.206e-02;7.708e-01;8.510e-02;1.084e+00;1.082e+00;7.505e-01;8.285e-02;1.000e+01;8.335e-01;1.097e+00;7.692e-01;9.857e-02
20.287958000;1.082e+00;8.339e-01;9.222e-02;7.708e-01;8.524e-02;1.084e+00;1.082e+00;7.505e-01;8.299e-02;1.000e+01;8.335e-01;1.097e+00;7.692e-01;9.871e-02
20.288958000;1.082e+00;8.339e-01;9.229e-02;7.708e-01;8.531e-02;1.084e+00;1.082e+00;7.505e-01;8.306e-02;1.000e+01;8.335e-01;1.097e+00;7.692e-01;9.877e-02
20.289958000;1.082e+00;8.339e-01;9.237e-02;7.707e-01;8.538e-02;1.084e+00;1.082e+00;7.505e-01;8.313e-02;1.000e+01;8.335e-01;1.097e+00;7.691e-01;9.884e-02
20.290958000;1.082e+00;8.339e-01;9.245e-02;7.707e-01;8.545e-02;1.084e+00;1.082e+00;7.505e-01;8.320e-02;1.000e+01;8.335e-01;1.097e+00;7.691e-01;9.891e-02
20.292958000;1.082e+00;8.339e-01;9.260e-02;7.707e-01;8.558e-02;1.084e+00;1.082e+00;7.505e-01;8.334e-02;1.000e+01;8.335e-01;1.097e+00;7.691e-01;9.904e-02
20.293958000;1.082e+00;8.339e-01;9.267e-02;7.707e-01;8.565e-02;1.084e+00;1.082e+00;7.505e-01;8.341e-02;1.000e+01;8.335e-01;1.097e+00;7.690e-01;9.911e-02
20.294958000;1.082e+00;8.339e-01;9.275e-02;7.706e-01;8.572e-02;1.085e+00;1.082e+00;7.505e-01;8.347e-02;1.000e+01;8.335e-01;1.097e+00;7.690e-01;9.917e-02
20.296958000;1.082e+00;8.339e-01;9.290e-02;7.706e-01;8.585e-02;1.085e+00;1.082e+00;7.505e-01;8.361e-02;1.000e+01;8.335e-01;1.097e+00;7.690e-01;9.931e-02
20.297958000;1.082e+00;8.339e-01;9.298e-02;7.706e-01;8.592e-02;1.085e+00;1.082e+00;7.505e-01;8.368e-02;1.000e+01;8.335e-01;1.097e+00;7.689e-01;9.937e-02
20.298958000;1.082e+00;8.339e-01;9.305e-02;7.705e-01;8.599e-02;1.085e+00;1.082e+00;7.505e-01;8.375e-02;1.000e+01;8.335e-01;1.097e+00;7.689e-01;9.944e-02
20.299958000;1.082e+00;8.339e-01;9.313e-02;7.705e-01;8.605e-02;1.085e+00;1.082e+00;7.505e-01;8.381e-02;1.000e+01;8.335e-01;1.097e+00;7.689e-01;9.950e-02
20.300958000;1.082e+00;8.338e-01;9.320e-02;7.705e-01;8.612e-02;1.085e+00;1.082e+00;7.505e-01;8.388e-02;1.000e+01;8.335e-01;1.097e+00;7.689e-01;9.957e-02
20.301958000;1.082e+00;8.338e-01;9.328e-02;7.705e-01;8.619e-02;1.085e+00;1.082e+00;7.505e-01;8.395e-02;1.000e+01;8.335e-01;1.097e+00;7.689e-01;9.963e-02
20.302958000;1.082e+00;8.338e-01;9.335e-02;7.705e-01;8.625e-02;1.085e+00;1.082e+00;7.505e-01;8.402e-02;1.000e+01;8.335e-01;1.097e+00;7.688e-01;9.970e-02
20.303958000;1.082e+00;8.338e-01;9.342e-02;7.704e-01;8.632e-02;1.085e+00;1.082e+00;7.505e-01;8.408e-02;1.000e+01;8.335e-01;1.097e+00;7.688e-01;9.976e-02
20.305958000;1.082e+00;8.338e-01;9.357e-02;7.704e-01;8.645e-02;1.085e+00;1.082e+00;7.505e-01;8.421e-02;1.000e+01;8.335e-01;1.097e+00;7.688e-01;9.989e-02
20.306958000;1.082e+00;8.338e-01;9.365e-02;7.704e-01;8.652e-02;1.085e+00;1.082e+00;7.505e-01;8.428e-02;1.000e+01;8.335e-01;1.097e+00;7.687e-01;9.996e-02
20.307958000;1.082e+00;8.338e-01;9.372e-02;7.703e-01;8.658e-02;1.085e+00;1.082e+00;7.505e-01;8.435e-02;1.000e+01;8.335e-01;1.097e+00;7.687e-01;1.000e-01
20.309958000;1.082e+00;8.338e-01;9.387e-02;7.703e-01;8.671e-02;1.085e+00;1.082e+00;7.505e-01;8.448e-02;1.000e+01;8.335e-01;1.097e+00;7.687e-01;1.001e-01
20.310958000;1.083e+00;8.338e-01;9.394e-02;7.703e-01;8.678e-02;1.085e+00;1.083e+00;7.505e-01;8.454e-02;1.000e+01;8.335e-01;1.097e+00;7.686e-01;1.002e-01
20.311958000;1.083e+00;8.338e-01;9.401e-02;7.703e-01;8.684e-02;1.085e+00;1.083e+00;7.505e-01;8.461e-02;1.000e+01;8.335e-01;1.097e+00;7.686e-01;1.003e-01
20.312958000;1.083e+00;8.338e-01;9.408e-02;7.702e-01;8.691e-02;1.085e+00;1.083e+00;7.505e-01;8.468e-02;1.000e+01;8.335e-01;1.097e+00;7.686e-01;1.003e-01
20.313958000;1.083e+00;8.338e-01;9.416e-02;7.702e-01;8.697e-02;1.085e+00;1.083e+00;7.504e-01;8.474e-02;1.000e+01;8.335e-01;1.097e+00;7.686e-01;1.004e-01
20.314958000;1.083e+00;8.338e-01;9.423e-02;7.702e-01;8.704e-02;1.085e+00;1.083e+00;7.504e-01;8.481e-02;1.000e+01;8.335e-01;1.097e+00;7.686e-01;1.005e-01
20.315958000;1.083e+00;8.338e-01;9.430e-02;7.702e-01;8.710e-02;1.085e+00;1.083e+00;7.504e-01;8.487e-02;1.000e+01;8.335e-01;1.097e+00;7.685e-01;1.005e-01
20.316958000;1.083e+00;8.338e-01;9.437e-02;7.702e-01;8.717e-02;1.085e+00;1.083e+00;7.504e-01;8.493e-02;1.000e+01;8.335e-01;1.097e+00;7.685e-01;1.006e-01
20.317958000;1.083e+00;8.338e-01;9.444e-02;7.701e-01;8.723e-02;1.085e+00;1.083e+00;7.504e-01;8.500e-02;1.000e+01;8.335e-01;1.097e+00;7.685e-01;1.007e-01
20.318958000;1.083e+00;8.338e-01;9.452e-02;7.701e-01;8.729e-02;1.085e+00;1.083e+00;7.504e-01;8.506e-02;1.000e+01;8.335e-01;1.097e+00;7.685e-01;1.007e-01
20.319958000;1.083e+00;8.338e-01;9.459e-02;7.701e-01;8.736e-02;1.085e+00;1.083e+00;7.504e-01;8.513e-02;1.000e+01;8.335e-01;1.097e+00;7.684e-01;1.008e-01
20.320958000;1.083e+00;8.338e-01;9.466e-02;7.701e-01;8.742e-02;1.085e+00;1.083e+00;7.504e-01;8.519e-02;1.000e+01;8.335e-01;1.097e+00;7.684e-01;1.008e-01
20.321958000;1.083e+00;8.338e-01;9.473e-02;7.700e-01;8.748e-02;1.085e+00;1.083e+00;7.504e-01;8.526e-02;1.000e+01;8.335e-01;1.097e+00;7.684e-01;1.009e-01
20.323958000;1.083e+00;8.338e-01;9.487e-02;7.700e-01;8.761e-02;1.085e+00;1.083e+00;7.504e-01;8.538e-02;1.000e+01;8.335e-01;1.097e+00;7.684e-01;1.010e-01
20.324958000;1.083e+00;8.338e-01;9.494e-02;7.700e-01;8.767e-02;1.085e+00;1.083e+00;7.504e-01;8.545e-02;1.000e+01;8.335e-01;1.097e+00;7.683e-01;1.011e-01
20.325958000;1.083e+00;8.338e-01;9.501e-02;7.700e-01;8.774e-02;1.085e+00;1.083e+00;7.504e-01;8.551e-02;1.000e+01;8.335e-01;1.097e+00;7.683e-01;1.011e-01
20.326958000;1.083e+00;8.338e-01;9.508e-02;7.699e-01;8.780e-02;1.085e+00;1.083e+00;7.504e-01;8.557e-02;1.000e+01;8.335e-01;1.097e+00;7.683e-01;1.012e-01
20.327958000;1.083e+00;8.338e-01;9.515e-02;7.699e-01;8.786e-02;1.086e+00;1.083e+00;7.504e-01;8.564e-02;1.000e+01;8.335e-01;1.097e+00;7.683e-01;1.013e-01
20.328958000;1.083e+00;8.338e-01;9.522e-02;7.699e-01;8.792e-02;1.086e+00;1.083e+00;7.504e-01;8.570e-02;1.000e+01;8.335e-01;1.097e+00;7.683e-01;1.013e-01
20.329958000;1.083e+00;8.338e-01;9.529e-02;7.699e-01;8.798e-02;1.086e+00;1.083e+00;7.504e-01;8.576e-02;1.000e+01;8.335e-01;1.097e+00;7.682e-01;1.014e-01
20.330958000;1.083e+00;8.338e-01;9.536e-02;7.699e-01;8.805e-02;1.086e+00;1.083e+00;7.504e-01;8.582e-02;1.000e+01;8.335e-01;1.097e+00;7.682e-01;1.015e-01
20.331958000;1.083e+00;8.338e-01;9.543e-02;7.698e-01;8.811e-02;1.086e+00;1.083e+00;7.504e-01;8.589e-02;1.000e+01;8.335e-01;1.097e+00;7.682e-01;1.015e-01
20.332958000;1.083e+00;8.338e-01;9.550e-02;7.698e-01;8.817e-02;1.086e+00;1.083e+00;7.504e-01;8.595e-02;1.000e+01;8.335e-01;1.097e+00;7.682e-01;1.016e-01
20.333958000;1.083e+00;8.338e-01;9.557e-02;7.698e-01;8.823e-02;1.086e+00;1.083e+00;7.504e-01;8.601e-02;1.000e+01;8.335e-01;1.097e+00;7.681e-01;1.016e-01
20.335958000;1.083e+00;8.338e-01;9.571e-02;7.698e-01;8.835e-02;1.086e+00;1.083e+00;7.504e-01;8.614e-02;1.000e+01;8.335e-01;1.097e+00;7.681e-01;1.018e-01
20.336958000;1.083e+00;8.338e-01;9.577e-02;7.697e-01;8.841e-02;1.086e+00;1.083e+00;7.504e-01;8.620e-02;1.000e+01;8.335e-01;1.097e+00;7.681e-01;1.018e-01
20.337958000;1.083e+00;8.338e-01;9.584e-02;7.697e-01;8.848e-02;1.086e+00;1.083e+00;7.504e-01;8.626e-02;1.000e+01;8.335e-01;1.097e+00;7.681e-01;1.019e-01
20.338958000;1.083e+00;8.338e-01;9.591e-02;7.697e-01;8.854e-02;1.086e+00;1.083e+00;7.504e-01;8.632e-02;1.000e+01;8.335e-01;1.097e+00;7.680e-01;1.019e-01
20.340958000;1.083e+00;8.338e-01;9.605e-02;7.697e-01;8.866e-02;1.086e+00;1.083e+00;7.504e-01;8.644e-02;1.000e+01;8.335e-01;1.097e+00;7.680e-01;1.021e-01
20.341958000;1.083e+00;8.338e-01;9.611e-02;7.696e-01;8.872e-02;1.086e+00;1.083e+00;7.504e-01;8.650e-02;1.000e+01;8.335e-01;1.097e+00;7.680e-01;1.021e-01
20.342958000;1.083e+00;8.338e-01;9.618e-02;7.696e-01;8.878e-02;1.086e+00;1.083e+00;7.504e-01;8.656e-02;1.000e+01;8.335e-01;1.097e+00;7.680e-01;1.022e-01
20.343958000;1.083e+00;8.338e-01;9.625e-02;7.696e-01;8.884e-02;1.086e+00;1.083e+00;7.504e-01;8.662e-02;1.000e+01;8.335e-01;1.097e+00;7.679e-01;1.022e-01
20.345958000;1.083e+00;8.338e-01;9.638e-02;7.696e-01;8.896e-02;1.086e+00;1.083e+00;7.504e-01;8.674e-02;1.000e+01;8.335e-01;1.097e+00;7.679e-01;1.023e-01
20.346958000;1.083e+00;8.338e-01;9.645e-02;7.695e-01;8.902e-02;1.086e+00;1.083e+00;7.504e-01;8.680e-02;1.000e+01;8.335e-01;1.097e+00;7.679e-01;1.024e-01
20.347958000;1.084e+00;8.338e-01;9.652e-02;7.695e-01;8.908e-02;1.086e+00;1.084e+00;7.504e-01;8.686e-02;1.000e+01;8.335e-01;1.097e+00;7.679e-01;1.025e-01
20.348958000;1.084e+00;8.338e-01;9.658e-02;7.695e-01;8.914e-02;1.086e+00;1.084e+00;7.504e-01;8.692e-02;1.000e+01;8.335e-01;1.097e+00;7.678e-01;1.025e-01
20.350958000;1.084e+00;8.338e-01;9.671e-02;7.695e-01;8.925e-02;1.086e+00;1.084e+00;7.504e-01;8.704e-02;1.000e+01;8.335e-01;1.097e+00;7.678e-01;1.026e-01
20.351958000;1.084e+00;8.338e-01;9.678e-02;7.694e-01;8.931e-02;1.086e+00;1.084e+00;7.504e-01;8.710e-02;1.000e+01;8.335e-01;1.097e+00;7.678e-01;1.027e-01
20.352958000;1.084e+00;8.338e-01;9.685e-02;7.694e-01;8.937e-02;1.086e+00;1.084e+00;7.504e-01;8.716e-02;1.000e+01;8.335e-01;1.097e+00;7.678e-01;1.027e-01
20.353958000;1.084e+00;8.338e-01;9.691e-02;7.694e-01;8.943e-02;1.086e+00;1.084e+00;7.504e-01;8.722e-02;1.000e+01;8.335e-01;1.097e+00;7.677e-01;1.028e-01
20.356958000;1.084e+00;8.338e-01;9.711e-02;7.694e-01;8.960e-02;1.086e+00;1.084e+00;7.504e-01;8.740e-02;1.000e+01;8.335e-01;1.097e+00;7.677e-01;1.030e-01
20.357958000;1.084e+00;8.338e-01;9.717e-02;7.693e-01;8.966e-02;1.086e+00;1.084e+00;7.504e-01;8.746e-02;1.000e+01;8.335e-01;1.097e+00;7.677e-01;1.030e-01
20.358958000;1.084e+00;8.338e-01;9.724e-02;7.693e-01;8.972e-02;1.086e+00;1.084e+00;7.504e-01;8.751e-02;1.000e+01;8.335e-01;1.097e+00;7.676e-01;1.031e-01
20.361958000;1.084e+00;8.338e-01;9.743e-02;7.693e-01;8.989e-02;1.086e+00;1.084e+00;7.504e-01;8.769e-02;1.000e+01;8.335e-01;1.097e+00;7.676e-01;1.033e-01
20.362958000;1.084e+00;8.338e-01;9.750e-02;7.692e-01;8.995e-02;1.086e+00;1.084e+00;7.504e-01;8.775e-02;1.000e+01;8.335e-01;1.097e+00;7.676e-01;1.033e-01
20.363958000;1.084e+00;8.338e-01;9.756e-02;7.692e-01;9.001e-02;1.086e+00;1.084e+00;7.504e-01;8.780e-02;1.000e+01;8.335e-01;1.097e+00;7.675e-01;1.034e-01
20.364958000;1.084e+00;8.338e-01;9.762e-02;7.692e-01;9.006e-02;1.087e+00;1.084e+00;7.504e-01;8.786e-02;1.000e+01;8.335e-01;1.097e+00;7.675e-01;1.034e-01
20.366958000;1.084e+00;8.338e-01;9.775e-02;7.692e-01;9.018e-02;1.087e+00;1.084e+00;7.504e-01;8.798e-02;1.000e+01;8.335e-01;1.097e+00;7.675e-01;1.035e-01
20.367958000;1.084e+00;8.338e-01;9.781e-02;7.691e-01;9.023e-02;1.087e+00;1.084e+00;7.504e-01;8.803e-02;1.000e+01;8.335e-01;1.097e+00;7.675e-01;1.036e-01
20.368958000;1.084e+00;8.338e-01;9.788e-02;7.691e-01;9.029e-02;1.087e+00;1.084e+00;7.504e-01;8.809e-02;1.000e+01;8.335e-01;1.097e+00;7.674e-01;1.036e-01
20.372958000;1.084e+00;8.338e-01;9.813e-02;7.691e-01;9.051e-02;1.087e+00;1.084e+00;7.504e-01;8.832e-02;1.000e+01;8.335e-01;1.097e+00;7.674e-01;1.039e-01
20.373958000;1.084e+00;8.338e-01;9.819e-02;7.690e-01;9.057e-02;1.087e+00;1.084e+00;7.504e-01;8.837e-02;1.000e+01;8.335e-01;1.097e+00;7.673e-01;1.039e-01
20.377958000;1.084e+00;8.338e-01;9.844e-02;7.690e-01;9.079e-02;1.087e+00;1.084e+00;7.504e-01;8.860e-02;1.000e+01;8.335e-01;1.097e+00;7.673e-01;1.041e-01
20.378958000;1.084e+00;8.338e-01;9.850e-02;7.689e-01;9.084e-02;1.087e+00;1.084e+00;7.504e-01;8.865e-02;1.000e+01;8.335e-01;1.097e+00;7.672e-01;1.042e-01
20.381958000;1.084e+00;8.338e-01;9.869e-02;7.689e-01;9.101e-02;1.087e+00;1.084e+00;7.504e-01;8.882e-02;1.000e+01;8.335e-01;1.097e+00;7.672e-01;1.044e-01
20.383958000;1.084e+00;8.338e-01;9.881e-02;7.689e-01;9.112e-02;1.087e+00;1.084e+00;7.504e-01;8.893e-02;1.000e+01;8.335e-01;1.097e+00;7.672e-01;1.045e-01
20.384958000;1.084e+00;8.338e-01;9.887e-02;7.688e-01;9.117e-02;1.087e+00;1.084e+00;7.504e-01;8.898e-02;1.000e+01;8.335e-01;1.097e+00;7.671e-01;1.045e-01
20.386958000;1.084e+00;8.338e-01;9.899e-02;7.688e-01;9.128e-02;1.087e+00;1.084e+00;7.504e-01;8.909e-02;1.000e+01;8.335e-01;1.097e+00;7.671e-01;1.046e-01
20.387958000;1.085e+00;8.338e-01;9.905e-02;7.688e-01;9.133e-02;1.087e+00;1.085e+00;7.504e-01;8.915e-02;1.000e+01;8.335e-01;1.097e+00;7.671e-01;1.047e-01
20.388958000;1.085e+00;8.337e-01;9.911e-02;7.688e-01;9.139e-02;1.087e+00;1.085e+00;7.504e-01;8.920e-02;1.000e+01;8.335e-01;1.097e+00;7.671e-01;1.047e-01
20.389958000;1.085e+00;8.337e-01;9.917e-02;7.687e-01;9.144e-02;1.087e+00;1.085e+00;7.504e-01;8.925e-02;1.000e+01;8.335e-01;1.097e+00;7.670e-01;1.048e-01
20.394958000;1.085e+00;8.337e-01;9.947e-02;7.687e-01;9.171e-02;1.087e+00;1.085e+00;7.504e-01;8.952e-02;1.000e+01;8.335e-01;1.097e+00;7.670e-01;1.050e-01
20.395958000;1.085e+00;8.337e-01;9.953e-02;7.686e-01;9.176e-02;1.087e+00;1.085e+00;7.504e-01;8.958e-02;1.000e+01;8.335e-01;1.097e+00;7.669e-01;1.051e-01
20.399958000;1.085e+00;8.337e-01;9.976e-02;7.686e-01;9.197e-02;1.087e+00;1.085e+00;7.504e-01;8.979e-02;1.000e+01;8.335e-01;1.097e+00;7.669e-01;1.053e-01
20.400958000;1.085e+00;8.337e-01;9.982e-02;7.686e-01;9.202e-02;1.087e+00;1.085e+00;7.504e-01;8.984e-02;1.000e+01;8.335e-01;1.097e+00;7.668e-01;1.053e-01
20.401958000;1.085e+00;8.337e-01;9.988e-02;7.685e-01;9.207e-02;1.087e+00;1.085e+00;7.504e-01;8.989e-02;1.000e+01;8.335e-01;1.097e+00;7.668e-01;1.054e-01
20.403958000;1.085e+00;8.337e-01;1.000e-01;7.685e-01;9.217e-02;1.087e+00;1.085e+00;7.504e-01;9.000e-02;1.000e+01;8.335e-01;1.097e+00;7.668e-01;1.055e-01
20.404958000;1.085e+00;8.337e-01;1.001e-01;7.685e-01;9.223e-02;1.088e+00;1.085e+00;7.504e-01;9.005e-02;1.000e+01;8.335e-01;1.097e+00;7.668e-01;1.055e-01
20.405958000;1.085e+00;8.337e-01;1.001e-01;7.685e-01;9.228e-02;1.088e+00;1.085e+00;7.504e-01;9.010e-02;1.000e+01;8.335e-01;1.097e+00;7.668e-01;1.056e-01
20.406958000;1.085e+00;8.337e-01;1.002e-01;7.685e-01;9.233e-02;1.088e+00;1.085e+00;7.504e-01;9.015e-02;1.000e+01;8.335e-01;1.097e+00;7.667e-01;1.056e-01
20.407958000;1.085e+00;8.337e-01;1.002e-01;7.684e-01;9.238e-02;1.088e+00;1.085e+00;7.504e-01;9.021e-02;1.000e+01;8.335e-01;1.097e+00;7.667e-01;1.057e-01
20.411958000;1.085e+00;8.337e-01;1.005e-01;7.684e-01;9.258e-02;1.088e+00;1.085e+00;7.504e-01;9.041e-02;1.000e+01;8.335e-01;1.097e+00;7.667e-01;1.059e-01
20.412958000;1.085e+00;8.337e-01;1.005e-01;7.684e-01;9.263e-02;1.088e+00;1.085e+00;7.504e-01;9.046e-02;1.000e+01;8.335e-01;1.097e+00;7.666e-01;1.059e-01
20.413958000;1.085e+00;8.337e-01;1.006e-01;7.683e-01;9.268e-02;1.088e+00;1.085e+00;7.504e-01;9.051e-02;1.000e+01;8.335e-01;1.097e+00;7.666e-01;1.060e-01
20.415958000;1.085e+00;8.337e-01;1.007e-01;7.683e-01;9.278e-02;1.088e+00;1.085e+00;7.504e-01;9.062e-02;1.000e+01;8.335e-01;1.097e+00;7.666e-01;1.061e-01
20.416958000;1.085e+00;8.337e-01;1.007e-01;7.683e-01;9.283e-02;1.088e+00;1.085e+00;7.503e-01;9.067e-02;1.000e+01;8.335e-01;1.097e+00;7.666e-01;1.061e-01
20.417958000;1.085e+00;8.337e-01;1.008e-01;7.683e-01;9.288e-02;1.088e+00;1.085e+00;7.503e-01;9.072e-02;1.000e+01;8.335e-01;1.097e+00;7.665e-01;1.062e-01
20.418958000;1.085e+00;8.337e-01;1.009e-01;7.683e-01;9.293e-02;1.088e+00;1.085e+00;7.503e-01;9.077e-02;1.000e+01;8.335e-01;1.097e+00;7.665e-01;1.062e-01
20.419958000;1.085e+00;8.337e-01;1.009e-01;7.682e-01;9.298e-02;1.088e+00;1.085e+00;7.503e-01;9.082e-02;1.000e+01;8.335e-01;1.097e+00;7.665e-01;1.063e-01
20.422958000;1.085e+00;8.337e-01;1.011e-01;7.682e-01;9.313e-02;1.088e+00;1.085e+00;7.503e-01;9.097e-02;1.000e+01;8.335e-01;1.097e+00;7.665e-01;1.064e-01
20.423958000;1.085e+00;8.337e-01;1.011e-01;7.682e-01;9.318e-02;1.088e+00;1.085e+00;7.503e-01;9.102e-02;1.000e+01;8.335e-01;1.097e+00;7.664e-01;1.065e-01
20.424958000;1.085e+00;8.337e-01;1.012e-01;7.682e-01;9.323e-02;1.088e+00;1.085e+00;7.503e-01;9.107e-02;1.000e+01;8.335e-01;1.097e+00;7.664e-01;1.065e-01
20.425958000;1.085e+00;8.337e-01;1.012e-01;7.681e-01;9.328e-02;1.088e+00;1.085e+00;7.503e-01;9.112e-02;1.000e+01;8.335e-01;1.097e+00;7.664e-01;1.066e-01
20.428958000;1.085e+00;8.337e-01;1.014e-01;7.681e-01;9.342e-02;1.088e+00;1.085e+00;7.503e-01;9.126e-02;1.000e+01;8.335e-01;1.097e+00;7.664e-01;1.067e-01
20.429958000;1.085e+00;8.337e-01;1.015e-01;7.681e-01;9.347e-02;1.088e+00;1.085e+00;7.503e-01;9.131e-02;1.000e+01;8.335e-01;1.097e+00;7.663e-01;1.068e-01
20.431958000;1.085e+00;8.337e-01;1.016e-01;7.681e-01;9.357e-02;1.088e+00;1.085e+00;7.503e-01;9.141e-02;1.000e+01;8.335e-01;1.097e+00;7.663e-01;1.069e-01
20.432958000;1.086e+00;8.337e-01;1.016e-01;7.680e-01;9.362e-02;1.088e+00;1.086e+00;7.503e-01;9.146e-02;1.000e+01;8.335e-01;1.097e+00;7.663e-01;1.069e-01
20.433958000;1.086e+00;8.337e-01;1.017e-01;7.680e-01;9.366e-02;1.088e+00;1.086e+00;7.503e-01;9.151e-02;1.000e+01;8.335e-01;1.097e+00;7.663e-01;1.070e-01
20.434958000;1.086e+00;8.337e-01;1.017e-01;7.680e-01;9.371e-02;1.088e+00;1.086e+00;7.503e-01;9.156e-02;1.000e+01;8.335e-01;1.097e+00;7.663e-01;1.070e-01
20.435958000;1.086e+00;8.337e-01;1.018e-01;7.680e-01;9.376e-02;1.088e+00;1.086e+00;7.503e-01;9.161e-02;1.000e+01;8.335e-01;1.097e+00;7.662e-01;1.070e-01
20.437958000;1.086e+00;8.337e-01;1.019e-01;7.680e-01;9.386e-02;1.088e+00;1.086e+00;7.503e-01;9.170e-02;1.000e+01;8.335e-01;1.097e+00;7.662e-01;1.071e-01
20.438958000;1.086e+00;8.337e-01;1.019e-01;7.679e-01;9.390e-02;1.088e+00;1.086e+00;7.503e-01;9.175e-02;1.000e+01;8.335e-01;1.097e+00;7.662e-01;1.072e-01
20.440958000;1.086e+00;8.337e-01;1.021e-01;7.679e-01;9.400e-02;1.088e+00;1.086e+00;7.503e-01;9.184e-02;1.000e+01;8.335e-01;1.097e+00;7.662e-01;1.073e-01
20.441958000;1.086e+00;8.337e-01;1.021e-01;7.679e-01;9.404e-02;1.088e+00;1.086e+00;7.503e-01;9.189e-02;1.000e+01;8.335e-01;1.097e+00;7.662e-01;1.073e-01
20.442958000;1.086e+00;8.337e-01;1.022e-01;7.679e-01;9.409e-02;1.088e+00;1.086e+00;7.503e-01;9.194e-02;1.000e+01;8.335e-01;1.097e+00;7.661e-01;1.074e-01
20.443958000;1.086e+00;8.337e-01;1.022e-01;7.679e-01;9.414e-02;1.088e+00;1.086e+00;7.503e-01;9.199e-02;1.000e+01;8.335e-01;1.097e+00;7.661e-01;1.074e-01
20.444958000;1.086e+00;8.337e-01;1.023e-01;7.678e-01;9.418e-02;1.088e+00;1.086e+00;7.503e-01;9.204e-02;1.000e+01;8.335e-01;1.097e+00;7.661e-01;1.075e-01
20.447958000;1.086e+00;8.337e-01;1.024e-01;7.678e-01;9.432e-02;1.088e+00;1.086e+00;7.503e-01;9.218e-02;1.000e+01;8.335e-01;1.097e+00;7.661e-01;1.076e-01
20.448958000;1.086e+00;8.337e-01;1.025e-01;7.678e-01;9.437e-02;1.089e+00;1.086e+00;7.503e-01;9.222e-02;1.000e+01;8.335e-01;1.097e+00;7.660e-01;1.076e-01
20.449958000;1.086e+00;8.337e-01;1.025e-01;7.678e-01;9.442e-02;1.089e+00;1.086e+00;7.503e-01;9.227e-02;1.000e+01;8.335e-01;1.097e+00;7.660e-01;1.077e-01
20.450958000;1.086e+00;8.337e-01;1.026e-01;7.678e-01;9.446e-02;1.089e+00;1.086e+00;7.503e-01;9.232e-02;1.000e+01;8.335e-01;1.097e+00;7.660e-01;1.077e-01
20.451958000;1.086e+00;8.337e-01;1.026e-01;7.677e-01;9.451e-02;1.089e+00;1.086e+00;7.503e-01;9.236e-02;1.000e+01;8.335e-01;1.097e+00;7.660e-01;1.078e-01
20.453958000;1.086e+00;8.337e-01;1.027e-01;7.677e-01;9.460e-02;1.089e+00;1.086e+00;7.503e-01;9.245e-02;1.000e+01;8.335e-01;1.097e+00;7.660e-01;1.079e-01
20.454958000;1.086e+00;8.337e-01;1.028e-01;7.677e-01;9.464e-02;1.089e+00;1.086e+00;7.503e-01;9.250e-02;1.000e+01;8.335e-01;1.097e+00;7.659e-01;1.079e-01
20.457958000;1.086e+00;8.337e-01;1.029e-01;7.677e-01;9.478e-02;1.089e+00;1.086e+00;7.503e-01;9.264e-02;1.000e+01;8.335e-01;1.097e+00;7.659e-01;1.080e-01
20.458958000;1.086e+00;8.337e-01;1.030e-01;7.676e-01;9.482e-02;1.089e+00;1.086e+00;7.503e-01;9.269e-02;1.000e+01;8.335e-01;1.097e+00;7.659e-01;1.081e-01
20.460958000;1.086e+00;8.337e-01;1.031e-01;7.676e-01;9.491e-02;1.089e+00;1.086e+00;7.503e-01;9.278e-02;1.000e+01;8.335e-01;1.097e+00;7.659e-01;1.082e-01
20.461958000;1.086e+00;8.337e-01;1.031e-01;7.676e-01;9.496e-02;1.089e+00;1.086e+00;7.503e-01;9.282e-02;1.000e+01;8.335e-01;1.097e+00;7.658e-01;1.082e-01
20.464958000;1.086e+00;8.337e-01;1.033e-01;7.676e-01;9.509e-02;1.089e+00;1.086e+00;7.503e-01;9.296e-02;1.000e+01;8.335e-01;1.097e+00;7.658e-01;1.084e-01
20.465958000;1.086e+00;8.337e-01;1.033e-01;7.675e-01;9.514e-02;1.089e+00;1.086e+00;7.503e-01;9.300e-02;1.000e+01;8.335e-01;1.097e+00;7.658e-01;1.084e-01
20.466958000;1.086e+00;8.337e-01;1.034e-01;7.675e-01;9.518e-02;1.089e+00;1.086e+00;7.503e-01;9.305e-02;1.000e+01;8.335e-01;1.097e+00;7.658e-01;1.084e-01
20.467958000;1.086e+00;8.337e-01;1.034e-01;7.675e-01;9.523e-02;1.089e+00;1.086e+00;7.503e-01;9.309e-02;1.000e+01;8.335e-01;1.097e+00;7.657e-01;1.085e-01
20.471958000;1.086e+00;8.337e-01;1.036e-01;7.675e-01;9.540e-02;1.089e+00;1.086e+00;7.503e-01;9.327e-02;1.000e+01;8.335e-01;1.097e+00;7.657e-01;1.087e-01
20.472958000;1.086e+00;8.337e-01;1.037e-01;7.674e-01;9.544e-02;1.089e+00;1.086e+00;7.503e-01;9.331e-02;1.000e+01;8.335e-01;1.097e+00;7.657e-01;1.087e-01
20.473958000;1.086e+00;8.337e-01;1.037e-01;7.674e-01;9.549e-02;1.089e+00;1.086e+00;7.503e-01;9.336e-02;1.000e+01;8.335e-01;1.097e+00;7.657e-01;1.087e-01
20.474958000;1.086e+00;8.337e-01;1.038e-01;7.674e-01;9.553e-02;1.089e+00;1.086e+00;7.503e-01;9.340e-02;1.000e+01;8.335e-01;1.097e+00;7.656e-01;1.088e-01
20.478958000;1.086e+00;8.337e-01;1.040e-01;7.674e-01;9.570e-02;1.089e+00;1.086e+00;7.503e-01;9.358e-02;1.000e+01;8.335e-01;1.097e+00;7.656e-01;1.089e-01
20.479958000;1.086e+00;8.337e-01;1.040e-01;7.673e-01;9.575e-02;1.089e+00;1.086e+00;7.503e-01;9.362e-02;1.000e+01;8.335e-01;1.097e+00;7.656e-01;1.090e-01
20.480958000;1.086e+00;8.337e-01;1.041e-01;7.673e-01;9.579e-02;1.089e+00;1.086e+00;7.503e-01;9.366e-02;1.000e+01;8.335e-01;1.097e+00;7.656e-01;1.090e-01
20.481958000;1.086e+00;8.337e-01;1.041e-01;7.673e-01;9.583e-02;1.089e+00;1.086e+00;7.503e-01;9.370e-02;1.000e+01;8.335e-01;1.097e+00;7.655e-01;1.091e-01
20.482958000;1.086e+00;8.337e-01;1.042e-01;7.673e-01;9.587e-02;1.089e+00;1.086e+00;7.503e-01;9.375e-02;1.000e+01;8.335e-01;1.097e+00;7.655e-01;1.091e-01
20.483958000;1.087e+00;8.337e-01;1.042e-01;7.673e-01;9.592e-02;1.089e+00;1.087e+00;7.503e-01;9.379e-02;1.000e+01;8.335e-01;1.097e+00;7.655e-01;1.092e-01
20.485958000;1.087e+00;8.337e-01;1.043e-01;7.673e-01;9.600e-02;1.089e+00;1.087e+00;7.503e-01;9.388e-02;1.000e+01;8.335e-01;1.097e+00;7.655e-01;1.092e-01
20.486958000;1.087e+00;8.337e-01;1.044e-01;7.672e-01;9.604e-02;1.089e+00;1.087e+00;7.503e-01;9.392e-02;1.000e+01;8.335e-01;1.097e+00;7.655e-01;1.093e-01
20.487958000;1.087e+00;8.337e-01;1.044e-01;7.672e-01;9.608e-02;1.089e+00;1.087e+00;7.503e-01;9.396e-02;1.000e+01;8.335e-01;1.097e+00;7.655e-01;1.093e-01
20.488958000;1.087e+00;8.337e-01;1.045e-01;7.672e-01;9.613e-02;1.089e+00;1.087e+00;7.503e-01;9.401e-02;1.000e+01;8.335e-01;1.097e+00;7.654e-01;1.094e-01
20.492958000;1.087e+00;8.337e-01;1.046e-01;7.672e-01;9.629e-02;1.089e+00;1.087e+00;7.503e-01;9.417e-02;1.000e+01;8.335e-01;1.097e+00;7.654e-01;1.095e-01
20.493958000;1.087e+00;8.337e-01;1.047e-01;7.671e-01;9.633e-02;1.089e+00;1.087e+00;7.503e-01;9.421e-02;1.000e+01;8.335e-01;1.097e+00;7.654e-01;1.096e-01
20.494958000;1.087e+00;8.337e-01;1.047e-01;7.671e-01;9.637e-02;1.089e+00;1.087e+00;7.503e-01;9.426e-02;1.000e+01;8.335e-01;1.097e+00;7.654e-01;1.096e-01
20.495958000;1.087e+00;8.337e-01;1.048e-01;7.671e-01;9.641e-02;1.089e+00;1.087e+00;7.503e-01;9.430e-02;1.000e+01;8.335e-01;1.097e+00;7.653e-01;1.096e-01
20.496958000;1.087e+00;8.337e-01;1.048e-01;7.671e-01;9.646e-02;1.089e+00;1.087e+00;7.503e-01;9.434e-02;1.000e+01;8.335e-01;1.097e+00;7.653e-01;1.097e-01
20.497958000;1.087e+00;8.337e-01;1.049e-01;7.671e-01;9.650e-02;1.089e+00;1.087e+00;7.503e-01;9.438e-02;1.000e+01;8.335e-01;1.097e+00;7.653e-01;1.097e-01
20.498958000;1.087e+00;8.337e-01;1.049e-01;7.671e-01;9.654e-02;1.090e+00;1.087e+00;7.503e-01;9.442e-02;1.000e+01;8.335e-01;1.097e+00;7.653e-01;1.098e-01
20.500958000;1.087e+00;8.337e-01;1.050e-01;7.671e-01;9.662e-02;1.090e+00;1.087e+00;7.503e-01;9.451e-02;1.000e+01;8.335e-01;1.097e+00;7.653e-01;1.098e-01
20.501958000;1.087e+00;8.337e-01;1.051e-01;7.670e-01;9.666e-02;1.090e+00;1.087e+00;7.503e-01;9.455e-02;1.000e+01;8.335e-01;1.097e+00;7.653e-01;1.099e-01
20.502958000;1.087e+00;8.336e-01;1.051e-01;7.670e-01;9.670e-02;1.090e+00;1.087e+00;7.503e-01;9.459e-02;1.000e+01;8.335e-01;1.097e+00;7.652e-01;1.099e-01
20.507958000;1.087e+00;8.336e-01;1.053e-01;7.670e-01;9.690e-02;1.090e+00;1.087e+00;7.503e-01;9.479e-02;1.000e+01;8.335e-01;1.097e+00;7.652e-01;1.101e-01
20.508958000;1.087e+00;8.336e-01;1.054e-01;7.669e-01;9.694e-02;1.090e+00;1.087e+00;7.503e-01;9.483e-02;1.000e+01;8.335e-01;1.097e+00;7.652e-01;1.102e-01
20.509958000;1.087e+00;8.336e-01;1.054e-01;7.669e-01;9.698e-02;1.090e+00;1.087e+00;7.503e-01;9.487e-02;1.000e+01;8.335e-01;1.097e+00;7.651e-01;1.102e-01
20.515958000;1.087e+00;8.336e-01;1.057e-01;7.669e-01;9.721e-02;1.090e+00;1.087e+00;7.503e-01;9.511e-02;1.000e+01;8.335e-01;1.097e+00;7.651e-01;1.104e-01
20.516958000;1.087e+00;8.336e-01;1.057e-01;7.668e-01;9.725e-02;1.090e+00;1.087e+00;7.503e-01;9.515e-02;1.000e+01;8.335e-01;1.097e+00;7.651e-01;1.105e-01
20.517958000;1.087e+00;8.336e-01;1.058e-01;7.668e-01;9.729e-02;1.090e+00;1.087e+00;7.503e-01;9.519e-02;1.000e+01;8.335e-01;1.097e+00;7.650e-01;1.105e-01
20.523958000;1.087e+00;8.336e-01;1.060e-01;7.668e-01;9.752e-02;1.090e+00;1.087e+00;7.503e-01;9.543e-02;1.000e+01;8.335e-01;1.097e+00;7.650e-01;1.107e-01
20.524958000;1.087e+00;8.336e-01;1.061e-01;7.667e-01;9.756e-02;1.090e+00;1.087e+00;7.503e-01;9.546e-02;1.000e+01;8.335e-01;1.097e+00;7.650e-01;1.108e-01
20.525958000;1.087e+00;8.336e-01;1.061e-01;7.667e-01;9.760e-02;1.090e+00;1.087e+00;7.503e-01;9.550e-02;1.000e+01;8.335e-01;1.097e+00;7.649e-01;1.108e-01
20.531958000;1.087e+00;8.336e-01;1.064e-01;7.667e-01;9.783e-02;1.090e+00;1.087e+00;7.503e-01;9.574e-02;1.000e+01;8.335e-01;1.097e+00;7.649e-01;1.110e-01
20.532958000;1.087e+00;8.336e-01;1.064e-01;7.666e-01;9.786e-02;1.090e+00;1.087e+00;7.503e-01;9.577e-02;1.000e+01;8.335e-01;1.097e+00;7.648e-01;1.111e-01
20.539958000;1.087e+00;8.336e-01;1.067e-01;7.666e-01;9.812e-02;1.090e+00;1.087e+00;7.503e-01;9.604e-02;1.000e+01;8.335e-01;1.097e+00;7.648e-01;1.113e-01
20.540958000;1.087e+00;8.336e-01;1.067e-01;7.666e-01;9.816e-02;1.090e+00;1.087e+00;7.503e-01;9.607e-02;1.000e+01;8.335e-01;1.097e+00;7.647e-01;1.114e-01
20.541958000;1.088e+00;8.336e-01;1.068e-01;7.665e-01;9.820e-02;1.090e+00;1.088e+00;7.503e-01;9.611e-02;1.000e+01;8.335e-01;1.097e+00;7.647e-01;1.114e-01
20.544958000;1.088e+00;8.336e-01;1.069e-01;7.665e-01;9.831e-02;1.090e+00;1.088e+00;7.503e-01;9.622e-02;1.000e+01;8.335e-01;1.097e+00;7.647e-01;1.115e-01
20.545958000;1.088e+00;8.336e-01;1.070e-01;7.665e-01;9.834e-02;1.090e+00;1.088e+00;7.503e-01;9.626e-02;1.000e+01;8.335e-01;1.097e+00;7.647e-01;1.115e-01
20.547958000;1.088e+00;8.336e-01;1.070e-01;7.665e-01;9.841e-02;1.090e+00;1.088e+00;7.503e-01;9.633e-02;1.000e+01;8.335e-01;1.097e+00;7.647e-01;1.116e-01
20.548958000;1.088e+00;8.336e-01;1.071e-01;7.665e-01;9.845e-02;1.090e+00;1.088e+00;7.503e-01;9.637e-02;1.000e+01;8.335e-01;1.097e+00;7.646e-01;1.116e-01
20.549958000;1.088e+00;8.336e-01;1.071e-01;7.664e-01;9.849e-02;1.090e+00;1.088e+00;7.503e-01;9.641e-02;1.000e+01;8.335e-01;1.097e+00;7.646e-01;1.117e-01
20.554958000;1.088e+00;8.336e-01;1.073e-01;7.664e-01;9.867e-02;1.090e+00;1.088e+00;7.503e-01;9.659e-02;1.000e+01;8.335e-01;1.097e+00;7.646e-01;1.118e-01
20.555958000;1.088e+00;8.336e-01;1.074e-01;7.664e-01;9.870e-02;1.091e+00;1.088e+00;7.502e-01;9.662e-02;1.000e+01;8.335e-01;1.097e+00;7.646e-01;1.119e-01
20.556958000;1.088e+00;8.336e-01;1.074e-01;7.664e-01;9.874e-02;1.091e+00;1.088e+00;7.502e-01;9.666e-02;1.000e+01;8.335e-01;1.097e+00;7.645e-01;1.119e-01
20.557958000;1.088e+00;8.336e-01;1.074e-01;7.664e-01;9.877e-02;1.091e+00;1.088e+00;7.502e-01;9.670e-02;1.000e+01;8.335e-01;1.097e+00;7.645e-01;1.120e-01
20.558958000;1.088e+00;8.336e-01;1.075e-01;7.663e-01;9.881e-02;1.091e+00;1.088e+00;7.502e-01;9.673e-02;1.000e+01;8.335e-01;1.097e+00;7.645e-01;1.120e-01
20.564958000;1.088e+00;8.336e-01;1.077e-01;7.663e-01;9.902e-02;1.091e+00;1.088e+00;7.502e-01;9.694e-02;1.000e+01;8.335e-01;1.097e+00;7.645e-01;1.122e-01
20.565958000;1.088e+00;8.336e-01;1.078e-01;7.663e-01;9.905e-02;1.091e+00;1.088e+00;7.502e-01;9.698e-02;1.000e+01;8.335e-01;1.097e+00;7.644e-01;1.122e-01
20.566958000;1.088e+00;8.336e-01;1.078e-01;7.663e-01;9.908e-02;1.091e+00;1.088e+00;7.502e-01;9.701e-02;1.000e+01;8.335e-01;1.097e+00;7.644e-01;1.123e-01
20.567958000;1.088e+00;8.336e-01;1.078e-01;7.662e-01;9.912e-02;1.091e+00;1.088e+00;7.502e-01;9.705e-02;1.000e+01;8.335e-01;1.097e+00;7.644e-01;1.123e-01
20.572958000;1.088e+00;8.336e-01;1.080e-01;7.662e-01;9.929e-02;1.091e+00;1.088e+00;7.502e-01;9.722e-02;1.000e+01;8.335e-01;1.097e+00;7.644e-01;1.125e-01
20.573958000;1.088e+00;8.336e-01;1.081e-01;7.662e-01;9.932e-02;1.091e+00;1.088e+00;7.502e-01;9.726e-02;1.000e+01;8.335e-01;1.097e+00;7.643e-01;1.125e-01
20.575958000;1.088e+00;8.336e-01;1.081e-01;7.662e-01;9.939e-02;1.091e+00;1.088e+00;7.502e-01;9.732e-02;1.000e+01;8.335e-01;1.097e+00;7.643e-01;1.126e-01
20.576958000;1.088e+00;8.336e-01;1.082e-01;7.661e-01;9.942e-02;1.091e+00;1.088e+00;7.502e-01;9.736e-02;1.000e+01;8.335e-01;1.097e+00;7.643e-01;1.126e-01
20.581958000;1.088e+00;8.336e-01;1.084e-01;7.661e-01;9.959e-02;1.091e+00;1.088e+00;7.502e-01;9.753e-02;1.000e+01;8.335e-01;1.097e+00;7.643e-01;1.128e-01
20.582958000;1.088e+00;8.336e-01;1.084e-01;7.661e-01;9.962e-02;1.091e+00;1.088e+00;7.502e-01;9.756e-02;1.000e+01;8.335e-01;1.097e+00;7.642e-01;1.128e-01
20.584958000;1.088e+00;8.336e-01;1.085e-01;7.661e-01;9.969e-02;1.091e+00;1.088e+00;7.502e-01;9.763e-02;1.000e+01;8.335e-01;1.097e+00;7.642e-01;1.129e-01
20.585958000;1.088e+00;8.336e-01;1.085e-01;7.660e-01;9.972e-02;1.091e+00;1.088e+00;7.502e-01;9.766e-02;1.000e+01;8.335e-01;1.097e+00;7.642e-01;1.129e-01
20.590958000;1.088e+00;8.336e-01;1.087e-01;7.660e-01;9.988e-02;1.091e+00;1.088e+00;7.502e-01;9.783e-02;1.000e+01;8.335e-01;1.097e+00;7.642e-01;1.130e-01
20.591958000;1.088e+00;8.336e-01;1.087e-01;7.660e-01;9.992e-02;1.091e+00;1.088e+00;7.502e-01;9.786e-02;1.000e+01;8.335e-01;1.097e+00;7.641e-01;1.131e-01
20.593958000;1.088e+00;8.336e-01;1.088e-01;7.660e-01;9.998e-02;1.091e+00;1.088e+00;7.502e-01;9.793e-02;1.000e+01;8.335e-01;1.097e+00;7.641e-01;1.131e-01
20.594958000;1.088e+00;8.336e-01;1.088e-01;7.659e-01;1.000e-01;1.091e+00;1.088e+00;7.502e-01;9.796e-02;1.000e+01;8.335e-01;1.097e+00;7.641e-01;1.132e-01
20.600958000;1.088e+00;8.336e-01;1.091e-01;7.659e-01;1.002e-01;1.091e+00;1.088e+00;7.502e-01;9.816e-02;1.000e+01;8.335e-01;1.097e+00;7.641e-01;1.134e-01
20.601958000;1.088e+00;8.336e-01;1.091e-01;7.659e-01;1.002e-01;1.091e+00;1.088e+00;7.502e-01;9.819e-02;1.000e+01;8.335e-01;1.097e+00;7.640e-01;1.134e-01
20.603958000;1.088e+00;8.336e-01;1.092e-01;7.659e-01;1.003e-01;1.091e+00;1.088e+00;7.502e-01;9.825e-02;1.000e+01;8.335e-01;1.097e+00;7.640e-01;1.134e-01
20.604958000;1.088e+00;8.336e-01;1.092e-01;7.658e-01;1.003e-01;1.091e+00;1.088e+00;7.502e-01;9.828e-02;1.000e+01;8.335e-01;1.097e+00;7.640e-01;1.135e-01
20.607958000;1.088e+00;8.336e-01;1.093e-01;7.658e-01;1.004e-01;1.091e+00;1.088e+00;7.502e-01;9.838e-02;1.000e+01;8.335e-01;1.097e+00;7.640e-01;1.136e-01
20.608958000;1.089e+00;8.336e-01;1.093e-01;7.658e-01;1.005e-01;1.091e+00;1.089e+00;7.502e-01;9.841e-02;1.000e+01;8.335e-01;1.097e+00;7.640e-01;1.136e-01
20.609958000;1.089e+00;8.336e-01;1.094e-01;7.658e-01;1.005e-01;1.091e+00;1.089e+00;7.502e-01;9.844e-02;1.000e+01;8.335e-01;1.097e+00;7.640e-01;1.136e-01
20.610958000;1.089e+00;8.336e-01;1.094e-01;7.658e-01;1.005e-01;1.091e+00;1.089e+00;7.502e-01;9.847e-02;1.000e+01;8.335e-01;1.097e+00;7.639e-01;1.137e-01
20.613958000;1.089e+00;8.336e-01;1.095e-01;7.658e-01;1.006e-01;1.091e+00;1.089e+00;7.502e-01;9.857e-02;1.000e+01;8.335e-01;1.097e+00;7.639e-01;1.138e-01
20.614958000;1.089e+00;8.336e-01;1.096e-01;7.657e-01;1.006e-01;1.091e+00;1.089e+00;7.502e-01;9.860e-02;1.000e+01;8.335e-01;1.097e+00;7.639e-01;1.138e-01
20.619958000;1.089e+00;8.336e-01;1.097e-01;7.657e-01;1.008e-01;1.091e+00;1.089e+00;7.502e-01;9.875e-02;1.000e+01;8.335e-01;1.097e+00;7.639e-01;1.139e-01
20.620958000;1.089e+00;8.336e-01;1.098e-01;7.657e-01;1.008e-01;1.091e+00;1.089e+00;7.502e-01;9.878e-02;1.000e+01;8.335e-01;1.097e+00;7.638e-01;1.140e-01
20.621958000;1.089e+00;8.336e-01;1.098e-01;7.657e-01;1.009e-01;1.092e+00;1.089e+00;7.502e-01;9.881e-02;1.000e+01;8.335e-01;1.097e+00;7.638e-01;1.140e-01
20.623958000;1.089e+00;8.336e-01;1.099e-01;7.657e-01;1.009e-01;1.092e+00;1.089e+00;7.502e-01;9.888e-02;1.000e+01;8.335e-01;1.097e+00;7.638e-01;1.140e-01
20.624958000;1.089e+00;8.336e-01;1.099e-01;7.656e-01;1.009e-01;1.092e+00;1.089e+00;7.502e-01;9.891e-02;1.000e+01;8.335e-01;1.097e+00;7.638e-01;1.141e-01
20.629958000;1.089e+00;8.336e-01;1.101e-01;7.656e-01;1.011e-01;1.092e+00;1.089e+00;7.502e-01;9.906e-02;1.000e+01;8.335e-01;1.097e+00;7.638e-01;1.142e-01
20.630958000;1.089e+00;8.336e-01;1.101e-01;7.656e-01;1.011e-01;1.092e+00;1.089e+00;7.502e-01;9.909e-02;1.000e+01;8.335e-01;1.097e+00;7.637e-01;1.143e-01
20.634958000;1.089e+00;8.336e-01;1.102e-01;7.656e-01;1.012e-01;1.092e+00;1.089e+00;7.502e-01;9.921e-02;1.000e+01;8.335e-01;1.097e+00;7.637e-01;1.144e-01
20.635958000;1.089e+00;8.336e-01;1.103e-01;7.655e-01;1.013e-01;1.092e+00;1.089e+00;7.502e-01;9.923e-02;1.000e+01;8.335e-01;1.097e+00;7.637e-01;1.144e-01
20.639958000;1.089e+00;8.336e-01;1.104e-01;7.655e-01;1.014e-01;1.092e+00;1.089e+00;7.502e-01;9.935e-02;1.000e+01;8.335e-01;1.097e+00;7.637e-01;1.145e-01
20.640958000;1.089e+00;8.336e-01;1.104e-01;7.655e-01;1.014e-01;1.092e+00;1.089e+00;7.502e-01;9.938e-02;1.000e+01;8.335e-01;1.097e+00;7.636e-01;1.145e-01
20.644958000;1.089e+00;8.336e-01;1.106e-01;7.655e-01;1.015e-01;1.092e+00;1.089e+00;7.502e-01;9.950e-02;1.000e+01;8.335e-01;1.097e+00;7.636e-01;1.146e-01
20.645958000;1.089e+00;8.336e-01;1.106e-01;7.654e-01;1.015e-01;1.092e+00;1.089e+00;7.502e-01;9.953e-02;1.000e+01;8.335e-01;1.097e+00;7.636e-01;1.147e-01
20.649958000;1.089e+00;8.336e-01;1.107e-01;7.654e-01;1.017e-01;1.092e+00;1.089e+00;7.502e-01;9.964e-02;1.000e+01;8.335e-01;1.097e+00;7.636e-01;1.148e-01
20.650958000;1.089e+00;8.336e-01;1.107e-01;7.654e-01;1.017e-01;1.092e+00;1.089e+00;7.502e-01;9.967e-02;1.000e+01;8.335e-01;1.097e+00;7.635e-01;1.148e-01
20.655958000;1.089e+00;8.336e-01;1.109e-01;7.654e-01;1.018e-01;1.092e+00;1.089e+00;7.502e-01;9.981e-02;1.000e+01;8.335e-01;1.097e+00;7.635e-01;1.149e-01
20.656958000;1.089e+00;8.336e-01;1.109e-01;7.653e-01;1.019e-01;1.092e+00;1.089e+00;7.502e-01;9.984e-02;1.000e+01;8.335e-01;1.097e+00;7.635e-01;1.150e-01
20.659958000;1.089e+00;8.336e-01;1.110e-01;7.653e-01;1.019e-01;1.092e+00;1.089e+00;7.502e-01;9.992e-02;1.000e+01;8.335e-01;1.097e+00;7.635e-01;1.151e-01
20.660958000;1.089e+00;8.336e-01;1.111e-01;7.653e-01;1.020e-01;1.092e+00;1.089e+00;7.502e-01;9.995e-02;1.000e+01;8.335e-01;1.097e+00;7.635e-01;1.151e-01
20.661958000;1.089e+00;8.335e-01;1.111e-01;7.653e-01;1.020e-01;1.092e+00;1.089e+00;7.502e-01;9.998e-02;1.000e+01;8.335e-01;1.097e+00;7.634e-01;1.151e-01
20.664958000;1.089e+00;8.335e-01;1.112e-01;7.653e-01;1.021e-01;1.092e+00;1.089e+00;7.502e-01;1.001e-01;1.000e+01;8.335e-01;1.097e+00;7.634e-01;1.152e-01
20.667958000;1.089e+00;8.335e-01;1.113e-01;7.653e-01;1.022e-01;1.092e+00;1.089e+00;7.502e-01;1.001e-01;1.000e+01;8.335e-01;1.097e+00;7.634e-01;1.153e-01
20.668958000;1.089e+00;8.335e-01;1.113e-01;7.652e-01;1.022e-01;1.092e+00;1.089e+00;7.502e-01;1.002e-01;1.000e+01;8.335e-01;1.097e+00;7.634e-01;1.153e-01
20.671958000;1.089e+00;8.335e-01;1.114e-01;7.652e-01;1.023e-01;1.092e+00;1.089e+00;7.502e-01;1.003e-01;1.000e+01;8.335e-01;1.097e+00;7.634e-01;1.154e-01
20.672958000;1.089e+00;8.335e-01;1.114e-01;7.652e-01;1.023e-01;1.092e+00;1.089e+00;7.502e-01;1.003e-01;1.000e+01;8.335e-01;1.097e+00;7.633e-01;1.154e-01
20.679958000;1.089e+00;8.335e-01;1.116e-01;7.652e-01;1.025e-01;1.092e+00;1.089e+00;7.502e-01;1.005e-01;1.000e+01;8.335e-01;1.097e+00;7.633e-01;1.156e-01
20.680958000;1.089e+00;8.335e-01;1.117e-01;7.651e-01;1.025e-01;1.092e+00;1.089e+00;7.502e-01;1.005e-01;1.000e+01;8.335e-01;1.097e+00;7.633e-01;1.156e-01
20.682958000;1.089e+00;8.335e-01;1.117e-01;7.651e-01;1.025e-01;1.092e+00;1.089e+00;7.502e-01;1.005e-01;1.000e+01;8.335e-01;1.097e+00;7.633e-01;1.157e-01
20.683958000;1.089e+00;8.335e-01;1.117e-01;7.651e-01;1.026e-01;1.092e+00;1.089e+00;7.502e-01;1.006e-01;1.000e+01;8.335e-01;1.097e+00;7.632e-01;1.157e-01
20.689958000;1.089e+00;8.335e-01;1.119e-01;7.651e-01;1.027e-01;1.092e+00;1.089e+00;7.502e-01;1.007e-01;1.000e+01;8.335e-01;1.097e+00;7.632e-01;1.158e-01
20.690958000;1.090e+00;8.335e-01;1.119e-01;7.651e-01;1.028e-01;1.092e+00;1.090e+00;7.502e-01;1.008e-01;1.000e+01;8.335e-01;1.097e+00;7.632e-01;1.158e-01
20.691958000;1.090e+00;8.335e-01;1.120e-01;7.651e-01;1.028e-01;1.092e+00;1.090e+00;7.502e-01;1.008e-01;1.000e+01;8.335e-01;1.097e+00;7.632e-01;1.159e-01
20.692958000;1.090e+00;8.335e-01;1.120e-01;7.650e-01;1.028e-01;1.092e+00;1.090e+00;7.502e-01;1.008e-01;1.000e+01;8.335e-01;1.097e+00;7.632e-01;1.159e-01
20.694958000;1.090e+00;8.335e-01;1.121e-01;7.650e-01;1.029e-01;1.092e+00;1.090e+00;7.502e-01;1.009e-01;1.000e+01;8.335e-01;1.097e+00;7.632e-01;1.159e-01
20.695958000;1.090e+00;8.335e-01;1.121e-01;7.650e-01;1.029e-01;1.092e+00;1.090e+00;7.502e-01;1.009e-01;1.000e+01;8.335e-01;1.097e+00;7.631e-01;1.160e-01
20.699958000;1.090e+00;8.335e-01;1.122e-01;7.650e-01;1.030e-01;1.092e+00;1.090e+00;7.502e-01;1.010e-01;1.000e+01;8.335e-01;1.097e+00;7.631e-01;1.161e-01
20.700958000;1.090e+00;8.335e-01;1.122e-01;7.650e-01;1.030e-01;1.093e+00;1.090e+00;7.502e-01;1.010e-01;1.000e+01;8.335e-01;1.097e+00;7.631e-01;1.161e-01
20.703958000;1.090e+00;8.335e-01;1.123e-01;7.650e-01;1.031e-01;1.093e+00;1.090e+00;7.502e-01;1.011e-01;1.000e+01;8.335e-01;1.097e+00;7.631e-01;1.162e-01
20.704958000;1.090e+00;8.335e-01;1.123e-01;7.649e-01;1.031e-01;1.093e+00;1.090e+00;7.502e-01;1.011e-01;1.000e+01;8.335e-01;1.097e+00;7.631e-01;1.162e-01
20.706958000;1.090e+00;8.335e-01;1.124e-01;7.649e-01;1.031e-01;1.093e+00;1.090e+00;7.502e-01;1.012e-01;1.000e+01;8.335e-01;1.097e+00;7.631e-01;1.162e-01
20.707958000;1.090e+00;8.335e-01;1.124e-01;7.649e-01;1.032e-01;1.093e+00;1.090e+00;7.502e-01;1.012e-01;1.000e+01;8.335e-01;1.097e+00;7.630e-01;1.163e-01
20.708958000;1.090e+00;8.335e-01;1.125e-01;7.649e-01;1.032e-01;1.093e+00;1.090e+00;7.502e-01;1.012e-01;1.000e+01;8.335e-01;1.097e+00;7.630e-01;1.163e-01
20.716958000;1.090e+00;8.335e-01;1.127e-01;7.649e-01;1.034e-01;1.093e+00;1.090e+00;7.502e-01;1.014e-01;1.000e+01;8.335e-01;1.097e+00;7.630e-01;1.165e-01
20.717958000;1.090e+00;8.335e-01;1.127e-01;7.648e-01;1.034e-01;1.093e+00;1.090e+00;7.502e-01;1.014e-01;1.000e+01;8.335e-01;1.097e+00;7.630e-01;1.165e-01
20.718958000;1.090e+00;8.335e-01;1.127e-01;7.648e-01;1.034e-01;1.093e+00;1.090e+00;7.502e-01;1.014e-01;1.000e+01;8.335e-01;1.097e+00;7.630e-01;1.165e-01
20.719958000;1.090e+00;8.335e-01;1.127e-01;7.648e-01;1.035e-01;1.093e+00;1.090e+00;7.502e-01;1.015e-01;1.000e+01;8.335e-01;1.097e+00;7.629e-01;1.165e-01
20.724958000;1.090e+00;8.335e-01;1.129e-01;7.648e-01;1.036e-01;1.093e+00;1.090e+00;7.502e-01;1.016e-01;1.000e+01;8.335e-01;1.097e+00;7.629e-01;1.167e-01
20.729958000;1.090e+00;8.335e-01;1.130e-01;7.648e-01;1.037e-01;1.093e+00;1.090e+00;7.502e-01;1.017e-01;1.000e+01;8.335e-01;1.097e+00;7.629e-01;1.168e-01
20.730958000;1.090e+00;8.335e-01;1.130e-01;7.647e-01;1.037e-01;1.093e+00;1.090e+00;7.502e-01;1.017e-01;1.000e+01;8.335e-01;1.097e+00;7.629e-01;1.168e-01
20.731958000;1.090e+00;8.335e-01;1.131e-01;7.647e-01;1.037e-01;1.093e+00;1.090e+00;7.502e-01;1.018e-01;1.000e+01;8.335e-01;1.097e+00;7.629e-01;1.168e-01
20.732958000;1.090e+00;8.335e-01;1.131e-01;7.647e-01;1.038e-01;1.093e+00;1.090e+00;7.502e-01;1.018e-01;1.000e+01;8.335e-01;1.097e+00;7.628e-01;1.168e-01
20.743958000;1.090e+00;8.335e-01;1.134e-01;7.647e-01;1.040e-01;1.093e+00;1.090e+00;7.502e-01;1.020e-01;1.000e+01;8.335e-01;1.097e+00;7.628e-01;1.171e-01
20.744958000;1.090e+00;8.335e-01;1.134e-01;7.646e-01;1.040e-01;1.093e+00;1.090e+00;7.502e-01;1.021e-01;1.000e+01;8.335e-01;1.097e+00;7.628e-01;1.171e-01
20.745958000;1.090e+00;8.335e-01;1.134e-01;7.646e-01;1.040e-01;1.093e+00;1.090e+00;7.502e-01;1.021e-01;1.000e+01;8.335e-01;1.097e+00;7.627e-01;1.171e-01
20.757958000;1.090e+00;8.335e-01;1.137e-01;7.646e-01;1.043e-01;1.093e+00;1.090e+00;7.502e-01;1.023e-01;1.000e+01;8.335e-01;1.097e+00;7.627e-01;1.174e-01
20.758958000;1.090e+00;8.335e-01;1.137e-01;7.645e-01;1.043e-01;1.093e+00;1.090e+00;7.502e-01;1.024e-01;1.000e+01;8.335e-01;1.097e+00;7.627e-01;1.174e-01
20.759958000;1.090e+00;8.335e-01;1.138e-01;7.645e-01;1.044e-01;1.093e+00;1.090e+00;7.502e-01;1.024e-01;1.000e+01;8.335e-01;1.097e+00;7.626e-01;1.174e-01
20.762958000;1.090e+00;8.335e-01;1.138e-01;7.645e-01;1.044e-01;1.093e+00;1.090e+00;7.502e-01;1.025e-01;1.000e+01;8.335e-01;1.097e+00;7.626e-01;1.175e-01
20.767958000;1.090e+00;8.335e-01;1.140e-01;7.645e-01;1.045e-01;1.093e+00;1.090e+00;7.502e-01;1.026e-01;1.000e+01;8.335e-01;1.097e+00;7.626e-01;1.176e-01
20.770958000;1.090e+00;8.335e-01;1.140e-01;7.645e-01;1.046e-01;1.093e+00;1.090e+00;7.502e-01;1.026e-01;1.000e+01;8.335e-01;1.097e+00;7.626e-01;1.176e-01
20.771958000;1.090e+00;8.335e-01;1.140e-01;7.645e-01;1.046e-01;1.093e+00;1.090e+00;7.501e-01;1.026e-01;1.000e+01;8.335e-01;1.097e+00;7.626e-01;1.177e-01
20.772958000;1.090e+00;8.335e-01;1.141e-01;7.645e-01;1.046e-01;1.093e+00;1.090e+00;7.501e-01;1.027e-01;1.000e+01;8.335e-01;1.097e+00;7.626e-01;1.177e-01
20.773958000;1.090e+00;8.335e-01;1.141e-01;7.644e-01;1.046e-01;1.093e+00;1.090e+00;7.501e-01;1.027e-01;1.000e+01;8.335e-01;1.097e+00;7.625e-01;1.177e-01
20.786958000;1.090e+00;8.335e-01;1.144e-01;7.644e-01;1.049e-01;1.093e+00;1.090e+00;7.501e-01;1.030e-01;1.000e+01;8.335e-01;1.097e+00;7.625e-01;1.180e-01
20.787958000;1.090e+00;8.335e-01;1.144e-01;7.644e-01;1.049e-01;1.093e+00;1.090e+00;7.501e-01;1.030e-01;1.000e+01;8.335e-01;1.097e+00;7.624e-01;1.180e-01
20.788958000;1.090e+00;8.335e-01;1.144e-01;7.643e-01;1.049e-01;1.093e+00;1.090e+00;7.501e-01;1.030e-01;1.000e+01;8.335e-01;1.097e+00;7.624e-01;1.180e-01
20.792958000;1.090e+00;8.335e-01;1.145e-01;7.643e-01;1.050e-01;1.093e+00;1.090e+00;7.501e-01;1.031e-01;1.000e+01;8.335e-01;1.097e+00;7.624e-01;1.181e-01
20.793958000;1.091e+00;8.335e-01;1.146e-01;7.643e-01;1.050e-01;1.093e+00;1.091e+00;7.501e-01;1.031e-01;1.000e+01;8.335e-01;1.097e+00;7.624e-01;1.181e-01
20.796958000;1.091e+00;8.335e-01;1.146e-01;7.643e-01;1.051e-01;1.093e+00;1.091e+00;7.501e-01;1.032e-01;1.000e+01;8.335e-01;1.097e+00;7.624e-01;1.182e-01
20.799958000;1.091e+00;8.335e-01;1.147e-01;7.643e-01;1.052e-01;1.093e+00;1.091e+00;7.501e-01;1.032e-01;1.000e+01;8.335e-01;1.097e+00;7.624e-01;1.182e-01
20.800958000;1.091e+00;8.335e-01;1.147e-01;7.643e-01;1.052e-01;1.094e+00;1.091e+00;7.501e-01;1.032e-01;1.000e+01;8.335e-01;1.097e+00;7.624e-01;1.182e-01
20.801958000;1.091e+00;8.335e-01;1.147e-01;7.643e-01;1.052e-01;1.094e+00;1.091e+00;7.501e-01;1.033e-01;1.000e+01;8.335e-01;1.097e+00;7.624e-01;1.182e-01
20.802958000;1.091e+00;8.335e-01;1.148e-01;7.643e-01;1.052e-01;1.094e+00;1.091e+00;7.501e-01;1.033e-01;1.000e+01;8.335e-01;1.097e+00;7.623e-01;1.183e-01
20.803958000;1.091e+00;8.335e-01;1.148e-01;7.643e-01;1.052e-01;1.094e+00;1.091e+00;7.501e-01;1.033e-01;1.000e+01;8.335e-01;1.097e+00;7.623e-01;1.183e-01
20.804958000;1.091e+00;8.335e-01;1.148e-01;7.642e-01;1.053e-01;1.094e+00;1.091e+00;7.501e-01;1.033e-01;1.000e+01;8.335e-01;1.097e+00;7.623e-01;1.183e-01
20.817958000;1.091e+00;8.335e-01;1.151e-01;7.642e-01;1.055e-01;1.094e+00;1.091e+00;7.501e-01;1.036e-01;1.000e+01;8.335e-01;1.097e+00;7.623e-01;1.185e-01
20.818958000;1.091e+00;8.335e-01;1.151e-01;7.642e-01;1.055e-01;1.094e+00;1.091e+00;7.501e-01;1.036e-01;1.000e+01;8.335e-01;1.097e+00;7.622e-01;1.186e-01
20.820958000;1.091e+00;8.335e-01;1.151e-01;7.642e-01;1.056e-01;1.094e+00;1.091e+00;7.501e-01;1.036e-01;1.000e+01;8.335e-01;1.097e+00;7.622e-01;1.186e-01
20.821958000;1.091e+00;8.335e-01;1.152e-01;7.641e-01;1.056e-01;1.094e+00;1.091e+00;7.501e-01;1.036e-01;1.000e+01;8.335e-01;1.097e+00;7.622e-01;1.186e-01
20.833958000;1.091e+00;8.335e-01;1.154e-01;7.641e-01;1.058e-01;1.094e+00;1.091e+00;7.501e-01;1.039e-01;1.000e+01;8.335e-01;1.097e+00;7.622e-01;1.188e-01
20.834958000;1.091e+00;8.335e-01;1.154e-01;7.641e-01;1.058e-01;1.094e+00;1.091e+00;7.501e-01;1.039e-01;1.000e+01;8.335e-01;1.097e+00;7.621e-01;1.188e-01
20.837958000;1.091e+00;8.335e-01;1.155e-01;7.641e-01;1.059e-01;1.094e+00;1.091e+00;7.501e-01;1.039e-01;1.000e+01;8.335e-01;1.097e+00;7.621e-01;1.189e-01
20.838958000;1.091e+00;8.335e-01;1.155e-01;7.640e-01;1.059e-01;1.094e+00;1.091e+00;7.501e-01;1.039e-01;1.000e+01;8.335e-01;1.097e+00;7.621e-01;1.189e-01
20.851958000;1.091e+00;8.335e-01;1.158e-01;7.640e-01;1.061e-01;1.094e+00;1.091e+00;7.501e-01;1.042e-01;1.000e+01;8.335e-01;1.097e+00;7.621e-01;1.191e-01
20.852958000;1.091e+00;8.335e-01;1.158e-01;7.640e-01;1.061e-01;1.094e+00;1.091e+00;7.501e-01;1.042e-01;1.000e+01;8.335e-01;1.097e+00;7.620e-01;1.191e-01
20.855958000;1.091e+00;8.335e-01;1.158e-01;7.640e-01;1.062e-01;1.094e+00;1.091e+00;7.501e-01;1.042e-01;1.000e+01;8.335e-01;1.097e+00;7.620e-01;1.192e-01
20.856958000;1.091e+00;8.335e-01;1.158e-01;7.639e-01;1.062e-01;1.094e+00;1.091e+00;7.501e-01;1.043e-01;1.000e+01;8.335e-01;1.097e+00;7.620e-01;1.192e-01
20.869958000;1.091e+00;8.335e-01;1.161e-01;7.639e-01;1.064e-01;1.094e+00;1.091e+00;7.501e-01;1.045e-01;1.000e+01;8.335e-01;1.097e+00;7.620e-01;1.194e-01
20.870958000;1.091e+00;8.335e-01;1.161e-01;7.639e-01;1.064e-01;1.094e+00;1.091e+00;7.501e-01;1.045e-01;1.000e+01;8.335e-01;1.097e+00;7.619e-01;1.194e-01
20.871958000;1.091e+00;8.335e-01;1.161e-01;7.639e-01;1.064e-01;1.094e+00;1.091e+00;7.501e-01;1.045e-01;1.000e+01;8.335e-01;1.097e+00;7.619e-01;1.195e-01
20.873958000;1.091e+00;8.335e-01;1.162e-01;7.639e-01;1.065e-01;1.094e+00;1.091e+00;7.501e-01;1.045e-01;1.000e+01;8.335e-01;1.097e+00;7.619e-01;1.195e-01
20.874489000;1.091e+00;8.335e-01;1.162e-01;7.639e-01;1.065e-01;1.094e+00;1.091e+00;7.501e-01;1.046e-01;1.000e+01;8.335e-01;1.097e+00;7.619e-01;1.195e-01
20.874741000;1.091e+00;8.335e-01;1.161e-01;7.639e-01;1.064e-01;1.094e+00;1.091e+00;7.501e-01;1.045e-01;1.000e+01;8.335e-01;1.097e+00;7.619e-01;1.195e-01
20.874997000;1.091e+00;8.334e-01;1.161e-01;7.639e-01;1.064e-01;1.094e+00;1.091e+00;7.501e-01;1.045e-01;1.000e+01;8.335e-01;1.097e+00;7.619e-01;1.194e-01
20.875253000;1.091e+00;8.334e-01;1.161e-01;7.638e-01;1.064e-01;1.094e+00;1.091e+00;7.501e-01;1.045e-01;1.000e+01;8.335e-01;1.097e+00;7.619e-01;1.194e-01
20.876224000;1.091e+00;8.334e-01;1.160e-01;7.638e-01;1.064e-01;1.094e+00;1.091e+00;7.501e-01;1.044e-01;1.000e+01;8.335e-01;1.097e+00;7.619e-01;1.194e-01
20.876683000;1.091e+00;8.334e-01;1.160e-01;7.638e-01;1.063e-01;1.094e+00;1.091e+00;7.501e-01;1.044e-01;1.000e+01;8.335e-01;1.097e+00;7.619e-01;1.194e-01
20.877142000;1.091e+00;8.334e-01;1.160e-01;7.638e-01;1.063e-01;1.094e+00;1.091e+00;7.501e-01;1.044e-01;1.000e+01;8.335e-01;1.097e+00;7.619e-01;1.193e-01
20.878978000;1.091e+00;8.334e-01;1.160e-01;7.638e-01;1.063e-01;1.094e+00;1.091e+00;7.501e-01;1.044e-01;1.000e+01;8.335e-01;1.097e+00;7.619e-01;1.193e-01
20.879896000;1.091e+00;8.334e-01;1.160e-01;7.638e-01;1.063e-01;1.094e+00;1.091e+00;7.500e-01;1.044e-01;1.000e+01;8.335e-01;1.097e+00;7.619e-01;1.193e-01
20.902896000;1.091e+00;8.334e-01;1.160e-01;7.638e-01;1.063e-01;1.094e+00;1.091e+00;7.500e-01;1.044e-01;1.000e+01;8.335e-01;1.097e+00;7.619e-01;1.193e-01
20.903896000;1.091e+00;8.333e-01;1.160e-01;7.638e-01;1.063e-01;1.094e+00;1.091e+00;7.500e-01;1.044e-01;1.000e+01;8.335e-01;1.097e+00;7.619e-01;1.193e-01
100.000000000;1.091e+00;8.333e-01;1.160e-01;7.638e-01;1.063e-01;1.094e+00;1.091e+00;7.500e-01;1.044e-01;1.000e+01;8.335e-01;1.097e+00;7.619e-01;1.193e-01
