time;BusPDR_BUS_Voltage;BusPDR_BUS_ActivePower;BusPDR_BUS_ReactivePower;BusPDR_BUS_ActiveCurrent;BusPDR_BUS_ReactiveCurrent;Wind_Turbine_GEN_MagnitudeControlledByAVRPu;Wind_Turbine_GEN_UPuInjTerminal;Wind_Turbine_GEN_IpInjTerminal;Wind_Turbine_GEN_IqInjTerminal;Measurements_BUS_Voltage;Measurements_BUS_ActivePower;Measurements_BUS_ReactivePower;StepUp_Xfmr_XFMR_Tap;Wind_Turbine_GEN_ActivePowerSetpointPu;Wind_Turbine_GEN_ReactivePowerSetpointPu;Wind_Turbine_GEN_VoltageSetpointPu;Wind_Turbine_GEN_NetworkFrequencyPu;NetworkFrequencyPu
0.000000000;1.044e+00;8.295e-01;5.338e-02;7.942e-01;5.111e-02;1.060e+00;1.064e+00;7.996e-01;1.071e-01;1.044e+00;7.465e-01;4.804e-02;1.000e+01;8.333e-01;4.705e-01;1.178e+00;5.000e+01;5.000e+01
0.004676000;1.044e+00;8.413e-01;2.258e-01;8.055e-01;2.162e-01;1.112e+00;1.078e+00;8.011e-01;2.707e-01;1.044e+00;7.572e-01;2.032e-01;1.000e+01;8.333e-01;4.705e-01;1.178e+00;5.000e+01;5.000e+01
0.007373000;1.044e+00;8.449e-01;2.611e-01;8.089e-01;2.500e-01;1.123e+00;1.080e+00;8.026e-01;3.044e-01;1.044e+00;7.604e-01;2.350e-01;1.000e+01;8.333e-01;4.705e-01;1.178e+00;5.000e+01;5.000e+01
0.008064000;1.044e+00;8.455e-01;2.668e-01;8.096e-01;2.554e-01;1.124e+00;1.081e+00;8.030e-01;3.098e-01;1.044e+00;7.610e-01;2.401e-01;1.000e+01;8.333e-01;4.705e-01;1.178e+00;5.000e+01;5.000e+01
0.011059000;1.044e+00;8.478e-01;2.819e-01;8.117e-01;2.699e-01;1.129e+00;1.082e+00;8.043e-01;3.243e-01;1.044e+00;7.630e-01;2.537e-01;1.000e+01;8.333e-01;4.705e-01;1.178e+00;5.000e+01;5.000e+01
0.011453000;1.044e+00;8.480e-01;2.831e-01;8.119e-01;2.711e-01;1.129e+00;1.082e+00;8.044e-01;3.255e-01;1.044e+00;7.632e-01;2.548e-01;1.000e+01;8.333e-01;4.705e-01;1.178e+00;5.000e+01;5.000e+01
0.011481000;1.044e+00;8.481e-01;2.832e-01;8.120e-01;2.711e-01;1.129e+00;1.082e+00;8.044e-01;3.255e-01;1.044e+00;7.632e-01;2.549e-01;1.000e+01;8.333e-01;4.705e-01;1.178e+00;5.000e+01;5.000e+01
0.011577000;1.044e+00;8.481e-01;2.835e-01;8.120e-01;2.714e-01;1.129e+00;1.082e+00;8.045e-01;3.258e-01;1.044e+00;7.633e-01;2.551e-01;1.000e+01;8.333e-01;4.705e-01;1.178e+00;5.000e+01;5.000e+01
0.012473000;1.044e+00;8.486e-01;2.857e-01;8.125e-01;2.735e-01;1.130e+00;1.083e+00;8.048e-01;3.280e-01;1.044e+00;7.637e-01;2.571e-01;1.000e+01;8.333e-01;4.705e-01;1.178e+00;5.000e+01;5.000e+01
0.013241000;1.044e+00;8.489e-01;2.872e-01;8.128e-01;2.750e-01;1.131e+00;1.083e+00;8.050e-01;3.294e-01;1.044e+00;7.640e-01;2.585e-01;1.000e+01;8.333e-01;4.705e-01;1.178e+00;5.000e+01;5.000e+01
0.014009000;1.044e+00;8.492e-01;2.885e-01;8.131e-01;2.762e-01;1.131e+00;1.083e+00;8.052e-01;3.307e-01;1.044e+00;7.643e-01;2.596e-01;1.000e+01;8.333e-01;4.705e-01;1.178e+00;5.000e+01;5.000e+01
0.020511000;1.044e+00;8.505e-01;2.928e-01;8.143e-01;2.804e-01;1.132e+00;1.083e+00;8.062e-01;3.349e-01;1.044e+00;7.655e-01;2.636e-01;1.000e+01;8.333e-01;4.705e-01;1.178e+00;5.000e+01;5.000e+01
0.021433000;1.044e+00;8.506e-01;2.930e-01;8.144e-01;2.806e-01;1.132e+00;1.083e+00;8.063e-01;3.351e-01;1.044e+00;7.655e-01;2.637e-01;1.000e+01;8.333e-01;4.705e-01;1.178e+00;5.000e+01;5.000e+01
0.023276000;1.044e+00;8.506e-01;2.933e-01;8.144e-01;2.808e-01;1.132e+00;1.083e+00;8.063e-01;3.354e-01;1.044e+00;7.655e-01;2.640e-01;1.000e+01;8.333e-01;4.705e-01;1.178e+00;5.000e+01;5.000e+01
0.026041000;1.044e+00;8.504e-01;2.935e-01;8.142e-01;2.811e-01;1.133e+00;1.083e+00;8.061e-01;3.356e-01;1.044e+00;7.654e-01;2.642e-01;1.000e+01;8.333e-01;4.705e-01;1.178e+00;5.000e+01;5.000e+01
0.035257000;1.044e+00;8.486e-01;2.940e-01;8.125e-01;2.815e-01;1.133e+00;1.083e+00;8.044e-01;3.358e-01;1.044e+00;7.637e-01;2.646e-01;1.000e+01;8.333e-01;4.705e-01;1.178e+00;5.000e+01;5.000e+01
0.036916000;1.044e+00;8.481e-01;2.941e-01;8.120e-01;2.816e-01;1.133e+00;1.083e+00;8.039e-01;3.358e-01;1.044e+00;7.633e-01;2.647e-01;1.000e+01;8.333e-01;4.705e-01;1.178e+00;5.000e+01;5.000e+01
0.063160000;1.044e+00;8.387e-01;2.959e-01;8.030e-01;2.833e-01;1.133e+00;1.083e+00;7.951e-01;3.365e-01;1.044e+00;7.548e-01;2.663e-01;1.000e+01;8.333e-01;4.705e-01;1.178e+00;5.000e+01;5.000e+01
0.064160000;1.044e+00;8.385e-01;2.960e-01;8.028e-01;2.834e-01;1.133e+00;1.083e+00;7.948e-01;3.365e-01;1.044e+00;7.546e-01;2.664e-01;1.000e+01;8.333e-01;4.705e-01;1.178e+00;5.000e+01;5.000e+01
0.065160000;1.044e+00;8.382e-01;2.960e-01;8.025e-01;2.834e-01;1.133e+00;1.083e+00;7.946e-01;3.365e-01;1.044e+00;7.544e-01;2.664e-01;1.000e+01;8.333e-01;4.705e-01;1.178e+00;5.000e+01;5.000e+01
0.073160000;1.044e+00;8.368e-01;2.964e-01;8.012e-01;2.838e-01;1.133e+00;1.083e+00;7.933e-01;3.367e-01;1.044e+00;7.531e-01;2.667e-01;1.000e+01;8.333e-01;4.705e-01;1.178e+00;5.000e+01;5.000e+01
0.078160000;1.044e+00;8.364e-01;2.965e-01;8.008e-01;2.839e-01;1.133e+00;1.083e+00;7.929e-01;3.367e-01;1.044e+00;7.527e-01;2.669e-01;1.000e+01;8.333e-01;4.705e-01;1.178e+00;5.000e+01;5.000e+01
0.080160000;1.044e+00;8.363e-01;2.965e-01;8.007e-01;2.839e-01;1.133e+00;1.083e+00;7.928e-01;3.367e-01;1.044e+00;7.526e-01;2.669e-01;1.000e+01;8.333e-01;4.705e-01;1.178e+00;5.000e+01;5.000e+01
0.081160000;1.044e+00;8.362e-01;2.965e-01;8.007e-01;2.839e-01;1.133e+00;1.083e+00;7.928e-01;3.367e-01;1.044e+00;7.526e-01;2.669e-01;1.000e+01;8.333e-01;4.705e-01;1.178e+00;5.000e+01;5.000e+01
0.082160000;1.044e+00;8.362e-01;2.966e-01;8.006e-01;2.839e-01;1.133e+00;1.083e+00;7.927e-01;3.368e-01;1.044e+00;7.526e-01;2.669e-01;1.000e+01;8.333e-01;4.705e-01;1.178e+00;5.000e+01;5.000e+01
0.084160000;1.044e+00;8.362e-01;2.966e-01;8.006e-01;2.840e-01;1.133e+00;1.083e+00;7.927e-01;3.368e-01;1.044e+00;7.526e-01;2.669e-01;1.000e+01;8.333e-01;4.705e-01;1.178e+00;5.000e+01;5.000e+01
0.140160000;1.044e+00;8.387e-01;2.961e-01;8.030e-01;2.835e-01;1.133e+00;1.083e+00;7.951e-01;3.366e-01;1.044e+00;7.549e-01;2.665e-01;1.000e+01;8.333e-01;4.705e-01;1.178e+00;5.000e+01;5.000e+01
0.144160000;1.044e+00;8.387e-01;2.961e-01;8.030e-01;2.835e-01;1.133e+00;1.083e+00;7.951e-01;3.366e-01;1.044e+00;7.548e-01;2.665e-01;1.000e+01;8.333e-01;4.705e-01;1.178e+00;5.000e+01;5.000e+01
0.146160000;1.044e+00;8.387e-01;2.961e-01;8.030e-01;2.835e-01;1.133e+00;1.083e+00;7.950e-01;3.366e-01;1.044e+00;7.548e-01;2.665e-01;1.000e+01;8.333e-01;4.705e-01;1.178e+00;5.000e+01;5.000e+01
0.628160000;1.044e+00;8.355e-01;2.967e-01;8.000e-01;2.841e-01;1.133e+00;1.083e+00;7.921e-01;3.368e-01;1.044e+00;7.520e-01;2.670e-01;1.000e+01;8.333e-01;4.705e-01;1.178e+00;5.000e+01;5.000e+01
0.642160000;1.044e+00;8.355e-01;2.967e-01;7.999e-01;2.841e-01;1.133e+00;1.083e+00;7.921e-01;3.368e-01;1.044e+00;7.519e-01;2.671e-01;1.000e+01;8.333e-01;4.705e-01;1.178e+00;5.000e+01;5.000e+01
1.549342000;1.044e+00;8.338e-01;2.971e-01;7.984e-01;2.844e-01;1.134e+00;1.083e+00;7.905e-01;3.369e-01;1.044e+00;7.505e-01;2.673e-01;1.000e+01;8.333e-01;4.705e-01;1.178e+00;5.000e+01;5.000e+01
1.568342000;1.044e+00;8.338e-01;2.971e-01;7.984e-01;2.844e-01;1.134e+00;1.083e+00;7.905e-01;3.370e-01;1.044e+00;7.504e-01;2.674e-01;1.000e+01;8.333e-01;4.705e-01;1.178e+00;5.000e+01;5.000e+01
1.571342000;1.044e+00;8.338e-01;2.971e-01;7.983e-01;2.844e-01;1.134e+00;1.083e+00;7.905e-01;3.370e-01;1.044e+00;7.504e-01;2.674e-01;1.000e+01;8.333e-01;4.705e-01;1.178e+00;5.000e+01;5.000e+01
1.792342000;1.044e+00;8.337e-01;2.971e-01;7.982e-01;2.844e-01;1.134e+00;1.083e+00;7.903e-01;3.370e-01;1.044e+00;7.503e-01;2.674e-01;1.000e+01;8.333e-01;4.705e-01;1.178e+00;5.000e+01;5.000e+01
19.990000000;1.044e+00;8.333e-01;2.972e-01;7.979e-01;2.845e-01;1.134e+00;1.083e+00;7.900e-01;3.370e-01;1.044e+00;7.500e-01;2.674e-01;1.000e+01;8.333e-01;4.705e-01;1.178e+00;5.000e+01;5.000e+01
19.990004000;1.044e+00;8.334e-01;2.972e-01;7.979e-01;2.845e-01;1.134e+00;1.083e+00;7.900e-01;3.370e-01;1.044e+00;7.500e-01;2.675e-01;1.000e+01;8.333e-01;4.705e-01;1.178e+00;5.000e+01;5.000e+01
19.990025000;1.045e+00;8.336e-01;2.972e-01;7.979e-01;2.845e-01;1.134e+00;1.083e+00;7.900e-01;3.370e-01;1.045e+00;7.502e-01;2.675e-01;1.000e+01;8.333e-01;4.705e-01;1.178e+00;5.000e+01;5.000e+01
19.990029000;1.045e+00;8.336e-01;2.973e-01;7.979e-01;2.845e-01;1.134e+00;1.084e+00;7.900e-01;3.370e-01;1.045e+00;7.503e-01;2.675e-01;1.000e+01;8.333e-01;4.705e-01;1.178e+00;5.000e+01;5.000e+01
19.990053000;1.045e+00;8.339e-01;2.973e-01;7.979e-01;2.845e-01;1.134e+00;1.084e+00;7.900e-01;3.369e-01;1.045e+00;7.505e-01;2.676e-01;1.000e+01;8.333e-01;4.705e-01;1.178e+00;5.000e+01;5.000e+01
19.990117000;1.046e+00;8.345e-01;2.974e-01;7.979e-01;2.843e-01;1.135e+00;1.085e+00;7.900e-01;3.368e-01;1.046e+00;7.511e-01;2.677e-01;1.000e+01;8.333e-01;4.705e-01;1.178e+00;5.000e+01;5.000e+01
19.990181000;1.047e+00;8.352e-01;2.974e-01;7.978e-01;2.841e-01;1.136e+00;1.085e+00;7.901e-01;3.365e-01;1.047e+00;7.516e-01;2.676e-01;1.000e+01;8.333e-01;4.705e-01;1.178e+00;5.000e+01;5.000e+01
19.991737000;1.067e+00;8.489e-01;2.683e-01;7.958e-01;2.515e-01;1.147e+00;1.103e+00;7.902e-01;3.034e-01;1.067e+00;7.640e-01;2.415e-01;1.000e+01;8.333e-01;4.705e-01;1.178e+00;5.000e+01;5.000e+01
19.992449000;1.076e+00;8.541e-01;2.395e-01;7.940e-01;2.226e-01;1.148e+00;1.109e+00;7.900e-01;2.743e-01;1.076e+00;7.687e-01;2.155e-01;1.000e+01;8.333e-01;4.705e-01;1.178e+00;5.000e+01;5.000e+01
19.996906000;1.133e+00;8.767e-01;-8.137e-02;7.740e-01;-7.184e-02;1.108e+00;1.141e+00;7.872e-01;-2.014e-02;1.133e+00;7.890e-01;-7.323e-02;1.000e+01;8.333e-01;4.705e-01;1.178e+00;5.000e+01;5.000e+01
19.997162000;1.136e+00;8.775e-01;-1.050e-01;7.725e-01;-9.240e-02;1.104e+00;1.143e+00;7.869e-01;-4.069e-02;1.136e+00;7.898e-01;-9.447e-02;1.000e+01;8.333e-01;4.705e-01;1.178e+00;5.000e+01;5.000e+01
19.997674000;1.142e+00;8.791e-01;-1.534e-01;7.695e-01;-1.342e-01;1.096e+00;1.146e+00;7.864e-01;-8.250e-02;1.142e+00;7.912e-01;-1.380e-01;1.000e+01;8.333e-01;4.705e-01;1.178e+00;5.000e+01;5.000e+01
19.998698000;1.156e+00;8.818e-01;-2.546e-01;7.631e-01;-2.204e-01;1.079e+00;1.151e+00;7.852e-01;-1.685e-01;1.156e+00;7.936e-01;-2.292e-01;1.000e+01;8.333e-01;4.705e-01;1.178e+00;5.000e+01;5.000e+01
20.002044000;1.198e+00;8.868e-01;-6.192e-01;7.400e-01;-5.167e-01;1.013e+00;1.169e+00;7.804e-01;-4.647e-01;1.198e+00;7.981e-01;-5.573e-01;1.000e+01;8.333e-01;4.705e-01;1.178e+00;5.000e+01;5.000e+01
20.002966000;1.210e+00;8.872e-01;-7.270e-01;7.331e-01;-6.008e-01;9.920e-01;1.173e+00;7.788e-01;-5.488e-01;1.210e+00;7.984e-01;-6.543e-01;1.000e+01;8.333e-01;4.705e-01;1.178e+00;5.000e+01;5.000e+01
20.005051000;1.237e+00;8.866e-01;-9.810e-01;7.169e-01;-7.932e-01;9.425e-01;1.184e+00;7.751e-01;-7.412e-01;1.237e+00;7.980e-01;-8.829e-01;1.000e+01;8.333e-01;4.705e-01;1.178e+00;5.000e+01;5.000e+01
20.006891000;1.260e+00;8.846e-01;-1.216e+00;7.019e-01;-9.646e-01;8.956e-01;1.193e+00;7.714e-01;-9.127e-01;1.260e+00;7.962e-01;-1.094e+00;1.000e+01;8.333e-01;4.705e-01;1.178e+00;5.000e+01;5.000e+01
20.007803000;1.272e+00;8.831e-01;-1.335e+00;6.943e-01;-1.050e+00;8.713e-01;1.197e+00;7.694e-01;-9.980e-01;1.272e+00;7.948e-01;-1.202e+00;1.000e+01;8.333e-01;4.705e-01;1.178e+00;5.000e+01;5.000e+01
20.007807000;1.272e+00;8.831e-01;-1.335e+00;6.943e-01;-1.050e+00;8.714e-01;1.197e+00;7.694e-01;-9.980e-01;1.272e+00;7.948e-01;-1.202e+00;1.000e+01;8.333e-01;4.705e-01;1.178e+00;5.000e+01;5.000e+01
20.009988000;1.300e+00;8.947e-01;-1.365e+00;6.883e-01;-1.050e+00;8.905e-01;1.225e+00;7.616e-01;-9.997e-01;1.300e+00;8.052e-01;-1.228e+00;1.000e+01;8.333e-01;4.705e-01;1.178e+00;5.000e+01;5.000e+01
20.009996000;1.300e+00;8.948e-01;-1.365e+00;6.883e-01;-1.050e+00;8.906e-01;1.225e+00;7.615e-01;-9.997e-01;1.300e+00;8.053e-01;-1.228e+00;1.000e+01;8.333e-01;4.705e-01;1.178e+00;5.000e+01;5.000e+01
20.010000000;1.300e+00;8.948e-01;-1.365e+00;6.883e-01;-1.050e+00;8.906e-01;1.225e+00;7.615e-01;-9.997e-01;1.300e+00;8.053e-01;-1.228e+00;1.000e+01;8.333e-01;4.705e-01;1.178e+00;5.000e+01;5.000e+01
20.010004000;1.300e+00;8.947e-01;-1.365e+00;6.883e-01;-1.050e+00;8.906e-01;1.225e+00;7.615e-01;-9.997e-01;1.300e+00;8.053e-01;-1.228e+00;1.000e+01;8.333e-01;4.705e-01;1.178e+00;5.000e+01;5.000e+01
20.010465000;1.300e+00;8.931e-01;-1.365e+00;6.870e-01;-1.050e+00;8.906e-01;1.225e+00;7.601e-01;-9.998e-01;1.300e+00;8.037e-01;-1.228e+00;1.000e+01;8.333e-01;4.705e-01;1.178e+00;5.000e+01;5.000e+01
20.010849000;1.300e+00;8.916e-01;-1.365e+00;6.859e-01;-1.050e+00;8.906e-01;1.225e+00;7.590e-01;-9.998e-01;1.300e+00;8.025e-01;-1.228e+00;1.000e+01;8.333e-01;4.705e-01;1.178e+00;5.000e+01;5.000e+01
20.013422000;1.300e+00;8.818e-01;-1.364e+00;6.783e-01;-1.049e+00;8.908e-01;1.225e+00;7.509e-01;-1.000e+00;1.300e+00;7.937e-01;-1.228e+00;1.000e+01;8.333e-01;4.705e-01;1.178e+00;5.000e+01;5.000e+01
20.016325000;1.300e+00;8.709e-01;-1.363e+00;6.699e-01;-1.049e+00;8.911e-01;1.225e+00;7.419e-01;-1.001e+00;1.300e+00;7.838e-01;-1.227e+00;1.000e+01;8.333e-01;4.705e-01;1.178e+00;5.000e+01;5.000e+01
20.018908000;1.300e+00;8.618e-01;-1.362e+00;6.629e-01;-1.048e+00;8.913e-01;1.224e+00;7.344e-01;-1.001e+00;1.300e+00;7.756e-01;-1.226e+00;1.000e+01;8.333e-01;4.705e-01;1.178e+00;5.000e+01;5.000e+01
20.027341000;1.300e+00;8.378e-01;-1.360e+00;6.445e-01;-1.046e+00;8.920e-01;1.224e+00;7.146e-01;-1.001e+00;1.300e+00;7.540e-01;-1.224e+00;1.000e+01;8.333e-01;4.705e-01;1.178e+00;5.000e+01;5.000e+01
20.027546000;1.300e+00;8.373e-01;-1.360e+00;6.441e-01;-1.046e+00;8.920e-01;1.224e+00;7.142e-01;-1.001e+00;1.300e+00;7.536e-01;-1.224e+00;1.000e+01;8.333e-01;4.705e-01;1.178e+00;5.000e+01;5.000e+01
20.029192000;1.300e+00;8.337e-01;-1.359e+00;6.413e-01;-1.046e+00;8.922e-01;1.224e+00;7.111e-01;-1.001e+00;1.300e+00;7.503e-01;-1.224e+00;1.000e+01;8.333e-01;4.705e-01;1.178e+00;5.000e+01;5.000e+01
20.033512000;1.300e+00;8.254e-01;-1.358e+00;6.349e-01;-1.045e+00;8.925e-01;1.224e+00;7.043e-01;-1.001e+00;1.300e+00;7.429e-01;-1.223e+00;1.000e+01;8.333e-01;4.705e-01;1.178e+00;5.000e+01;5.000e+01
20.034408000;1.300e+00;8.239e-01;-1.358e+00;6.338e-01;-1.045e+00;8.925e-01;1.224e+00;7.030e-01;-1.001e+00;1.300e+00;7.415e-01;-1.222e+00;1.000e+01;8.333e-01;4.705e-01;1.178e+00;5.000e+01;5.000e+01
20.040004000;1.300e+00;8.159e-01;-1.357e+00;6.276e-01;-1.044e+00;8.928e-01;1.224e+00;6.964e-01;-1.001e+00;1.300e+00;7.343e-01;-1.222e+00;1.000e+01;8.333e-01;4.705e-01;1.178e+00;5.000e+01;5.000e+01
20.040012000;1.300e+00;8.158e-01;-1.357e+00;6.276e-01;-1.044e+00;8.928e-01;1.224e+00;6.964e-01;-1.001e+00;1.300e+00;7.343e-01;-1.222e+00;1.000e+01;8.333e-01;4.705e-01;1.178e+00;5.000e+01;5.000e+01
20.040028000;1.300e+00;8.158e-01;-1.357e+00;6.276e-01;-1.044e+00;8.928e-01;1.224e+00;6.964e-01;-1.001e+00;1.300e+00;7.342e-01;-1.221e+00;1.000e+01;8.333e-01;4.705e-01;1.178e+00;5.000e+01;5.000e+01
20.040060000;1.300e+00;8.157e-01;-1.357e+00;6.275e-01;-1.044e+00;8.927e-01;1.224e+00;6.963e-01;-1.001e+00;1.300e+00;7.341e-01;-1.221e+00;1.000e+01;8.333e-01;4.705e-01;1.178e+00;5.000e+01;5.000e+01
20.040199000;1.300e+00;8.153e-01;-1.357e+00;6.274e-01;-1.044e+00;8.925e-01;1.224e+00;6.962e-01;-1.001e+00;1.300e+00;7.338e-01;-1.221e+00;1.000e+01;8.333e-01;4.705e-01;1.178e+00;5.000e+01;5.000e+01
20.040247000;1.299e+00;8.152e-01;-1.357e+00;6.274e-01;-1.044e+00;8.924e-01;1.223e+00;6.962e-01;-1.001e+00;1.299e+00;7.337e-01;-1.221e+00;1.000e+01;8.333e-01;4.705e-01;1.178e+00;5.000e+01;5.000e+01
20.043767000;1.291e+00;8.059e-01;-1.347e+00;6.244e-01;-1.044e+00;8.865e-01;1.215e+00;6.935e-01;-1.000e+00;1.291e+00;7.253e-01;-1.212e+00;1.000e+01;8.333e-01;4.705e-01;1.178e+00;5.000e+01;5.000e+01
20.049859000;1.275e+00;7.928e-01;-1.331e+00;6.216e-01;-1.043e+00;8.761e-01;1.199e+00;6.911e-01;-9.999e-01;1.275e+00;7.135e-01;-1.198e+00;1.000e+01;8.333e-01;4.705e-01;1.178e+00;5.000e+01;5.000e+01
20.050028000;1.275e+00;7.924e-01;-1.330e+00;6.216e-01;-1.043e+00;8.758e-01;1.199e+00;6.911e-01;-9.999e-01;1.275e+00;7.132e-01;-1.197e+00;1.000e+01;8.333e-01;4.705e-01;1.178e+00;5.000e+01;5.000e+01
20.050124000;1.275e+00;7.923e-01;-1.330e+00;6.215e-01;-1.043e+00;8.757e-01;1.199e+00;6.911e-01;-9.999e-01;1.275e+00;7.130e-01;-1.197e+00;1.000e+01;8.333e-01;4.705e-01;1.178e+00;5.000e+01;5.000e+01
20.053068000;1.267e+00;7.874e-01;-1.322e+00;6.213e-01;-1.044e+00;8.706e-01;1.191e+00;6.912e-01;-9.997e-01;1.267e+00;7.087e-01;-1.190e+00;1.000e+01;8.333e-01;4.705e-01;1.178e+00;5.000e+01;5.000e+01
20.057164000;1.257e+00;7.821e-01;-1.312e+00;6.221e-01;-1.044e+00;8.635e-01;1.181e+00;6.926e-01;-9.995e-01;1.257e+00;7.039e-01;-1.181e+00;1.000e+01;8.333e-01;4.705e-01;1.178e+00;5.000e+01;5.000e+01
20.059940000;1.250e+00;7.793e-01;-1.305e+00;6.233e-01;-1.044e+00;8.586e-01;1.174e+00;6.943e-01;-9.993e-01;1.250e+00;7.014e-01;-1.175e+00;1.000e+01;8.333e-01;4.705e-01;1.178e+00;5.000e+01;5.000e+01
20.059996000;1.250e+00;7.793e-01;-1.305e+00;6.234e-01;-1.044e+00;8.586e-01;1.174e+00;6.943e-01;-9.993e-01;1.250e+00;7.013e-01;-1.175e+00;1.000e+01;8.333e-01;4.705e-01;1.178e+00;5.000e+01;5.000e+01
20.059996000;1.250e+00;7.792e-01;-1.305e+00;6.234e-01;-1.044e+00;8.585e-01;1.174e+00;6.943e-01;-9.993e-01;1.250e+00;7.013e-01;-1.174e+00;1.000e+01;8.333e-01;4.705e-01;1.178e+00;5.000e+01;5.000e+01
20.079384000;1.250e+00;7.956e-01;-1.307e+00;6.365e-01;-1.046e+00;8.579e-01;1.174e+00;7.085e-01;-9.996e-01;1.250e+00;7.160e-01;-1.176e+00;1.000e+01;8.333e-01;4.705e-01;1.178e+00;5.000e+01;5.000e+01
20.081399000;1.250e+00;7.971e-01;-1.307e+00;6.377e-01;-1.046e+00;8.578e-01;1.174e+00;7.097e-01;-9.996e-01;1.250e+00;7.174e-01;-1.177e+00;1.000e+01;8.333e-01;4.705e-01;1.178e+00;5.000e+01;5.000e+01
20.082071000;1.250e+00;7.976e-01;-1.307e+00;6.380e-01;-1.046e+00;8.578e-01;1.174e+00;7.101e-01;-9.996e-01;1.250e+00;7.178e-01;-1.177e+00;1.000e+01;8.333e-01;4.705e-01;1.178e+00;5.000e+01;5.000e+01
20.129835000;1.250e+00;8.281e-01;-1.311e+00;6.625e-01;-1.049e+00;8.567e-01;1.174e+00;7.365e-01;-9.997e-01;1.250e+00;7.453e-01;-1.180e+00;1.000e+01;8.333e-01;4.705e-01;1.178e+00;5.000e+01;5.000e+01
20.130835000;1.250e+00;8.287e-01;-1.311e+00;6.630e-01;-1.049e+00;8.567e-01;1.174e+00;7.370e-01;-9.997e-01;1.250e+00;7.458e-01;-1.180e+00;1.000e+01;8.333e-01;4.705e-01;1.178e+00;5.000e+01;5.000e+01
20.131835000;1.250e+00;8.293e-01;-1.311e+00;6.634e-01;-1.049e+00;8.567e-01;1.174e+00;7.375e-01;-9.997e-01;1.250e+00;7.464e-01;-1.180e+00;1.000e+01;8.333e-01;4.705e-01;1.178e+00;5.000e+01;5.000e+01
20.132835000;1.250e+00;8.299e-01;-1.311e+00;6.639e-01;-1.049e+00;8.567e-01;1.174e+00;7.380e-01;-9.997e-01;1.250e+00;7.469e-01;-1.180e+00;1.000e+01;8.333e-01;4.705e-01;1.178e+00;5.000e+01;5.000e+01
20.144835000;1.250e+00;8.351e-01;-1.312e+00;6.681e-01;-1.049e+00;8.564e-01;1.174e+00;7.425e-01;-9.998e-01;1.250e+00;7.516e-01;-1.181e+00;1.000e+01;8.333e-01;4.705e-01;1.178e+00;5.000e+01;5.000e+01
20.145835000;1.250e+00;8.354e-01;-1.312e+00;6.683e-01;-1.050e+00;8.564e-01;1.174e+00;7.428e-01;-9.998e-01;1.250e+00;7.518e-01;-1.181e+00;1.000e+01;8.333e-01;4.705e-01;1.178e+00;5.000e+01;5.000e+01
20.155298000;1.250e+00;8.370e-01;-1.312e+00;6.696e-01;-1.050e+00;8.563e-01;1.174e+00;7.442e-01;-9.999e-01;1.250e+00;7.533e-01;-1.181e+00;1.000e+01;8.333e-01;4.705e-01;1.178e+00;5.000e+01;5.000e+01
20.157298000;1.250e+00;8.371e-01;-1.312e+00;6.697e-01;-1.050e+00;8.563e-01;1.174e+00;7.442e-01;-9.999e-01;1.250e+00;7.534e-01;-1.181e+00;1.000e+01;8.333e-01;4.705e-01;1.178e+00;5.000e+01;5.000e+01
20.209240000;1.250e+00;8.297e-01;-1.312e+00;6.638e-01;-1.049e+00;8.565e-01;1.174e+00;7.379e-01;-1.000e+00;1.250e+00;7.467e-01;-1.180e+00;1.000e+01;8.333e-01;4.705e-01;1.178e+00;5.000e+01;5.000e+01
20.210240000;1.250e+00;8.297e-01;-1.312e+00;6.637e-01;-1.049e+00;8.565e-01;1.174e+00;7.379e-01;-1.000e+00;1.250e+00;7.467e-01;-1.180e+00;1.000e+01;8.333e-01;4.705e-01;1.178e+00;5.000e+01;5.000e+01
20.212240000;1.250e+00;8.296e-01;-1.312e+00;6.637e-01;-1.049e+00;8.565e-01;1.174e+00;7.378e-01;-1.000e+00;1.250e+00;7.467e-01;-1.180e+00;1.000e+01;8.333e-01;4.705e-01;1.178e+00;5.000e+01;5.000e+01
20.265240000;1.250e+00;8.314e-01;-1.312e+00;6.651e-01;-1.049e+00;8.565e-01;1.174e+00;7.393e-01;-1.000e+00;1.250e+00;7.482e-01;-1.181e+00;1.000e+01;8.333e-01;4.705e-01;1.178e+00;5.000e+01;5.000e+01
20.270240000;1.250e+00;8.314e-01;-1.312e+00;6.651e-01;-1.049e+00;8.565e-01;1.174e+00;7.393e-01;-1.000e+00;1.250e+00;7.483e-01;-1.181e+00;1.000e+01;8.333e-01;4.705e-01;1.178e+00;5.000e+01;5.000e+01
20.748240000;1.250e+00;8.324e-01;-1.312e+00;6.659e-01;-1.049e+00;8.565e-01;1.174e+00;7.402e-01;-1.000e+00;1.250e+00;7.491e-01;-1.181e+00;1.000e+01;8.333e-01;4.705e-01;1.178e+00;5.000e+01;5.000e+01
20.772240000;1.250e+00;8.324e-01;-1.312e+00;6.659e-01;-1.049e+00;8.565e-01;1.174e+00;7.402e-01;-1.000e+00;1.250e+00;7.492e-01;-1.181e+00;1.000e+01;8.333e-01;4.705e-01;1.178e+00;5.000e+01;5.000e+01
22.489998000;1.250e+00;8.333e-01;-1.312e+00;6.666e-01;-1.050e+00;8.564e-01;1.174e+00;7.410e-01;-1.000e+00;1.250e+00;7.500e-01;-1.181e+00;1.000e+01;8.333e-01;4.705e-01;1.178e+00;5.000e+01;5.000e+01
22.490004000;1.250e+00;8.333e-01;-1.312e+00;6.666e-01;-1.050e+00;8.564e-01;1.174e+00;7.410e-01;-1.000e+00;1.250e+00;7.499e-01;-1.181e+00;1.000e+01;8.333e-01;4.705e-01;1.178e+00;5.000e+01;5.000e+01
22.490012000;1.250e+00;8.332e-01;-1.312e+00;6.666e-01;-1.050e+00;8.564e-01;1.174e+00;7.410e-01;-1.000e+00;1.250e+00;7.499e-01;-1.181e+00;1.000e+01;8.333e-01;4.705e-01;1.178e+00;5.000e+01;5.000e+01
22.490028000;1.250e+00;8.332e-01;-1.312e+00;6.666e-01;-1.050e+00;8.563e-01;1.174e+00;7.410e-01;-1.000e+00;1.250e+00;7.499e-01;-1.181e+00;1.000e+01;8.333e-01;4.705e-01;1.178e+00;5.000e+01;5.000e+01
22.490060000;1.250e+00;8.331e-01;-1.312e+00;6.666e-01;-1.050e+00;8.562e-01;1.174e+00;7.410e-01;-1.000e+00;1.250e+00;7.498e-01;-1.180e+00;1.000e+01;8.333e-01;4.705e-01;1.178e+00;5.000e+01;5.000e+01
22.490188000;1.249e+00;8.326e-01;-1.311e+00;6.666e-01;-1.050e+00;8.558e-01;1.174e+00;7.410e-01;-1.000e+00;1.249e+00;7.494e-01;-1.180e+00;1.000e+01;8.333e-01;4.705e-01;1.178e+00;5.000e+01;5.000e+01
22.490252000;1.249e+00;8.324e-01;-1.311e+00;6.666e-01;-1.050e+00;8.556e-01;1.173e+00;7.410e-01;-1.000e+00;1.249e+00;7.492e-01;-1.180e+00;1.000e+01;8.333e-01;4.705e-01;1.178e+00;5.000e+01;5.000e+01
22.493409000;1.233e+00;8.219e-01;-1.294e+00;6.666e-01;-1.050e+00;8.447e-01;1.157e+00;7.419e-01;-9.994e-01;1.233e+00;7.398e-01;-1.165e+00;1.000e+01;8.333e-01;4.705e-01;1.178e+00;5.000e+01;5.000e+01
22.501836000;1.191e+00;7.982e-01;-1.251e+00;6.703e-01;-1.051e+00;8.154e-01;1.115e+00;7.484e-01;-9.984e-01;1.191e+00;7.184e-01;-1.126e+00;1.000e+01;8.333e-01;4.705e-01;1.178e+00;5.000e+01;5.000e+01
22.501837000;1.191e+00;7.982e-01;-1.251e+00;6.703e-01;-1.051e+00;8.154e-01;1.115e+00;7.484e-01;-9.983e-01;1.191e+00;7.184e-01;-1.126e+00;1.000e+01;8.333e-01;4.705e-01;1.178e+00;5.000e+01;5.000e+01
22.501840000;1.191e+00;7.982e-01;-1.251e+00;6.703e-01;-1.051e+00;8.155e-01;1.115e+00;7.484e-01;-9.981e-01;1.191e+00;7.184e-01;-1.126e+00;1.000e+01;8.333e-01;4.705e-01;1.178e+00;5.000e+01;5.000e+01
22.501844000;1.191e+00;7.983e-01;-1.251e+00;6.704e-01;-1.050e+00;8.156e-01;1.115e+00;7.484e-01;-9.978e-01;1.191e+00;7.184e-01;-1.126e+00;1.000e+01;8.333e-01;4.705e-01;1.178e+00;5.000e+01;5.000e+01
22.504618000;1.177e+00;8.043e-01;-1.042e+00;6.834e-01;-8.853e-01;8.643e-01;1.116e+00;7.494e-01;-8.333e-01;1.177e+00;7.238e-01;-9.377e-01;1.000e+01;8.333e-01;4.705e-01;1.178e+00;5.000e+01;5.000e+01
22.505386000;1.173e+00;8.055e-01;-9.929e-01;6.866e-01;-8.464e-01;8.752e-01;1.115e+00;7.499e-01;-7.945e-01;1.173e+00;7.249e-01;-8.936e-01;1.000e+01;8.333e-01;4.705e-01;1.178e+00;5.000e+01;5.000e+01
22.505514000;1.172e+00;8.056e-01;-9.850e-01;6.872e-01;-8.401e-01;8.769e-01;1.115e+00;7.500e-01;-7.882e-01;1.172e+00;7.251e-01;-8.865e-01;1.000e+01;8.333e-01;4.705e-01;1.178e+00;5.000e+01;5.000e+01
22.507306000;1.163e+00;8.078e-01;-8.807e-01;6.943e-01;-7.570e-01;8.993e-01;1.113e+00;7.514e-01;-7.051e-01;1.163e+00;7.270e-01;-7.926e-01;1.000e+01;8.333e-01;4.705e-01;1.178e+00;5.000e+01;5.000e+01
22.509866000;1.151e+00;8.099e-01;-7.465e-01;7.039e-01;-6.488e-01;9.267e-01;1.109e+00;7.538e-01;-5.970e-01;1.151e+00;7.289e-01;-6.719e-01;1.000e+01;8.333e-01;4.705e-01;1.178e+00;5.000e+01;5.000e+01
22.509983000;1.150e+00;8.100e-01;-7.407e-01;7.043e-01;-6.440e-01;9.279e-01;1.109e+00;7.539e-01;-5.922e-01;1.150e+00;7.290e-01;-6.666e-01;1.000e+01;8.333e-01;4.705e-01;1.178e+00;5.000e+01;5.000e+01
22.510003000;1.150e+00;8.100e-01;-7.397e-01;7.044e-01;-6.432e-01;9.281e-01;1.109e+00;7.539e-01;-5.914e-01;1.150e+00;7.290e-01;-6.657e-01;1.000e+01;8.333e-01;4.705e-01;1.178e+00;5.000e+01;5.000e+01
22.510699000;1.150e+00;8.128e-01;-7.102e-01;7.068e-01;-6.175e-01;9.369e-01;1.111e+00;7.545e-01;-5.659e-01;1.150e+00;7.315e-01;-6.392e-01;1.000e+01;8.333e-01;4.705e-01;1.178e+00;5.000e+01;5.000e+01
22.511467000;1.150e+00;8.154e-01;-6.834e-01;7.091e-01;-5.943e-01;9.450e-01;1.113e+00;7.552e-01;-5.427e-01;1.150e+00;7.339e-01;-6.151e-01;1.000e+01;8.333e-01;4.705e-01;1.178e+00;5.000e+01;5.000e+01
22.513976000;1.150e+00;8.221e-01;-6.263e-01;7.149e-01;-5.446e-01;9.621e-01;1.118e+00;7.577e-01;-4.931e-01;1.150e+00;7.399e-01;-5.637e-01;1.000e+01;8.333e-01;4.705e-01;1.178e+00;5.000e+01;5.000e+01
22.516741000;1.150e+00;8.275e-01;-5.954e-01;7.195e-01;-5.178e-01;9.714e-01;1.120e+00;7.606e-01;-4.662e-01;1.150e+00;7.447e-01;-5.359e-01;1.000e+01;8.333e-01;4.705e-01;1.178e+00;5.000e+01;5.000e+01
22.516971000;1.150e+00;8.278e-01;-5.938e-01;7.199e-01;-5.163e-01;9.719e-01;1.120e+00;7.608e-01;-4.647e-01;1.150e+00;7.451e-01;-5.344e-01;1.000e+01;8.333e-01;4.705e-01;1.178e+00;5.000e+01;5.000e+01
22.517663000;1.150e+00;8.290e-01;-5.894e-01;7.208e-01;-5.125e-01;9.732e-01;1.120e+00;7.615e-01;-4.608e-01;1.150e+00;7.461e-01;-5.304e-01;1.000e+01;8.333e-01;4.705e-01;1.178e+00;5.000e+01;5.000e+01
22.517893000;1.150e+00;8.293e-01;-5.881e-01;7.211e-01;-5.114e-01;9.736e-01;1.121e+00;7.618e-01;-4.597e-01;1.150e+00;7.464e-01;-5.293e-01;1.000e+01;8.333e-01;4.705e-01;1.178e+00;5.000e+01;5.000e+01
22.518123000;1.150e+00;8.297e-01;-5.869e-01;7.215e-01;-5.103e-01;9.739e-01;1.121e+00;7.620e-01;-4.586e-01;1.150e+00;7.467e-01;-5.282e-01;1.000e+01;8.333e-01;4.705e-01;1.178e+00;5.000e+01;5.000e+01
22.518354000;1.150e+00;8.300e-01;-5.858e-01;7.218e-01;-5.094e-01;9.743e-01;1.121e+00;7.623e-01;-4.576e-01;1.150e+00;7.470e-01;-5.272e-01;1.000e+01;8.333e-01;4.705e-01;1.178e+00;5.000e+01;5.000e+01
22.521349000;1.150e+00;8.342e-01;-5.762e-01;7.254e-01;-5.010e-01;9.771e-01;1.122e+00;7.654e-01;-4.490e-01;1.150e+00;7.508e-01;-5.186e-01;1.000e+01;8.333e-01;4.705e-01;1.178e+00;5.000e+01;5.000e+01
22.528191000;1.150e+00;8.425e-01;-5.708e-01;7.326e-01;-4.963e-01;9.788e-01;1.122e+00;7.725e-01;-4.435e-01;1.150e+00;7.583e-01;-5.137e-01;1.000e+01;8.333e-01;4.705e-01;1.178e+00;5.000e+01;5.000e+01
22.530515000;1.150e+00;8.452e-01;-5.707e-01;7.349e-01;-4.963e-01;9.788e-01;1.122e+00;7.749e-01;-4.432e-01;1.150e+00;7.607e-01;-5.136e-01;1.000e+01;8.333e-01;4.705e-01;1.178e+00;5.000e+01;5.000e+01
22.530737000;1.150e+00;8.454e-01;-5.707e-01;7.351e-01;-4.963e-01;9.788e-01;1.122e+00;7.751e-01;-4.431e-01;1.150e+00;7.609e-01;-5.136e-01;1.000e+01;8.333e-01;4.705e-01;1.178e+00;5.000e+01;5.000e+01
22.530769000;1.150e+00;8.455e-01;-5.707e-01;7.352e-01;-4.963e-01;9.788e-01;1.122e+00;7.752e-01;-4.431e-01;1.150e+00;7.609e-01;-5.136e-01;1.000e+01;8.333e-01;4.705e-01;1.178e+00;5.000e+01;5.000e+01
22.534577000;1.150e+00;8.490e-01;-5.711e-01;7.383e-01;-4.966e-01;9.787e-01;1.122e+00;7.784e-01;-4.431e-01;1.150e+00;7.641e-01;-5.140e-01;1.000e+01;8.333e-01;4.705e-01;1.178e+00;5.000e+01;5.000e+01
22.534833000;1.150e+00;8.492e-01;-5.711e-01;7.384e-01;-4.966e-01;9.787e-01;1.122e+00;7.786e-01;-4.431e-01;1.150e+00;7.643e-01;-5.140e-01;1.000e+01;8.333e-01;4.705e-01;1.178e+00;5.000e+01;5.000e+01
22.539185000;1.150e+00;8.520e-01;-5.716e-01;7.408e-01;-4.971e-01;9.785e-01;1.122e+00;7.811e-01;-4.432e-01;1.150e+00;7.668e-01;-5.145e-01;1.000e+01;8.333e-01;4.705e-01;1.178e+00;5.000e+01;5.000e+01
22.540209000;1.150e+00;8.525e-01;-5.717e-01;7.413e-01;-4.972e-01;9.785e-01;1.122e+00;7.815e-01;-4.433e-01;1.150e+00;7.672e-01;-5.146e-01;1.000e+01;8.333e-01;4.705e-01;1.178e+00;5.000e+01;5.000e+01
22.551525000;1.150e+00;8.552e-01;-5.725e-01;7.436e-01;-4.978e-01;9.783e-01;1.122e+00;7.840e-01;-4.436e-01;1.150e+00;7.697e-01;-5.152e-01;1.000e+01;8.333e-01;4.705e-01;1.178e+00;5.000e+01;5.000e+01
22.551985000;1.150e+00;8.552e-01;-5.725e-01;7.437e-01;-4.978e-01;9.782e-01;1.122e+00;7.840e-01;-4.436e-01;1.150e+00;7.697e-01;-5.153e-01;1.000e+01;8.333e-01;4.705e-01;1.178e+00;5.000e+01;5.000e+01
22.552446000;1.150e+00;8.552e-01;-5.725e-01;7.437e-01;-4.978e-01;9.782e-01;1.122e+00;7.841e-01;-4.437e-01;1.150e+00;7.697e-01;-5.153e-01;1.000e+01;8.333e-01;4.705e-01;1.178e+00;5.000e+01;5.000e+01
22.552907000;1.150e+00;8.553e-01;-5.725e-01;7.437e-01;-4.978e-01;9.782e-01;1.122e+00;7.841e-01;-4.437e-01;1.150e+00;7.697e-01;-5.153e-01;1.000e+01;8.333e-01;4.705e-01;1.178e+00;5.000e+01;5.000e+01
22.570325000;1.150e+00;8.526e-01;-5.722e-01;7.414e-01;-4.975e-01;9.783e-01;1.122e+00;7.816e-01;-4.436e-01;1.150e+00;7.673e-01;-5.150e-01;1.000e+01;8.333e-01;4.705e-01;1.178e+00;5.000e+01;5.000e+01
22.571155000;1.150e+00;8.523e-01;-5.721e-01;7.411e-01;-4.975e-01;9.784e-01;1.122e+00;7.814e-01;-4.436e-01;1.150e+00;7.671e-01;-5.149e-01;1.000e+01;8.333e-01;4.705e-01;1.178e+00;5.000e+01;5.000e+01
22.573643000;1.150e+00;8.515e-01;-5.720e-01;7.404e-01;-4.974e-01;9.784e-01;1.122e+00;7.807e-01;-4.436e-01;1.150e+00;7.663e-01;-5.148e-01;1.000e+01;8.333e-01;4.705e-01;1.178e+00;5.000e+01;5.000e+01
22.605629000;1.150e+00;8.366e-01;-5.691e-01;7.275e-01;-4.949e-01;9.793e-01;1.122e+00;7.671e-01;-4.427e-01;1.150e+00;7.529e-01;-5.122e-01;1.000e+01;8.333e-01;4.705e-01;1.178e+00;5.000e+01;5.000e+01
22.606629000;1.150e+00;8.362e-01;-5.690e-01;7.272e-01;-4.948e-01;9.793e-01;1.122e+00;7.668e-01;-4.426e-01;1.150e+00;7.526e-01;-5.121e-01;1.000e+01;8.333e-01;4.705e-01;1.178e+00;5.000e+01;5.000e+01
22.607725000;1.150e+00;8.359e-01;-5.689e-01;7.268e-01;-4.947e-01;9.793e-01;1.122e+00;7.665e-01;-4.426e-01;1.150e+00;7.523e-01;-5.120e-01;1.000e+01;8.333e-01;4.705e-01;1.178e+00;5.000e+01;5.000e+01
22.610749000;1.150e+00;8.349e-01;-5.687e-01;7.260e-01;-4.945e-01;9.794e-01;1.122e+00;7.656e-01;-4.425e-01;1.150e+00;7.514e-01;-5.118e-01;1.000e+01;8.333e-01;4.705e-01;1.178e+00;5.000e+01;5.000e+01
22.623749000;1.150e+00;8.330e-01;-5.682e-01;7.243e-01;-4.941e-01;9.795e-01;1.122e+00;7.638e-01;-4.423e-01;1.150e+00;7.497e-01;-5.114e-01;1.000e+01;8.333e-01;4.705e-01;1.178e+00;5.000e+01;5.000e+01
22.625749000;1.150e+00;8.329e-01;-5.682e-01;7.243e-01;-4.941e-01;9.796e-01;1.122e+00;7.638e-01;-4.423e-01;1.150e+00;7.496e-01;-5.113e-01;1.000e+01;8.333e-01;4.705e-01;1.178e+00;5.000e+01;5.000e+01
22.626749000;1.150e+00;8.329e-01;-5.682e-01;7.243e-01;-4.940e-01;9.796e-01;1.122e+00;7.638e-01;-4.423e-01;1.150e+00;7.496e-01;-5.113e-01;1.000e+01;8.333e-01;4.705e-01;1.178e+00;5.000e+01;5.000e+01
22.627749000;1.150e+00;8.329e-01;-5.681e-01;7.243e-01;-4.940e-01;9.796e-01;1.122e+00;7.638e-01;-4.422e-01;1.150e+00;7.496e-01;-5.113e-01;1.000e+01;8.333e-01;4.705e-01;1.178e+00;5.000e+01;5.000e+01
22.629749000;1.150e+00;8.330e-01;-5.681e-01;7.243e-01;-4.940e-01;9.796e-01;1.122e+00;7.638e-01;-4.422e-01;1.150e+00;7.497e-01;-5.113e-01;1.000e+01;8.333e-01;4.705e-01;1.178e+00;5.000e+01;5.000e+01
22.674749000;1.150e+00;8.367e-01;-5.689e-01;7.275e-01;-4.947e-01;9.793e-01;1.122e+00;7.672e-01;-4.425e-01;1.150e+00;7.530e-01;-5.120e-01;1.000e+01;8.333e-01;4.705e-01;1.178e+00;5.000e+01;5.000e+01
22.675749000;1.150e+00;8.367e-01;-5.689e-01;7.276e-01;-4.947e-01;9.793e-01;1.122e+00;7.672e-01;-4.425e-01;1.150e+00;7.530e-01;-5.120e-01;1.000e+01;8.333e-01;4.705e-01;1.178e+00;5.000e+01;5.000e+01
22.678749000;1.150e+00;8.367e-01;-5.689e-01;7.276e-01;-4.947e-01;9.793e-01;1.122e+00;7.672e-01;-4.425e-01;1.150e+00;7.531e-01;-5.120e-01;1.000e+01;8.333e-01;4.705e-01;1.178e+00;5.000e+01;5.000e+01
22.679749000;1.150e+00;8.367e-01;-5.689e-01;7.276e-01;-4.947e-01;9.793e-01;1.122e+00;7.673e-01;-4.425e-01;1.150e+00;7.531e-01;-5.120e-01;1.000e+01;8.333e-01;4.705e-01;1.178e+00;5.000e+01;5.000e+01
23.299749000;1.150e+00;8.343e-01;-5.684e-01;7.255e-01;-4.943e-01;9.795e-01;1.122e+00;7.651e-01;-4.423e-01;1.150e+00;7.509e-01;-5.116e-01;1.000e+01;8.333e-01;4.705e-01;1.178e+00;5.000e+01;5.000e+01
23.347749000;1.150e+00;8.343e-01;-5.684e-01;7.255e-01;-4.943e-01;9.795e-01;1.122e+00;7.650e-01;-4.423e-01;1.150e+00;7.508e-01;-5.116e-01;1.000e+01;8.333e-01;4.705e-01;1.178e+00;5.000e+01;5.000e+01
24.299749000;1.150e+00;8.335e-01;-5.682e-01;7.248e-01;-4.941e-01;9.795e-01;1.122e+00;7.643e-01;-4.423e-01;1.150e+00;7.502e-01;-5.114e-01;1.000e+01;8.333e-01;4.705e-01;1.178e+00;5.000e+01;5.000e+01
24.604749000;1.150e+00;8.335e-01;-5.682e-01;7.247e-01;-4.941e-01;9.795e-01;1.122e+00;7.643e-01;-4.423e-01;1.150e+00;7.501e-01;-5.114e-01;1.000e+01;8.333e-01;4.705e-01;1.178e+00;5.000e+01;5.000e+01
24.672749000;1.150e+00;8.334e-01;-5.682e-01;7.247e-01;-4.941e-01;9.795e-01;1.122e+00;7.643e-01;-4.423e-01;1.150e+00;7.501e-01;-5.114e-01;1.000e+01;8.333e-01;4.705e-01;1.178e+00;5.000e+01;5.000e+01
25.132749000;1.150e+00;8.334e-01;-5.682e-01;7.247e-01;-4.941e-01;9.795e-01;1.122e+00;7.642e-01;-4.423e-01;1.150e+00;7.500e-01;-5.114e-01;1.000e+01;8.333e-01;4.705e-01;1.178e+00;5.000e+01;5.000e+01
33.067434000;1.150e+00;8.333e-01;-5.682e-01;7.246e-01;-4.941e-01;9.795e-01;1.122e+00;7.642e-01;-4.423e-01;1.150e+00;7.500e-01;-5.114e-01;1.000e+01;8.333e-01;4.705e-01;1.178e+00;5.000e+01;5.000e+01
33.067562000;1.150e+00;8.333e-01;-5.683e-01;7.246e-01;-4.941e-01;9.795e-01;1.122e+00;7.642e-01;-4.423e-01;1.150e+00;7.500e-01;-5.114e-01;1.000e+01;8.333e-01;4.705e-01;1.178e+00;5.000e+01;5.000e+01
33.067595000;1.150e+00;8.333e-01;-5.683e-01;7.246e-01;-4.942e-01;9.795e-01;1.122e+00;7.642e-01;-4.423e-01;1.150e+00;7.500e-01;-5.114e-01;1.000e+01;8.333e-01;4.705e-01;1.178e+00;5.000e+01;5.000e+01
33.067715000;1.150e+00;8.333e-01;-5.683e-01;7.246e-01;-4.942e-01;9.795e-01;1.122e+00;7.642e-01;-4.423e-01;1.150e+00;7.500e-01;-5.115e-01;1.000e+01;8.333e-01;4.705e-01;1.178e+00;5.000e+01;5.000e+01
33.068099000;1.150e+00;8.333e-01;-5.684e-01;7.246e-01;-4.943e-01;9.795e-01;1.122e+00;7.642e-01;-4.424e-01;1.150e+00;7.500e-01;-5.116e-01;1.000e+01;8.333e-01;4.705e-01;1.178e+00;5.000e+01;5.000e+01
33.087123000;1.150e+00;8.331e-01;-5.730e-01;7.244e-01;-4.983e-01;9.781e-01;1.122e+00;7.642e-01;-4.464e-01;1.150e+00;7.498e-01;-5.157e-01;1.000e+01;8.333e-01;4.705e-01;1.178e+00;5.000e+01;5.000e+01
33.102123000;1.150e+00;8.331e-01;-5.764e-01;7.244e-01;-5.012e-01;9.771e-01;1.122e+00;7.644e-01;-4.493e-01;1.150e+00;7.498e-01;-5.188e-01;1.000e+01;8.333e-01;4.705e-01;1.178e+00;5.000e+01;5.000e+01
33.640123000;1.150e+00;8.330e-01;-6.732e-01;7.244e-01;-5.854e-01;9.480e-01;1.114e+00;7.704e-01;-5.321e-01;1.150e+00;7.497e-01;-6.059e-01;1.000e+01;8.333e-01;4.705e-01;1.178e+00;5.000e+01;5.000e+01
33.651123000;1.150e+00;8.330e-01;-6.748e-01;7.244e-01;-5.868e-01;9.475e-01;1.114e+00;7.705e-01;-5.335e-01;1.150e+00;7.497e-01;-6.074e-01;1.000e+01;8.333e-01;4.705e-01;1.178e+00;5.000e+01;5.000e+01
33.754123000;1.150e+00;8.330e-01;-6.893e-01;7.243e-01;-5.994e-01;9.432e-01;1.113e+00;7.714e-01;-5.459e-01;1.150e+00;7.497e-01;-6.204e-01;1.000e+01;8.333e-01;4.705e-01;1.178e+00;5.000e+01;5.000e+01
33.756123000;1.150e+00;8.330e-01;-6.896e-01;7.243e-01;-5.996e-01;9.431e-01;1.113e+00;7.715e-01;-5.461e-01;1.150e+00;7.497e-01;-6.206e-01;1.000e+01;8.333e-01;4.705e-01;1.178e+00;5.000e+01;5.000e+01
33.759123000;1.150e+00;8.330e-01;-6.900e-01;7.243e-01;-6.000e-01;9.430e-01;1.113e+00;7.715e-01;-5.465e-01;1.150e+00;7.497e-01;-6.210e-01;1.000e+01;8.333e-01;4.705e-01;1.178e+00;5.000e+01;5.000e+01
33.777123000;1.150e+00;8.330e-01;-6.924e-01;7.243e-01;-6.021e-01;9.423e-01;1.113e+00;7.716e-01;-5.485e-01;1.150e+00;7.497e-01;-6.231e-01;1.000e+01;8.333e-01;4.705e-01;1.178e+00;5.000e+01;5.000e+01
33.827123000;1.150e+00;8.330e-01;-6.989e-01;7.243e-01;-6.077e-01;9.403e-01;1.113e+00;7.721e-01;-5.541e-01;1.150e+00;7.497e-01;-6.290e-01;1.000e+01;8.333e-01;4.705e-01;1.178e+00;5.000e+01;5.000e+01
34.339123000;1.150e+00;8.330e-01;-7.535e-01;7.243e-01;-6.552e-01;9.239e-01;1.109e+00;7.756e-01;-6.008e-01;1.150e+00;7.497e-01;-6.782e-01;1.000e+01;8.333e-01;4.705e-01;1.178e+00;5.000e+01;5.000e+01
34.539123000;1.150e+00;8.330e-01;-7.699e-01;7.244e-01;-6.695e-01;9.190e-01;1.107e+00;7.767e-01;-6.148e-01;1.150e+00;7.497e-01;-6.929e-01;1.000e+01;8.333e-01;4.705e-01;1.178e+00;5.000e+01;5.000e+01
34.624123000;1.150e+00;8.330e-01;-7.761e-01;7.244e-01;-6.749e-01;9.172e-01;1.107e+00;7.772e-01;-6.202e-01;1.150e+00;7.497e-01;-6.985e-01;1.000e+01;8.333e-01;4.705e-01;1.178e+00;5.000e+01;5.000e+01
34.626123000;1.150e+00;8.330e-01;-7.763e-01;7.244e-01;-6.750e-01;9.171e-01;1.107e+00;7.772e-01;-6.203e-01;1.150e+00;7.497e-01;-6.987e-01;1.000e+01;8.333e-01;4.705e-01;1.178e+00;5.000e+01;5.000e+01
34.627123000;1.150e+00;8.330e-01;-7.764e-01;7.244e-01;-6.751e-01;9.171e-01;1.107e+00;7.772e-01;-6.203e-01;1.150e+00;7.497e-01;-6.987e-01;1.000e+01;8.333e-01;4.705e-01;1.178e+00;5.000e+01;5.000e+01
34.628123000;1.150e+00;8.330e-01;-7.764e-01;7.244e-01;-6.752e-01;9.171e-01;1.107e+00;7.772e-01;-6.204e-01;1.150e+00;7.497e-01;-6.988e-01;1.000e+01;8.333e-01;4.705e-01;1.178e+00;5.000e+01;5.000e+01
34.726123000;1.150e+00;8.330e-01;-7.832e-01;7.244e-01;-6.810e-01;9.151e-01;1.107e+00;7.777e-01;-6.262e-01;1.150e+00;7.497e-01;-7.048e-01;1.000e+01;8.333e-01;4.705e-01;1.178e+00;5.000e+01;5.000e+01
35.127123000;1.150e+00;8.331e-01;-8.062e-01;7.244e-01;-7.010e-01;9.081e-01;1.105e+00;7.792e-01;-6.458e-01;1.150e+00;7.498e-01;-7.256e-01;1.000e+01;8.333e-01;4.705e-01;1.178e+00;5.000e+01;5.000e+01
35.678123000;1.150e+00;8.332e-01;-8.286e-01;7.245e-01;-7.205e-01;9.014e-01;1.103e+00;7.808e-01;-6.650e-01;1.150e+00;7.498e-01;-7.457e-01;1.000e+01;8.333e-01;4.705e-01;1.178e+00;5.000e+01;5.000e+01
35.680123000;1.150e+00;8.332e-01;-8.286e-01;7.245e-01;-7.205e-01;9.014e-01;1.103e+00;7.808e-01;-6.650e-01;1.150e+00;7.498e-01;-7.458e-01;1.000e+01;8.333e-01;4.705e-01;1.178e+00;5.000e+01;5.000e+01
35.714123000;1.150e+00;8.332e-01;-8.297e-01;7.245e-01;-7.215e-01;9.011e-01;1.103e+00;7.809e-01;-6.660e-01;1.150e+00;7.498e-01;-7.467e-01;1.000e+01;8.333e-01;4.705e-01;1.178e+00;5.000e+01;5.000e+01
35.716123000;1.150e+00;8.332e-01;-8.298e-01;7.245e-01;-7.216e-01;9.011e-01;1.103e+00;7.809e-01;-6.660e-01;1.150e+00;7.498e-01;-7.468e-01;1.000e+01;8.333e-01;4.705e-01;1.178e+00;5.000e+01;5.000e+01
36.170123000;1.150e+00;8.332e-01;-8.422e-01;7.245e-01;-7.323e-01;8.973e-01;1.102e+00;7.818e-01;-6.766e-01;1.150e+00;7.499e-01;-7.580e-01;1.000e+01;8.333e-01;4.705e-01;1.178e+00;5.000e+01;5.000e+01
36.734123000;1.150e+00;8.332e-01;-8.528e-01;7.246e-01;-7.416e-01;8.942e-01;1.101e+00;7.826e-01;-6.857e-01;1.150e+00;7.499e-01;-7.675e-01;1.000e+01;8.333e-01;4.705e-01;1.178e+00;5.000e+01;5.000e+01
37.124123000;1.150e+00;8.333e-01;-8.579e-01;7.246e-01;-7.460e-01;8.926e-01;1.101e+00;7.830e-01;-6.901e-01;1.150e+00;7.499e-01;-7.722e-01;1.000e+01;8.333e-01;4.705e-01;1.178e+00;5.000e+01;5.000e+01
37.142123000;1.150e+00;8.333e-01;-8.582e-01;7.246e-01;-7.462e-01;8.926e-01;1.101e+00;7.830e-01;-6.902e-01;1.150e+00;7.499e-01;-7.723e-01;1.000e+01;8.333e-01;4.705e-01;1.178e+00;5.000e+01;5.000e+01
37.164123000;1.150e+00;8.333e-01;-8.584e-01;7.246e-01;-7.464e-01;8.925e-01;1.101e+00;7.830e-01;-6.905e-01;1.150e+00;7.499e-01;-7.726e-01;1.000e+01;8.333e-01;4.705e-01;1.178e+00;5.000e+01;5.000e+01
37.166123000;1.150e+00;8.333e-01;-8.584e-01;7.246e-01;-7.465e-01;8.925e-01;1.101e+00;7.830e-01;-6.905e-01;1.150e+00;7.499e-01;-7.726e-01;1.000e+01;8.333e-01;4.705e-01;1.178e+00;5.000e+01;5.000e+01
37.246123000;1.150e+00;8.333e-01;-8.593e-01;7.246e-01;-7.472e-01;8.922e-01;1.101e+00;7.831e-01;-6.912e-01;1.150e+00;7.499e-01;-7.734e-01;1.000e+01;8.333e-01;4.705e-01;1.178e+00;5.000e+01;5.000e+01
39.356762000;1.150e+00;8.333e-01;-8.705e-01;7.246e-01;-7.570e-01;8.888e-01;1.100e+00;7.839e-01;-7.008e-01;1.150e+00;7.500e-01;-7.834e-01;1.000e+01;8.333e-01;4.705e-01;1.178e+00;5.000e+01;5.000e+01
49.989994000;1.150e+00;8.334e-01;-8.736e-01;7.246e-01;-7.596e-01;8.880e-01;1.100e+00;7.841e-01;-7.034e-01;1.150e+00;7.500e-01;-7.862e-01;1.000e+01;8.333e-01;4.705e-01;1.178e+00;5.000e+01;5.000e+01
49.990006000;1.150e+00;8.333e-01;-8.735e-01;7.246e-01;-7.596e-01;8.879e-01;1.100e+00;7.841e-01;-7.034e-01;1.150e+00;7.500e-01;-7.862e-01;1.000e+01;8.333e-01;4.705e-01;1.178e+00;5.000e+01;5.000e+01
49.990015000;1.150e+00;8.333e-01;-8.735e-01;7.246e-01;-7.596e-01;8.879e-01;1.100e+00;7.841e-01;-7.034e-01;1.150e+00;7.500e-01;-7.861e-01;1.000e+01;8.333e-01;4.705e-01;1.178e+00;5.000e+01;5.000e+01
49.990087000;1.150e+00;8.330e-01;-8.732e-01;7.246e-01;-7.596e-01;8.876e-01;1.100e+00;7.841e-01;-7.034e-01;1.150e+00;7.497e-01;-7.859e-01;1.000e+01;8.333e-01;4.705e-01;1.178e+00;5.000e+01;5.000e+01
49.990151000;1.149e+00;8.328e-01;-8.729e-01;7.246e-01;-7.596e-01;8.873e-01;1.099e+00;7.841e-01;-7.033e-01;1.149e+00;7.495e-01;-7.856e-01;1.000e+01;8.333e-01;4.705e-01;1.178e+00;5.000e+01;5.000e+01
49.991623000;1.141e+00;8.271e-01;-8.670e-01;7.246e-01;-7.596e-01;8.813e-01;1.091e+00;7.845e-01;-7.029e-01;1.141e+00;7.444e-01;-7.803e-01;1.000e+01;8.333e-01;4.705e-01;1.178e+00;5.000e+01;5.000e+01
49.992007000;1.139e+00;8.257e-01;-8.654e-01;7.246e-01;-7.595e-01;8.798e-01;1.089e+00;7.846e-01;-7.028e-01;1.139e+00;7.431e-01;-7.789e-01;1.000e+01;8.333e-01;4.705e-01;1.178e+00;5.000e+01;5.000e+01
49.997359000;1.111e+00;8.070e-01;-8.393e-01;7.262e-01;-7.553e-01;8.594e-01;1.062e+00;7.871e-01;-6.970e-01;1.111e+00;7.263e-01;-7.553e-01;1.000e+01;8.333e-01;4.705e-01;1.178e+00;5.000e+01;5.000e+01
49.997361000;1.111e+00;8.070e-01;-8.391e-01;7.262e-01;-7.552e-01;8.594e-01;1.062e+00;7.871e-01;-6.969e-01;1.111e+00;7.263e-01;-7.552e-01;1.000e+01;8.333e-01;4.705e-01;1.178e+00;5.000e+01;5.000e+01
49.997363000;1.111e+00;8.070e-01;-8.389e-01;7.262e-01;-7.550e-01;8.595e-01;1.062e+00;7.871e-01;-6.968e-01;1.111e+00;7.263e-01;-7.550e-01;1.000e+01;8.333e-01;4.705e-01;1.178e+00;5.000e+01;5.000e+01
50.002260000;1.085e+00;8.136e-01;-5.130e-01;7.497e-01;-4.727e-01;9.314e-01;1.060e+00;7.900e-01;-4.151e-01;1.085e+00;7.322e-01;-4.617e-01;1.000e+01;8.333e-01;4.705e-01;1.178e+00;5.000e+01;5.000e+01
50.004060000;1.076e+00;8.147e-01;-4.176e-01;7.573e-01;-3.882e-01;9.505e-01;1.058e+00;7.918e-01;-3.307e-01;1.076e+00;7.332e-01;-3.758e-01;1.000e+01;8.333e-01;4.705e-01;1.178e+00;5.000e+01;5.000e+01
50.004160000;1.075e+00;8.144e-01;-4.174e-01;7.574e-01;-3.882e-01;9.500e-01;1.057e+00;7.919e-01;-3.306e-01;1.075e+00;7.329e-01;-3.757e-01;1.000e+01;8.333e-01;4.705e-01;1.178e+00;5.000e+01;5.000e+01
50.009990000;1.045e+00;7.971e-01;-4.061e-01;7.631e-01;-3.888e-01;9.228e-01;1.026e+00;7.985e-01;-3.289e-01;1.045e+00;7.174e-01;-3.655e-01;1.000e+01;8.333e-01;4.705e-01;1.178e+00;5.000e+01;5.000e+01
50.009990000;1.044e+00;7.970e-01;-4.060e-01;7.631e-01;-3.888e-01;9.226e-01;1.026e+00;7.985e-01;-3.289e-01;1.044e+00;7.173e-01;-3.654e-01;1.000e+01;8.333e-01;4.705e-01;1.178e+00;5.000e+01;5.000e+01
50.010022000;1.044e+00;7.970e-01;-4.060e-01;7.631e-01;-3.888e-01;9.226e-01;1.026e+00;7.985e-01;-3.289e-01;1.044e+00;7.173e-01;-3.654e-01;1.000e+01;8.333e-01;4.705e-01;1.178e+00;5.000e+01;5.000e+01
50.064052000;1.044e+00;8.513e-01;-4.142e-01;8.151e-01;-3.966e-01;9.202e-01;1.027e+00;8.523e-01;-3.293e-01;1.044e+00;7.662e-01;-3.728e-01;1.000e+01;8.333e-01;4.705e-01;1.178e+00;5.000e+01;5.000e+01
50.064564000;1.044e+00;8.518e-01;-4.143e-01;8.155e-01;-3.966e-01;9.202e-01;1.027e+00;8.528e-01;-3.293e-01;1.044e+00;7.666e-01;-3.728e-01;1.000e+01;8.333e-01;4.705e-01;1.178e+00;5.000e+01;5.000e+01
50.070148000;1.044e+00;8.555e-01;-4.149e-01;8.191e-01;-3.973e-01;9.200e-01;1.027e+00;8.564e-01;-3.294e-01;1.044e+00;7.699e-01;-3.734e-01;1.000e+01;8.333e-01;4.705e-01;1.178e+00;5.000e+01;5.000e+01
50.071148000;1.044e+00;8.559e-01;-4.150e-01;8.195e-01;-3.973e-01;9.199e-01;1.027e+00;8.569e-01;-3.294e-01;1.044e+00;7.703e-01;-3.735e-01;1.000e+01;8.333e-01;4.705e-01;1.178e+00;5.000e+01;5.000e+01
50.078148000;1.044e+00;8.574e-01;-4.154e-01;8.209e-01;-3.978e-01;9.198e-01;1.027e+00;8.584e-01;-3.297e-01;1.044e+00;7.716e-01;-3.739e-01;1.000e+01;8.333e-01;4.705e-01;1.178e+00;5.000e+01;5.000e+01
50.079148000;1.044e+00;8.574e-01;-4.155e-01;8.209e-01;-3.978e-01;9.198e-01;1.027e+00;8.584e-01;-3.297e-01;1.044e+00;7.717e-01;-3.739e-01;1.000e+01;8.333e-01;4.705e-01;1.178e+00;5.000e+01;5.000e+01
50.095148000;1.044e+00;8.545e-01;-4.155e-01;8.182e-01;-3.978e-01;9.198e-01;1.027e+00;8.556e-01;-3.301e-01;1.044e+00;7.691e-01;-3.739e-01;1.000e+01;8.333e-01;4.705e-01;1.178e+00;5.000e+01;5.000e+01
50.096148000;1.044e+00;8.542e-01;-4.154e-01;8.178e-01;-3.978e-01;9.198e-01;1.027e+00;8.552e-01;-3.301e-01;1.044e+00;7.688e-01;-3.739e-01;1.000e+01;8.333e-01;4.705e-01;1.178e+00;5.000e+01;5.000e+01
50.097148000;1.044e+00;8.538e-01;-4.154e-01;8.175e-01;-3.977e-01;9.198e-01;1.027e+00;8.549e-01;-3.301e-01;1.044e+00;7.684e-01;-3.739e-01;1.000e+01;8.333e-01;4.705e-01;1.178e+00;5.000e+01;5.000e+01
50.132165000;1.044e+00;8.357e-01;-4.131e-01;8.001e-01;-3.955e-01;9.205e-01;1.027e+00;8.369e-01;-3.304e-01;1.044e+00;7.521e-01;-3.717e-01;1.000e+01;8.333e-01;4.705e-01;1.178e+00;5.000e+01;5.000e+01
50.133165000;1.044e+00;8.352e-01;-4.130e-01;7.997e-01;-3.954e-01;9.205e-01;1.027e+00;8.365e-01;-3.303e-01;1.044e+00;7.517e-01;-3.717e-01;1.000e+01;8.333e-01;4.705e-01;1.178e+00;5.000e+01;5.000e+01
50.134165000;1.044e+00;8.348e-01;-4.129e-01;7.993e-01;-3.953e-01;9.206e-01;1.027e+00;8.360e-01;-3.303e-01;1.044e+00;7.513e-01;-3.716e-01;1.000e+01;8.333e-01;4.705e-01;1.178e+00;5.000e+01;5.000e+01
50.135165000;1.044e+00;8.344e-01;-4.128e-01;7.989e-01;-3.953e-01;9.206e-01;1.027e+00;8.356e-01;-3.303e-01;1.044e+00;7.509e-01;-3.716e-01;1.000e+01;8.333e-01;4.705e-01;1.178e+00;5.000e+01;5.000e+01
50.151205000;1.044e+00;8.307e-01;-4.121e-01;7.954e-01;-3.946e-01;9.208e-01;1.027e+00;8.320e-01;-3.302e-01;1.044e+00;7.476e-01;-3.709e-01;1.000e+01;8.333e-01;4.705e-01;1.178e+00;5.000e+01;5.000e+01
50.151501000;1.044e+00;8.307e-01;-4.121e-01;7.953e-01;-3.946e-01;9.208e-01;1.027e+00;8.320e-01;-3.302e-01;1.044e+00;7.476e-01;-3.709e-01;1.000e+01;8.333e-01;4.705e-01;1.178e+00;5.000e+01;5.000e+01
50.151629000;1.044e+00;8.307e-01;-4.121e-01;7.953e-01;-3.946e-01;9.208e-01;1.027e+00;8.319e-01;-3.302e-01;1.044e+00;7.476e-01;-3.709e-01;1.000e+01;8.333e-01;4.705e-01;1.178e+00;5.000e+01;5.000e+01
50.152653000;1.044e+00;8.306e-01;-4.121e-01;7.953e-01;-3.946e-01;9.208e-01;1.027e+00;8.319e-01;-3.301e-01;1.044e+00;7.476e-01;-3.709e-01;1.000e+01;8.333e-01;4.705e-01;1.178e+00;5.000e+01;5.000e+01
50.203221000;1.044e+00;8.356e-01;-4.126e-01;8.000e-01;-3.950e-01;9.207e-01;1.027e+00;8.368e-01;-3.300e-01;1.044e+00;7.520e-01;-3.713e-01;1.000e+01;8.333e-01;4.705e-01;1.178e+00;5.000e+01;5.000e+01
50.205221000;1.044e+00;8.356e-01;-4.126e-01;8.001e-01;-3.951e-01;9.207e-01;1.027e+00;8.368e-01;-3.300e-01;1.044e+00;7.521e-01;-3.714e-01;1.000e+01;8.333e-01;4.705e-01;1.178e+00;5.000e+01;5.000e+01
50.208221000;1.044e+00;8.357e-01;-4.126e-01;8.001e-01;-3.951e-01;9.207e-01;1.027e+00;8.369e-01;-3.300e-01;1.044e+00;7.521e-01;-3.714e-01;1.000e+01;8.333e-01;4.705e-01;1.178e+00;5.000e+01;5.000e+01
50.328596000;1.044e+00;8.346e-01;-4.125e-01;7.991e-01;-3.950e-01;9.207e-01;1.027e+00;8.358e-01;-3.300e-01;1.044e+00;7.512e-01;-3.713e-01;1.000e+01;8.333e-01;4.705e-01;1.178e+00;5.000e+01;5.000e+01
50.328612000;1.044e+00;8.346e-01;-4.125e-01;7.991e-01;-3.949e-01;9.207e-01;1.027e+00;8.358e-01;-3.300e-01;1.044e+00;7.512e-01;-3.713e-01;1.000e+01;8.333e-01;4.705e-01;1.178e+00;5.000e+01;5.000e+01
50.328644000;1.044e+00;8.346e-01;-4.125e-01;7.991e-01;-3.949e-01;9.207e-01;1.027e+00;8.358e-01;-3.300e-01;1.044e+00;7.512e-01;-3.712e-01;1.000e+01;8.333e-01;4.705e-01;1.178e+00;5.000e+01;5.000e+01
50.328836000;1.044e+00;8.346e-01;-4.123e-01;7.991e-01;-3.948e-01;9.207e-01;1.027e+00;8.358e-01;-3.298e-01;1.044e+00;7.512e-01;-3.711e-01;1.000e+01;8.333e-01;4.705e-01;1.178e+00;5.000e+01;5.000e+01
50.336676000;1.044e+00;8.350e-01;-4.064e-01;7.995e-01;-3.891e-01;9.225e-01;1.027e+00;8.358e-01;-3.242e-01;1.044e+00;7.515e-01;-3.657e-01;1.000e+01;8.333e-01;4.705e-01;1.178e+00;5.000e+01;5.000e+01
50.342676000;1.044e+00;8.352e-01;-4.020e-01;7.997e-01;-3.849e-01;9.238e-01;1.027e+00;8.356e-01;-3.200e-01;1.044e+00;7.517e-01;-3.618e-01;1.000e+01;8.333e-01;4.705e-01;1.178e+00;5.000e+01;5.000e+01
50.543676000;1.044e+00;8.347e-01;-2.763e-01;7.992e-01;-2.645e-01;9.616e-01;1.037e+00;8.259e-01;-2.021e-01;1.044e+00;7.512e-01;-2.487e-01;1.000e+01;8.333e-01;4.705e-01;1.178e+00;5.000e+01;5.000e+01
50.706676000;1.044e+00;8.345e-01;-1.877e-01;7.990e-01;-1.797e-01;9.881e-01;1.045e+00;8.196e-01;-1.189e-01;1.044e+00;7.511e-01;-1.689e-01;1.000e+01;8.333e-01;4.705e-01;1.178e+00;5.000e+01;5.000e+01
50.714676000;1.044e+00;8.345e-01;-1.836e-01;7.990e-01;-1.758e-01;9.894e-01;1.045e+00;8.193e-01;-1.151e-01;1.044e+00;7.511e-01;-1.652e-01;1.000e+01;8.333e-01;4.705e-01;1.178e+00;5.000e+01;5.000e+01
50.739676000;1.044e+00;8.345e-01;-1.710e-01;7.990e-01;-1.637e-01;9.931e-01;1.046e+00;8.185e-01;-1.032e-01;1.044e+00;7.510e-01;-1.539e-01;1.000e+01;8.333e-01;4.705e-01;1.178e+00;5.000e+01;5.000e+01
50.740676000;1.044e+00;8.345e-01;-1.705e-01;7.990e-01;-1.632e-01;9.933e-01;1.046e+00;8.184e-01;-1.028e-01;1.044e+00;7.510e-01;-1.534e-01;1.000e+01;8.333e-01;4.705e-01;1.178e+00;5.000e+01;5.000e+01
50.754676000;1.044e+00;8.345e-01;-1.635e-01;7.989e-01;-1.566e-01;9.954e-01;1.046e+00;8.180e-01;-9.624e-02;1.044e+00;7.510e-01;-1.472e-01;1.000e+01;8.333e-01;4.705e-01;1.178e+00;5.000e+01;5.000e+01
50.789676000;1.044e+00;8.344e-01;-1.465e-01;7.989e-01;-1.402e-01;1.001e+00;1.048e+00;8.168e-01;-8.021e-02;1.044e+00;7.510e-01;-1.318e-01;1.000e+01;8.333e-01;4.705e-01;1.178e+00;5.000e+01;5.000e+01
51.170676000;1.044e+00;8.339e-01;1.345e-02;7.984e-01;1.288e-02;1.048e+00;1.061e+00;8.062e-01;7.007e-02;1.044e+00;7.505e-01;1.211e-02;1.000e+01;8.333e-01;4.705e-01;1.178e+00;5.000e+01;5.000e+01
51.178676000;1.044e+00;8.339e-01;1.636e-02;7.984e-01;1.566e-02;1.049e+00;1.061e+00;8.060e-01;7.280e-02;1.044e+00;7.505e-01;1.472e-02;1.000e+01;8.333e-01;4.705e-01;1.178e+00;5.000e+01;5.000e+01
51.198676000;1.044e+00;8.339e-01;2.353e-02;7.984e-01;2.253e-02;1.052e+00;1.061e+00;8.056e-01;7.955e-02;1.044e+00;7.505e-01;2.118e-02;1.000e+01;8.333e-01;4.705e-01;1.178e+00;5.000e+01;5.000e+01
51.207676000;1.044e+00;8.339e-01;2.673e-02;7.984e-01;2.559e-02;1.052e+00;1.062e+00;8.054e-01;8.255e-02;1.044e+00;7.505e-01;2.406e-02;1.000e+01;8.333e-01;4.705e-01;1.178e+00;5.000e+01;5.000e+01
51.208676000;1.044e+00;8.339e-01;2.708e-02;7.984e-01;2.593e-02;1.053e+00;1.062e+00;8.054e-01;8.289e-02;1.044e+00;7.505e-01;2.437e-02;1.000e+01;8.333e-01;4.705e-01;1.178e+00;5.000e+01;5.000e+01
51.209676000;1.044e+00;8.339e-01;2.744e-02;7.984e-01;2.627e-02;1.053e+00;1.062e+00;8.054e-01;8.322e-02;1.044e+00;7.505e-01;2.469e-02;1.000e+01;8.333e-01;4.705e-01;1.178e+00;5.000e+01;5.000e+01
51.210676000;1.044e+00;8.339e-01;2.779e-02;7.984e-01;2.661e-02;1.053e+00;1.062e+00;8.053e-01;8.355e-02;1.044e+00;7.505e-01;2.501e-02;1.000e+01;8.333e-01;4.705e-01;1.178e+00;5.000e+01;5.000e+01
51.702676000;1.044e+00;8.334e-01;1.736e-01;7.980e-01;1.662e-01;1.097e+00;1.073e+00;7.966e-01;2.206e-01;1.044e+00;7.501e-01;1.562e-01;1.000e+01;8.333e-01;4.705e-01;1.178e+00;5.000e+01;5.000e+01
51.713676000;1.044e+00;8.334e-01;1.762e-01;7.980e-01;1.687e-01;1.097e+00;1.074e+00;7.964e-01;2.232e-01;1.044e+00;7.501e-01;1.586e-01;1.000e+01;8.333e-01;4.705e-01;1.178e+00;5.000e+01;5.000e+01
51.725676000;1.044e+00;8.334e-01;1.792e-01;7.980e-01;1.715e-01;1.098e+00;1.074e+00;7.963e-01;2.259e-01;1.044e+00;7.501e-01;1.612e-01;1.000e+01;8.333e-01;4.705e-01;1.178e+00;5.000e+01;5.000e+01
51.732676000;1.044e+00;8.334e-01;1.808e-01;7.980e-01;1.732e-01;1.099e+00;1.074e+00;7.962e-01;2.275e-01;1.044e+00;7.501e-01;1.628e-01;1.000e+01;8.333e-01;4.705e-01;1.178e+00;5.000e+01;5.000e+01
51.734676000;1.044e+00;8.334e-01;1.813e-01;7.980e-01;1.736e-01;1.099e+00;1.074e+00;7.962e-01;2.280e-01;1.044e+00;7.501e-01;1.632e-01;1.000e+01;8.333e-01;4.705e-01;1.178e+00;5.000e+01;5.000e+01
51.738676000;1.044e+00;8.334e-01;1.823e-01;7.979e-01;1.745e-01;1.099e+00;1.074e+00;7.961e-01;2.289e-01;1.044e+00;7.501e-01;1.641e-01;1.000e+01;8.333e-01;4.705e-01;1.178e+00;5.000e+01;5.000e+01
52.278968000;1.044e+00;8.332e-01;2.891e-01;7.977e-01;2.768e-01;1.131e+00;1.083e+00;7.903e-01;3.293e-01;1.044e+00;7.499e-01;2.601e-01;1.000e+01;8.333e-01;4.705e-01;1.178e+00;5.000e+01;5.000e+01
52.328968000;1.044e+00;8.332e-01;2.970e-01;7.977e-01;2.843e-01;1.134e+00;1.083e+00;7.899e-01;3.368e-01;1.044e+00;7.499e-01;2.673e-01;1.000e+01;8.333e-01;4.705e-01;1.178e+00;5.000e+01;5.000e+01
52.336721000;1.044e+00;8.332e-01;2.982e-01;7.977e-01;2.855e-01;1.134e+00;1.083e+00;7.898e-01;3.379e-01;1.044e+00;7.499e-01;2.683e-01;1.000e+01;8.333e-01;4.705e-01;1.178e+00;5.000e+01;5.000e+01
52.341769000;1.044e+00;8.331e-01;2.974e-01;7.976e-01;2.848e-01;1.134e+00;1.083e+00;7.898e-01;3.372e-01;1.044e+00;7.498e-01;2.677e-01;1.000e+01;8.333e-01;4.705e-01;1.178e+00;5.000e+01;5.000e+01
52.347769000;1.044e+00;8.331e-01;2.973e-01;7.976e-01;2.846e-01;1.134e+00;1.083e+00;7.898e-01;3.370e-01;1.044e+00;7.497e-01;2.675e-01;1.000e+01;8.333e-01;4.705e-01;1.178e+00;5.000e+01;5.000e+01
52.348769000;1.044e+00;8.330e-01;2.972e-01;7.976e-01;2.846e-01;1.134e+00;1.083e+00;7.897e-01;3.370e-01;1.044e+00;7.497e-01;2.675e-01;1.000e+01;8.333e-01;4.705e-01;1.178e+00;5.000e+01;5.000e+01
100.000000000;1.044e+00;8.333e-01;2.972e-01;7.979e-01;2.845e-01;1.134e+00;1.083e+00;7.900e-01;3.370e-01;1.044e+00;7.500e-01;2.674e-01;1.000e+01;8.333e-01;4.705e-01;1.178e+00;5.000e+01;5.000e+01
