time;BusPDR_BUS_Voltage;BusPDR_BUS_ActivePower;BusPDR_BUS_ReactivePower;BusPDR_BUS_ActiveCurrent;BusPDR_BUS_ReactiveCurrent;Wind_Turbine_GEN_MagnitudeControlledByAVRPu;Measurements_BUS_Voltage;Measurements_BUS_ActivePower;Measurements_BUS_ReactivePower;StepUp_Xfmr_XFMR_Tap;Wind_Turbine_GEN_ActivePowerSetpointPu;Wind_Turbine_GEN_ReactivePowerSetpointPu;Wind_Turbine_GEN_InjectedActiveCurrent;Wind_Turbine_GEN_InjectedReactiveCurrent
0.000000000;1.044e+00;8.333e-01;-3.363e-09;7.979e-01;-9.251e-10;1.045e+00;1.044e+00;7.500e-01;1.320e-09;1.000e+01;8.335e-01;1.556e-02;7.977e-01;1.489e-02
19.999996000;1.044e+00;8.333e-01;2.353e-10;7.979e-01;-8.777e-10;1.045e+00;1.044e+00;7.500e-01;-4.096e-10;1.000e+01;8.335e-01;1.556e-02;7.977e-01;1.489e-02
19.999996000;1.044e+00;8.333e-01;1.905e-10;7.979e-01;-7.222e-10;1.045e+00;1.044e+00;7.500e-01;-5.567e-10;1.000e+01;8.335e-01;-4.438e-03;7.977e-01;1.489e-02
19.999998000;1.044e+00;8.333e-01;-8.889e-06;7.979e-01;-8.511e-06;1.045e+00;1.044e+00;7.500e-01;-8.001e-06;1.000e+01;8.335e-01;-4.438e-03;7.977e-01;1.489e-02
20.000028000;1.044e+00;8.333e-01;-1.422e-04;7.979e-01;-1.362e-04;1.045e+00;1.044e+00;7.500e-01;-1.280e-04;1.000e+01;8.335e-01;-4.438e-03;7.977e-01;1.475e-02
20.000060000;1.044e+00;8.332e-01;-2.833e-04;7.979e-01;-2.713e-04;1.045e+00;1.044e+00;7.499e-01;-2.550e-04;1.000e+01;8.335e-01;-4.438e-03;7.977e-01;1.462e-02
20.000124000;1.044e+00;8.331e-01;-5.622e-04;7.979e-01;-5.384e-04;1.045e+00;1.044e+00;7.498e-01;-5.060e-04;1.000e+01;8.335e-01;-4.438e-03;7.977e-01;1.434e-02
20.000188000;1.044e+00;8.331e-01;-8.344e-04;7.979e-01;-7.992e-04;1.044e+00;1.044e+00;7.498e-01;-7.510e-04;1.000e+01;8.335e-01;-4.438e-03;7.977e-01;1.408e-02
20.000252000;1.044e+00;8.330e-01;-1.101e-03;7.979e-01;-1.055e-03;1.044e+00;1.044e+00;7.497e-01;-9.910e-04;1.000e+01;8.335e-01;-4.438e-03;7.977e-01;1.381e-02
20.000316000;1.044e+00;8.329e-01;-1.363e-03;7.978e-01;-1.306e-03;1.044e+00;1.044e+00;7.496e-01;-1.227e-03;1.000e+01;8.335e-01;-4.438e-03;7.977e-01;1.355e-02
20.000380000;1.044e+00;8.328e-01;-1.620e-03;7.978e-01;-1.552e-03;1.044e+00;1.044e+00;7.495e-01;-1.458e-03;1.000e+01;8.335e-01;-4.438e-03;7.977e-01;1.330e-02
20.000444000;1.044e+00;8.327e-01;-1.871e-03;7.978e-01;-1.793e-03;1.044e+00;1.044e+00;7.494e-01;-1.684e-03;1.000e+01;8.335e-01;-4.438e-03;7.977e-01;1.306e-02
20.000508000;1.044e+00;8.326e-01;-2.117e-03;7.978e-01;-2.028e-03;1.044e+00;1.044e+00;7.494e-01;-1.905e-03;1.000e+01;8.335e-01;-4.438e-03;7.977e-01;1.282e-02
20.000572000;1.044e+00;8.325e-01;-2.358e-03;7.978e-01;-2.259e-03;1.044e+00;1.044e+00;7.493e-01;-2.122e-03;1.000e+01;8.335e-01;-4.438e-03;7.977e-01;1.258e-02
20.000700000;1.043e+00;8.324e-01;-2.826e-03;7.978e-01;-2.708e-03;1.044e+00;1.043e+00;7.492e-01;-2.543e-03;1.000e+01;8.335e-01;-4.438e-03;7.977e-01;1.212e-02
20.000828000;1.043e+00;8.322e-01;-3.274e-03;7.978e-01;-3.139e-03;1.043e+00;1.043e+00;7.490e-01;-2.947e-03;1.000e+01;8.335e-01;-4.438e-03;7.977e-01;1.168e-02
20.001084000;1.043e+00;8.320e-01;-4.118e-03;7.978e-01;-3.949e-03;1.043e+00;1.043e+00;7.488e-01;-3.706e-03;1.000e+01;8.335e-01;-4.438e-03;7.977e-01;1.085e-02
20.001212000;1.043e+00;8.318e-01;-4.513e-03;7.978e-01;-4.329e-03;1.043e+00;1.043e+00;7.486e-01;-4.062e-03;1.000e+01;8.335e-01;-4.438e-03;7.977e-01;1.046e-02
20.001340000;1.043e+00;8.317e-01;-4.893e-03;7.978e-01;-4.694e-03;1.043e+00;1.043e+00;7.485e-01;-4.404e-03;1.000e+01;8.335e-01;-4.438e-03;7.977e-01;1.009e-02
20.001468000;1.042e+00;8.316e-01;-5.257e-03;7.978e-01;-5.043e-03;1.043e+00;1.042e+00;7.484e-01;-4.731e-03;1.000e+01;8.335e-01;-4.438e-03;7.977e-01;9.731e-03
20.001596000;1.042e+00;8.315e-01;-5.606e-03;7.978e-01;-5.378e-03;1.043e+00;1.042e+00;7.483e-01;-5.045e-03;1.000e+01;8.335e-01;-4.438e-03;7.977e-01;9.389e-03
20.001724000;1.042e+00;8.314e-01;-5.940e-03;7.978e-01;-5.700e-03;1.042e+00;1.042e+00;7.482e-01;-5.346e-03;1.000e+01;8.335e-01;-4.438e-03;7.977e-01;9.060e-03
20.001980000;1.042e+00;8.312e-01;-6.568e-03;7.978e-01;-6.304e-03;1.042e+00;1.042e+00;7.480e-01;-5.911e-03;1.000e+01;8.335e-01;-4.438e-03;7.977e-01;8.444e-03
20.002108000;1.042e+00;8.311e-01;-6.862e-03;7.978e-01;-6.587e-03;1.042e+00;1.042e+00;7.480e-01;-6.176e-03;1.000e+01;8.335e-01;-4.438e-03;7.977e-01;8.156e-03
20.002236000;1.042e+00;8.310e-01;-7.143e-03;7.978e-01;-6.858e-03;1.042e+00;1.042e+00;7.479e-01;-6.429e-03;1.000e+01;8.335e-01;-4.438e-03;7.978e-01;7.879e-03
20.002364000;1.042e+00;8.309e-01;-7.413e-03;7.978e-01;-7.118e-03;1.042e+00;1.042e+00;7.478e-01;-6.672e-03;1.000e+01;8.335e-01;-4.438e-03;7.978e-01;7.614e-03
20.002492000;1.041e+00;8.308e-01;-7.671e-03;7.978e-01;-7.366e-03;1.042e+00;1.041e+00;7.477e-01;-6.904e-03;1.000e+01;8.335e-01;-4.438e-03;7.978e-01;7.361e-03
20.002620000;1.041e+00;8.307e-01;-7.919e-03;7.978e-01;-7.605e-03;1.042e+00;1.041e+00;7.476e-01;-7.127e-03;1.000e+01;8.335e-01;-4.438e-03;7.978e-01;7.119e-03
20.002748000;1.041e+00;8.306e-01;-8.154e-03;7.978e-01;-7.832e-03;1.041e+00;1.041e+00;7.476e-01;-7.339e-03;1.000e+01;8.335e-01;-4.438e-03;7.978e-01;6.886e-03
20.002876000;1.041e+00;8.306e-01;-8.381e-03;7.978e-01;-8.050e-03;1.041e+00;1.041e+00;7.475e-01;-7.543e-03;1.000e+01;8.335e-01;-4.438e-03;7.978e-01;6.665e-03
20.003004000;1.041e+00;8.305e-01;-8.598e-03;7.978e-01;-8.259e-03;1.041e+00;1.041e+00;7.475e-01;-7.738e-03;1.000e+01;8.335e-01;-4.438e-03;7.978e-01;6.452e-03
20.003132000;1.041e+00;8.304e-01;-8.804e-03;7.978e-01;-8.458e-03;1.041e+00;1.041e+00;7.474e-01;-7.924e-03;1.000e+01;8.335e-01;-4.438e-03;7.978e-01;6.249e-03
20.003260000;1.041e+00;8.304e-01;-9.002e-03;7.978e-01;-8.649e-03;1.041e+00;1.041e+00;7.473e-01;-8.102e-03;1.000e+01;8.335e-01;-4.438e-03;7.978e-01;6.055e-03
20.003388000;1.041e+00;8.303e-01;-9.190e-03;7.978e-01;-8.830e-03;1.041e+00;1.041e+00;7.473e-01;-8.271e-03;1.000e+01;8.335e-01;-4.438e-03;7.978e-01;5.870e-03
20.003516000;1.041e+00;8.303e-01;-9.371e-03;7.978e-01;-9.004e-03;1.041e+00;1.041e+00;7.472e-01;-8.434e-03;1.000e+01;8.335e-01;-4.438e-03;7.978e-01;5.693e-03
20.003644000;1.041e+00;8.302e-01;-9.543e-03;7.978e-01;-9.170e-03;1.041e+00;1.041e+00;7.472e-01;-8.589e-03;1.000e+01;8.335e-01;-4.438e-03;7.978e-01;5.524e-03
20.003772000;1.041e+00;8.302e-01;-9.708e-03;7.978e-01;-9.329e-03;1.041e+00;1.041e+00;7.472e-01;-8.737e-03;1.000e+01;8.335e-01;-4.438e-03;7.978e-01;5.363e-03
20.004028000;1.040e+00;8.301e-01;-1.001e-02;7.978e-01;-9.625e-03;1.041e+00;1.040e+00;7.471e-01;-9.013e-03;1.000e+01;8.335e-01;-4.438e-03;7.978e-01;5.061e-03
20.004258000;1.040e+00;8.300e-01;-1.027e-02;7.978e-01;-9.869e-03;1.041e+00;1.040e+00;7.470e-01;-9.241e-03;1.000e+01;8.335e-01;-4.438e-03;7.978e-01;4.813e-03
20.004489000;1.040e+00;8.299e-01;-1.050e-02;7.978e-01;-1.009e-02;1.040e+00;1.040e+00;7.470e-01;-9.449e-03;1.000e+01;8.335e-01;-4.438e-03;7.979e-01;4.586e-03
20.004719000;1.040e+00;8.299e-01;-1.071e-02;7.978e-01;-1.030e-02;1.040e+00;1.040e+00;7.469e-01;-9.640e-03;1.000e+01;8.335e-01;-4.438e-03;7.979e-01;4.377e-03
20.004950000;1.040e+00;8.298e-01;-1.091e-02;7.978e-01;-1.048e-02;1.040e+00;1.040e+00;7.469e-01;-9.815e-03;1.000e+01;8.335e-01;-4.438e-03;7.979e-01;4.187e-03
20.005180000;1.040e+00;8.298e-01;-1.108e-02;7.978e-01;-1.066e-02;1.040e+00;1.040e+00;7.468e-01;-9.974e-03;1.000e+01;8.335e-01;-4.438e-03;7.979e-01;4.013e-03
20.005410000;1.040e+00;8.298e-01;-1.124e-02;7.979e-01;-1.081e-02;1.040e+00;1.040e+00;7.468e-01;-1.012e-02;1.000e+01;8.335e-01;-4.438e-03;7.979e-01;3.854e-03
20.005641000;1.040e+00;8.297e-01;-1.139e-02;7.979e-01;-1.095e-02;1.040e+00;1.040e+00;7.468e-01;-1.025e-02;1.000e+01;8.335e-01;-4.438e-03;7.979e-01;3.709e-03
20.005871000;1.040e+00;8.297e-01;-1.152e-02;7.979e-01;-1.108e-02;1.040e+00;1.040e+00;7.467e-01;-1.037e-02;1.000e+01;8.335e-01;-4.438e-03;7.980e-01;3.578e-03
20.006102000;1.040e+00;8.297e-01;-1.165e-02;7.979e-01;-1.120e-02;1.040e+00;1.040e+00;7.467e-01;-1.048e-02;1.000e+01;8.335e-01;-4.438e-03;7.980e-01;3.459e-03
20.006332000;1.040e+00;8.297e-01;-1.175e-02;7.979e-01;-1.130e-02;1.040e+00;1.040e+00;7.467e-01;-1.058e-02;1.000e+01;8.335e-01;-4.438e-03;7.980e-01;3.351e-03
20.006562000;1.040e+00;8.297e-01;-1.185e-02;7.980e-01;-1.140e-02;1.040e+00;1.040e+00;7.467e-01;-1.067e-02;1.000e+01;8.335e-01;-4.438e-03;7.980e-01;3.254e-03
20.006793000;1.040e+00;8.297e-01;-1.194e-02;7.980e-01;-1.149e-02;1.040e+00;1.040e+00;7.467e-01;-1.075e-02;1.000e+01;8.335e-01;-4.438e-03;7.981e-01;3.166e-03
20.007023000;1.040e+00;8.297e-01;-1.202e-02;7.980e-01;-1.156e-02;1.040e+00;1.040e+00;7.467e-01;-1.082e-02;1.000e+01;8.335e-01;-4.438e-03;7.981e-01;3.087e-03
20.007254000;1.040e+00;8.297e-01;-1.209e-02;7.980e-01;-1.163e-02;1.040e+00;1.040e+00;7.467e-01;-1.088e-02;1.000e+01;8.335e-01;-4.438e-03;7.981e-01;3.017e-03
20.007484000;1.040e+00;8.297e-01;-1.216e-02;7.981e-01;-1.169e-02;1.040e+00;1.040e+00;7.467e-01;-1.094e-02;1.000e+01;8.335e-01;-4.438e-03;7.981e-01;2.954e-03
20.007714000;1.040e+00;8.297e-01;-1.221e-02;7.981e-01;-1.175e-02;1.040e+00;1.040e+00;7.467e-01;-1.099e-02;1.000e+01;8.335e-01;-4.438e-03;7.982e-01;2.898e-03
20.007945000;1.040e+00;8.297e-01;-1.226e-02;7.981e-01;-1.179e-02;1.040e+00;1.040e+00;7.467e-01;-1.103e-02;1.000e+01;8.335e-01;-4.438e-03;7.982e-01;2.849e-03
20.008175000;1.040e+00;8.297e-01;-1.230e-02;7.981e-01;-1.184e-02;1.040e+00;1.040e+00;7.467e-01;-1.107e-02;1.000e+01;8.335e-01;-4.438e-03;7.982e-01;2.806e-03
20.008406000;1.040e+00;8.297e-01;-1.234e-02;7.982e-01;-1.187e-02;1.040e+00;1.040e+00;7.467e-01;-1.111e-02;1.000e+01;8.335e-01;-4.438e-03;7.982e-01;2.769e-03
20.008636000;1.040e+00;8.297e-01;-1.237e-02;7.982e-01;-1.190e-02;1.040e+00;1.040e+00;7.468e-01;-1.114e-02;1.000e+01;8.335e-01;-4.438e-03;7.983e-01;2.736e-03
20.008866000;1.039e+00;8.297e-01;-1.240e-02;7.982e-01;-1.193e-02;1.040e+00;1.039e+00;7.468e-01;-1.116e-02;1.000e+01;8.335e-01;-4.438e-03;7.983e-01;2.708e-03
20.009097000;1.039e+00;8.298e-01;-1.242e-02;7.982e-01;-1.195e-02;1.040e+00;1.039e+00;7.468e-01;-1.118e-02;1.000e+01;8.335e-01;-4.438e-03;7.983e-01;2.685e-03
20.009327000;1.039e+00;8.298e-01;-1.244e-02;7.983e-01;-1.197e-02;1.040e+00;1.039e+00;7.468e-01;-1.120e-02;1.000e+01;8.335e-01;-4.438e-03;7.984e-01;2.665e-03
20.009558000;1.039e+00;8.298e-01;-1.246e-02;7.983e-01;-1.198e-02;1.040e+00;1.039e+00;7.468e-01;-1.121e-02;1.000e+01;8.335e-01;-4.438e-03;7.984e-01;2.649e-03
20.009788000;1.039e+00;8.298e-01;-1.247e-02;7.983e-01;-1.200e-02;1.040e+00;1.039e+00;7.469e-01;-1.122e-02;1.000e+01;8.335e-01;-4.438e-03;7.984e-01;2.636e-03
20.010018000;1.039e+00;8.299e-01;-1.248e-02;7.984e-01;-1.200e-02;1.040e+00;1.039e+00;7.469e-01;-1.123e-02;1.000e+01;8.335e-01;-4.438e-03;7.985e-01;2.626e-03
20.010479000;1.039e+00;8.299e-01;-1.249e-02;7.984e-01;-1.201e-02;1.040e+00;1.039e+00;7.469e-01;-1.124e-02;1.000e+01;8.335e-01;-4.438e-03;7.985e-01;2.614e-03
20.010894000;1.039e+00;8.300e-01;-1.249e-02;7.985e-01;-1.202e-02;1.040e+00;1.039e+00;7.470e-01;-1.124e-02;1.000e+01;8.335e-01;-4.438e-03;7.986e-01;2.611e-03
20.011309000;1.039e+00;8.300e-01;-1.248e-02;7.986e-01;-1.201e-02;1.040e+00;1.039e+00;7.470e-01;-1.124e-02;1.000e+01;8.335e-01;-4.438e-03;7.986e-01;2.614e-03
20.011723000;1.039e+00;8.301e-01;-1.247e-02;7.986e-01;-1.200e-02;1.040e+00;1.039e+00;7.471e-01;-1.123e-02;1.000e+01;8.335e-01;-4.438e-03;7.987e-01;2.623e-03
20.012138000;1.039e+00;8.302e-01;-1.246e-02;7.987e-01;-1.199e-02;1.040e+00;1.039e+00;7.471e-01;-1.121e-02;1.000e+01;8.335e-01;-4.438e-03;7.988e-01;2.635e-03
20.012553000;1.039e+00;8.302e-01;-1.244e-02;7.987e-01;-1.197e-02;1.040e+00;1.039e+00;7.472e-01;-1.120e-02;1.000e+01;8.335e-01;-4.438e-03;7.988e-01;2.651e-03
20.012968000;1.039e+00;8.303e-01;-1.242e-02;7.988e-01;-1.195e-02;1.040e+00;1.039e+00;7.473e-01;-1.118e-02;1.000e+01;8.335e-01;-4.438e-03;7.989e-01;2.669e-03
20.013382000;1.039e+00;8.304e-01;-1.240e-02;7.989e-01;-1.193e-02;1.040e+00;1.039e+00;7.473e-01;-1.116e-02;1.000e+01;8.335e-01;-4.438e-03;7.989e-01;2.690e-03
20.013797000;1.039e+00;8.304e-01;-1.237e-02;7.989e-01;-1.190e-02;1.040e+00;1.039e+00;7.474e-01;-1.114e-02;1.000e+01;8.335e-01;-4.438e-03;7.990e-01;2.712e-03
20.014212000;1.039e+00;8.305e-01;-1.235e-02;7.990e-01;-1.188e-02;1.040e+00;1.039e+00;7.474e-01;-1.111e-02;1.000e+01;8.335e-01;-4.438e-03;7.991e-01;2.735e-03
20.014626000;1.039e+00;8.306e-01;-1.232e-02;7.990e-01;-1.186e-02;1.040e+00;1.039e+00;7.475e-01;-1.109e-02;1.000e+01;8.335e-01;-4.438e-03;7.991e-01;2.759e-03
20.015041000;1.039e+00;8.306e-01;-1.230e-02;7.991e-01;-1.183e-02;1.040e+00;1.039e+00;7.476e-01;-1.107e-02;1.000e+01;8.335e-01;-4.438e-03;7.992e-01;2.784e-03
20.015456000;1.039e+00;8.307e-01;-1.227e-02;7.992e-01;-1.181e-02;1.040e+00;1.039e+00;7.476e-01;-1.104e-02;1.000e+01;8.335e-01;-4.438e-03;7.992e-01;2.808e-03
20.016285000;1.039e+00;8.308e-01;-1.222e-02;7.993e-01;-1.176e-02;1.040e+00;1.039e+00;7.477e-01;-1.100e-02;1.000e+01;8.335e-01;-4.438e-03;7.994e-01;2.857e-03
20.017115000;1.039e+00;8.310e-01;-1.217e-02;7.994e-01;-1.171e-02;1.040e+00;1.039e+00;7.479e-01;-1.096e-02;1.000e+01;8.335e-01;-4.438e-03;7.995e-01;2.905e-03
20.018774000;1.039e+00;8.312e-01;-1.209e-02;7.996e-01;-1.163e-02;1.040e+00;1.039e+00;7.481e-01;-1.088e-02;1.000e+01;8.335e-01;-4.438e-03;7.997e-01;2.993e-03
20.019603000;1.040e+00;8.313e-01;-1.205e-02;7.997e-01;-1.159e-02;1.040e+00;1.040e+00;7.482e-01;-1.085e-02;1.000e+01;8.335e-01;-4.438e-03;7.998e-01;3.033e-03
20.020432000;1.040e+00;8.314e-01;-1.202e-02;7.998e-01;-1.156e-02;1.040e+00;1.040e+00;7.483e-01;-1.082e-02;1.000e+01;8.335e-01;-4.438e-03;7.999e-01;3.069e-03
20.021432000;1.040e+00;8.315e-01;-1.199e-02;7.999e-01;-1.153e-02;1.040e+00;1.040e+00;7.484e-01;-1.079e-02;1.000e+01;8.335e-01;-4.438e-03;8.000e-01;3.109e-03
20.022432000;1.040e+00;8.317e-01;-1.196e-02;8.000e-01;-1.150e-02;1.040e+00;1.040e+00;7.485e-01;-1.076e-02;1.000e+01;8.335e-01;-4.438e-03;8.001e-01;3.144e-03
20.023432000;1.040e+00;8.318e-01;-1.194e-02;8.002e-01;-1.148e-02;1.040e+00;1.040e+00;7.486e-01;-1.074e-02;1.000e+01;8.335e-01;-4.438e-03;8.002e-01;3.174e-03
20.024432000;1.040e+00;8.319e-01;-1.192e-02;8.003e-01;-1.147e-02;1.040e+00;1.040e+00;7.487e-01;-1.073e-02;1.000e+01;8.335e-01;-4.438e-03;8.003e-01;3.201e-03
20.025432000;1.040e+00;8.320e-01;-1.191e-02;8.003e-01;-1.146e-02;1.040e+00;1.040e+00;7.488e-01;-1.072e-02;1.000e+01;8.335e-01;-4.438e-03;8.004e-01;3.224e-03
20.026432000;1.039e+00;8.321e-01;-1.190e-02;8.004e-01;-1.145e-02;1.040e+00;1.039e+00;7.488e-01;-1.071e-02;1.000e+01;8.335e-01;-4.438e-03;8.005e-01;3.243e-03
20.027432000;1.039e+00;8.321e-01;-1.190e-02;8.005e-01;-1.144e-02;1.040e+00;1.039e+00;7.489e-01;-1.071e-02;1.000e+01;8.335e-01;-4.438e-03;8.006e-01;3.260e-03
20.028432000;1.039e+00;8.322e-01;-1.189e-02;8.006e-01;-1.144e-02;1.040e+00;1.039e+00;7.490e-01;-1.070e-02;1.000e+01;8.335e-01;-4.438e-03;8.007e-01;3.273e-03
20.029432000;1.039e+00;8.323e-01;-1.190e-02;8.007e-01;-1.144e-02;1.040e+00;1.039e+00;7.491e-01;-1.071e-02;1.000e+01;8.335e-01;-4.438e-03;8.007e-01;3.285e-03
20.030432000;1.039e+00;8.324e-01;-1.190e-02;8.007e-01;-1.145e-02;1.040e+00;1.039e+00;7.491e-01;-1.071e-02;1.000e+01;8.335e-01;-4.438e-03;8.008e-01;3.294e-03
20.031432000;1.039e+00;8.324e-01;-1.191e-02;8.008e-01;-1.145e-02;1.040e+00;1.039e+00;7.492e-01;-1.072e-02;1.000e+01;8.335e-01;-4.438e-03;8.009e-01;3.301e-03
20.032432000;1.039e+00;8.325e-01;-1.191e-02;8.009e-01;-1.146e-02;1.040e+00;1.039e+00;7.492e-01;-1.072e-02;1.000e+01;8.335e-01;-4.438e-03;8.009e-01;3.307e-03
20.033432000;1.039e+00;8.325e-01;-1.192e-02;8.009e-01;-1.147e-02;1.040e+00;1.039e+00;7.493e-01;-1.073e-02;1.000e+01;8.335e-01;-4.438e-03;8.010e-01;3.311e-03
20.034432000;1.039e+00;8.326e-01;-1.194e-02;8.010e-01;-1.148e-02;1.040e+00;1.039e+00;7.493e-01;-1.074e-02;1.000e+01;8.335e-01;-4.438e-03;8.011e-01;3.313e-03
20.035432000;1.039e+00;8.326e-01;-1.195e-02;8.010e-01;-1.150e-02;1.040e+00;1.039e+00;7.494e-01;-1.075e-02;1.000e+01;8.335e-01;-4.438e-03;8.011e-01;3.314e-03
20.036432000;1.039e+00;8.327e-01;-1.196e-02;8.011e-01;-1.151e-02;1.040e+00;1.039e+00;7.494e-01;-1.077e-02;1.000e+01;8.335e-01;-4.438e-03;8.012e-01;3.314e-03
20.037432000;1.039e+00;8.327e-01;-1.198e-02;8.011e-01;-1.152e-02;1.040e+00;1.039e+00;7.494e-01;-1.078e-02;1.000e+01;8.335e-01;-4.438e-03;8.012e-01;3.313e-03
20.038432000;1.039e+00;8.327e-01;-1.199e-02;8.012e-01;-1.154e-02;1.040e+00;1.039e+00;7.495e-01;-1.079e-02;1.000e+01;8.335e-01;-4.438e-03;8.013e-01;3.311e-03
20.039432000;1.039e+00;8.328e-01;-1.201e-02;8.012e-01;-1.155e-02;1.040e+00;1.039e+00;7.495e-01;-1.081e-02;1.000e+01;8.335e-01;-4.438e-03;8.013e-01;3.309e-03
20.040432000;1.039e+00;8.328e-01;-1.202e-02;8.013e-01;-1.157e-02;1.039e+00;1.039e+00;7.495e-01;-1.082e-02;1.000e+01;8.335e-01;-4.438e-03;8.013e-01;3.305e-03
20.041432000;1.039e+00;8.328e-01;-1.204e-02;8.013e-01;-1.158e-02;1.039e+00;1.039e+00;7.495e-01;-1.084e-02;1.000e+01;8.335e-01;-4.438e-03;8.014e-01;3.300e-03
20.042432000;1.039e+00;8.329e-01;-1.206e-02;8.013e-01;-1.160e-02;1.039e+00;1.039e+00;7.496e-01;-1.085e-02;1.000e+01;8.335e-01;-4.438e-03;8.014e-01;3.295e-03
20.043432000;1.039e+00;8.329e-01;-1.207e-02;8.014e-01;-1.162e-02;1.039e+00;1.039e+00;7.496e-01;-1.087e-02;1.000e+01;8.335e-01;-4.438e-03;8.014e-01;3.289e-03
20.044432000;1.039e+00;8.329e-01;-1.209e-02;8.014e-01;-1.163e-02;1.039e+00;1.039e+00;7.496e-01;-1.088e-02;1.000e+01;8.335e-01;-4.438e-03;8.015e-01;3.282e-03
20.045432000;1.039e+00;8.329e-01;-1.211e-02;8.014e-01;-1.165e-02;1.039e+00;1.039e+00;7.496e-01;-1.090e-02;1.000e+01;8.335e-01;-4.438e-03;8.015e-01;3.275e-03
20.046432000;1.039e+00;8.329e-01;-1.213e-02;8.014e-01;-1.167e-02;1.039e+00;1.039e+00;7.497e-01;-1.091e-02;1.000e+01;8.335e-01;-4.438e-03;8.015e-01;3.267e-03
20.047432000;1.039e+00;8.330e-01;-1.215e-02;8.015e-01;-1.169e-02;1.039e+00;1.039e+00;7.497e-01;-1.093e-02;1.000e+01;8.335e-01;-4.438e-03;8.015e-01;3.258e-03
20.048432000;1.039e+00;8.330e-01;-1.216e-02;8.015e-01;-1.170e-02;1.039e+00;1.039e+00;7.497e-01;-1.095e-02;1.000e+01;8.335e-01;-4.438e-03;8.016e-01;3.249e-03
20.049432000;1.039e+00;8.330e-01;-1.218e-02;8.015e-01;-1.172e-02;1.039e+00;1.039e+00;7.497e-01;-1.096e-02;1.000e+01;8.335e-01;-4.438e-03;8.016e-01;3.240e-03
20.051432000;1.039e+00;8.330e-01;-1.222e-02;8.015e-01;-1.176e-02;1.039e+00;1.039e+00;7.497e-01;-1.100e-02;1.000e+01;8.335e-01;-4.438e-03;8.016e-01;3.220e-03
20.052432000;1.039e+00;8.330e-01;-1.224e-02;8.016e-01;-1.178e-02;1.039e+00;1.039e+00;7.497e-01;-1.101e-02;1.000e+01;8.335e-01;-4.438e-03;8.016e-01;3.209e-03
20.053432000;1.039e+00;8.330e-01;-1.226e-02;8.016e-01;-1.179e-02;1.039e+00;1.039e+00;7.497e-01;-1.103e-02;1.000e+01;8.335e-01;-4.438e-03;8.017e-01;3.198e-03
20.054432000;1.039e+00;8.331e-01;-1.228e-02;8.016e-01;-1.181e-02;1.039e+00;1.039e+00;7.498e-01;-1.105e-02;1.000e+01;8.335e-01;-4.438e-03;8.017e-01;3.186e-03
20.057432000;1.039e+00;8.331e-01;-1.233e-02;8.016e-01;-1.187e-02;1.039e+00;1.039e+00;7.498e-01;-1.110e-02;1.000e+01;8.335e-01;-4.438e-03;8.017e-01;3.149e-03
20.058432000;1.039e+00;8.331e-01;-1.235e-02;8.017e-01;-1.189e-02;1.039e+00;1.039e+00;7.498e-01;-1.112e-02;1.000e+01;8.335e-01;-4.438e-03;8.017e-01;3.136e-03
20.059432000;1.039e+00;8.331e-01;-1.237e-02;8.017e-01;-1.190e-02;1.039e+00;1.039e+00;7.498e-01;-1.113e-02;1.000e+01;8.335e-01;-4.438e-03;8.018e-01;3.123e-03
20.065432000;1.039e+00;8.331e-01;-1.248e-02;8.017e-01;-1.201e-02;1.039e+00;1.039e+00;7.498e-01;-1.123e-02;1.000e+01;8.335e-01;-4.438e-03;8.018e-01;3.039e-03
20.066432000;1.039e+00;8.331e-01;-1.250e-02;8.018e-01;-1.203e-02;1.039e+00;1.039e+00;7.498e-01;-1.125e-02;1.000e+01;8.335e-01;-4.438e-03;8.018e-01;3.025e-03
20.067432000;1.039e+00;8.331e-01;-1.252e-02;8.018e-01;-1.205e-02;1.039e+00;1.039e+00;7.498e-01;-1.127e-02;1.000e+01;8.335e-01;-4.438e-03;8.019e-01;3.010e-03
20.068432000;1.039e+00;8.331e-01;-1.254e-02;8.018e-01;-1.207e-02;1.039e+00;1.039e+00;7.498e-01;-1.128e-02;1.000e+01;8.335e-01;-4.438e-03;8.019e-01;2.995e-03
20.069432000;1.039e+00;8.332e-01;-1.256e-02;8.018e-01;-1.208e-02;1.039e+00;1.039e+00;7.498e-01;-1.130e-02;1.000e+01;8.335e-01;-4.438e-03;8.019e-01;2.980e-03
20.070432000;1.039e+00;8.332e-01;-1.258e-02;8.018e-01;-1.210e-02;1.039e+00;1.039e+00;7.498e-01;-1.132e-02;1.000e+01;8.335e-01;-4.438e-03;8.019e-01;2.965e-03
20.074432000;1.039e+00;8.332e-01;-1.265e-02;8.018e-01;-1.217e-02;1.039e+00;1.039e+00;7.498e-01;-1.138e-02;1.000e+01;8.335e-01;-4.438e-03;8.019e-01;2.903e-03
20.075432000;1.039e+00;8.332e-01;-1.267e-02;8.018e-01;-1.219e-02;1.039e+00;1.039e+00;7.499e-01;-1.140e-02;1.000e+01;8.335e-01;-4.438e-03;8.019e-01;2.887e-03
20.076432000;1.039e+00;8.332e-01;-1.269e-02;8.018e-01;-1.221e-02;1.039e+00;1.039e+00;7.499e-01;-1.142e-02;1.000e+01;8.335e-01;-4.438e-03;8.019e-01;2.871e-03
20.077432000;1.039e+00;8.332e-01;-1.270e-02;8.019e-01;-1.223e-02;1.039e+00;1.039e+00;7.499e-01;-1.143e-02;1.000e+01;8.335e-01;-4.438e-03;8.019e-01;2.856e-03
20.078432000;1.039e+00;8.332e-01;-1.272e-02;8.019e-01;-1.225e-02;1.039e+00;1.039e+00;7.499e-01;-1.145e-02;1.000e+01;8.335e-01;-4.438e-03;8.020e-01;2.840e-03
20.082432000;1.039e+00;8.332e-01;-1.280e-02;8.019e-01;-1.232e-02;1.039e+00;1.039e+00;7.499e-01;-1.152e-02;1.000e+01;8.335e-01;-4.438e-03;8.020e-01;2.776e-03
20.085432000;1.039e+00;8.332e-01;-1.285e-02;8.019e-01;-1.237e-02;1.039e+00;1.039e+00;7.499e-01;-1.157e-02;1.000e+01;8.335e-01;-4.438e-03;8.020e-01;2.727e-03
20.087432000;1.039e+00;8.332e-01;-1.289e-02;8.019e-01;-1.240e-02;1.039e+00;1.039e+00;7.499e-01;-1.160e-02;1.000e+01;8.335e-01;-4.438e-03;8.020e-01;2.695e-03
20.089432000;1.039e+00;8.332e-01;-1.292e-02;8.019e-01;-1.244e-02;1.039e+00;1.039e+00;7.499e-01;-1.163e-02;1.000e+01;8.335e-01;-4.438e-03;8.020e-01;2.663e-03
20.090432000;1.039e+00;8.332e-01;-1.294e-02;8.020e-01;-1.245e-02;1.039e+00;1.039e+00;7.499e-01;-1.165e-02;1.000e+01;8.335e-01;-4.438e-03;8.020e-01;2.646e-03
20.091432000;1.039e+00;8.332e-01;-1.296e-02;8.020e-01;-1.247e-02;1.039e+00;1.039e+00;7.499e-01;-1.166e-02;1.000e+01;8.335e-01;-4.438e-03;8.021e-01;2.630e-03
20.105432000;1.039e+00;8.332e-01;-1.320e-02;8.020e-01;-1.271e-02;1.039e+00;1.039e+00;7.499e-01;-1.188e-02;1.000e+01;8.335e-01;-4.438e-03;8.021e-01;2.405e-03
20.106432000;1.039e+00;8.332e-01;-1.322e-02;8.021e-01;-1.272e-02;1.039e+00;1.039e+00;7.499e-01;-1.189e-02;1.000e+01;8.335e-01;-4.438e-03;8.022e-01;2.390e-03
20.116432000;1.039e+00;8.332e-01;-1.338e-02;8.021e-01;-1.289e-02;1.039e+00;1.039e+00;7.499e-01;-1.205e-02;1.000e+01;8.335e-01;-4.438e-03;8.022e-01;2.232e-03
20.118432000;1.039e+00;8.332e-01;-1.342e-02;8.021e-01;-1.292e-02;1.039e+00;1.039e+00;7.499e-01;-1.208e-02;1.000e+01;8.335e-01;-4.438e-03;8.022e-01;2.201e-03
20.121432000;1.039e+00;8.332e-01;-1.347e-02;8.021e-01;-1.296e-02;1.039e+00;1.039e+00;7.499e-01;-1.212e-02;1.000e+01;8.335e-01;-4.438e-03;8.022e-01;2.155e-03
20.122432000;1.039e+00;8.332e-01;-1.348e-02;8.021e-01;-1.298e-02;1.039e+00;1.039e+00;7.499e-01;-1.213e-02;1.000e+01;8.335e-01;-4.438e-03;8.023e-01;2.140e-03
20.123432000;1.039e+00;8.332e-01;-1.350e-02;8.022e-01;-1.300e-02;1.039e+00;1.039e+00;7.499e-01;-1.215e-02;1.000e+01;8.335e-01;-4.438e-03;8.023e-01;2.124e-03
20.124432000;1.039e+00;8.332e-01;-1.352e-02;8.022e-01;-1.301e-02;1.039e+00;1.039e+00;7.499e-01;-1.216e-02;1.000e+01;8.335e-01;-4.438e-03;8.023e-01;2.109e-03
20.138432000;1.039e+00;8.332e-01;-1.374e-02;8.022e-01;-1.323e-02;1.039e+00;1.039e+00;7.499e-01;-1.236e-02;1.000e+01;8.335e-01;-4.438e-03;8.023e-01;1.899e-03
20.139432000;1.039e+00;8.332e-01;-1.375e-02;8.022e-01;-1.324e-02;1.039e+00;1.039e+00;7.499e-01;-1.238e-02;1.000e+01;8.335e-01;-4.438e-03;8.024e-01;1.884e-03
20.140432000;1.039e+00;8.332e-01;-1.377e-02;8.023e-01;-1.326e-02;1.039e+00;1.039e+00;7.499e-01;-1.239e-02;1.000e+01;8.335e-01;-4.438e-03;8.024e-01;1.870e-03
20.144432000;1.039e+00;8.332e-01;-1.383e-02;8.023e-01;-1.332e-02;1.039e+00;1.039e+00;7.499e-01;-1.245e-02;1.000e+01;8.335e-01;-4.438e-03;8.024e-01;1.811e-03
20.154432000;1.039e+00;8.332e-01;-1.398e-02;8.023e-01;-1.346e-02;1.039e+00;1.039e+00;7.499e-01;-1.259e-02;1.000e+01;8.335e-01;-4.438e-03;8.024e-01;1.668e-03
20.155432000;1.038e+00;8.332e-01;-1.400e-02;8.023e-01;-1.348e-02;1.039e+00;1.038e+00;7.499e-01;-1.260e-02;1.000e+01;8.335e-01;-4.438e-03;8.024e-01;1.654e-03
20.156432000;1.038e+00;8.332e-01;-1.401e-02;8.023e-01;-1.349e-02;1.039e+00;1.038e+00;7.499e-01;-1.261e-02;1.000e+01;8.335e-01;-4.438e-03;8.024e-01;1.640e-03
20.157432000;1.038e+00;8.332e-01;-1.403e-02;8.023e-01;-1.351e-02;1.039e+00;1.038e+00;7.499e-01;-1.263e-02;1.000e+01;8.335e-01;-4.438e-03;8.025e-01;1.626e-03
20.158432000;1.038e+00;8.332e-01;-1.404e-02;8.023e-01;-1.352e-02;1.039e+00;1.038e+00;7.499e-01;-1.264e-02;1.000e+01;8.335e-01;-4.438e-03;8.025e-01;1.612e-03
20.159432000;1.038e+00;8.332e-01;-1.406e-02;8.024e-01;-1.354e-02;1.039e+00;1.038e+00;7.499e-01;-1.265e-02;1.000e+01;8.335e-01;-4.438e-03;8.025e-01;1.598e-03
20.165432000;1.038e+00;8.332e-01;-1.415e-02;8.024e-01;-1.362e-02;1.039e+00;1.038e+00;7.499e-01;-1.273e-02;1.000e+01;8.335e-01;-4.438e-03;8.025e-01;1.515e-03
20.166432000;1.038e+00;8.332e-01;-1.416e-02;8.024e-01;-1.364e-02;1.038e+00;1.038e+00;7.499e-01;-1.274e-02;1.000e+01;8.335e-01;-4.438e-03;8.025e-01;1.501e-03
20.174432000;1.038e+00;8.332e-01;-1.428e-02;8.024e-01;-1.375e-02;1.038e+00;1.038e+00;7.499e-01;-1.285e-02;1.000e+01;8.335e-01;-4.438e-03;8.025e-01;1.393e-03
20.175432000;1.038e+00;8.332e-01;-1.429e-02;8.024e-01;-1.376e-02;1.038e+00;1.038e+00;7.499e-01;-1.286e-02;1.000e+01;8.335e-01;-4.438e-03;8.026e-01;1.379e-03
20.178432000;1.038e+00;8.332e-01;-1.433e-02;8.024e-01;-1.380e-02;1.038e+00;1.038e+00;7.499e-01;-1.290e-02;1.000e+01;8.335e-01;-4.438e-03;8.026e-01;1.339e-03
20.179432000;1.038e+00;8.332e-01;-1.435e-02;8.025e-01;-1.382e-02;1.038e+00;1.038e+00;7.499e-01;-1.291e-02;1.000e+01;8.335e-01;-4.438e-03;8.026e-01;1.326e-03
20.184432000;1.038e+00;8.332e-01;-1.442e-02;8.025e-01;-1.388e-02;1.038e+00;1.038e+00;7.499e-01;-1.297e-02;1.000e+01;8.335e-01;-4.438e-03;8.026e-01;1.260e-03
20.189432000;1.038e+00;8.332e-01;-1.448e-02;8.025e-01;-1.395e-02;1.038e+00;1.038e+00;7.499e-01;-1.304e-02;1.000e+01;8.335e-01;-4.438e-03;8.026e-01;1.195e-03
20.194432000;1.038e+00;8.332e-01;-1.455e-02;8.025e-01;-1.402e-02;1.038e+00;1.038e+00;7.499e-01;-1.310e-02;1.000e+01;8.335e-01;-4.438e-03;8.026e-01;1.131e-03
20.195432000;1.038e+00;8.332e-01;-1.457e-02;8.025e-01;-1.403e-02;1.038e+00;1.038e+00;7.499e-01;-1.311e-02;1.000e+01;8.335e-01;-4.438e-03;8.027e-01;1.119e-03
20.197432000;1.038e+00;8.332e-01;-1.459e-02;8.025e-01;-1.405e-02;1.038e+00;1.038e+00;7.499e-01;-1.313e-02;1.000e+01;8.335e-01;-4.438e-03;8.027e-01;1.093e-03
20.199432000;1.038e+00;8.332e-01;-1.462e-02;8.025e-01;-1.408e-02;1.038e+00;1.038e+00;7.499e-01;-1.316e-02;1.000e+01;8.335e-01;-4.438e-03;8.027e-01;1.068e-03
20.200432000;1.038e+00;8.332e-01;-1.463e-02;8.026e-01;-1.409e-02;1.038e+00;1.038e+00;7.499e-01;-1.317e-02;1.000e+01;8.335e-01;-4.438e-03;8.027e-01;1.056e-03
20.215432000;1.038e+00;8.332e-01;-1.483e-02;8.026e-01;-1.428e-02;1.038e+00;1.038e+00;7.499e-01;-1.334e-02;1.000e+01;8.335e-01;-4.438e-03;8.027e-01;8.710e-04
20.216432000;1.038e+00;8.332e-01;-1.484e-02;8.026e-01;-1.429e-02;1.038e+00;1.038e+00;7.499e-01;-1.336e-02;1.000e+01;8.335e-01;-4.438e-03;8.028e-01;8.590e-04
20.221432000;1.038e+00;8.332e-01;-1.490e-02;8.026e-01;-1.436e-02;1.038e+00;1.038e+00;7.499e-01;-1.341e-02;1.000e+01;8.335e-01;-4.438e-03;8.028e-01;8.000e-04
20.222432000;1.038e+00;8.332e-01;-1.492e-02;8.027e-01;-1.437e-02;1.038e+00;1.038e+00;7.499e-01;-1.342e-02;1.000e+01;8.335e-01;-4.438e-03;8.028e-01;7.880e-04
20.226432000;1.038e+00;8.332e-01;-1.497e-02;8.027e-01;-1.442e-02;1.038e+00;1.038e+00;7.499e-01;-1.347e-02;1.000e+01;8.335e-01;-4.438e-03;8.028e-01;7.410e-04
20.236432000;1.038e+00;8.332e-01;-1.509e-02;8.027e-01;-1.454e-02;1.038e+00;1.038e+00;7.499e-01;-1.358e-02;1.000e+01;8.335e-01;-4.438e-03;8.028e-01;6.250e-04
20.237432000;1.038e+00;8.332e-01;-1.510e-02;8.027e-01;-1.455e-02;1.038e+00;1.038e+00;7.499e-01;-1.359e-02;1.000e+01;8.335e-01;-4.438e-03;8.029e-01;6.140e-04
20.242432000;1.038e+00;8.332e-01;-1.516e-02;8.027e-01;-1.461e-02;1.038e+00;1.038e+00;7.499e-01;-1.364e-02;1.000e+01;8.335e-01;-4.438e-03;8.029e-01;5.570e-04
20.243432000;1.038e+00;8.332e-01;-1.517e-02;8.027e-01;-1.462e-02;1.038e+00;1.038e+00;7.499e-01;-1.366e-02;1.000e+01;8.335e-01;-4.438e-03;8.029e-01;5.460e-04
20.244432000;1.038e+00;8.332e-01;-1.518e-02;8.027e-01;-1.463e-02;1.038e+00;1.038e+00;7.499e-01;-1.367e-02;1.000e+01;8.335e-01;-4.438e-03;8.029e-01;5.350e-04
20.245432000;1.038e+00;8.332e-01;-1.520e-02;8.028e-01;-1.464e-02;1.038e+00;1.038e+00;7.499e-01;-1.368e-02;1.000e+01;8.335e-01;-4.438e-03;8.029e-01;5.230e-04
20.259432000;1.038e+00;8.332e-01;-1.536e-02;8.028e-01;-1.480e-02;1.038e+00;1.038e+00;7.499e-01;-1.382e-02;1.000e+01;8.335e-01;-4.438e-03;8.029e-01;3.700e-04
20.260432000;1.038e+00;8.332e-01;-1.537e-02;8.028e-01;-1.481e-02;1.038e+00;1.038e+00;7.499e-01;-1.383e-02;1.000e+01;8.335e-01;-4.438e-03;8.030e-01;3.590e-04
20.265432000;1.038e+00;8.332e-01;-1.543e-02;8.028e-01;-1.486e-02;1.038e+00;1.038e+00;7.499e-01;-1.388e-02;1.000e+01;8.335e-01;-4.438e-03;8.030e-01;3.060e-04
20.266432000;1.038e+00;8.332e-01;-1.544e-02;8.028e-01;-1.487e-02;1.038e+00;1.038e+00;7.499e-01;-1.389e-02;1.000e+01;8.335e-01;-4.438e-03;8.030e-01;2.950e-04
20.269432000;1.038e+00;8.332e-01;-1.547e-02;8.028e-01;-1.491e-02;1.038e+00;1.038e+00;7.499e-01;-1.392e-02;1.000e+01;8.335e-01;-4.438e-03;8.030e-01;2.640e-04
20.270432000;1.038e+00;8.332e-01;-1.548e-02;8.029e-01;-1.492e-02;1.038e+00;1.038e+00;7.499e-01;-1.393e-02;1.000e+01;8.335e-01;-4.438e-03;8.030e-01;2.530e-04
20.284432000;1.038e+00;8.332e-01;-1.563e-02;8.029e-01;-1.506e-02;1.038e+00;1.038e+00;7.499e-01;-1.407e-02;1.000e+01;8.335e-01;-4.438e-03;8.030e-01;1.100e-04
20.285432000;1.038e+00;8.332e-01;-1.564e-02;8.029e-01;-1.507e-02;1.038e+00;1.038e+00;7.499e-01;-1.408e-02;1.000e+01;8.335e-01;-4.438e-03;8.031e-01;1.000e-04
20.286432000;1.038e+00;8.332e-01;-1.565e-02;8.029e-01;-1.508e-02;1.038e+00;1.038e+00;7.499e-01;-1.409e-02;1.000e+01;8.335e-01;-4.438e-03;8.031e-01;9.000e-05
20.287432000;1.038e+00;8.333e-01;-1.567e-02;8.029e-01;-1.510e-02;1.038e+00;1.038e+00;7.499e-01;-1.410e-02;1.000e+01;8.335e-01;-4.438e-03;8.031e-01;7.900e-05
20.294432000;1.038e+00;8.333e-01;-1.574e-02;8.029e-01;-1.517e-02;1.038e+00;1.038e+00;7.499e-01;-1.417e-02;1.000e+01;8.335e-01;-4.438e-03;8.031e-01;1.000e-05
20.295432000;1.038e+00;8.333e-01;-1.575e-02;8.029e-01;-1.518e-02;1.038e+00;1.038e+00;7.499e-01;-1.417e-02;1.000e+01;8.335e-01;-4.438e-03;8.031e-01;1.844e-09
20.296432000;1.038e+00;8.333e-01;-1.576e-02;8.030e-01;-1.519e-02;1.038e+00;1.038e+00;7.499e-01;-1.418e-02;1.000e+01;8.335e-01;-4.438e-03;8.031e-01;-9.998e-06
20.310432000;1.038e+00;8.333e-01;-1.590e-02;8.030e-01;-1.532e-02;1.038e+00;1.038e+00;7.499e-01;-1.431e-02;1.000e+01;8.335e-01;-4.438e-03;8.031e-01;-1.440e-04
20.311432000;1.038e+00;8.333e-01;-1.591e-02;8.030e-01;-1.533e-02;1.038e+00;1.038e+00;7.499e-01;-1.432e-02;1.000e+01;8.335e-01;-4.438e-03;8.032e-01;-1.540e-04
20.324432000;1.038e+00;8.333e-01;-1.604e-02;8.030e-01;-1.546e-02;1.038e+00;1.038e+00;7.499e-01;-1.443e-02;1.000e+01;8.335e-01;-4.438e-03;8.032e-01;-2.740e-04
20.325432000;1.038e+00;8.333e-01;-1.605e-02;8.031e-01;-1.547e-02;1.038e+00;1.038e+00;7.499e-01;-1.444e-02;1.000e+01;8.335e-01;-4.438e-03;8.032e-01;-2.830e-04
20.328432000;1.038e+00;8.333e-01;-1.608e-02;8.031e-01;-1.550e-02;1.038e+00;1.038e+00;7.499e-01;-1.447e-02;1.000e+01;8.335e-01;-4.438e-03;8.032e-01;-3.100e-04
20.338432000;1.038e+00;8.333e-01;-1.617e-02;8.031e-01;-1.559e-02;1.038e+00;1.038e+00;7.499e-01;-1.455e-02;1.000e+01;8.335e-01;-4.438e-03;8.032e-01;-3.990e-04
20.339432000;1.038e+00;8.333e-01;-1.618e-02;8.031e-01;-1.560e-02;1.038e+00;1.038e+00;7.499e-01;-1.456e-02;1.000e+01;8.335e-01;-4.438e-03;8.033e-01;-4.080e-04
20.341432000;1.038e+00;8.333e-01;-1.620e-02;8.031e-01;-1.561e-02;1.038e+00;1.038e+00;7.499e-01;-1.458e-02;1.000e+01;8.335e-01;-4.438e-03;8.033e-01;-4.260e-04
20.346432000;1.038e+00;8.333e-01;-1.625e-02;8.031e-01;-1.566e-02;1.038e+00;1.038e+00;7.499e-01;-1.462e-02;1.000e+01;8.335e-01;-4.438e-03;8.033e-01;-4.690e-04
20.349432000;1.038e+00;8.333e-01;-1.627e-02;8.031e-01;-1.568e-02;1.038e+00;1.038e+00;7.499e-01;-1.465e-02;1.000e+01;8.335e-01;-4.438e-03;8.033e-01;-4.950e-04
20.353432000;1.038e+00;8.333e-01;-1.631e-02;8.031e-01;-1.572e-02;1.038e+00;1.038e+00;7.499e-01;-1.468e-02;1.000e+01;8.335e-01;-4.438e-03;8.033e-01;-5.290e-04
20.354432000;1.037e+00;8.333e-01;-1.632e-02;8.031e-01;-1.573e-02;1.038e+00;1.037e+00;7.499e-01;-1.469e-02;1.000e+01;8.335e-01;-4.438e-03;8.033e-01;-5.370e-04
20.355432000;1.037e+00;8.333e-01;-1.633e-02;8.032e-01;-1.574e-02;1.038e+00;1.037e+00;7.499e-01;-1.469e-02;1.000e+01;8.335e-01;-4.438e-03;8.033e-01;-5.460e-04
20.358432000;1.037e+00;8.333e-01;-1.635e-02;8.032e-01;-1.576e-02;1.038e+00;1.037e+00;7.499e-01;-1.472e-02;1.000e+01;8.335e-01;-4.438e-03;8.033e-01;-5.710e-04
20.359432000;1.037e+00;8.333e-01;-1.636e-02;8.032e-01;-1.577e-02;1.037e+00;1.037e+00;7.499e-01;-1.473e-02;1.000e+01;8.335e-01;-4.438e-03;8.033e-01;-5.790e-04
20.368432000;1.037e+00;8.333e-01;-1.644e-02;8.032e-01;-1.585e-02;1.037e+00;1.037e+00;7.499e-01;-1.480e-02;1.000e+01;8.335e-01;-4.438e-03;8.033e-01;-6.530e-04
20.369432000;1.037e+00;8.333e-01;-1.645e-02;8.032e-01;-1.586e-02;1.037e+00;1.037e+00;7.499e-01;-1.480e-02;1.000e+01;8.335e-01;-4.438e-03;8.034e-01;-6.620e-04
20.387432000;1.037e+00;8.333e-01;-1.660e-02;8.032e-01;-1.600e-02;1.037e+00;1.037e+00;7.499e-01;-1.494e-02;1.000e+01;8.335e-01;-4.438e-03;8.034e-01;-8.050e-04
20.388432000;1.037e+00;8.333e-01;-1.661e-02;8.033e-01;-1.601e-02;1.037e+00;1.037e+00;7.499e-01;-1.495e-02;1.000e+01;8.335e-01;-4.438e-03;8.034e-01;-8.130e-04
20.395432000;1.037e+00;8.333e-01;-1.667e-02;8.033e-01;-1.607e-02;1.037e+00;1.037e+00;7.499e-01;-1.500e-02;1.000e+01;8.335e-01;-4.438e-03;8.034e-01;-8.660e-04
20.401432000;1.037e+00;8.333e-01;-1.671e-02;8.033e-01;-1.611e-02;1.037e+00;1.037e+00;7.499e-01;-1.504e-02;1.000e+01;8.335e-01;-4.438e-03;8.034e-01;-9.120e-04
20.402432000;1.037e+00;8.333e-01;-1.672e-02;8.033e-01;-1.612e-02;1.037e+00;1.037e+00;7.499e-01;-1.505e-02;1.000e+01;8.335e-01;-4.438e-03;8.035e-01;-9.190e-04
20.407432000;1.037e+00;8.333e-01;-1.676e-02;8.033e-01;-1.616e-02;1.037e+00;1.037e+00;7.499e-01;-1.508e-02;1.000e+01;8.335e-01;-4.438e-03;8.035e-01;-9.570e-04
20.410432000;1.037e+00;8.333e-01;-1.678e-02;8.033e-01;-1.618e-02;1.037e+00;1.037e+00;7.499e-01;-1.511e-02;1.000e+01;8.335e-01;-4.438e-03;8.035e-01;-9.790e-04
20.418432000;1.037e+00;8.333e-01;-1.685e-02;8.033e-01;-1.624e-02;1.037e+00;1.037e+00;7.499e-01;-1.516e-02;1.000e+01;8.335e-01;-4.438e-03;8.035e-01;-1.037e-03
20.424432000;1.037e+00;8.333e-01;-1.689e-02;8.033e-01;-1.628e-02;1.037e+00;1.037e+00;7.499e-01;-1.520e-02;1.000e+01;8.335e-01;-4.438e-03;8.035e-01;-1.080e-03
20.425432000;1.037e+00;8.333e-01;-1.690e-02;8.034e-01;-1.629e-02;1.037e+00;1.037e+00;7.499e-01;-1.521e-02;1.000e+01;8.335e-01;-4.438e-03;8.035e-01;-1.087e-03
20.437432000;1.037e+00;8.333e-01;-1.699e-02;8.034e-01;-1.638e-02;1.037e+00;1.037e+00;7.499e-01;-1.529e-02;1.000e+01;8.335e-01;-4.438e-03;8.035e-01;-1.171e-03
20.438432000;1.037e+00;8.333e-01;-1.699e-02;8.034e-01;-1.638e-02;1.037e+00;1.037e+00;7.499e-01;-1.529e-02;1.000e+01;8.335e-01;-4.438e-03;8.036e-01;-1.178e-03
20.448432000;1.037e+00;8.333e-01;-1.707e-02;8.034e-01;-1.645e-02;1.037e+00;1.037e+00;7.499e-01;-1.536e-02;1.000e+01;8.335e-01;-4.438e-03;8.036e-01;-1.245e-03
20.449432000;1.037e+00;8.333e-01;-1.707e-02;8.034e-01;-1.646e-02;1.037e+00;1.037e+00;7.500e-01;-1.537e-02;1.000e+01;8.335e-01;-4.438e-03;8.036e-01;-1.252e-03
20.457432000;1.037e+00;8.333e-01;-1.713e-02;8.034e-01;-1.652e-02;1.037e+00;1.037e+00;7.500e-01;-1.542e-02;1.000e+01;8.335e-01;-4.438e-03;8.036e-01;-1.305e-03
20.463432000;1.037e+00;8.333e-01;-1.717e-02;8.034e-01;-1.656e-02;1.037e+00;1.037e+00;7.500e-01;-1.545e-02;1.000e+01;8.335e-01;-4.438e-03;8.036e-01;-1.344e-03
20.464432000;1.037e+00;8.333e-01;-1.718e-02;8.035e-01;-1.656e-02;1.037e+00;1.037e+00;7.500e-01;-1.546e-02;1.000e+01;8.335e-01;-4.438e-03;8.036e-01;-1.350e-03
20.470432000;1.037e+00;8.333e-01;-1.722e-02;8.035e-01;-1.660e-02;1.037e+00;1.037e+00;7.500e-01;-1.550e-02;1.000e+01;8.335e-01;-4.438e-03;8.036e-01;-1.389e-03
20.475432000;1.037e+00;8.333e-01;-1.725e-02;8.035e-01;-1.663e-02;1.037e+00;1.037e+00;7.500e-01;-1.553e-02;1.000e+01;8.335e-01;-4.438e-03;8.036e-01;-1.420e-03
20.476432000;1.037e+00;8.333e-01;-1.726e-02;8.035e-01;-1.664e-02;1.037e+00;1.037e+00;7.500e-01;-1.553e-02;1.000e+01;8.335e-01;-4.438e-03;8.036e-01;-1.426e-03
20.477432000;1.037e+00;8.333e-01;-1.726e-02;8.035e-01;-1.665e-02;1.037e+00;1.037e+00;7.500e-01;-1.554e-02;1.000e+01;8.335e-01;-4.438e-03;8.037e-01;-1.433e-03
20.485432000;1.037e+00;8.333e-01;-1.732e-02;8.035e-01;-1.670e-02;1.037e+00;1.037e+00;7.500e-01;-1.558e-02;1.000e+01;8.335e-01;-4.438e-03;8.037e-01;-1.482e-03
20.508432000;1.037e+00;8.333e-01;-1.746e-02;8.035e-01;-1.684e-02;1.037e+00;1.037e+00;7.500e-01;-1.571e-02;1.000e+01;8.335e-01;-4.438e-03;8.037e-01;-1.619e-03
20.509432000;1.037e+00;8.333e-01;-1.747e-02;8.036e-01;-1.684e-02;1.037e+00;1.037e+00;7.500e-01;-1.572e-02;1.000e+01;8.335e-01;-4.438e-03;8.037e-01;-1.624e-03
20.519432000;1.037e+00;8.333e-01;-1.753e-02;8.036e-01;-1.690e-02;1.037e+00;1.037e+00;7.500e-01;-1.577e-02;1.000e+01;8.335e-01;-4.438e-03;8.037e-01;-1.681e-03
20.520432000;1.037e+00;8.333e-01;-1.753e-02;8.036e-01;-1.691e-02;1.037e+00;1.037e+00;7.500e-01;-1.578e-02;1.000e+01;8.335e-01;-4.438e-03;8.038e-01;-1.687e-03
20.532432000;1.037e+00;8.333e-01;-1.760e-02;8.036e-01;-1.698e-02;1.037e+00;1.037e+00;7.500e-01;-1.584e-02;1.000e+01;8.335e-01;-4.438e-03;8.038e-01;-1.754e-03
20.537432000;1.037e+00;8.333e-01;-1.763e-02;8.036e-01;-1.700e-02;1.037e+00;1.037e+00;7.500e-01;-1.587e-02;1.000e+01;8.335e-01;-4.438e-03;8.038e-01;-1.781e-03
20.554432000;1.037e+00;8.333e-01;-1.773e-02;8.036e-01;-1.709e-02;1.037e+00;1.037e+00;7.500e-01;-1.595e-02;1.000e+01;8.335e-01;-4.438e-03;8.038e-01;-1.870e-03
20.557432000;1.037e+00;8.333e-01;-1.774e-02;8.036e-01;-1.711e-02;1.037e+00;1.037e+00;7.500e-01;-1.597e-02;1.000e+01;8.335e-01;-4.438e-03;8.038e-01;-1.886e-03
20.558432000;1.037e+00;8.333e-01;-1.775e-02;8.037e-01;-1.712e-02;1.037e+00;1.037e+00;7.500e-01;-1.597e-02;1.000e+01;8.335e-01;-4.438e-03;8.038e-01;-1.891e-03
20.567432000;1.037e+00;8.333e-01;-1.780e-02;8.037e-01;-1.716e-02;1.037e+00;1.037e+00;7.500e-01;-1.602e-02;1.000e+01;8.335e-01;-4.438e-03;8.038e-01;-1.937e-03
20.568432000;1.037e+00;8.333e-01;-1.780e-02;8.037e-01;-1.717e-02;1.037e+00;1.037e+00;7.500e-01;-1.602e-02;1.000e+01;8.335e-01;-4.438e-03;8.039e-01;-1.942e-03
20.571432000;1.037e+00;8.333e-01;-1.782e-02;8.037e-01;-1.718e-02;1.037e+00;1.037e+00;7.500e-01;-1.604e-02;1.000e+01;8.335e-01;-4.438e-03;8.039e-01;-1.957e-03
20.606432000;1.037e+00;8.333e-01;-1.799e-02;8.037e-01;-1.736e-02;1.037e+00;1.037e+00;7.500e-01;-1.619e-02;1.000e+01;8.335e-01;-4.438e-03;8.039e-01;-2.124e-03
20.611432000;1.037e+00;8.333e-01;-1.802e-02;8.037e-01;-1.738e-02;1.037e+00;1.037e+00;7.500e-01;-1.622e-02;1.000e+01;8.335e-01;-4.438e-03;8.039e-01;-2.147e-03
20.613432000;1.037e+00;8.333e-01;-1.803e-02;8.037e-01;-1.739e-02;1.037e+00;1.037e+00;7.500e-01;-1.622e-02;1.000e+01;8.335e-01;-4.438e-03;8.039e-01;-2.156e-03
20.614432000;1.037e+00;8.333e-01;-1.803e-02;8.038e-01;-1.739e-02;1.037e+00;1.037e+00;7.500e-01;-1.623e-02;1.000e+01;8.335e-01;-4.438e-03;8.039e-01;-2.160e-03
20.617432000;1.037e+00;8.333e-01;-1.805e-02;8.038e-01;-1.741e-02;1.037e+00;1.037e+00;7.500e-01;-1.624e-02;1.000e+01;8.335e-01;-4.438e-03;8.039e-01;-2.173e-03
20.621432000;1.037e+00;8.333e-01;-1.806e-02;8.038e-01;-1.742e-02;1.037e+00;1.037e+00;7.500e-01;-1.626e-02;1.000e+01;8.335e-01;-4.438e-03;8.039e-01;-2.191e-03
20.622432000;1.037e+00;8.333e-01;-1.807e-02;8.038e-01;-1.743e-02;1.037e+00;1.037e+00;7.500e-01;-1.626e-02;1.000e+01;8.335e-01;-4.438e-03;8.040e-01;-2.196e-03
20.630432000;1.037e+00;8.333e-01;-1.811e-02;8.038e-01;-1.746e-02;1.037e+00;1.037e+00;7.500e-01;-1.630e-02;1.000e+01;8.335e-01;-4.438e-03;8.040e-01;-2.231e-03
20.677432000;1.037e+00;8.333e-01;-1.831e-02;8.038e-01;-1.766e-02;1.037e+00;1.037e+00;7.500e-01;-1.648e-02;1.000e+01;8.335e-01;-4.438e-03;8.040e-01;-2.423e-03
20.678432000;1.037e+00;8.333e-01;-1.831e-02;8.039e-01;-1.767e-02;1.037e+00;1.037e+00;7.500e-01;-1.648e-02;1.000e+01;8.335e-01;-4.438e-03;8.040e-01;-2.427e-03
20.683432000;1.037e+00;8.333e-01;-1.833e-02;8.039e-01;-1.769e-02;1.037e+00;1.037e+00;7.500e-01;-1.650e-02;1.000e+01;8.335e-01;-4.438e-03;8.040e-01;-2.446e-03
20.684432000;1.037e+00;8.333e-01;-1.834e-02;8.039e-01;-1.769e-02;1.037e+00;1.037e+00;7.500e-01;-1.650e-02;1.000e+01;8.335e-01;-4.438e-03;8.041e-01;-2.450e-03
20.687432000;1.037e+00;8.333e-01;-1.835e-02;8.039e-01;-1.770e-02;1.037e+00;1.037e+00;7.500e-01;-1.651e-02;1.000e+01;8.335e-01;-4.438e-03;8.041e-01;-2.462e-03
20.688432000;1.037e+00;8.333e-01;-1.835e-02;8.039e-01;-1.771e-02;1.037e+00;1.037e+00;7.500e-01;-1.652e-02;1.000e+01;8.335e-01;-4.438e-03;8.041e-01;-2.465e-03
20.696432000;1.037e+00;8.333e-01;-1.839e-02;8.039e-01;-1.774e-02;1.037e+00;1.037e+00;7.500e-01;-1.655e-02;1.000e+01;8.335e-01;-4.438e-03;8.041e-01;-2.495e-03
20.713432000;1.037e+00;8.333e-01;-1.845e-02;8.039e-01;-1.780e-02;1.037e+00;1.037e+00;7.500e-01;-1.661e-02;1.000e+01;8.335e-01;-4.438e-03;8.041e-01;-2.557e-03
20.740432000;1.037e+00;8.333e-01;-1.855e-02;8.039e-01;-1.790e-02;1.037e+00;1.037e+00;7.500e-01;-1.669e-02;1.000e+01;8.335e-01;-4.438e-03;8.041e-01;-2.651e-03
20.741432000;1.037e+00;8.333e-01;-1.855e-02;8.039e-01;-1.790e-02;1.036e+00;1.037e+00;7.500e-01;-1.670e-02;1.000e+01;8.335e-01;-4.438e-03;8.041e-01;-2.654e-03
20.754432000;1.037e+00;8.333e-01;-1.860e-02;8.039e-01;-1.794e-02;1.036e+00;1.037e+00;7.500e-01;-1.674e-02;1.000e+01;8.335e-01;-4.438e-03;8.041e-01;-2.697e-03
20.755432000;1.037e+00;8.333e-01;-1.860e-02;8.040e-01;-1.795e-02;1.036e+00;1.037e+00;7.500e-01;-1.674e-02;1.000e+01;8.335e-01;-4.438e-03;8.041e-01;-2.700e-03
20.756432000;1.037e+00;8.333e-01;-1.860e-02;8.040e-01;-1.795e-02;1.036e+00;1.037e+00;7.500e-01;-1.674e-02;1.000e+01;8.335e-01;-4.438e-03;8.041e-01;-2.704e-03
20.757432000;1.037e+00;8.333e-01;-1.861e-02;8.040e-01;-1.795e-02;1.036e+00;1.037e+00;7.500e-01;-1.675e-02;1.000e+01;8.335e-01;-4.438e-03;8.042e-01;-2.707e-03
20.762432000;1.037e+00;8.333e-01;-1.862e-02;8.040e-01;-1.797e-02;1.036e+00;1.037e+00;7.500e-01;-1.676e-02;1.000e+01;8.335e-01;-4.438e-03;8.042e-01;-2.723e-03
20.763432000;1.036e+00;8.333e-01;-1.863e-02;8.040e-01;-1.797e-02;1.036e+00;1.036e+00;7.500e-01;-1.677e-02;1.000e+01;8.335e-01;-4.438e-03;8.042e-01;-2.726e-03
20.770432000;1.036e+00;8.333e-01;-1.865e-02;8.040e-01;-1.800e-02;1.036e+00;1.036e+00;7.500e-01;-1.679e-02;1.000e+01;8.335e-01;-4.438e-03;8.042e-01;-2.748e-03
20.771432000;1.036e+00;8.333e-01;-1.866e-02;8.040e-01;-1.800e-02;1.036e+00;1.036e+00;7.500e-01;-1.679e-02;1.000e+01;8.335e-01;-4.438e-03;8.042e-01;-2.751e-03
20.773432000;1.036e+00;8.333e-01;-1.866e-02;8.040e-01;-1.800e-02;1.036e+00;1.036e+00;7.500e-01;-1.680e-02;1.000e+01;8.335e-01;-4.438e-03;8.042e-01;-2.758e-03
20.797432000;1.036e+00;8.333e-01;-1.874e-02;8.040e-01;-1.808e-02;1.036e+00;1.036e+00;7.500e-01;-1.687e-02;1.000e+01;8.335e-01;-4.438e-03;8.042e-01;-2.830e-03
20.844432000;1.036e+00;8.333e-01;-1.888e-02;8.040e-01;-1.821e-02;1.036e+00;1.036e+00;7.500e-01;-1.699e-02;1.000e+01;8.335e-01;-4.438e-03;8.042e-01;-2.962e-03
20.845432000;1.036e+00;8.333e-01;-1.888e-02;8.040e-01;-1.822e-02;1.036e+00;1.036e+00;7.500e-01;-1.699e-02;1.000e+01;8.335e-01;-4.438e-03;8.043e-01;-2.965e-03
20.846432000;1.036e+00;8.333e-01;-1.888e-02;8.041e-01;-1.822e-02;1.036e+00;1.036e+00;7.500e-01;-1.699e-02;1.000e+01;8.335e-01;-4.438e-03;8.043e-01;-2.967e-03
20.863432000;1.036e+00;8.333e-01;-1.893e-02;8.041e-01;-1.827e-02;1.036e+00;1.036e+00;7.500e-01;-1.704e-02;1.000e+01;8.335e-01;-4.438e-03;8.043e-01;-3.012e-03
20.869432000;1.036e+00;8.333e-01;-1.895e-02;8.041e-01;-1.828e-02;1.036e+00;1.036e+00;7.500e-01;-1.705e-02;1.000e+01;8.335e-01;-4.438e-03;8.043e-01;-3.027e-03
20.901432000;1.036e+00;8.333e-01;-1.903e-02;8.041e-01;-1.836e-02;1.036e+00;1.036e+00;7.500e-01;-1.713e-02;1.000e+01;8.335e-01;-4.438e-03;8.043e-01;-3.105e-03
20.933432000;1.036e+00;8.333e-01;-1.910e-02;8.041e-01;-1.844e-02;1.036e+00;1.036e+00;7.500e-01;-1.719e-02;1.000e+01;8.335e-01;-4.438e-03;8.043e-01;-3.177e-03
20.952432000;1.036e+00;8.333e-01;-1.915e-02;8.041e-01;-1.848e-02;1.036e+00;1.036e+00;7.500e-01;-1.723e-02;1.000e+01;8.335e-01;-4.438e-03;8.043e-01;-3.218e-03
20.953432000;1.036e+00;8.333e-01;-1.915e-02;8.041e-01;-1.848e-02;1.036e+00;1.036e+00;7.500e-01;-1.723e-02;1.000e+01;8.335e-01;-4.438e-03;8.044e-01;-3.220e-03
20.960432000;1.036e+00;8.333e-01;-1.916e-02;8.041e-01;-1.849e-02;1.036e+00;1.036e+00;7.500e-01;-1.725e-02;1.000e+01;8.335e-01;-4.438e-03;8.044e-01;-3.235e-03
20.961432000;1.036e+00;8.333e-01;-1.917e-02;8.042e-01;-1.850e-02;1.036e+00;1.036e+00;7.500e-01;-1.725e-02;1.000e+01;8.335e-01;-4.438e-03;8.044e-01;-3.237e-03
20.979432000;1.036e+00;8.333e-01;-1.921e-02;8.042e-01;-1.853e-02;1.036e+00;1.036e+00;7.500e-01;-1.728e-02;1.000e+01;8.335e-01;-4.438e-03;8.044e-01;-3.273e-03
20.990432000;1.036e+00;8.333e-01;-1.923e-02;8.042e-01;-1.856e-02;1.036e+00;1.036e+00;7.500e-01;-1.731e-02;1.000e+01;8.335e-01;-4.438e-03;8.044e-01;-3.295e-03
21.063432000;1.036e+00;8.333e-01;-1.937e-02;8.042e-01;-1.869e-02;1.036e+00;1.036e+00;7.500e-01;-1.743e-02;1.000e+01;8.335e-01;-4.438e-03;8.044e-01;-3.426e-03
21.086432000;1.036e+00;8.333e-01;-1.941e-02;8.042e-01;-1.873e-02;1.036e+00;1.036e+00;7.500e-01;-1.747e-02;1.000e+01;8.335e-01;-4.438e-03;8.044e-01;-3.463e-03
21.096432000;1.036e+00;8.333e-01;-1.942e-02;8.042e-01;-1.874e-02;1.036e+00;1.036e+00;7.500e-01;-1.748e-02;1.000e+01;8.335e-01;-4.438e-03;8.044e-01;-3.478e-03
21.097432000;1.036e+00;8.333e-01;-1.942e-02;8.042e-01;-1.875e-02;1.036e+00;1.036e+00;7.500e-01;-1.748e-02;1.000e+01;8.335e-01;-4.438e-03;8.045e-01;-3.480e-03
21.113432000;1.036e+00;8.333e-01;-1.945e-02;8.042e-01;-1.877e-02;1.036e+00;1.036e+00;7.500e-01;-1.750e-02;1.000e+01;8.335e-01;-4.438e-03;8.045e-01;-3.504e-03
21.114432000;1.036e+00;8.333e-01;-1.945e-02;8.043e-01;-1.877e-02;1.036e+00;1.036e+00;7.500e-01;-1.750e-02;1.000e+01;8.335e-01;-4.438e-03;8.045e-01;-3.506e-03
21.136432000;1.036e+00;8.333e-01;-1.948e-02;8.043e-01;-1.881e-02;1.036e+00;1.036e+00;7.500e-01;-1.754e-02;1.000e+01;8.335e-01;-4.438e-03;8.045e-01;-3.538e-03
21.179432000;1.036e+00;8.333e-01;-1.955e-02;8.043e-01;-1.886e-02;1.036e+00;1.036e+00;7.500e-01;-1.759e-02;1.000e+01;8.335e-01;-4.438e-03;8.045e-01;-3.597e-03
21.201432000;1.036e+00;8.333e-01;-1.958e-02;8.043e-01;-1.889e-02;1.036e+00;1.036e+00;7.500e-01;-1.762e-02;1.000e+01;8.335e-01;-4.438e-03;8.045e-01;-3.625e-03
21.224432000;1.036e+00;8.333e-01;-1.961e-02;8.043e-01;-1.892e-02;1.036e+00;1.036e+00;7.500e-01;-1.765e-02;1.000e+01;8.335e-01;-4.438e-03;8.045e-01;-3.653e-03
21.260432000;1.036e+00;8.333e-01;-1.965e-02;8.043e-01;-1.897e-02;1.036e+00;1.036e+00;7.500e-01;-1.768e-02;1.000e+01;8.335e-01;-4.438e-03;8.045e-01;-3.694e-03
21.299432000;1.036e+00;8.333e-01;-1.969e-02;8.043e-01;-1.901e-02;1.036e+00;1.036e+00;7.500e-01;-1.772e-02;1.000e+01;8.335e-01;-4.438e-03;8.045e-01;-3.736e-03
21.300432000;1.036e+00;8.333e-01;-1.969e-02;8.043e-01;-1.901e-02;1.036e+00;1.036e+00;7.500e-01;-1.772e-02;1.000e+01;8.335e-01;-4.438e-03;8.046e-01;-3.737e-03
21.341432000;1.036e+00;8.333e-01;-1.974e-02;8.043e-01;-1.905e-02;1.036e+00;1.036e+00;7.500e-01;-1.776e-02;1.000e+01;8.335e-01;-4.438e-03;8.046e-01;-3.777e-03
21.342432000;1.036e+00;8.333e-01;-1.974e-02;8.044e-01;-1.905e-02;1.036e+00;1.036e+00;7.500e-01;-1.776e-02;1.000e+01;8.335e-01;-4.438e-03;8.046e-01;-3.778e-03
21.402432000;1.036e+00;8.333e-01;-1.979e-02;8.044e-01;-1.911e-02;1.036e+00;1.036e+00;7.500e-01;-1.781e-02;1.000e+01;8.335e-01;-4.438e-03;8.046e-01;-3.831e-03
21.449432000;1.036e+00;8.333e-01;-1.983e-02;8.044e-01;-1.914e-02;1.036e+00;1.036e+00;7.500e-01;-1.785e-02;1.000e+01;8.335e-01;-4.438e-03;8.046e-01;-3.869e-03
21.465432000;1.036e+00;8.333e-01;-1.985e-02;8.044e-01;-1.916e-02;1.036e+00;1.036e+00;7.500e-01;-1.786e-02;1.000e+01;8.335e-01;-4.438e-03;8.046e-01;-3.881e-03
21.501432000;1.036e+00;8.333e-01;-1.987e-02;8.044e-01;-1.918e-02;1.036e+00;1.036e+00;7.500e-01;-1.789e-02;1.000e+01;8.335e-01;-4.438e-03;8.046e-01;-3.906e-03
21.646432000;1.036e+00;8.333e-01;-1.996e-02;8.044e-01;-1.927e-02;1.036e+00;1.036e+00;7.500e-01;-1.797e-02;1.000e+01;8.335e-01;-4.438e-03;8.046e-01;-3.994e-03
21.647432000;1.036e+00;8.333e-01;-1.996e-02;8.044e-01;-1.927e-02;1.036e+00;1.036e+00;7.500e-01;-1.797e-02;1.000e+01;8.335e-01;-4.438e-03;8.047e-01;-3.994e-03
21.734432000;1.036e+00;8.333e-01;-2.001e-02;8.044e-01;-1.932e-02;1.036e+00;1.036e+00;7.500e-01;-1.801e-02;1.000e+01;8.335e-01;-4.438e-03;8.047e-01;-4.036e-03
21.765432000;1.036e+00;8.333e-01;-2.002e-02;8.044e-01;-1.933e-02;1.036e+00;1.036e+00;7.500e-01;-1.802e-02;1.000e+01;8.335e-01;-4.438e-03;8.047e-01;-4.049e-03
21.766432000;1.036e+00;8.333e-01;-2.002e-02;8.045e-01;-1.933e-02;1.036e+00;1.036e+00;7.500e-01;-1.802e-02;1.000e+01;8.335e-01;-4.438e-03;8.047e-01;-4.050e-03
21.770432000;1.036e+00;8.333e-01;-2.002e-02;8.045e-01;-1.933e-02;1.036e+00;1.036e+00;7.500e-01;-1.802e-02;1.000e+01;8.335e-01;-4.438e-03;8.047e-01;-4.052e-03
21.794432000;1.036e+00;8.333e-01;-2.004e-02;8.045e-01;-1.934e-02;1.036e+00;1.036e+00;7.500e-01;-1.803e-02;1.000e+01;8.335e-01;-4.438e-03;8.047e-01;-4.061e-03
21.859432000;1.036e+00;8.333e-01;-2.006e-02;8.045e-01;-1.937e-02;1.036e+00;1.036e+00;7.500e-01;-1.806e-02;1.000e+01;8.335e-01;-4.438e-03;8.047e-01;-4.086e-03
22.137432000;1.036e+00;8.333e-01;-2.014e-02;8.045e-01;-1.945e-02;1.036e+00;1.036e+00;7.500e-01;-1.813e-02;1.000e+01;8.335e-01;-4.438e-03;8.047e-01;-4.163e-03
22.186432000;1.036e+00;8.333e-01;-2.015e-02;8.045e-01;-1.945e-02;1.036e+00;1.036e+00;7.500e-01;-1.814e-02;1.000e+01;8.335e-01;-4.438e-03;8.047e-01;-4.173e-03
22.200432000;1.036e+00;8.333e-01;-2.016e-02;8.045e-01;-1.946e-02;1.036e+00;1.036e+00;7.500e-01;-1.814e-02;1.000e+01;8.335e-01;-4.438e-03;8.047e-01;-4.175e-03
22.228432000;1.036e+00;8.333e-01;-2.016e-02;8.045e-01;-1.946e-02;1.036e+00;1.036e+00;7.500e-01;-1.815e-02;1.000e+01;8.335e-01;-4.438e-03;8.047e-01;-4.180e-03
22.726432000;1.036e+00;8.333e-01;-2.022e-02;8.045e-01;-1.953e-02;1.036e+00;1.036e+00;7.500e-01;-1.820e-02;1.000e+01;8.335e-01;-4.438e-03;8.047e-01;-4.241e-03
22.785432000;1.036e+00;8.333e-01;-2.023e-02;8.045e-01;-1.953e-02;1.036e+00;1.036e+00;7.500e-01;-1.821e-02;1.000e+01;8.335e-01;-4.438e-03;8.047e-01;-4.245e-03
22.886432000;1.036e+00;8.333e-01;-2.024e-02;8.045e-01;-1.954e-02;1.036e+00;1.036e+00;7.500e-01;-1.821e-02;1.000e+01;8.335e-01;-4.438e-03;8.047e-01;-4.251e-03
22.914432000;1.036e+00;8.333e-01;-2.024e-02;8.045e-01;-1.954e-02;1.036e+00;1.036e+00;7.500e-01;-1.821e-02;1.000e+01;8.335e-01;-4.438e-03;8.047e-01;-4.253e-03
22.915432000;1.036e+00;8.333e-01;-2.024e-02;8.045e-01;-1.954e-02;1.036e+00;1.036e+00;7.500e-01;-1.821e-02;1.000e+01;8.335e-01;-4.438e-03;8.048e-01;-4.253e-03
23.054432000;1.036e+00;8.333e-01;-2.024e-02;8.045e-01;-1.954e-02;1.036e+00;1.036e+00;7.500e-01;-1.822e-02;1.000e+01;8.335e-01;-4.438e-03;8.048e-01;-4.260e-03
23.637432000;1.036e+00;8.333e-01;-2.026e-02;8.045e-01;-1.956e-02;1.036e+00;1.036e+00;7.500e-01;-1.824e-02;1.000e+01;8.335e-01;-4.438e-03;8.048e-01;-4.275e-03
23.990432000;1.036e+00;8.333e-01;-2.027e-02;8.045e-01;-1.957e-02;1.036e+00;1.036e+00;7.500e-01;-1.824e-02;1.000e+01;8.335e-01;-4.438e-03;8.048e-01;-4.280e-03
24.820432000;1.036e+00;8.333e-01;-2.027e-02;8.045e-01;-1.957e-02;1.036e+00;1.036e+00;7.500e-01;-1.824e-02;1.000e+01;8.335e-01;-4.438e-03;8.048e-01;-4.284e-03
100.000000000;1.036e+00;8.333e-01;-2.027e-02;8.045e-01;-1.957e-02;1.036e+00;1.036e+00;7.500e-01;-1.824e-02;1.000e+01;8.335e-01;-4.438e-03;8.048e-01;-4.285e-03
