time;InternalNode1_BUS_Voltage;InternalNode1_BUS_ActivePower;InternalNode1_BUS_ReactivePower;InternalNode1_BUS_ActiveCurrent;InternalNode1_BUS_ReactiveCurrent;Wind_Turbine_GEN_UPuInjTerminal;Wind_Turbine_GEN_IpInjTerminal;Wind_Turbine_GEN_IqInjTerminal;Measurements_BUS_Voltage;Measurements_BUS_ActivePower;Measurements_BUS_ReactivePower;InfiniteBus_BUS_NetworkFrequencyPu;Wind_Turbine_GEN_ActivePowerSetpointPu;Wind_Turbine_GEN_ReactivePowerSetpointPu;NetworkFrequencyPu
0.000000000;9.637e-01;4.222e-01;-3.188e-01;4.382e-01;-3.308e-01;9.633e-01;4.383e-01;-3.306e-01;9.637e-01;1.689e-02;-1.275e-02;5.000e+01;4.166e-01;-4.441e-01;5.000e+01
0.000001000;9.637e-01;4.222e-01;-3.188e-01;4.382e-01;-3.308e-01;9.633e-01;4.383e-01;-3.306e-01;9.637e-01;1.689e-02;-1.275e-02;5.000e+01;4.166e-01;-4.441e-01;5.000e+01
0.000275000;9.637e-01;4.222e-01;-3.188e-01;4.382e-01;-3.308e-01;9.633e-01;4.383e-01;-3.306e-01;9.637e-01;1.689e-02;-1.275e-02;5.000e+01;4.166e-01;-4.441e-01;5.000e+01
0.000333000;9.637e-01;4.223e-01;-3.188e-01;4.382e-01;-3.308e-01;9.633e-01;4.383e-01;-3.306e-01;9.637e-01;1.689e-02;-1.275e-02;5.000e+01;4.166e-01;-4.441e-01;5.000e+01
0.000563000;9.637e-01;4.223e-01;-3.188e-01;4.382e-01;-3.308e-01;9.633e-01;4.383e-01;-3.306e-01;9.637e-01;1.689e-02;-1.275e-02;5.000e+01;4.166e-01;-4.441e-01;5.000e+01
0.000621000;9.637e-01;4.223e-01;-3.188e-01;4.382e-01;-3.308e-01;9.634e-01;4.383e-01;-3.306e-01;9.637e-01;1.689e-02;-1.275e-02;5.000e+01;4.166e-01;-4.441e-01;5.000e+01
0.001218000;9.637e-01;4.223e-01;-3.188e-01;4.382e-01;-3.308e-01;9.634e-01;4.383e-01;-3.306e-01;9.637e-01;1.689e-02;-1.275e-02;5.000e+01;4.166e-01;-4.441e-01;5.000e+01
0.001275000;9.637e-01;4.222e-01;-3.188e-01;4.382e-01;-3.308e-01;9.634e-01;4.383e-01;-3.305e-01;9.637e-01;1.689e-02;-1.275e-02;5.000e+01;4.166e-01;-4.441e-01;5.000e+01
0.001333000;9.637e-01;4.222e-01;-3.187e-01;4.382e-01;-3.308e-01;9.634e-01;4.383e-01;-3.305e-01;9.637e-01;1.689e-02;-1.275e-02;5.000e+01;4.166e-01;-4.441e-01;5.000e+01
0.001794000;9.637e-01;4.222e-01;-3.187e-01;4.382e-01;-3.308e-01;9.634e-01;4.383e-01;-3.305e-01;9.637e-01;1.689e-02;-1.275e-02;5.000e+01;4.166e-01;-4.441e-01;5.000e+01
0.001851000;9.637e-01;4.222e-01;-3.187e-01;4.381e-01;-3.307e-01;9.634e-01;4.383e-01;-3.305e-01;9.637e-01;1.689e-02;-1.275e-02;5.000e+01;4.166e-01;-4.441e-01;5.000e+01
0.002543000;9.637e-01;4.222e-01;-3.187e-01;4.381e-01;-3.307e-01;9.634e-01;4.383e-01;-3.305e-01;9.637e-01;1.689e-02;-1.275e-02;5.000e+01;4.166e-01;-4.441e-01;5.000e+01
0.002773000;9.637e-01;4.222e-01;-3.187e-01;4.381e-01;-3.307e-01;9.634e-01;4.382e-01;-3.305e-01;9.637e-01;1.689e-02;-1.275e-02;5.000e+01;4.166e-01;-4.441e-01;5.000e+01
0.003003000;9.637e-01;4.222e-01;-3.187e-01;4.380e-01;-3.307e-01;9.634e-01;4.382e-01;-3.305e-01;9.637e-01;1.689e-02;-1.275e-02;5.000e+01;4.166e-01;-4.441e-01;5.000e+01
0.003234000;9.637e-01;4.221e-01;-3.187e-01;4.380e-01;-3.307e-01;9.634e-01;4.382e-01;-3.305e-01;9.637e-01;1.689e-02;-1.275e-02;5.000e+01;4.166e-01;-4.441e-01;5.000e+01
0.003464000;9.637e-01;4.221e-01;-3.187e-01;4.380e-01;-3.307e-01;9.634e-01;4.382e-01;-3.305e-01;9.637e-01;1.688e-02;-1.275e-02;5.000e+01;4.166e-01;-4.441e-01;5.000e+01
0.003695000;9.637e-01;4.221e-01;-3.186e-01;4.379e-01;-3.306e-01;9.634e-01;4.381e-01;-3.304e-01;9.637e-01;1.688e-02;-1.275e-02;5.000e+01;4.166e-01;-4.441e-01;5.000e+01
0.003925000;9.637e-01;4.220e-01;-3.186e-01;4.379e-01;-3.306e-01;9.634e-01;4.381e-01;-3.304e-01;9.637e-01;1.688e-02;-1.275e-02;5.000e+01;4.166e-01;-4.441e-01;5.000e+01
0.004155000;9.637e-01;4.220e-01;-3.186e-01;4.379e-01;-3.306e-01;9.634e-01;4.380e-01;-3.304e-01;9.637e-01;1.688e-02;-1.275e-02;5.000e+01;4.166e-01;-4.441e-01;5.000e+01
0.004386000;9.637e-01;4.220e-01;-3.186e-01;4.379e-01;-3.306e-01;9.634e-01;4.380e-01;-3.304e-01;9.637e-01;1.688e-02;-1.275e-02;5.000e+01;4.166e-01;-4.441e-01;5.000e+01
0.004406000;9.637e-01;4.220e-01;-3.186e-01;4.379e-01;-3.306e-01;9.634e-01;4.380e-01;-3.304e-01;9.637e-01;1.688e-02;-1.274e-02;5.000e+01;4.166e-01;-4.441e-01;5.000e+01
0.004414000;9.637e-01;4.220e-01;-3.186e-01;4.379e-01;-3.306e-01;9.634e-01;4.380e-01;-3.304e-01;9.637e-01;1.688e-02;-1.274e-02;5.000e+01;4.166e-01;-4.441e-01;5.000e+01
0.004422000;9.637e-01;4.219e-01;-3.186e-01;4.378e-01;-3.306e-01;9.634e-01;4.380e-01;-3.304e-01;9.637e-01;1.688e-02;-1.274e-02;5.000e+01;4.166e-01;-4.441e-01;5.000e+01
0.004662000;9.637e-01;4.219e-01;-3.186e-01;4.378e-01;-3.306e-01;9.634e-01;4.380e-01;-3.304e-01;9.637e-01;1.688e-02;-1.274e-02;5.000e+01;4.166e-01;-4.441e-01;5.000e+01
0.004918000;9.637e-01;4.219e-01;-3.186e-01;4.378e-01;-3.306e-01;9.634e-01;4.379e-01;-3.304e-01;9.637e-01;1.688e-02;-1.274e-02;5.000e+01;4.166e-01;-4.441e-01;5.000e+01
0.005174000;9.637e-01;4.219e-01;-3.186e-01;4.377e-01;-3.306e-01;9.634e-01;4.379e-01;-3.304e-01;9.637e-01;1.687e-02;-1.274e-02;5.000e+01;4.166e-01;-4.441e-01;5.000e+01
0.005430000;9.637e-01;4.218e-01;-3.186e-01;4.377e-01;-3.306e-01;9.634e-01;4.378e-01;-3.304e-01;9.637e-01;1.687e-02;-1.274e-02;5.000e+01;4.166e-01;-4.441e-01;5.000e+01
0.005686000;9.637e-01;4.218e-01;-3.186e-01;4.376e-01;-3.306e-01;9.634e-01;4.378e-01;-3.304e-01;9.637e-01;1.687e-02;-1.274e-02;5.000e+01;4.166e-01;-4.441e-01;5.000e+01
0.005942000;9.637e-01;4.217e-01;-3.186e-01;4.376e-01;-3.306e-01;9.634e-01;4.378e-01;-3.304e-01;9.637e-01;1.687e-02;-1.274e-02;5.000e+01;4.166e-01;-4.441e-01;5.000e+01
0.006198000;9.637e-01;4.217e-01;-3.186e-01;4.375e-01;-3.306e-01;9.634e-01;4.377e-01;-3.304e-01;9.637e-01;1.687e-02;-1.274e-02;5.000e+01;4.166e-01;-4.441e-01;5.000e+01
0.006454000;9.637e-01;4.216e-01;-3.186e-01;4.375e-01;-3.306e-01;9.634e-01;4.377e-01;-3.304e-01;9.637e-01;1.687e-02;-1.274e-02;5.000e+01;4.166e-01;-4.441e-01;5.000e+01
0.006710000;9.637e-01;4.216e-01;-3.186e-01;4.374e-01;-3.306e-01;9.634e-01;4.376e-01;-3.304e-01;9.637e-01;1.686e-02;-1.274e-02;5.000e+01;4.166e-01;-4.441e-01;5.000e+01
0.006966000;9.637e-01;4.215e-01;-3.186e-01;4.374e-01;-3.306e-01;9.634e-01;4.376e-01;-3.304e-01;9.637e-01;1.686e-02;-1.274e-02;5.000e+01;4.166e-01;-4.441e-01;5.000e+01
0.007222000;9.637e-01;4.215e-01;-3.185e-01;4.373e-01;-3.305e-01;9.634e-01;4.375e-01;-3.303e-01;9.637e-01;1.686e-02;-1.274e-02;5.000e+01;4.166e-01;-4.441e-01;5.000e+01
0.007478000;9.637e-01;4.214e-01;-3.185e-01;4.373e-01;-3.305e-01;9.634e-01;4.374e-01;-3.303e-01;9.637e-01;1.686e-02;-1.274e-02;5.000e+01;4.166e-01;-4.441e-01;5.000e+01
0.007734000;9.637e-01;4.214e-01;-3.185e-01;4.372e-01;-3.305e-01;9.634e-01;4.374e-01;-3.303e-01;9.637e-01;1.685e-02;-1.274e-02;5.000e+01;4.166e-01;-4.441e-01;5.000e+01
0.007990000;9.637e-01;4.213e-01;-3.185e-01;4.372e-01;-3.305e-01;9.634e-01;4.373e-01;-3.303e-01;9.637e-01;1.685e-02;-1.274e-02;5.000e+01;4.166e-01;-4.441e-01;5.000e+01
0.008246000;9.637e-01;4.213e-01;-3.185e-01;4.371e-01;-3.305e-01;9.634e-01;4.373e-01;-3.303e-01;9.637e-01;1.685e-02;-1.274e-02;5.000e+01;4.166e-01;-4.441e-01;5.000e+01
0.008502000;9.637e-01;4.212e-01;-3.185e-01;4.371e-01;-3.305e-01;9.634e-01;4.372e-01;-3.303e-01;9.637e-01;1.685e-02;-1.274e-02;5.000e+01;4.166e-01;-4.441e-01;5.000e+01
0.009014000;9.637e-01;4.211e-01;-3.185e-01;4.369e-01;-3.305e-01;9.634e-01;4.371e-01;-3.303e-01;9.637e-01;1.684e-02;-1.274e-02;5.000e+01;4.166e-01;-4.441e-01;5.000e+01
0.009475000;9.637e-01;4.210e-01;-3.185e-01;4.368e-01;-3.305e-01;9.634e-01;4.370e-01;-3.303e-01;9.637e-01;1.684e-02;-1.274e-02;5.000e+01;4.166e-01;-4.441e-01;5.000e+01
0.009935000;9.637e-01;4.209e-01;-3.185e-01;4.367e-01;-3.305e-01;9.634e-01;4.369e-01;-3.303e-01;9.637e-01;1.684e-02;-1.274e-02;5.000e+01;4.166e-01;-4.441e-01;5.000e+01
0.010396000;9.637e-01;4.208e-01;-3.185e-01;4.366e-01;-3.305e-01;9.634e-01;4.368e-01;-3.303e-01;9.637e-01;1.683e-02;-1.274e-02;5.000e+01;4.166e-01;-4.441e-01;5.000e+01
0.010857000;9.637e-01;4.207e-01;-3.185e-01;4.366e-01;-3.305e-01;9.634e-01;4.367e-01;-3.303e-01;9.637e-01;1.683e-02;-1.274e-02;5.000e+01;4.166e-01;-4.441e-01;5.000e+01
0.011318000;9.637e-01;4.206e-01;-3.185e-01;4.365e-01;-3.305e-01;9.634e-01;4.366e-01;-3.302e-01;9.637e-01;1.682e-02;-1.274e-02;5.000e+01;4.166e-01;-4.441e-01;5.000e+01
0.011779000;9.637e-01;4.205e-01;-3.185e-01;4.364e-01;-3.305e-01;9.634e-01;4.365e-01;-3.302e-01;9.637e-01;1.682e-02;-1.274e-02;5.000e+01;4.166e-01;-4.441e-01;5.000e+01
0.012239000;9.637e-01;4.204e-01;-3.185e-01;4.362e-01;-3.305e-01;9.634e-01;4.364e-01;-3.302e-01;9.637e-01;1.682e-02;-1.274e-02;5.000e+01;4.166e-01;-4.441e-01;5.000e+01
0.012700000;9.637e-01;4.203e-01;-3.185e-01;4.361e-01;-3.305e-01;9.634e-01;4.363e-01;-3.302e-01;9.637e-01;1.681e-02;-1.274e-02;5.000e+01;4.166e-01;-4.441e-01;5.000e+01
0.013161000;9.637e-01;4.202e-01;-3.185e-01;4.360e-01;-3.304e-01;9.634e-01;4.362e-01;-3.302e-01;9.637e-01;1.681e-02;-1.274e-02;5.000e+01;4.166e-01;-4.441e-01;5.000e+01
0.013622000;9.637e-01;4.201e-01;-3.185e-01;4.359e-01;-3.304e-01;9.634e-01;4.361e-01;-3.302e-01;9.637e-01;1.681e-02;-1.274e-02;5.000e+01;4.166e-01;-4.441e-01;5.000e+01
0.014083000;9.637e-01;4.201e-01;-3.185e-01;4.359e-01;-3.304e-01;9.634e-01;4.360e-01;-3.302e-01;9.637e-01;1.680e-02;-1.274e-02;5.000e+01;4.166e-01;-4.441e-01;5.000e+01
0.014543000;9.637e-01;4.199e-01;-3.185e-01;4.358e-01;-3.304e-01;9.634e-01;4.359e-01;-3.302e-01;9.637e-01;1.680e-02;-1.274e-02;5.000e+01;4.166e-01;-4.441e-01;5.000e+01
0.015004000;9.637e-01;4.199e-01;-3.184e-01;4.357e-01;-3.304e-01;9.634e-01;4.358e-01;-3.302e-01;9.637e-01;1.679e-02;-1.274e-02;5.000e+01;4.166e-01;-4.441e-01;5.000e+01
0.015465000;9.637e-01;4.198e-01;-3.184e-01;4.356e-01;-3.304e-01;9.634e-01;4.357e-01;-3.302e-01;9.637e-01;1.679e-02;-1.274e-02;5.000e+01;4.166e-01;-4.441e-01;5.000e+01
0.015926000;9.637e-01;4.197e-01;-3.184e-01;4.355e-01;-3.304e-01;9.634e-01;4.356e-01;-3.302e-01;9.637e-01;1.679e-02;-1.274e-02;5.000e+01;4.166e-01;-4.441e-01;5.000e+01
0.016387000;9.637e-01;4.196e-01;-3.184e-01;4.354e-01;-3.304e-01;9.634e-01;4.356e-01;-3.302e-01;9.637e-01;1.678e-02;-1.274e-02;5.000e+01;4.166e-01;-4.441e-01;5.000e+01
0.016847000;9.637e-01;4.195e-01;-3.184e-01;4.353e-01;-3.304e-01;9.634e-01;4.355e-01;-3.302e-01;9.637e-01;1.678e-02;-1.274e-02;5.000e+01;4.166e-01;-4.441e-01;5.000e+01
0.017308000;9.637e-01;4.194e-01;-3.184e-01;4.352e-01;-3.304e-01;9.634e-01;4.354e-01;-3.302e-01;9.637e-01;1.678e-02;-1.274e-02;5.000e+01;4.166e-01;-4.441e-01;5.000e+01
0.017769000;9.637e-01;4.194e-01;-3.184e-01;4.351e-01;-3.304e-01;9.634e-01;4.353e-01;-3.302e-01;9.637e-01;1.677e-02;-1.274e-02;5.000e+01;4.166e-01;-4.441e-01;5.000e+01
0.018230000;9.637e-01;4.193e-01;-3.184e-01;4.351e-01;-3.304e-01;9.634e-01;4.352e-01;-3.302e-01;9.637e-01;1.677e-02;-1.274e-02;5.000e+01;4.166e-01;-4.441e-01;5.000e+01
0.018691000;9.637e-01;4.192e-01;-3.184e-01;4.350e-01;-3.304e-01;9.634e-01;4.351e-01;-3.302e-01;9.637e-01;1.677e-02;-1.274e-02;5.000e+01;4.166e-01;-4.441e-01;5.000e+01
0.019151000;9.637e-01;4.191e-01;-3.184e-01;4.349e-01;-3.304e-01;9.634e-01;4.351e-01;-3.302e-01;9.637e-01;1.676e-02;-1.274e-02;5.000e+01;4.166e-01;-4.441e-01;5.000e+01
0.019612000;9.637e-01;4.190e-01;-3.184e-01;4.348e-01;-3.304e-01;9.634e-01;4.350e-01;-3.302e-01;9.637e-01;1.676e-02;-1.274e-02;5.000e+01;4.166e-01;-4.441e-01;5.000e+01
0.020073000;9.637e-01;4.189e-01;-3.184e-01;4.347e-01;-3.304e-01;9.634e-01;4.349e-01;-3.302e-01;9.637e-01;1.676e-02;-1.273e-02;5.000e+01;4.166e-01;-4.441e-01;5.000e+01
0.020534000;9.637e-01;4.189e-01;-3.184e-01;4.347e-01;-3.304e-01;9.634e-01;4.348e-01;-3.301e-01;9.637e-01;1.676e-02;-1.273e-02;5.000e+01;4.166e-01;-4.441e-01;5.000e+01
0.020995000;9.637e-01;4.188e-01;-3.184e-01;4.346e-01;-3.304e-01;9.634e-01;4.347e-01;-3.301e-01;9.637e-01;1.675e-02;-1.273e-02;5.000e+01;4.166e-01;-4.441e-01;5.000e+01
0.021455000;9.637e-01;4.188e-01;-3.184e-01;4.345e-01;-3.304e-01;9.634e-01;4.347e-01;-3.301e-01;9.637e-01;1.675e-02;-1.273e-02;5.000e+01;4.166e-01;-4.441e-01;5.000e+01
0.021916000;9.637e-01;4.187e-01;-3.184e-01;4.344e-01;-3.304e-01;9.634e-01;4.346e-01;-3.301e-01;9.637e-01;1.675e-02;-1.273e-02;5.000e+01;4.166e-01;-4.441e-01;5.000e+01
0.022377000;9.637e-01;4.186e-01;-3.184e-01;4.344e-01;-3.304e-01;9.634e-01;4.345e-01;-3.301e-01;9.637e-01;1.674e-02;-1.273e-02;5.000e+01;4.166e-01;-4.441e-01;5.000e+01
0.022838000;9.637e-01;4.185e-01;-3.184e-01;4.343e-01;-3.304e-01;9.634e-01;4.345e-01;-3.301e-01;9.637e-01;1.674e-02;-1.273e-02;5.000e+01;4.166e-01;-4.441e-01;5.000e+01
0.023299000;9.637e-01;4.185e-01;-3.184e-01;4.343e-01;-3.304e-01;9.634e-01;4.344e-01;-3.301e-01;9.637e-01;1.674e-02;-1.273e-02;5.000e+01;4.166e-01;-4.441e-01;5.000e+01
0.023759000;9.637e-01;4.184e-01;-3.184e-01;4.342e-01;-3.303e-01;9.634e-01;4.343e-01;-3.301e-01;9.637e-01;1.674e-02;-1.273e-02;5.000e+01;4.166e-01;-4.441e-01;5.000e+01
0.024220000;9.637e-01;4.184e-01;-3.184e-01;4.341e-01;-3.303e-01;9.634e-01;4.343e-01;-3.301e-01;9.637e-01;1.673e-02;-1.273e-02;5.000e+01;4.166e-01;-4.441e-01;5.000e+01
0.024681000;9.637e-01;4.183e-01;-3.184e-01;4.341e-01;-3.303e-01;9.634e-01;4.342e-01;-3.301e-01;9.637e-01;1.673e-02;-1.273e-02;5.000e+01;4.166e-01;-4.441e-01;5.000e+01
0.025142000;9.637e-01;4.182e-01;-3.184e-01;4.340e-01;-3.303e-01;9.634e-01;4.342e-01;-3.301e-01;9.637e-01;1.673e-02;-1.273e-02;5.000e+01;4.166e-01;-4.441e-01;5.000e+01
0.025603000;9.637e-01;4.182e-01;-3.184e-01;4.339e-01;-3.303e-01;9.634e-01;4.341e-01;-3.301e-01;9.637e-01;1.673e-02;-1.273e-02;5.000e+01;4.166e-01;-4.441e-01;5.000e+01
0.026063000;9.637e-01;4.182e-01;-3.184e-01;4.339e-01;-3.303e-01;9.634e-01;4.340e-01;-3.301e-01;9.637e-01;1.673e-02;-1.273e-02;5.000e+01;4.166e-01;-4.441e-01;5.000e+01
0.026524000;9.637e-01;4.181e-01;-3.184e-01;4.338e-01;-3.303e-01;9.634e-01;4.340e-01;-3.301e-01;9.637e-01;1.672e-02;-1.273e-02;5.000e+01;4.166e-01;-4.441e-01;5.000e+01
0.026985000;9.637e-01;4.181e-01;-3.184e-01;4.338e-01;-3.303e-01;9.634e-01;4.339e-01;-3.301e-01;9.637e-01;1.672e-02;-1.273e-02;5.000e+01;4.166e-01;-4.441e-01;5.000e+01
0.027446000;9.637e-01;4.180e-01;-3.183e-01;4.337e-01;-3.303e-01;9.634e-01;4.339e-01;-3.301e-01;9.637e-01;1.672e-02;-1.273e-02;5.000e+01;4.166e-01;-4.441e-01;5.000e+01
0.027907000;9.637e-01;4.179e-01;-3.183e-01;4.337e-01;-3.303e-01;9.634e-01;4.338e-01;-3.301e-01;9.637e-01;1.672e-02;-1.273e-02;5.000e+01;4.166e-01;-4.441e-01;5.000e+01
0.028367000;9.637e-01;4.179e-01;-3.183e-01;4.336e-01;-3.303e-01;9.634e-01;4.338e-01;-3.301e-01;9.637e-01;1.672e-02;-1.273e-02;5.000e+01;4.166e-01;-4.441e-01;5.000e+01
0.029289000;9.637e-01;4.178e-01;-3.183e-01;4.335e-01;-3.303e-01;9.634e-01;4.337e-01;-3.301e-01;9.637e-01;1.671e-02;-1.273e-02;5.000e+01;4.166e-01;-4.441e-01;5.000e+01
0.030118000;9.637e-01;4.177e-01;-3.183e-01;4.335e-01;-3.303e-01;9.634e-01;4.336e-01;-3.301e-01;9.637e-01;1.671e-02;-1.273e-02;5.000e+01;4.166e-01;-4.441e-01;5.000e+01
0.030948000;9.637e-01;4.177e-01;-3.183e-01;4.334e-01;-3.303e-01;9.634e-01;4.336e-01;-3.301e-01;9.637e-01;1.671e-02;-1.273e-02;5.000e+01;4.166e-01;-4.441e-01;5.000e+01
0.031777000;9.637e-01;4.176e-01;-3.183e-01;4.333e-01;-3.303e-01;9.634e-01;4.335e-01;-3.301e-01;9.637e-01;1.671e-02;-1.273e-02;5.000e+01;4.166e-01;-4.441e-01;5.000e+01
0.032607000;9.637e-01;4.176e-01;-3.183e-01;4.333e-01;-3.303e-01;9.634e-01;4.334e-01;-3.301e-01;9.637e-01;1.670e-02;-1.273e-02;5.000e+01;4.166e-01;-4.441e-01;5.000e+01
0.033436000;9.637e-01;4.175e-01;-3.183e-01;4.332e-01;-3.303e-01;9.634e-01;4.334e-01;-3.301e-01;9.637e-01;1.670e-02;-1.273e-02;5.000e+01;4.166e-01;-4.441e-01;5.000e+01
0.034266000;9.637e-01;4.175e-01;-3.183e-01;4.332e-01;-3.303e-01;9.634e-01;4.333e-01;-3.301e-01;9.637e-01;1.670e-02;-1.273e-02;5.000e+01;4.166e-01;-4.441e-01;5.000e+01
0.035095000;9.637e-01;4.174e-01;-3.183e-01;4.331e-01;-3.303e-01;9.634e-01;4.333e-01;-3.301e-01;9.637e-01;1.670e-02;-1.273e-02;5.000e+01;4.166e-01;-4.441e-01;5.000e+01
0.035925000;9.637e-01;4.173e-01;-3.183e-01;4.331e-01;-3.303e-01;9.634e-01;4.332e-01;-3.301e-01;9.637e-01;1.669e-02;-1.273e-02;5.000e+01;4.166e-01;-4.441e-01;5.000e+01
0.036754000;9.637e-01;4.173e-01;-3.183e-01;4.330e-01;-3.303e-01;9.634e-01;4.332e-01;-3.301e-01;9.637e-01;1.669e-02;-1.273e-02;5.000e+01;4.166e-01;-4.441e-01;5.000e+01
0.037583000;9.637e-01;4.173e-01;-3.183e-01;4.330e-01;-3.303e-01;9.634e-01;4.331e-01;-3.301e-01;9.637e-01;1.669e-02;-1.273e-02;5.000e+01;4.166e-01;-4.441e-01;5.000e+01
0.038413000;9.637e-01;4.172e-01;-3.183e-01;4.329e-01;-3.303e-01;9.634e-01;4.331e-01;-3.301e-01;9.637e-01;1.669e-02;-1.273e-02;5.000e+01;4.166e-01;-4.441e-01;5.000e+01
0.039242000;9.637e-01;4.172e-01;-3.183e-01;4.329e-01;-3.303e-01;9.634e-01;4.330e-01;-3.301e-01;9.637e-01;1.669e-02;-1.273e-02;5.000e+01;4.166e-01;-4.441e-01;5.000e+01
0.040072000;9.637e-01;4.171e-01;-3.183e-01;4.328e-01;-3.303e-01;9.634e-01;4.330e-01;-3.301e-01;9.637e-01;1.668e-02;-1.273e-02;5.000e+01;4.166e-01;-4.441e-01;5.000e+01
0.040901000;9.637e-01;4.171e-01;-3.183e-01;4.328e-01;-3.303e-01;9.634e-01;4.330e-01;-3.300e-01;9.637e-01;1.668e-02;-1.273e-02;5.000e+01;4.166e-01;-4.441e-01;5.000e+01
0.041731000;9.637e-01;4.171e-01;-3.183e-01;4.328e-01;-3.303e-01;9.634e-01;4.329e-01;-3.300e-01;9.637e-01;1.668e-02;-1.273e-02;5.000e+01;4.166e-01;-4.441e-01;5.000e+01
0.042560000;9.637e-01;4.170e-01;-3.183e-01;4.327e-01;-3.303e-01;9.634e-01;4.329e-01;-3.300e-01;9.637e-01;1.668e-02;-1.273e-02;5.000e+01;4.166e-01;-4.441e-01;5.000e+01
0.044219000;9.637e-01;4.170e-01;-3.183e-01;4.327e-01;-3.303e-01;9.634e-01;4.329e-01;-3.300e-01;9.637e-01;1.668e-02;-1.273e-02;5.000e+01;4.166e-01;-4.441e-01;5.000e+01
0.045048000;9.637e-01;4.169e-01;-3.183e-01;4.326e-01;-3.303e-01;9.634e-01;4.328e-01;-3.300e-01;9.637e-01;1.668e-02;-1.273e-02;5.000e+01;4.166e-01;-4.441e-01;5.000e+01
0.046707000;9.637e-01;4.169e-01;-3.183e-01;4.326e-01;-3.303e-01;9.634e-01;4.328e-01;-3.300e-01;9.637e-01;1.668e-02;-1.273e-02;5.000e+01;4.166e-01;-4.441e-01;5.000e+01
0.047537000;9.637e-01;4.169e-01;-3.183e-01;4.326e-01;-3.303e-01;9.634e-01;4.327e-01;-3.300e-01;9.637e-01;1.668e-02;-1.273e-02;5.000e+01;4.166e-01;-4.441e-01;5.000e+01
0.048537000;9.637e-01;4.169e-01;-3.183e-01;4.326e-01;-3.303e-01;9.634e-01;4.327e-01;-3.300e-01;9.637e-01;1.667e-02;-1.273e-02;5.000e+01;4.166e-01;-4.441e-01;5.000e+01
0.049537000;9.637e-01;4.169e-01;-3.183e-01;4.325e-01;-3.303e-01;9.634e-01;4.327e-01;-3.300e-01;9.637e-01;1.667e-02;-1.273e-02;5.000e+01;4.166e-01;-4.441e-01;5.000e+01
0.050537000;9.637e-01;4.168e-01;-3.182e-01;4.325e-01;-3.302e-01;9.634e-01;4.327e-01;-3.300e-01;9.637e-01;1.667e-02;-1.273e-02;5.000e+01;4.166e-01;-4.441e-01;5.000e+01
0.051537000;9.637e-01;4.168e-01;-3.182e-01;4.325e-01;-3.302e-01;9.634e-01;4.327e-01;-3.300e-01;9.637e-01;1.667e-02;-1.273e-02;5.000e+01;4.166e-01;-4.441e-01;5.000e+01
0.052537000;9.637e-01;4.168e-01;-3.182e-01;4.325e-01;-3.302e-01;9.634e-01;4.326e-01;-3.300e-01;9.637e-01;1.667e-02;-1.273e-02;5.000e+01;4.166e-01;-4.441e-01;5.000e+01
0.054537000;9.637e-01;4.168e-01;-3.182e-01;4.325e-01;-3.302e-01;9.634e-01;4.326e-01;-3.300e-01;9.637e-01;1.667e-02;-1.273e-02;5.000e+01;4.166e-01;-4.441e-01;5.000e+01
0.055537000;9.637e-01;4.168e-01;-3.182e-01;4.324e-01;-3.302e-01;9.634e-01;4.326e-01;-3.300e-01;9.637e-01;1.667e-02;-1.273e-02;5.000e+01;4.166e-01;-4.441e-01;5.000e+01
0.056537000;9.637e-01;4.168e-01;-3.182e-01;4.324e-01;-3.302e-01;9.634e-01;4.326e-01;-3.300e-01;9.637e-01;1.667e-02;-1.273e-02;5.000e+01;4.166e-01;-4.441e-01;5.000e+01
0.057537000;9.637e-01;4.167e-01;-3.182e-01;4.324e-01;-3.302e-01;9.634e-01;4.326e-01;-3.300e-01;9.637e-01;1.667e-02;-1.273e-02;5.000e+01;4.166e-01;-4.441e-01;5.000e+01
0.059537000;9.637e-01;4.167e-01;-3.182e-01;4.324e-01;-3.302e-01;9.634e-01;4.326e-01;-3.300e-01;9.637e-01;1.667e-02;-1.273e-02;5.000e+01;4.166e-01;-4.441e-01;5.000e+01
0.060537000;9.637e-01;4.167e-01;-3.182e-01;4.324e-01;-3.302e-01;9.634e-01;4.325e-01;-3.300e-01;9.637e-01;1.667e-02;-1.273e-02;5.000e+01;4.166e-01;-4.441e-01;5.000e+01
0.067537000;9.637e-01;4.167e-01;-3.182e-01;4.324e-01;-3.302e-01;9.634e-01;4.325e-01;-3.300e-01;9.637e-01;1.667e-02;-1.273e-02;5.000e+01;4.166e-01;-4.441e-01;5.000e+01
0.068537000;9.637e-01;4.167e-01;-3.182e-01;4.323e-01;-3.302e-01;9.634e-01;4.325e-01;-3.300e-01;9.637e-01;1.667e-02;-1.273e-02;5.000e+01;4.166e-01;-4.441e-01;5.000e+01
0.076537000;9.637e-01;4.167e-01;-3.182e-01;4.323e-01;-3.302e-01;9.634e-01;4.325e-01;-3.300e-01;9.637e-01;1.667e-02;-1.273e-02;5.000e+01;4.166e-01;-4.441e-01;5.000e+01
0.077537000;9.637e-01;4.166e-01;-3.182e-01;4.323e-01;-3.302e-01;9.634e-01;4.325e-01;-3.300e-01;9.637e-01;1.666e-02;-1.273e-02;5.000e+01;4.166e-01;-4.441e-01;5.000e+01
29.989994000;9.637e-01;4.166e-01;-3.182e-01;4.323e-01;-3.302e-01;9.634e-01;4.325e-01;-3.300e-01;9.637e-01;1.666e-02;-1.273e-02;5.000e+01;4.166e-01;-4.441e-01;5.000e+01
29.989994000;9.637e-01;4.166e-01;-3.182e-01;4.323e-01;-3.302e-01;9.633e-01;4.325e-01;-3.300e-01;9.637e-01;1.666e-02;-1.273e-02;5.000e+01;4.166e-01;-4.441e-01;5.000e+01
29.989995000;9.637e-01;4.166e-01;-3.182e-01;4.323e-01;-3.302e-01;9.634e-01;4.325e-01;-3.300e-01;9.637e-01;1.666e-02;-1.273e-02;5.000e+01;4.166e-01;-4.441e-01;5.000e+01
29.990002000;9.637e-01;4.166e-01;-3.182e-01;4.323e-01;-3.302e-01;9.634e-01;4.325e-01;-3.300e-01;9.637e-01;1.666e-02;-1.273e-02;5.000e+01;4.166e-01;-4.441e-01;5.000e+01
29.990010000;9.638e-01;4.167e-01;-3.182e-01;4.323e-01;-3.302e-01;9.634e-01;4.325e-01;-3.300e-01;9.638e-01;1.667e-02;-1.273e-02;5.000e+01;4.166e-01;-4.441e-01;5.000e+01
29.990026000;9.639e-01;4.167e-01;-3.183e-01;4.323e-01;-3.302e-01;9.635e-01;4.325e-01;-3.300e-01;9.639e-01;1.667e-02;-1.273e-02;5.000e+01;4.166e-01;-4.441e-01;5.000e+01
29.990058000;9.640e-01;4.168e-01;-3.184e-01;4.323e-01;-3.302e-01;9.637e-01;4.325e-01;-3.300e-01;9.640e-01;1.667e-02;-1.273e-02;5.000e+01;4.166e-01;-4.441e-01;5.000e+01
29.990122000;9.643e-01;4.169e-01;-3.185e-01;4.323e-01;-3.302e-01;9.640e-01;4.324e-01;-3.300e-01;9.643e-01;1.667e-02;-1.274e-02;5.000e+01;4.166e-01;-4.441e-01;5.000e+01
29.990186000;9.647e-01;4.170e-01;-3.185e-01;4.323e-01;-3.302e-01;9.643e-01;4.325e-01;-3.300e-01;9.647e-01;1.668e-02;-1.274e-02;5.000e+01;4.166e-01;-4.441e-01;5.000e+01
29.990250000;9.650e-01;4.171e-01;-3.187e-01;4.323e-01;-3.302e-01;9.646e-01;4.324e-01;-3.300e-01;9.650e-01;1.669e-02;-1.275e-02;5.000e+01;4.166e-01;-4.441e-01;5.000e+01
29.990314000;9.653e-01;4.173e-01;-3.188e-01;4.323e-01;-3.302e-01;9.649e-01;4.324e-01;-3.300e-01;9.653e-01;1.669e-02;-1.275e-02;5.000e+01;4.166e-01;-4.441e-01;5.000e+01
29.990378000;9.656e-01;4.174e-01;-3.189e-01;4.323e-01;-3.303e-01;9.653e-01;4.324e-01;-3.300e-01;9.656e-01;1.670e-02;-1.276e-02;5.000e+01;4.166e-01;-4.441e-01;5.000e+01
29.990442000;9.659e-01;4.176e-01;-3.190e-01;4.323e-01;-3.302e-01;9.656e-01;4.324e-01;-3.301e-01;9.659e-01;1.670e-02;-1.276e-02;5.000e+01;4.166e-01;-4.441e-01;5.000e+01
29.990506000;9.663e-01;4.177e-01;-3.191e-01;4.323e-01;-3.303e-01;9.659e-01;4.324e-01;-3.301e-01;9.663e-01;1.671e-02;-1.277e-02;5.000e+01;4.166e-01;-4.441e-01;5.000e+01
29.990570000;9.666e-01;4.178e-01;-3.192e-01;4.323e-01;-3.303e-01;9.662e-01;4.324e-01;-3.300e-01;9.666e-01;1.671e-02;-1.277e-02;5.000e+01;4.166e-01;-4.441e-01;5.000e+01
29.990634000;9.669e-01;4.179e-01;-3.194e-01;4.323e-01;-3.303e-01;9.665e-01;4.324e-01;-3.301e-01;9.669e-01;1.672e-02;-1.277e-02;5.000e+01;4.166e-01;-4.441e-01;5.000e+01
29.990698000;9.672e-01;4.181e-01;-3.195e-01;4.322e-01;-3.303e-01;9.669e-01;4.324e-01;-3.301e-01;9.672e-01;1.672e-02;-1.278e-02;5.000e+01;4.166e-01;-4.441e-01;5.000e+01
29.990762000;9.675e-01;4.182e-01;-3.196e-01;4.322e-01;-3.303e-01;9.672e-01;4.324e-01;-3.301e-01;9.675e-01;1.673e-02;-1.278e-02;5.000e+01;4.166e-01;-4.441e-01;5.000e+01
29.990890000;9.682e-01;4.185e-01;-3.198e-01;4.322e-01;-3.303e-01;9.678e-01;4.324e-01;-3.301e-01;9.682e-01;1.674e-02;-1.279e-02;5.000e+01;4.166e-01;-4.441e-01;5.000e+01
29.991018000;9.688e-01;4.188e-01;-3.200e-01;4.322e-01;-3.303e-01;9.685e-01;4.324e-01;-3.301e-01;9.688e-01;1.675e-02;-1.280e-02;5.000e+01;4.166e-01;-4.441e-01;5.000e+01
29.991146000;9.695e-01;4.190e-01;-3.202e-01;4.322e-01;-3.303e-01;9.691e-01;4.324e-01;-3.301e-01;9.695e-01;1.676e-02;-1.281e-02;5.000e+01;4.166e-01;-4.441e-01;5.000e+01
29.991274000;9.701e-01;4.193e-01;-3.205e-01;4.322e-01;-3.303e-01;9.697e-01;4.324e-01;-3.301e-01;9.701e-01;1.677e-02;-1.282e-02;5.000e+01;4.166e-01;-4.441e-01;5.000e+01
29.991402000;9.707e-01;4.195e-01;-3.207e-01;4.322e-01;-3.303e-01;9.704e-01;4.324e-01;-3.301e-01;9.707e-01;1.678e-02;-1.283e-02;5.000e+01;4.166e-01;-4.441e-01;5.000e+01
29.991530000;9.714e-01;4.198e-01;-3.209e-01;4.322e-01;-3.304e-01;9.710e-01;4.323e-01;-3.301e-01;9.714e-01;1.679e-02;-1.284e-02;5.000e+01;4.166e-01;-4.441e-01;5.000e+01
29.991786000;9.727e-01;4.203e-01;-3.214e-01;4.321e-01;-3.304e-01;9.723e-01;4.323e-01;-3.302e-01;9.727e-01;1.681e-02;-1.285e-02;5.000e+01;4.166e-01;-4.441e-01;5.000e+01
29.992042000;9.739e-01;4.209e-01;-3.218e-01;4.321e-01;-3.304e-01;9.736e-01;4.323e-01;-3.302e-01;9.739e-01;1.683e-02;-1.287e-02;5.000e+01;4.166e-01;-4.441e-01;5.000e+01
29.992298000;9.752e-01;4.214e-01;-3.222e-01;4.321e-01;-3.304e-01;9.749e-01;4.323e-01;-3.302e-01;9.752e-01;1.686e-02;-1.289e-02;5.000e+01;4.166e-01;-4.441e-01;5.000e+01
29.992554000;9.765e-01;4.219e-01;-3.227e-01;4.321e-01;-3.304e-01;9.761e-01;4.322e-01;-3.302e-01;9.765e-01;1.688e-02;-1.291e-02;5.000e+01;4.166e-01;-4.441e-01;5.000e+01
29.992810000;9.778e-01;4.224e-01;-3.231e-01;4.320e-01;-3.305e-01;9.774e-01;4.322e-01;-3.303e-01;9.778e-01;1.690e-02;-1.293e-02;5.000e+01;4.166e-01;-4.441e-01;5.000e+01
29.993066000;9.790e-01;4.229e-01;-3.236e-01;4.320e-01;-3.305e-01;9.787e-01;4.322e-01;-3.303e-01;9.790e-01;1.692e-02;-1.294e-02;5.000e+01;4.166e-01;-4.441e-01;5.000e+01
29.993322000;9.803e-01;4.235e-01;-3.240e-01;4.320e-01;-3.305e-01;9.800e-01;4.321e-01;-3.303e-01;9.803e-01;1.694e-02;-1.296e-02;5.000e+01;4.166e-01;-4.441e-01;5.000e+01
29.993578000;9.816e-01;4.240e-01;-3.245e-01;4.319e-01;-3.305e-01;9.813e-01;4.321e-01;-3.303e-01;9.816e-01;1.696e-02;-1.298e-02;5.000e+01;4.166e-01;-4.441e-01;5.000e+01
29.993834000;9.829e-01;4.245e-01;-3.249e-01;4.319e-01;-3.305e-01;9.825e-01;4.320e-01;-3.303e-01;9.829e-01;1.698e-02;-1.299e-02;5.000e+01;4.166e-01;-4.441e-01;5.000e+01
29.994090000;9.842e-01;4.250e-01;-3.253e-01;4.318e-01;-3.306e-01;9.838e-01;4.320e-01;-3.303e-01;9.842e-01;1.700e-02;-1.301e-02;5.000e+01;4.166e-01;-4.441e-01;5.000e+01
29.994346000;9.854e-01;4.255e-01;-3.258e-01;4.318e-01;-3.306e-01;9.851e-01;4.319e-01;-3.304e-01;9.854e-01;1.702e-02;-1.303e-02;5.000e+01;4.166e-01;-4.441e-01;5.000e+01
29.994602000;9.867e-01;4.260e-01;-3.262e-01;4.317e-01;-3.306e-01;9.864e-01;4.319e-01;-3.304e-01;9.867e-01;1.704e-02;-1.305e-02;5.000e+01;4.166e-01;-4.441e-01;5.000e+01
29.994858000;9.880e-01;4.265e-01;-3.266e-01;4.317e-01;-3.306e-01;9.877e-01;4.318e-01;-3.304e-01;9.880e-01;1.706e-02;-1.307e-02;5.000e+01;4.166e-01;-4.441e-01;5.000e+01
29.995114000;9.893e-01;4.270e-01;-3.271e-01;4.316e-01;-3.306e-01;9.889e-01;4.318e-01;-3.304e-01;9.893e-01;1.708e-02;-1.308e-02;5.000e+01;4.166e-01;-4.441e-01;5.000e+01
29.995370000;9.906e-01;4.274e-01;-3.275e-01;4.315e-01;-3.306e-01;9.902e-01;4.317e-01;-3.304e-01;9.906e-01;1.710e-02;-1.310e-02;5.000e+01;4.166e-01;-4.441e-01;5.000e+01
29.995882000;9.931e-01;4.284e-01;-3.284e-01;4.314e-01;-3.307e-01;9.928e-01;4.315e-01;-3.305e-01;9.931e-01;1.714e-02;-1.314e-02;5.000e+01;4.166e-01;-4.441e-01;5.000e+01
29.996394000;9.957e-01;4.293e-01;-3.293e-01;4.312e-01;-3.307e-01;9.953e-01;4.314e-01;-3.305e-01;9.957e-01;1.717e-02;-1.317e-02;5.000e+01;4.166e-01;-4.441e-01;5.000e+01
29.996906000;9.982e-01;4.303e-01;-3.301e-01;4.310e-01;-3.307e-01;9.979e-01;4.312e-01;-3.305e-01;9.982e-01;1.721e-02;-1.321e-02;5.000e+01;4.166e-01;-4.441e-01;5.000e+01
29.997418000;1.001e+00;4.312e-01;-3.310e-01;4.308e-01;-3.308e-01;1.000e+00;4.310e-01;-3.306e-01;1.001e+00;1.725e-02;-1.324e-02;5.000e+01;4.166e-01;-4.441e-01;5.000e+01
29.997930000;1.003e+00;4.320e-01;-3.319e-01;4.306e-01;-3.308e-01;1.003e+00;4.308e-01;-3.306e-01;1.003e+00;1.728e-02;-1.328e-02;5.000e+01;4.166e-01;-4.441e-01;5.000e+01
29.998442000;1.006e+00;4.329e-01;-3.328e-01;4.304e-01;-3.308e-01;1.006e+00;4.305e-01;-3.306e-01;1.006e+00;1.732e-02;-1.331e-02;5.000e+01;4.166e-01;-4.441e-01;5.000e+01
29.998954000;1.008e+00;4.337e-01;-3.337e-01;4.301e-01;-3.308e-01;1.008e+00;4.302e-01;-3.306e-01;1.008e+00;1.735e-02;-1.335e-02;5.000e+01;4.166e-01;-4.441e-01;5.000e+01
29.999466000;1.011e+00;4.346e-01;-3.345e-01;4.298e-01;-3.309e-01;1.011e+00;4.300e-01;-3.307e-01;1.011e+00;1.738e-02;-1.338e-02;5.000e+01;4.166e-01;-4.441e-01;5.000e+01
29.999978000;1.014e+00;4.353e-01;-3.354e-01;4.295e-01;-3.309e-01;1.013e+00;4.296e-01;-3.307e-01;1.014e+00;1.741e-02;-1.342e-02;5.000e+01;4.166e-01;-4.441e-01;5.000e+01
29.999994000;1.014e+00;4.353e-01;-3.354e-01;4.295e-01;-3.309e-01;1.013e+00;4.296e-01;-3.307e-01;1.014e+00;1.741e-02;-1.342e-02;5.000e+01;4.166e-01;-4.441e-01;5.000e+01
29.999995000;1.014e+00;4.353e-01;-3.354e-01;4.295e-01;-3.309e-01;1.013e+00;4.297e-01;-3.307e-01;1.014e+00;1.741e-02;-1.342e-02;5.000e+01;4.166e-01;-4.441e-01;5.000e+01
29.999996000;1.014e+00;4.353e-01;-3.354e-01;4.295e-01;-3.309e-01;1.013e+00;4.296e-01;-3.307e-01;1.014e+00;1.741e-02;-1.342e-02;5.000e+01;4.166e-01;-4.441e-01;5.000e+01
29.999998000;1.014e+00;4.354e-01;-3.354e-01;4.295e-01;-3.309e-01;1.013e+00;4.296e-01;-3.307e-01;1.014e+00;1.741e-02;-1.342e-02;5.000e+01;4.166e-01;-4.441e-01;5.000e+01
30.000010000;1.014e+00;4.354e-01;-3.354e-01;4.295e-01;-3.309e-01;1.013e+00;4.296e-01;-3.307e-01;1.014e+00;1.741e-02;-1.342e-02;5.000e+01;4.166e-01;-4.441e-01;5.000e+01
30.000026000;1.014e+00;4.354e-01;-3.355e-01;4.295e-01;-3.309e-01;1.013e+00;4.296e-01;-3.307e-01;1.014e+00;1.742e-02;-1.342e-02;5.000e+01;4.166e-01;-4.441e-01;5.000e+01
30.000058000;1.014e+00;4.355e-01;-3.355e-01;4.294e-01;-3.309e-01;1.014e+00;4.296e-01;-3.307e-01;1.014e+00;1.742e-02;-1.342e-02;5.000e+01;4.166e-01;-4.441e-01;5.000e+01
30.000122000;1.014e+00;4.355e-01;-3.356e-01;4.294e-01;-3.309e-01;1.014e+00;4.296e-01;-3.307e-01;1.014e+00;1.742e-02;-1.342e-02;5.000e+01;4.166e-01;-4.441e-01;5.000e+01
30.000250000;1.015e+00;4.358e-01;-3.358e-01;4.293e-01;-3.309e-01;1.015e+00;4.295e-01;-3.307e-01;1.015e+00;1.743e-02;-1.343e-02;5.000e+01;4.166e-01;-4.441e-01;5.000e+01
30.000506000;1.016e+00;4.361e-01;-3.363e-01;4.292e-01;-3.309e-01;1.016e+00;4.293e-01;-3.307e-01;1.016e+00;1.744e-02;-1.345e-02;5.000e+01;4.166e-01;-4.441e-01;5.000e+01
30.001018000;1.019e+00;4.369e-01;-3.372e-01;4.288e-01;-3.309e-01;1.018e+00;4.290e-01;-3.307e-01;1.019e+00;1.748e-02;-1.349e-02;5.000e+01;4.166e-01;-4.441e-01;5.000e+01
30.001530000;1.021e+00;4.376e-01;-3.380e-01;4.285e-01;-3.310e-01;1.021e+00;4.286e-01;-3.308e-01;1.021e+00;1.750e-02;-1.352e-02;5.000e+01;4.166e-01;-4.441e-01;5.000e+01
30.002042000;1.024e+00;4.383e-01;-3.389e-01;4.281e-01;-3.310e-01;1.024e+00;4.282e-01;-3.308e-01;1.024e+00;1.753e-02;-1.356e-02;5.000e+01;4.166e-01;-4.441e-01;5.000e+01
30.002554000;1.026e+00;4.390e-01;-3.397e-01;4.277e-01;-3.310e-01;1.026e+00;4.278e-01;-3.308e-01;1.026e+00;1.756e-02;-1.359e-02;5.000e+01;4.166e-01;-4.441e-01;5.000e+01
30.003066000;1.029e+00;4.397e-01;-3.406e-01;4.273e-01;-3.310e-01;1.029e+00;4.274e-01;-3.308e-01;1.029e+00;1.759e-02;-1.362e-02;5.000e+01;4.166e-01;-4.441e-01;5.000e+01
30.003578000;1.032e+00;4.403e-01;-3.415e-01;4.268e-01;-3.310e-01;1.031e+00;4.269e-01;-3.308e-01;1.032e+00;1.761e-02;-1.366e-02;5.000e+01;4.166e-01;-4.441e-01;5.000e+01
30.004090000;1.034e+00;4.409e-01;-3.423e-01;4.263e-01;-3.310e-01;1.034e+00;4.265e-01;-3.309e-01;1.034e+00;1.764e-02;-1.369e-02;5.000e+01;4.166e-01;-4.441e-01;5.000e+01
30.004602000;1.037e+00;4.415e-01;-3.432e-01;4.259e-01;-3.311e-01;1.036e+00;4.260e-01;-3.309e-01;1.037e+00;1.766e-02;-1.373e-02;5.000e+01;4.166e-01;-4.441e-01;5.000e+01
30.005114000;1.039e+00;4.421e-01;-3.441e-01;4.254e-01;-3.311e-01;1.039e+00;4.255e-01;-3.309e-01;1.039e+00;1.768e-02;-1.376e-02;5.000e+01;4.166e-01;-4.441e-01;5.000e+01
30.005626000;1.042e+00;4.426e-01;-3.449e-01;4.249e-01;-3.311e-01;1.041e+00;4.250e-01;-3.309e-01;1.042e+00;1.770e-02;-1.380e-02;5.000e+01;4.166e-01;-4.441e-01;5.000e+01
30.006138000;1.044e+00;4.431e-01;-3.458e-01;4.243e-01;-3.311e-01;1.044e+00;4.245e-01;-3.309e-01;1.044e+00;1.773e-02;-1.383e-02;5.000e+01;4.166e-01;-4.441e-01;5.000e+01
30.006650000;1.047e+00;4.437e-01;-3.467e-01;4.238e-01;-3.311e-01;1.047e+00;4.239e-01;-3.309e-01;1.047e+00;1.775e-02;-1.387e-02;5.000e+01;4.166e-01;-4.441e-01;5.000e+01
30.007162000;1.049e+00;4.442e-01;-3.475e-01;4.232e-01;-3.311e-01;1.049e+00;4.234e-01;-3.310e-01;1.049e+00;1.777e-02;-1.390e-02;5.000e+01;4.166e-01;-4.441e-01;5.000e+01
30.007674000;1.052e+00;4.446e-01;-3.484e-01;4.227e-01;-3.312e-01;1.052e+00;4.228e-01;-3.310e-01;1.052e+00;1.779e-02;-1.394e-02;5.000e+01;4.166e-01;-4.441e-01;5.000e+01
30.008186000;1.055e+00;4.451e-01;-3.493e-01;4.221e-01;-3.312e-01;1.054e+00;4.222e-01;-3.310e-01;1.055e+00;1.780e-02;-1.397e-02;5.000e+01;4.166e-01;-4.441e-01;5.000e+01
30.008698000;1.057e+00;4.456e-01;-3.501e-01;4.215e-01;-3.312e-01;1.057e+00;4.216e-01;-3.310e-01;1.057e+00;1.782e-02;-1.401e-02;5.000e+01;4.166e-01;-4.441e-01;5.000e+01
30.009210000;1.060e+00;4.460e-01;-3.510e-01;4.208e-01;-3.312e-01;1.059e+00;4.210e-01;-3.310e-01;1.060e+00;1.784e-02;-1.404e-02;5.000e+01;4.166e-01;-4.441e-01;5.000e+01
30.009722000;1.062e+00;4.464e-01;-3.518e-01;4.202e-01;-3.312e-01;1.062e+00;4.203e-01;-3.310e-01;1.062e+00;1.785e-02;-1.407e-02;5.000e+01;4.166e-01;-4.441e-01;5.000e+01
30.009881000;1.063e+00;4.465e-01;-3.521e-01;4.200e-01;-3.312e-01;1.063e+00;4.202e-01;-3.310e-01;1.063e+00;1.786e-02;-1.408e-02;5.000e+01;4.166e-01;-4.441e-01;5.000e+01
30.009984000;1.064e+00;4.466e-01;-3.523e-01;4.199e-01;-3.312e-01;1.063e+00;4.200e-01;-3.310e-01;1.064e+00;1.786e-02;-1.409e-02;5.000e+01;4.166e-01;-4.441e-01;5.000e+01
30.009998000;1.064e+00;4.466e-01;-3.523e-01;4.199e-01;-3.312e-01;1.063e+00;4.200e-01;-3.310e-01;1.064e+00;1.786e-02;-1.409e-02;5.000e+01;4.166e-01;-4.441e-01;5.000e+01
30.010002000;1.064e+00;4.466e-01;-3.523e-01;4.198e-01;-3.312e-01;1.063e+00;4.200e-01;-3.310e-01;1.064e+00;1.786e-02;-1.409e-02;5.000e+01;4.166e-01;-4.441e-01;5.000e+01
30.010026000;1.064e+00;4.466e-01;-3.523e-01;4.198e-01;-3.312e-01;1.063e+00;4.200e-01;-3.310e-01;1.064e+00;1.786e-02;-1.409e-02;5.000e+01;4.166e-01;-4.441e-01;5.000e+01
30.010058000;1.064e+00;4.465e-01;-3.523e-01;4.198e-01;-3.312e-01;1.063e+00;4.199e-01;-3.310e-01;1.064e+00;1.786e-02;-1.409e-02;5.000e+01;4.166e-01;-4.441e-01;5.000e+01
30.010122000;1.064e+00;4.464e-01;-3.523e-01;4.197e-01;-3.312e-01;1.063e+00;4.198e-01;-3.310e-01;1.064e+00;1.786e-02;-1.409e-02;5.000e+01;4.166e-01;-4.441e-01;5.000e+01
30.010186000;1.064e+00;4.463e-01;-3.523e-01;4.196e-01;-3.312e-01;1.063e+00;4.198e-01;-3.310e-01;1.064e+00;1.785e-02;-1.409e-02;5.000e+01;4.166e-01;-4.441e-01;5.000e+01
30.010250000;1.064e+00;4.463e-01;-3.523e-01;4.196e-01;-3.312e-01;1.063e+00;4.197e-01;-3.310e-01;1.064e+00;1.785e-02;-1.409e-02;5.000e+01;4.166e-01;-4.441e-01;5.000e+01
30.010314000;1.064e+00;4.462e-01;-3.523e-01;4.195e-01;-3.312e-01;1.063e+00;4.196e-01;-3.310e-01;1.064e+00;1.785e-02;-1.409e-02;5.000e+01;4.166e-01;-4.441e-01;5.000e+01
30.010378000;1.064e+00;4.461e-01;-3.523e-01;4.194e-01;-3.312e-01;1.063e+00;4.195e-01;-3.310e-01;1.064e+00;1.784e-02;-1.409e-02;5.000e+01;4.166e-01;-4.441e-01;5.000e+01
30.010442000;1.064e+00;4.460e-01;-3.523e-01;4.193e-01;-3.312e-01;1.063e+00;4.195e-01;-3.310e-01;1.064e+00;1.784e-02;-1.409e-02;5.000e+01;4.166e-01;-4.441e-01;5.000e+01
30.010506000;1.064e+00;4.459e-01;-3.523e-01;4.192e-01;-3.312e-01;1.063e+00;4.194e-01;-3.310e-01;1.064e+00;1.784e-02;-1.409e-02;5.000e+01;4.166e-01;-4.441e-01;5.000e+01
30.010570000;1.064e+00;4.458e-01;-3.523e-01;4.192e-01;-3.312e-01;1.063e+00;4.193e-01;-3.310e-01;1.064e+00;1.783e-02;-1.409e-02;5.000e+01;4.166e-01;-4.441e-01;5.000e+01
30.010634000;1.064e+00;4.458e-01;-3.523e-01;4.191e-01;-3.312e-01;1.063e+00;4.192e-01;-3.310e-01;1.064e+00;1.783e-02;-1.409e-02;5.000e+01;4.166e-01;-4.441e-01;5.000e+01
30.010698000;1.064e+00;4.457e-01;-3.523e-01;4.190e-01;-3.312e-01;1.063e+00;4.192e-01;-3.310e-01;1.064e+00;1.783e-02;-1.409e-02;5.000e+01;4.166e-01;-4.441e-01;5.000e+01
30.010826000;1.064e+00;4.455e-01;-3.523e-01;4.189e-01;-3.312e-01;1.063e+00;4.190e-01;-3.310e-01;1.064e+00;1.782e-02;-1.409e-02;5.000e+01;4.166e-01;-4.441e-01;5.000e+01
30.010954000;1.064e+00;4.454e-01;-3.523e-01;4.187e-01;-3.312e-01;1.063e+00;4.188e-01;-3.310e-01;1.064e+00;1.781e-02;-1.409e-02;5.000e+01;4.166e-01;-4.441e-01;5.000e+01
30.011082000;1.064e+00;4.452e-01;-3.522e-01;4.185e-01;-3.311e-01;1.063e+00;4.187e-01;-3.310e-01;1.064e+00;1.781e-02;-1.409e-02;5.000e+01;4.166e-01;-4.441e-01;5.000e+01
30.011210000;1.064e+00;4.450e-01;-3.522e-01;4.184e-01;-3.311e-01;1.063e+00;4.185e-01;-3.310e-01;1.064e+00;1.780e-02;-1.409e-02;5.000e+01;4.166e-01;-4.441e-01;5.000e+01
30.011338000;1.064e+00;4.449e-01;-3.522e-01;4.182e-01;-3.311e-01;1.063e+00;4.184e-01;-3.310e-01;1.064e+00;1.779e-02;-1.409e-02;5.000e+01;4.166e-01;-4.441e-01;5.000e+01
30.011466000;1.064e+00;4.447e-01;-3.522e-01;4.181e-01;-3.311e-01;1.063e+00;4.182e-01;-3.310e-01;1.064e+00;1.779e-02;-1.409e-02;5.000e+01;4.166e-01;-4.441e-01;5.000e+01
30.011722000;1.064e+00;4.443e-01;-3.522e-01;4.177e-01;-3.311e-01;1.063e+00;4.179e-01;-3.310e-01;1.064e+00;1.777e-02;-1.409e-02;5.000e+01;4.166e-01;-4.441e-01;5.000e+01
30.011978000;1.064e+00;4.440e-01;-3.522e-01;4.174e-01;-3.311e-01;1.063e+00;4.176e-01;-3.309e-01;1.064e+00;1.776e-02;-1.409e-02;5.000e+01;4.166e-01;-4.441e-01;5.000e+01
30.012234000;1.064e+00;4.437e-01;-3.522e-01;4.171e-01;-3.311e-01;1.063e+00;4.172e-01;-3.309e-01;1.064e+00;1.775e-02;-1.409e-02;5.000e+01;4.166e-01;-4.441e-01;5.000e+01
30.012490000;1.064e+00;4.433e-01;-3.521e-01;4.168e-01;-3.311e-01;1.063e+00;4.169e-01;-3.309e-01;1.064e+00;1.773e-02;-1.409e-02;5.000e+01;4.166e-01;-4.441e-01;5.000e+01
30.012746000;1.064e+00;4.430e-01;-3.521e-01;4.164e-01;-3.311e-01;1.063e+00;4.166e-01;-3.309e-01;1.064e+00;1.772e-02;-1.409e-02;5.000e+01;4.166e-01;-4.441e-01;5.000e+01
30.013002000;1.064e+00;4.426e-01;-3.521e-01;4.161e-01;-3.311e-01;1.063e+00;4.163e-01;-3.309e-01;1.064e+00;1.770e-02;-1.409e-02;5.000e+01;4.166e-01;-4.441e-01;5.000e+01
30.013258000;1.064e+00;4.423e-01;-3.521e-01;4.158e-01;-3.311e-01;1.063e+00;4.159e-01;-3.309e-01;1.064e+00;1.769e-02;-1.409e-02;5.000e+01;4.166e-01;-4.441e-01;5.000e+01
30.013514000;1.064e+00;4.419e-01;-3.521e-01;4.155e-01;-3.310e-01;1.063e+00;4.156e-01;-3.309e-01;1.064e+00;1.768e-02;-1.408e-02;5.000e+01;4.166e-01;-4.441e-01;5.000e+01
30.013770000;1.064e+00;4.416e-01;-3.521e-01;4.152e-01;-3.310e-01;1.063e+00;4.153e-01;-3.309e-01;1.064e+00;1.766e-02;-1.408e-02;5.000e+01;4.166e-01;-4.441e-01;5.000e+01
30.014026000;1.064e+00;4.412e-01;-3.521e-01;4.148e-01;-3.310e-01;1.063e+00;4.150e-01;-3.308e-01;1.064e+00;1.765e-02;-1.408e-02;5.000e+01;4.166e-01;-4.441e-01;5.000e+01
30.014282000;1.064e+00;4.409e-01;-3.521e-01;4.145e-01;-3.310e-01;1.063e+00;4.147e-01;-3.308e-01;1.064e+00;1.764e-02;-1.408e-02;5.000e+01;4.166e-01;-4.441e-01;5.000e+01
30.014538000;1.064e+00;4.405e-01;-3.521e-01;4.142e-01;-3.310e-01;1.063e+00;4.143e-01;-3.308e-01;1.064e+00;1.762e-02;-1.408e-02;5.000e+01;4.166e-01;-4.441e-01;5.000e+01
30.014794000;1.064e+00;4.402e-01;-3.521e-01;4.139e-01;-3.310e-01;1.063e+00;4.140e-01;-3.308e-01;1.064e+00;1.761e-02;-1.408e-02;5.000e+01;4.166e-01;-4.441e-01;5.000e+01
30.015050000;1.064e+00;4.399e-01;-3.521e-01;4.136e-01;-3.310e-01;1.063e+00;4.137e-01;-3.308e-01;1.064e+00;1.759e-02;-1.408e-02;5.000e+01;4.166e-01;-4.441e-01;5.000e+01
30.015562000;1.064e+00;4.392e-01;-3.520e-01;4.129e-01;-3.310e-01;1.063e+00;4.131e-01;-3.308e-01;1.064e+00;1.757e-02;-1.408e-02;5.000e+01;4.166e-01;-4.441e-01;5.000e+01
30.016074000;1.064e+00;4.385e-01;-3.520e-01;4.123e-01;-3.309e-01;1.063e+00;4.124e-01;-3.308e-01;1.064e+00;1.754e-02;-1.408e-02;5.000e+01;4.166e-01;-4.441e-01;5.000e+01
30.016174000;1.064e+00;4.384e-01;-3.520e-01;4.122e-01;-3.309e-01;1.063e+00;4.123e-01;-3.308e-01;1.064e+00;1.754e-02;-1.408e-02;5.000e+01;4.166e-01;-4.441e-01;5.000e+01
30.016182000;1.064e+00;4.384e-01;-3.520e-01;4.122e-01;-3.309e-01;1.063e+00;4.123e-01;-3.308e-01;1.064e+00;1.754e-02;-1.408e-02;5.000e+01;4.166e-01;-4.441e-01;5.000e+01
30.016190000;1.064e+00;4.384e-01;-3.520e-01;4.121e-01;-3.309e-01;1.063e+00;4.123e-01;-3.308e-01;1.064e+00;1.753e-02;-1.408e-02;5.000e+01;4.166e-01;-4.441e-01;5.000e+01
30.016206000;1.064e+00;4.384e-01;-3.520e-01;4.121e-01;-3.309e-01;1.063e+00;4.123e-01;-3.308e-01;1.064e+00;1.753e-02;-1.408e-02;5.000e+01;4.166e-01;-4.441e-01;5.000e+01
30.016238000;1.064e+00;4.383e-01;-3.520e-01;4.121e-01;-3.309e-01;1.063e+00;4.122e-01;-3.308e-01;1.064e+00;1.753e-02;-1.408e-02;5.000e+01;4.166e-01;-4.441e-01;5.000e+01
30.016302000;1.064e+00;4.382e-01;-3.520e-01;4.120e-01;-3.309e-01;1.063e+00;4.122e-01;-3.308e-01;1.064e+00;1.753e-02;-1.408e-02;5.000e+01;4.166e-01;-4.441e-01;5.000e+01
30.016430000;1.064e+00;4.381e-01;-3.520e-01;4.119e-01;-3.309e-01;1.063e+00;4.120e-01;-3.308e-01;1.064e+00;1.752e-02;-1.408e-02;5.000e+01;4.166e-01;-4.441e-01;5.000e+01
30.016686000;1.064e+00;4.378e-01;-3.520e-01;4.116e-01;-3.309e-01;1.063e+00;4.117e-01;-3.307e-01;1.064e+00;1.751e-02;-1.408e-02;5.000e+01;4.166e-01;-4.441e-01;5.000e+01
30.017198000;1.064e+00;4.371e-01;-3.520e-01;4.109e-01;-3.309e-01;1.063e+00;4.111e-01;-3.307e-01;1.064e+00;1.748e-02;-1.408e-02;5.000e+01;4.166e-01;-4.441e-01;5.000e+01
30.017710000;1.064e+00;4.365e-01;-3.519e-01;4.104e-01;-3.309e-01;1.063e+00;4.105e-01;-3.307e-01;1.064e+00;1.746e-02;-1.408e-02;5.000e+01;4.166e-01;-4.441e-01;5.000e+01
30.018222000;1.064e+00;4.359e-01;-3.519e-01;4.098e-01;-3.309e-01;1.063e+00;4.099e-01;-3.307e-01;1.064e+00;1.743e-02;-1.408e-02;5.000e+01;4.166e-01;-4.441e-01;5.000e+01
30.018734000;1.064e+00;4.352e-01;-3.519e-01;4.092e-01;-3.309e-01;1.063e+00;4.093e-01;-3.307e-01;1.064e+00;1.741e-02;-1.408e-02;5.000e+01;4.166e-01;-4.441e-01;5.000e+01
30.019246000;1.064e+00;4.346e-01;-3.519e-01;4.086e-01;-3.308e-01;1.063e+00;4.088e-01;-3.307e-01;1.064e+00;1.739e-02;-1.408e-02;5.000e+01;4.166e-01;-4.441e-01;5.000e+01
30.019758000;1.064e+00;4.340e-01;-3.519e-01;4.081e-01;-3.308e-01;1.063e+00;4.082e-01;-3.307e-01;1.064e+00;1.736e-02;-1.408e-02;5.000e+01;4.166e-01;-4.441e-01;5.000e+01
30.020270000;1.064e+00;4.335e-01;-3.519e-01;4.075e-01;-3.308e-01;1.063e+00;4.077e-01;-3.307e-01;1.064e+00;1.734e-02;-1.408e-02;5.000e+01;4.166e-01;-4.441e-01;5.000e+01
30.020782000;1.064e+00;4.329e-01;-3.518e-01;4.070e-01;-3.308e-01;1.063e+00;4.072e-01;-3.306e-01;1.064e+00;1.732e-02;-1.407e-02;5.000e+01;4.166e-01;-4.441e-01;5.000e+01
30.021294000;1.064e+00;4.324e-01;-3.518e-01;4.065e-01;-3.308e-01;1.063e+00;4.066e-01;-3.306e-01;1.064e+00;1.730e-02;-1.407e-02;5.000e+01;4.166e-01;-4.441e-01;5.000e+01
30.021806000;1.064e+00;4.318e-01;-3.518e-01;4.060e-01;-3.308e-01;1.063e+00;4.061e-01;-3.306e-01;1.064e+00;1.727e-02;-1.407e-02;5.000e+01;4.166e-01;-4.441e-01;5.000e+01
30.022318000;1.064e+00;4.313e-01;-3.518e-01;4.055e-01;-3.308e-01;1.063e+00;4.057e-01;-3.306e-01;1.064e+00;1.725e-02;-1.407e-02;5.000e+01;4.166e-01;-4.441e-01;5.000e+01
30.022830000;1.064e+00;4.308e-01;-3.518e-01;4.050e-01;-3.308e-01;1.063e+00;4.052e-01;-3.306e-01;1.064e+00;1.723e-02;-1.407e-02;5.000e+01;4.166e-01;-4.441e-01;5.000e+01
30.023342000;1.064e+00;4.303e-01;-3.518e-01;4.046e-01;-3.307e-01;1.063e+00;4.047e-01;-3.306e-01;1.064e+00;1.721e-02;-1.407e-02;5.000e+01;4.166e-01;-4.441e-01;5.000e+01
30.023854000;1.064e+00;4.298e-01;-3.518e-01;4.041e-01;-3.307e-01;1.063e+00;4.043e-01;-3.306e-01;1.064e+00;1.719e-02;-1.407e-02;5.000e+01;4.166e-01;-4.441e-01;5.000e+01
30.024366000;1.064e+00;4.293e-01;-3.518e-01;4.037e-01;-3.307e-01;1.063e+00;4.038e-01;-3.305e-01;1.064e+00;1.717e-02;-1.407e-02;5.000e+01;4.166e-01;-4.441e-01;5.000e+01
30.024878000;1.064e+00;4.289e-01;-3.517e-01;4.032e-01;-3.307e-01;1.063e+00;4.034e-01;-3.305e-01;1.064e+00;1.716e-02;-1.407e-02;5.000e+01;4.166e-01;-4.441e-01;5.000e+01
30.025390000;1.064e+00;4.285e-01;-3.517e-01;4.028e-01;-3.307e-01;1.063e+00;4.030e-01;-3.305e-01;1.064e+00;1.714e-02;-1.407e-02;5.000e+01;4.166e-01;-4.441e-01;5.000e+01
30.025902000;1.064e+00;4.280e-01;-3.517e-01;4.024e-01;-3.307e-01;1.063e+00;4.026e-01;-3.305e-01;1.064e+00;1.712e-02;-1.407e-02;5.000e+01;4.166e-01;-4.441e-01;5.000e+01
30.026414000;1.064e+00;4.276e-01;-3.517e-01;4.021e-01;-3.307e-01;1.063e+00;4.022e-01;-3.305e-01;1.064e+00;1.710e-02;-1.407e-02;5.000e+01;4.166e-01;-4.441e-01;5.000e+01
30.026926000;1.064e+00;4.272e-01;-3.517e-01;4.017e-01;-3.306e-01;1.063e+00;4.018e-01;-3.305e-01;1.064e+00;1.709e-02;-1.407e-02;5.000e+01;4.166e-01;-4.441e-01;5.000e+01
30.027438000;1.064e+00;4.268e-01;-3.517e-01;4.013e-01;-3.306e-01;1.063e+00;4.014e-01;-3.305e-01;1.064e+00;1.707e-02;-1.407e-02;5.000e+01;4.166e-01;-4.441e-01;5.000e+01
30.027950000;1.064e+00;4.264e-01;-3.517e-01;4.009e-01;-3.306e-01;1.063e+00;4.011e-01;-3.305e-01;1.064e+00;1.706e-02;-1.407e-02;5.000e+01;4.166e-01;-4.441e-01;5.000e+01
30.028462000;1.064e+00;4.261e-01;-3.517e-01;4.006e-01;-3.306e-01;1.063e+00;4.007e-01;-3.304e-01;1.064e+00;1.704e-02;-1.407e-02;5.000e+01;4.166e-01;-4.441e-01;5.000e+01
30.028974000;1.064e+00;4.257e-01;-3.516e-01;4.003e-01;-3.306e-01;1.063e+00;4.004e-01;-3.304e-01;1.064e+00;1.703e-02;-1.406e-02;5.000e+01;4.166e-01;-4.441e-01;5.000e+01
30.029486000;1.064e+00;4.254e-01;-3.516e-01;3.999e-01;-3.306e-01;1.063e+00;4.001e-01;-3.304e-01;1.064e+00;1.701e-02;-1.406e-02;5.000e+01;4.166e-01;-4.441e-01;5.000e+01
30.029998000;1.064e+00;4.250e-01;-3.516e-01;3.996e-01;-3.306e-01;1.063e+00;3.998e-01;-3.304e-01;1.064e+00;1.700e-02;-1.406e-02;5.000e+01;4.166e-01;-4.441e-01;5.000e+01
30.030998000;1.064e+00;4.244e-01;-3.516e-01;3.990e-01;-3.306e-01;1.063e+00;3.992e-01;-3.304e-01;1.064e+00;1.698e-02;-1.406e-02;5.000e+01;4.166e-01;-4.441e-01;5.000e+01
30.031898000;1.064e+00;4.239e-01;-3.516e-01;3.986e-01;-3.306e-01;1.063e+00;3.987e-01;-3.304e-01;1.064e+00;1.696e-02;-1.406e-02;5.000e+01;4.166e-01;-4.441e-01;5.000e+01
30.032798000;1.064e+00;4.234e-01;-3.515e-01;3.981e-01;-3.305e-01;1.063e+00;3.982e-01;-3.304e-01;1.064e+00;1.694e-02;-1.406e-02;5.000e+01;4.166e-01;-4.441e-01;5.000e+01
30.033698000;1.064e+00;4.229e-01;-3.515e-01;3.977e-01;-3.305e-01;1.063e+00;3.978e-01;-3.304e-01;1.064e+00;1.692e-02;-1.406e-02;5.000e+01;4.166e-01;-4.441e-01;5.000e+01
30.034598000;1.064e+00;4.225e-01;-3.515e-01;3.973e-01;-3.305e-01;1.063e+00;3.974e-01;-3.303e-01;1.064e+00;1.690e-02;-1.406e-02;5.000e+01;4.166e-01;-4.441e-01;5.000e+01
30.035498000;1.064e+00;4.221e-01;-3.515e-01;3.969e-01;-3.305e-01;1.063e+00;3.970e-01;-3.303e-01;1.064e+00;1.689e-02;-1.406e-02;5.000e+01;4.166e-01;-4.441e-01;5.000e+01
30.036398000;1.064e+00;4.218e-01;-3.515e-01;3.965e-01;-3.305e-01;1.063e+00;3.967e-01;-3.303e-01;1.064e+00;1.687e-02;-1.406e-02;5.000e+01;4.166e-01;-4.441e-01;5.000e+01
30.037298000;1.064e+00;4.214e-01;-3.515e-01;3.962e-01;-3.305e-01;1.063e+00;3.963e-01;-3.303e-01;1.064e+00;1.685e-02;-1.406e-02;5.000e+01;4.166e-01;-4.441e-01;5.000e+01
30.038198000;1.064e+00;4.210e-01;-3.514e-01;3.959e-01;-3.304e-01;1.063e+00;3.960e-01;-3.303e-01;1.064e+00;1.684e-02;-1.406e-02;5.000e+01;4.166e-01;-4.441e-01;5.000e+01
30.039098000;1.064e+00;4.208e-01;-3.514e-01;3.956e-01;-3.304e-01;1.063e+00;3.957e-01;-3.303e-01;1.064e+00;1.683e-02;-1.406e-02;5.000e+01;4.166e-01;-4.441e-01;5.000e+01
30.039998000;1.064e+00;4.204e-01;-3.514e-01;3.953e-01;-3.304e-01;1.063e+00;3.954e-01;-3.302e-01;1.064e+00;1.682e-02;-1.406e-02;5.000e+01;4.166e-01;-4.441e-01;5.000e+01
30.040898000;1.064e+00;4.202e-01;-3.514e-01;3.951e-01;-3.304e-01;1.063e+00;3.952e-01;-3.302e-01;1.064e+00;1.681e-02;-1.406e-02;5.000e+01;4.166e-01;-4.441e-01;5.000e+01
30.041798000;1.064e+00;4.199e-01;-3.514e-01;3.948e-01;-3.304e-01;1.063e+00;3.949e-01;-3.302e-01;1.064e+00;1.680e-02;-1.406e-02;5.000e+01;4.166e-01;-4.441e-01;5.000e+01
30.042698000;1.064e+00;4.197e-01;-3.514e-01;3.946e-01;-3.304e-01;1.063e+00;3.947e-01;-3.302e-01;1.064e+00;1.679e-02;-1.405e-02;5.000e+01;4.166e-01;-4.441e-01;5.000e+01
30.043598000;1.064e+00;4.195e-01;-3.514e-01;3.944e-01;-3.304e-01;1.063e+00;3.945e-01;-3.302e-01;1.064e+00;1.678e-02;-1.405e-02;5.000e+01;4.166e-01;-4.441e-01;5.000e+01
30.044498000;1.064e+00;4.193e-01;-3.513e-01;3.942e-01;-3.303e-01;1.063e+00;3.943e-01;-3.302e-01;1.064e+00;1.677e-02;-1.405e-02;5.000e+01;4.166e-01;-4.441e-01;5.000e+01
30.045398000;1.064e+00;4.190e-01;-3.513e-01;3.940e-01;-3.303e-01;1.063e+00;3.941e-01;-3.302e-01;1.064e+00;1.676e-02;-1.405e-02;5.000e+01;4.166e-01;-4.441e-01;5.000e+01
30.046298000;1.064e+00;4.189e-01;-3.513e-01;3.938e-01;-3.303e-01;1.063e+00;3.940e-01;-3.302e-01;1.064e+00;1.675e-02;-1.405e-02;5.000e+01;4.166e-01;-4.441e-01;5.000e+01
30.047198000;1.064e+00;4.187e-01;-3.513e-01;3.937e-01;-3.303e-01;1.063e+00;3.938e-01;-3.302e-01;1.064e+00;1.675e-02;-1.405e-02;5.000e+01;4.166e-01;-4.441e-01;5.000e+01
30.048098000;1.064e+00;4.185e-01;-3.513e-01;3.935e-01;-3.303e-01;1.063e+00;3.937e-01;-3.301e-01;1.064e+00;1.674e-02;-1.405e-02;5.000e+01;4.166e-01;-4.441e-01;5.000e+01
30.049098000;1.064e+00;4.184e-01;-3.513e-01;3.934e-01;-3.303e-01;1.063e+00;3.935e-01;-3.301e-01;1.064e+00;1.674e-02;-1.405e-02;5.000e+01;4.166e-01;-4.441e-01;5.000e+01
30.050098000;1.064e+00;4.182e-01;-3.513e-01;3.932e-01;-3.303e-01;1.063e+00;3.934e-01;-3.301e-01;1.064e+00;1.673e-02;-1.405e-02;5.000e+01;4.166e-01;-4.441e-01;5.000e+01
30.051098000;1.064e+00;4.181e-01;-3.513e-01;3.931e-01;-3.303e-01;1.063e+00;3.932e-01;-3.301e-01;1.064e+00;1.672e-02;-1.405e-02;5.000e+01;4.166e-01;-4.441e-01;5.000e+01
30.052098000;1.064e+00;4.180e-01;-3.513e-01;3.930e-01;-3.303e-01;1.063e+00;3.931e-01;-3.301e-01;1.064e+00;1.672e-02;-1.405e-02;5.000e+01;4.166e-01;-4.441e-01;5.000e+01
30.053098000;1.064e+00;4.179e-01;-3.513e-01;3.929e-01;-3.303e-01;1.063e+00;3.930e-01;-3.301e-01;1.064e+00;1.672e-02;-1.405e-02;5.000e+01;4.166e-01;-4.441e-01;5.000e+01
30.054098000;1.064e+00;4.177e-01;-3.513e-01;3.928e-01;-3.303e-01;1.063e+00;3.929e-01;-3.301e-01;1.064e+00;1.671e-02;-1.405e-02;5.000e+01;4.166e-01;-4.441e-01;5.000e+01
30.055098000;1.064e+00;4.176e-01;-3.513e-01;3.927e-01;-3.302e-01;1.063e+00;3.928e-01;-3.301e-01;1.064e+00;1.671e-02;-1.405e-02;5.000e+01;4.166e-01;-4.441e-01;5.000e+01
30.056098000;1.064e+00;4.176e-01;-3.513e-01;3.926e-01;-3.302e-01;1.063e+00;3.927e-01;-3.301e-01;1.064e+00;1.670e-02;-1.405e-02;5.000e+01;4.166e-01;-4.441e-01;5.000e+01
30.057098000;1.064e+00;4.175e-01;-3.513e-01;3.925e-01;-3.302e-01;1.063e+00;3.926e-01;-3.301e-01;1.064e+00;1.670e-02;-1.405e-02;5.000e+01;4.166e-01;-4.441e-01;5.000e+01
30.058098000;1.064e+00;4.174e-01;-3.513e-01;3.924e-01;-3.302e-01;1.063e+00;3.926e-01;-3.301e-01;1.064e+00;1.670e-02;-1.405e-02;5.000e+01;4.166e-01;-4.441e-01;5.000e+01
30.059098000;1.064e+00;4.173e-01;-3.512e-01;3.924e-01;-3.302e-01;1.063e+00;3.925e-01;-3.301e-01;1.064e+00;1.669e-02;-1.405e-02;5.000e+01;4.166e-01;-4.441e-01;5.000e+01
30.060098000;1.064e+00;4.173e-01;-3.512e-01;3.923e-01;-3.302e-01;1.063e+00;3.925e-01;-3.301e-01;1.064e+00;1.669e-02;-1.405e-02;5.000e+01;4.166e-01;-4.441e-01;5.000e+01
30.061098000;1.064e+00;4.172e-01;-3.512e-01;3.923e-01;-3.302e-01;1.063e+00;3.924e-01;-3.301e-01;1.064e+00;1.669e-02;-1.405e-02;5.000e+01;4.166e-01;-4.441e-01;5.000e+01
30.062098000;1.064e+00;4.171e-01;-3.512e-01;3.922e-01;-3.302e-01;1.063e+00;3.923e-01;-3.301e-01;1.064e+00;1.669e-02;-1.405e-02;5.000e+01;4.166e-01;-4.441e-01;5.000e+01
30.063098000;1.064e+00;4.171e-01;-3.512e-01;3.922e-01;-3.302e-01;1.063e+00;3.923e-01;-3.301e-01;1.064e+00;1.668e-02;-1.405e-02;5.000e+01;4.166e-01;-4.441e-01;5.000e+01
30.064098000;1.064e+00;4.170e-01;-3.512e-01;3.921e-01;-3.302e-01;1.063e+00;3.922e-01;-3.301e-01;1.064e+00;1.668e-02;-1.405e-02;5.000e+01;4.166e-01;-4.441e-01;5.000e+01
30.065098000;1.064e+00;4.170e-01;-3.512e-01;3.921e-01;-3.302e-01;1.063e+00;3.922e-01;-3.301e-01;1.064e+00;1.668e-02;-1.405e-02;5.000e+01;4.166e-01;-4.441e-01;5.000e+01
30.066098000;1.064e+00;4.170e-01;-3.512e-01;3.920e-01;-3.302e-01;1.063e+00;3.922e-01;-3.301e-01;1.064e+00;1.668e-02;-1.405e-02;5.000e+01;4.166e-01;-4.441e-01;5.000e+01
30.067098000;1.064e+00;4.169e-01;-3.512e-01;3.920e-01;-3.302e-01;1.063e+00;3.922e-01;-3.301e-01;1.064e+00;1.668e-02;-1.405e-02;5.000e+01;4.166e-01;-4.441e-01;5.000e+01
30.068098000;1.064e+00;4.169e-01;-3.512e-01;3.920e-01;-3.302e-01;1.063e+00;3.921e-01;-3.300e-01;1.064e+00;1.668e-02;-1.405e-02;5.000e+01;4.166e-01;-4.441e-01;5.000e+01
30.069098000;1.064e+00;4.169e-01;-3.512e-01;3.919e-01;-3.302e-01;1.063e+00;3.921e-01;-3.300e-01;1.064e+00;1.667e-02;-1.405e-02;5.000e+01;4.166e-01;-4.441e-01;5.000e+01
30.070098000;1.064e+00;4.169e-01;-3.512e-01;3.919e-01;-3.302e-01;1.063e+00;3.921e-01;-3.300e-01;1.064e+00;1.667e-02;-1.405e-02;5.000e+01;4.166e-01;-4.441e-01;5.000e+01
30.071098000;1.064e+00;4.168e-01;-3.512e-01;3.919e-01;-3.302e-01;1.063e+00;3.920e-01;-3.300e-01;1.064e+00;1.667e-02;-1.405e-02;5.000e+01;4.166e-01;-4.441e-01;5.000e+01
30.073098000;1.064e+00;4.168e-01;-3.512e-01;3.919e-01;-3.302e-01;1.063e+00;3.920e-01;-3.300e-01;1.064e+00;1.667e-02;-1.405e-02;5.000e+01;4.166e-01;-4.441e-01;5.000e+01
30.074098000;1.064e+00;4.168e-01;-3.512e-01;3.918e-01;-3.302e-01;1.063e+00;3.920e-01;-3.300e-01;1.064e+00;1.667e-02;-1.405e-02;5.000e+01;4.166e-01;-4.441e-01;5.000e+01
30.075098000;1.064e+00;4.168e-01;-3.512e-01;3.918e-01;-3.302e-01;1.063e+00;3.920e-01;-3.300e-01;1.064e+00;1.667e-02;-1.405e-02;5.000e+01;4.166e-01;-4.441e-01;5.000e+01
30.076098000;1.064e+00;4.167e-01;-3.512e-01;3.918e-01;-3.302e-01;1.063e+00;3.919e-01;-3.300e-01;1.064e+00;1.667e-02;-1.405e-02;5.000e+01;4.166e-01;-4.441e-01;5.000e+01
30.081098000;1.064e+00;4.167e-01;-3.512e-01;3.918e-01;-3.302e-01;1.063e+00;3.919e-01;-3.300e-01;1.064e+00;1.667e-02;-1.405e-02;5.000e+01;4.166e-01;-4.441e-01;5.000e+01
30.082098000;1.064e+00;4.167e-01;-3.512e-01;3.917e-01;-3.302e-01;1.063e+00;3.919e-01;-3.300e-01;1.064e+00;1.667e-02;-1.405e-02;5.000e+01;4.166e-01;-4.441e-01;5.000e+01
30.084098000;1.064e+00;4.167e-01;-3.512e-01;3.917e-01;-3.302e-01;1.063e+00;3.919e-01;-3.300e-01;1.064e+00;1.667e-02;-1.405e-02;5.000e+01;4.166e-01;-4.441e-01;5.000e+01
30.085098000;1.064e+00;4.166e-01;-3.512e-01;3.917e-01;-3.302e-01;1.063e+00;3.918e-01;-3.300e-01;1.064e+00;1.666e-02;-1.405e-02;5.000e+01;4.166e-01;-4.441e-01;5.000e+01
30.090098000;1.064e+00;4.166e-01;-3.512e-01;3.917e-01;-3.302e-01;1.063e+00;3.918e-01;-3.300e-01;1.064e+00;1.666e-02;-1.405e-02;5.000e+01;4.166e-01;-4.441e-01;5.000e+01
30.091098000;1.064e+00;4.166e-01;-3.511e-01;3.917e-01;-3.302e-01;1.063e+00;3.918e-01;-3.300e-01;1.064e+00;1.666e-02;-1.405e-02;5.000e+01;4.166e-01;-4.441e-01;5.000e+01
30.185098000;1.064e+00;4.166e-01;-3.511e-01;3.917e-01;-3.302e-01;1.063e+00;3.918e-01;-3.300e-01;1.064e+00;1.666e-02;-1.405e-02;5.000e+01;4.166e-01;-4.441e-01;5.000e+01
30.186098000;1.064e+00;4.166e-01;-3.511e-01;3.917e-01;-3.302e-01;1.063e+00;3.919e-01;-3.300e-01;1.064e+00;1.666e-02;-1.405e-02;5.000e+01;4.166e-01;-4.441e-01;5.000e+01
30.190098000;1.064e+00;4.166e-01;-3.511e-01;3.917e-01;-3.302e-01;1.063e+00;3.919e-01;-3.300e-01;1.064e+00;1.666e-02;-1.405e-02;5.000e+01;4.166e-01;-4.441e-01;5.000e+01
30.191098000;1.064e+00;4.167e-01;-3.511e-01;3.917e-01;-3.302e-01;1.063e+00;3.919e-01;-3.300e-01;1.064e+00;1.667e-02;-1.405e-02;5.000e+01;4.166e-01;-4.441e-01;5.000e+01
30.267098000;1.064e+00;4.167e-01;-3.511e-01;3.917e-01;-3.302e-01;1.063e+00;3.919e-01;-3.300e-01;1.064e+00;1.667e-02;-1.405e-02;5.000e+01;4.166e-01;-4.441e-01;5.000e+01
30.268098000;1.064e+00;4.166e-01;-3.511e-01;3.917e-01;-3.302e-01;1.063e+00;3.919e-01;-3.300e-01;1.064e+00;1.666e-02;-1.405e-02;5.000e+01;4.166e-01;-4.441e-01;5.000e+01
30.274098000;1.064e+00;4.166e-01;-3.511e-01;3.917e-01;-3.302e-01;1.063e+00;3.919e-01;-3.300e-01;1.064e+00;1.666e-02;-1.405e-02;5.000e+01;4.166e-01;-4.441e-01;5.000e+01
30.275098000;1.064e+00;4.166e-01;-3.511e-01;3.917e-01;-3.302e-01;1.063e+00;3.918e-01;-3.300e-01;1.064e+00;1.666e-02;-1.405e-02;5.000e+01;4.166e-01;-4.441e-01;5.000e+01
100.000000000;1.064e+00;4.166e-01;-3.511e-01;3.917e-01;-3.302e-01;1.063e+00;3.918e-01;-3.300e-01;1.064e+00;1.666e-02;-1.405e-02;5.000e+01;4.166e-01;-4.441e-01;5.000e+01
