time;BusPDR_BUS_Voltage;BusPDR_BUS_ActivePower;BusPDR_BUS_ReactivePower;BusPDR_BUS_ActiveCurrent;BusPDR_BUS_ReactiveCurrent;Measurements_BUS_Voltage;Measurements_BUS_ActivePower;Measurements_BUS_ReactivePower;InfiniteBus_BUS_NetworkFrequencyPu;StepUp_Xfmr_XFMR_Tap;Wind_Turbine_GEN_ActivePowerSetpointPu;Wind_Turbine_GEN_ReactivePowerSetpointPu;Wind_Turbine_GEN_AVRSetpointPu;Wind_Turbine_GEN_InjectedActiveCurrent;Wind_Turbine_GEN_InjectedReactiveCurrent;NetworkFrequencyPu
0.000000000;9.922e-01;4.167e-01;-4.444e-01;4.199e-01;-4.479e-01;9.922e-01;3.750e-01;-4.000e-01;5.000e+01;1.000e+01;-4.168e-01;4.352e-01;4.352e-01;4.247e-01;4.435e-01;5.000e+01
0.001155000;9.937e-01;4.166e-01;-4.330e-01;4.192e-01;-4.357e-01;9.937e-01;3.749e-01;-3.897e-01;5.000e+01;1.000e+01;-4.168e-01;4.352e-01;4.352e-01;4.239e-01;4.312e-01;5.000e+01
0.001227000;9.938e-01;4.165e-01;-4.323e-01;4.191e-01;-4.350e-01;9.938e-01;3.748e-01;-3.890e-01;5.000e+01;1.000e+01;-4.168e-01;4.352e-01;4.352e-01;4.237e-01;4.305e-01;5.000e+01
0.001270000;9.938e-01;4.164e-01;-4.319e-01;4.190e-01;-4.345e-01;9.938e-01;3.748e-01;-3.887e-01;5.000e+01;1.000e+01;-4.168e-01;4.352e-01;4.352e-01;4.236e-01;4.300e-01;5.000e+01
0.002235000;9.950e-01;4.135e-01;-4.228e-01;4.155e-01;-4.249e-01;9.950e-01;3.721e-01;-3.805e-01;5.000e+01;1.000e+01;-4.168e-01;4.352e-01;4.352e-01;4.202e-01;4.203e-01;5.000e+01
0.002287000;9.950e-01;4.132e-01;-4.223e-01;4.153e-01;-4.244e-01;9.950e-01;3.719e-01;-3.801e-01;5.000e+01;1.000e+01;-4.168e-01;4.352e-01;4.352e-01;4.199e-01;4.198e-01;5.000e+01
0.002364000;9.951e-01;4.128e-01;-4.216e-01;4.149e-01;-4.237e-01;9.951e-01;3.716e-01;-3.794e-01;5.000e+01;1.000e+01;-4.168e-01;4.352e-01;4.352e-01;4.195e-01;4.191e-01;5.000e+01
0.002442000;9.952e-01;4.125e-01;-4.209e-01;4.144e-01;-4.229e-01;9.952e-01;3.712e-01;-3.788e-01;5.000e+01;1.000e+01;-4.168e-01;4.352e-01;4.352e-01;4.191e-01;4.183e-01;5.000e+01
0.004163000;9.971e-01;3.993e-01;-4.057e-01;4.005e-01;-4.069e-01;9.971e-01;3.594e-01;-3.652e-01;5.000e+01;1.000e+01;-4.168e-01;4.352e-01;4.352e-01;4.051e-01;4.024e-01;5.000e+01
0.004443000;9.973e-01;3.964e-01;-4.034e-01;3.975e-01;-4.045e-01;9.973e-01;3.568e-01;-3.630e-01;5.000e+01;1.000e+01;-4.168e-01;4.352e-01;4.352e-01;4.021e-01;3.999e-01;5.000e+01
0.004490000;9.974e-01;3.959e-01;-4.030e-01;3.970e-01;-4.041e-01;9.974e-01;3.564e-01;-3.627e-01;5.000e+01;1.000e+01;-4.168e-01;4.352e-01;4.352e-01;4.015e-01;3.995e-01;5.000e+01
0.004536000;9.974e-01;3.954e-01;-4.026e-01;3.965e-01;-4.036e-01;9.974e-01;3.559e-01;-3.623e-01;5.000e+01;1.000e+01;-4.168e-01;4.352e-01;4.352e-01;4.010e-01;3.991e-01;5.000e+01
0.004714000;9.976e-01;3.935e-01;-4.011e-01;3.944e-01;-4.021e-01;9.976e-01;3.541e-01;-3.610e-01;5.000e+01;1.000e+01;-4.168e-01;4.352e-01;4.352e-01;3.990e-01;3.976e-01;5.000e+01
0.006057000;9.989e-01;3.763e-01;-3.903e-01;3.768e-01;-3.907e-01;9.989e-01;3.387e-01;-3.513e-01;5.000e+01;1.000e+01;-4.168e-01;4.352e-01;4.352e-01;3.812e-01;3.864e-01;5.000e+01
0.006141000;9.989e-01;3.752e-01;-3.896e-01;3.756e-01;-3.900e-01;9.989e-01;3.376e-01;-3.507e-01;5.000e+01;1.000e+01;-4.168e-01;4.352e-01;4.352e-01;3.800e-01;3.858e-01;5.000e+01
0.006561000;9.993e-01;3.690e-01;-3.864e-01;3.693e-01;-3.866e-01;9.993e-01;3.321e-01;-3.477e-01;5.000e+01;1.000e+01;-4.168e-01;4.352e-01;4.352e-01;3.736e-01;3.824e-01;5.000e+01
0.007317000;1.000e+00;3.572e-01;-3.807e-01;3.573e-01;-3.807e-01;1.000e+00;3.215e-01;-3.426e-01;5.000e+01;1.000e+01;-4.168e-01;4.352e-01;4.352e-01;3.615e-01;3.767e-01;5.000e+01
0.007992000;1.000e+00;3.460e-01;-3.757e-01;3.458e-01;-3.755e-01;1.000e+00;3.114e-01;-3.382e-01;5.000e+01;1.000e+01;-4.168e-01;4.352e-01;4.352e-01;3.500e-01;3.717e-01;5.000e+01
0.008000000;1.001e+00;3.459e-01;-3.757e-01;3.457e-01;-3.755e-01;1.001e+00;3.113e-01;-3.381e-01;5.000e+01;1.000e+01;-4.168e-01;4.352e-01;4.352e-01;3.498e-01;3.716e-01;5.000e+01
0.009264000;1.001e+00;3.250e-01;-3.668e-01;3.245e-01;-3.663e-01;1.001e+00;2.925e-01;-3.301e-01;5.000e+01;1.000e+01;-4.168e-01;4.352e-01;4.352e-01;3.284e-01;3.628e-01;5.000e+01
0.009392000;1.002e+00;3.230e-01;-3.659e-01;3.225e-01;-3.653e-01;1.002e+00;2.907e-01;-3.293e-01;5.000e+01;1.000e+01;-4.168e-01;4.352e-01;4.352e-01;3.263e-01;3.619e-01;5.000e+01
0.010672000;1.002e+00;3.033e-01;-3.575e-01;3.026e-01;-3.567e-01;1.002e+00;2.730e-01;-3.218e-01;5.000e+01;1.000e+01;-4.168e-01;4.352e-01;4.352e-01;3.061e-01;3.536e-01;5.000e+01
0.010800000;1.003e+00;3.014e-01;-3.567e-01;3.006e-01;-3.558e-01;1.003e+00;2.713e-01;-3.211e-01;5.000e+01;1.000e+01;-4.168e-01;4.352e-01;4.352e-01;3.041e-01;3.528e-01;5.000e+01
0.012208000;1.003e+00;2.813e-01;-3.482e-01;2.803e-01;-3.470e-01;1.003e+00;2.531e-01;-3.134e-01;5.000e+01;1.000e+01;-4.168e-01;4.352e-01;4.352e-01;2.834e-01;3.444e-01;5.000e+01
0.012336000;1.004e+00;2.795e-01;-3.475e-01;2.785e-01;-3.462e-01;1.004e+00;2.515e-01;-3.127e-01;5.000e+01;1.000e+01;-4.168e-01;4.352e-01;4.352e-01;2.816e-01;3.437e-01;5.000e+01
0.012592000;1.004e+00;2.760e-01;-3.460e-01;2.750e-01;-3.447e-01;1.004e+00;2.484e-01;-3.114e-01;5.000e+01;1.000e+01;-4.168e-01;4.352e-01;4.352e-01;2.781e-01;3.422e-01;5.000e+01
0.012848000;1.004e+00;2.725e-01;-3.445e-01;2.715e-01;-3.432e-01;1.004e+00;2.453e-01;-3.101e-01;5.000e+01;1.000e+01;-4.168e-01;4.352e-01;4.352e-01;2.745e-01;3.408e-01;5.000e+01
0.012976000;1.004e+00;2.708e-01;-3.438e-01;2.698e-01;-3.425e-01;1.004e+00;2.437e-01;-3.094e-01;5.000e+01;1.000e+01;-4.168e-01;4.352e-01;4.352e-01;2.728e-01;3.401e-01;5.000e+01
0.013872000;1.004e+00;2.591e-01;-3.390e-01;2.580e-01;-3.375e-01;1.004e+00;2.332e-01;-3.051e-01;5.000e+01;1.000e+01;-4.168e-01;4.352e-01;4.352e-01;2.608e-01;3.353e-01;5.000e+01
0.014000000;1.005e+00;2.575e-01;-3.383e-01;2.564e-01;-3.368e-01;1.005e+00;2.318e-01;-3.044e-01;5.000e+01;1.000e+01;-4.168e-01;4.352e-01;4.352e-01;2.592e-01;3.346e-01;5.000e+01
0.014384000;1.005e+00;2.527e-01;-3.363e-01;2.515e-01;-3.347e-01;1.005e+00;2.274e-01;-3.026e-01;5.000e+01;1.000e+01;-4.168e-01;4.352e-01;4.352e-01;2.542e-01;3.326e-01;5.000e+01
0.014768000;1.005e+00;2.480e-01;-3.343e-01;2.467e-01;-3.327e-01;1.005e+00;2.232e-01;-3.009e-01;5.000e+01;1.000e+01;-4.168e-01;4.352e-01;4.352e-01;2.494e-01;3.307e-01;5.000e+01
0.015024000;1.005e+00;2.448e-01;-3.330e-01;2.436e-01;-3.314e-01;1.005e+00;2.204e-01;-2.997e-01;5.000e+01;1.000e+01;-4.168e-01;4.352e-01;4.352e-01;2.462e-01;3.294e-01;5.000e+01
0.015792000;1.005e+00;2.357e-01;-3.293e-01;2.345e-01;-3.275e-01;1.005e+00;2.122e-01;-2.964e-01;5.000e+01;1.000e+01;-4.168e-01;4.352e-01;4.352e-01;2.369e-01;3.257e-01;5.000e+01
0.015920000;1.006e+00;2.343e-01;-3.287e-01;2.330e-01;-3.269e-01;1.006e+00;2.108e-01;-2.958e-01;5.000e+01;1.000e+01;-4.168e-01;4.352e-01;4.352e-01;2.354e-01;3.251e-01;5.000e+01
0.017943000;1.006e+00;2.120e-01;-3.197e-01;2.106e-01;-3.176e-01;1.006e+00;1.908e-01;-2.877e-01;5.000e+01;1.000e+01;-4.168e-01;4.352e-01;4.352e-01;2.128e-01;3.162e-01;5.000e+01
0.018173000;1.007e+00;2.096e-01;-3.187e-01;2.082e-01;-3.166e-01;1.007e+00;1.886e-01;-2.868e-01;5.000e+01;1.000e+01;-4.168e-01;4.352e-01;4.352e-01;2.104e-01;3.152e-01;5.000e+01
0.018864000;1.007e+00;2.026e-01;-3.159e-01;2.012e-01;-3.137e-01;1.007e+00;1.823e-01;-2.843e-01;5.000e+01;1.000e+01;-4.168e-01;4.352e-01;4.352e-01;2.032e-01;3.124e-01;5.000e+01
0.019095000;1.007e+00;2.003e-01;-3.150e-01;1.989e-01;-3.128e-01;1.007e+00;1.802e-01;-2.835e-01;5.000e+01;1.000e+01;-4.168e-01;4.352e-01;4.352e-01;2.009e-01;3.115e-01;5.000e+01
0.019325000;1.007e+00;1.980e-01;-3.140e-01;1.966e-01;-3.119e-01;1.007e+00;1.782e-01;-2.826e-01;5.000e+01;1.000e+01;-4.168e-01;4.352e-01;4.352e-01;1.986e-01;3.106e-01;5.000e+01
0.019555000;1.007e+00;1.958e-01;-3.132e-01;1.944e-01;-3.110e-01;1.007e+00;1.762e-01;-2.818e-01;5.000e+01;1.000e+01;-4.168e-01;4.352e-01;4.352e-01;1.963e-01;3.097e-01;5.000e+01
0.019786000;1.007e+00;1.935e-01;-3.123e-01;1.922e-01;-3.101e-01;1.007e+00;1.742e-01;-2.811e-01;5.000e+01;1.000e+01;-4.168e-01;4.352e-01;4.352e-01;1.941e-01;3.089e-01;5.000e+01
0.020477000;1.007e+00;1.870e-01;-3.097e-01;1.856e-01;-3.074e-01;1.007e+00;1.683e-01;-2.787e-01;5.000e+01;1.000e+01;-4.168e-01;4.352e-01;4.352e-01;1.875e-01;3.063e-01;5.000e+01
0.020707000;1.008e+00;1.849e-01;-3.089e-01;1.835e-01;-3.066e-01;1.008e+00;1.664e-01;-2.780e-01;5.000e+01;1.000e+01;-4.168e-01;4.352e-01;4.352e-01;1.853e-01;3.055e-01;5.000e+01
0.020938000;1.008e+00;1.828e-01;-3.080e-01;1.814e-01;-3.057e-01;1.008e+00;1.645e-01;-2.772e-01;5.000e+01;1.000e+01;-4.168e-01;4.352e-01;4.352e-01;1.832e-01;3.047e-01;5.000e+01
0.023472000;1.008e+00;1.612e-01;-2.997e-01;1.599e-01;-2.972e-01;1.008e+00;1.451e-01;-2.697e-01;5.000e+01;1.000e+01;-4.168e-01;4.352e-01;4.352e-01;1.614e-01;2.964e-01;5.000e+01
0.023703000;1.009e+00;1.594e-01;-2.990e-01;1.581e-01;-2.964e-01;1.009e+00;1.435e-01;-2.691e-01;5.000e+01;1.000e+01;-4.168e-01;4.352e-01;4.352e-01;1.595e-01;2.957e-01;5.000e+01
0.024394000;1.009e+00;1.540e-01;-2.969e-01;1.527e-01;-2.944e-01;1.009e+00;1.386e-01;-2.672e-01;5.000e+01;1.000e+01;-4.168e-01;4.352e-01;4.352e-01;1.541e-01;2.936e-01;5.000e+01
0.027389000;1.009e+00;1.328e-01;-2.889e-01;1.315e-01;-2.862e-01;1.009e+00;1.195e-01;-2.600e-01;5.000e+01;1.000e+01;-4.168e-01;4.352e-01;4.352e-01;1.327e-01;2.857e-01;5.000e+01
0.027619000;1.010e+00;1.313e-01;-2.883e-01;1.300e-01;-2.856e-01;1.010e+00;1.181e-01;-2.595e-01;5.000e+01;1.000e+01;-4.168e-01;4.352e-01;4.352e-01;1.312e-01;2.851e-01;5.000e+01
0.027850000;1.010e+00;1.298e-01;-2.878e-01;1.285e-01;-2.851e-01;1.010e+00;1.168e-01;-2.590e-01;5.000e+01;1.000e+01;-4.168e-01;4.352e-01;4.352e-01;1.297e-01;2.845e-01;5.000e+01
0.028311000;1.010e+00;1.268e-01;-2.867e-01;1.256e-01;-2.840e-01;1.010e+00;1.141e-01;-2.580e-01;5.000e+01;1.000e+01;-4.168e-01;4.352e-01;4.352e-01;1.267e-01;2.835e-01;5.000e+01
0.028771000;1.010e+00;1.240e-01;-2.857e-01;1.227e-01;-2.829e-01;1.010e+00;1.116e-01;-2.571e-01;5.000e+01;1.000e+01;-4.168e-01;4.352e-01;4.352e-01;1.238e-01;2.824e-01;5.000e+01
0.029002000;1.010e+00;1.225e-01;-2.851e-01;1.213e-01;-2.824e-01;1.010e+00;1.103e-01;-2.566e-01;5.000e+01;1.000e+01;-4.168e-01;4.352e-01;4.352e-01;1.224e-01;2.819e-01;5.000e+01
0.029232000;1.010e+00;1.211e-01;-2.846e-01;1.200e-01;-2.818e-01;1.010e+00;1.090e-01;-2.562e-01;5.000e+01;1.000e+01;-4.168e-01;4.352e-01;4.352e-01;1.210e-01;2.814e-01;5.000e+01
0.029693000;1.010e+00;1.184e-01;-2.836e-01;1.172e-01;-2.808e-01;1.010e+00;1.066e-01;-2.553e-01;5.000e+01;1.000e+01;-4.168e-01;4.352e-01;4.352e-01;1.182e-01;2.804e-01;5.000e+01
0.029923000;1.010e+00;1.171e-01;-2.831e-01;1.159e-01;-2.803e-01;1.010e+00;1.053e-01;-2.548e-01;5.000e+01;1.000e+01;-4.168e-01;4.352e-01;4.352e-01;1.169e-01;2.799e-01;5.000e+01
0.032227000;1.010e+00;1.044e-01;-2.786e-01;1.033e-01;-2.757e-01;1.010e+00;9.395e-02;-2.507e-01;5.000e+01;1.000e+01;-4.168e-01;4.352e-01;4.352e-01;1.042e-01;2.754e-01;5.000e+01
0.032458000;1.011e+00;1.032e-01;-2.781e-01;1.021e-01;-2.753e-01;1.011e+00;9.288e-02;-2.503e-01;5.000e+01;1.000e+01;-4.168e-01;4.352e-01;4.352e-01;1.030e-01;2.749e-01;5.000e+01
0.034531000;1.011e+00;9.308e-02;-2.746e-01;9.208e-02;-2.716e-01;1.011e+00;8.377e-02;-2.471e-01;5.000e+01;1.000e+01;-4.168e-01;4.352e-01;4.352e-01;9.283e-02;2.714e-01;5.000e+01
0.034992000;1.011e+00;9.097e-02;-2.738e-01;8.999e-02;-2.709e-01;1.011e+00;8.188e-02;-2.465e-01;5.000e+01;1.000e+01;-4.168e-01;4.352e-01;4.352e-01;9.072e-02;2.706e-01;5.000e+01
0.035223000;1.011e+00;8.993e-02;-2.735e-01;8.896e-02;-2.705e-01;1.011e+00;8.094e-02;-2.461e-01;5.000e+01;1.000e+01;-4.168e-01;4.352e-01;4.352e-01;8.968e-02;2.703e-01;5.000e+01
0.036375000;1.011e+00;8.492e-02;-2.717e-01;8.399e-02;-2.688e-01;1.011e+00;7.643e-02;-2.446e-01;5.000e+01;1.000e+01;-4.168e-01;4.352e-01;4.352e-01;8.466e-02;2.685e-01;5.000e+01
0.037066000;1.011e+00;8.205e-02;-2.707e-01;8.114e-02;-2.677e-01;1.011e+00;7.385e-02;-2.437e-01;5.000e+01;1.000e+01;-4.168e-01;4.352e-01;4.352e-01;8.178e-02;2.676e-01;5.000e+01
0.037987000;1.011e+00;7.837e-02;-2.695e-01;7.750e-02;-2.665e-01;1.011e+00;7.053e-02;-2.425e-01;5.000e+01;1.000e+01;-4.168e-01;4.352e-01;4.352e-01;7.810e-02;2.663e-01;5.000e+01
0.038402000;1.011e+00;7.677e-02;-2.689e-01;7.591e-02;-2.659e-01;1.011e+00;6.909e-02;-2.420e-01;5.000e+01;1.000e+01;-4.168e-01;4.352e-01;4.352e-01;7.650e-02;2.657e-01;5.000e+01
0.039646000;1.011e+00;7.216e-02;-2.674e-01;7.134e-02;-2.643e-01;1.011e+00;6.494e-02;-2.406e-01;5.000e+01;1.000e+01;-4.168e-01;4.352e-01;4.352e-01;7.188e-02;2.642e-01;5.000e+01
0.040061000;1.012e+00;7.068e-02;-2.669e-01;6.987e-02;-2.638e-01;1.012e+00;6.361e-02;-2.402e-01;5.000e+01;1.000e+01;-4.168e-01;4.352e-01;4.352e-01;7.041e-02;2.637e-01;5.000e+01
0.040476000;1.012e+00;6.924e-02;-2.664e-01;6.844e-02;-2.633e-01;1.012e+00;6.231e-02;-2.398e-01;5.000e+01;1.000e+01;-4.168e-01;4.352e-01;4.352e-01;6.896e-02;2.632e-01;5.000e+01
0.040890000;1.012e+00;6.782e-02;-2.659e-01;6.704e-02;-2.629e-01;1.012e+00;6.104e-02;-2.393e-01;5.000e+01;1.000e+01;-4.168e-01;4.352e-01;4.352e-01;6.755e-02;2.627e-01;5.000e+01
0.041305000;1.012e+00;6.643e-02;-2.655e-01;6.567e-02;-2.624e-01;1.012e+00;5.979e-02;-2.389e-01;5.000e+01;1.000e+01;-4.168e-01;4.352e-01;4.352e-01;6.616e-02;2.623e-01;5.000e+01
0.047526000;1.012e+00;4.872e-02;-2.596e-01;4.814e-02;-2.565e-01;1.012e+00;4.385e-02;-2.337e-01;5.000e+01;1.000e+01;-4.168e-01;4.352e-01;4.352e-01;4.847e-02;2.564e-01;5.000e+01
0.047941000;1.012e+00;4.773e-02;-2.593e-01;4.715e-02;-2.562e-01;1.012e+00;4.295e-02;-2.334e-01;5.000e+01;1.000e+01;-4.168e-01;4.352e-01;4.352e-01;4.748e-02;2.561e-01;5.000e+01
0.048355000;1.012e+00;4.675e-02;-2.590e-01;4.618e-02;-2.559e-01;1.012e+00;4.208e-02;-2.331e-01;5.000e+01;1.000e+01;-4.168e-01;4.352e-01;4.352e-01;4.650e-02;2.558e-01;5.000e+01
0.048770000;1.012e+00;4.579e-02;-2.587e-01;4.524e-02;-2.555e-01;1.012e+00;4.121e-02;-2.328e-01;5.000e+01;1.000e+01;-4.168e-01;4.352e-01;4.352e-01;4.555e-02;2.555e-01;5.000e+01
0.049185000;1.012e+00;4.486e-02;-2.584e-01;4.431e-02;-2.552e-01;1.012e+00;4.037e-02;-2.325e-01;5.000e+01;1.000e+01;-4.168e-01;4.352e-01;4.352e-01;4.461e-02;2.552e-01;5.000e+01
0.050844000;1.012e+00;4.130e-02;-2.572e-01;4.079e-02;-2.541e-01;1.012e+00;3.717e-02;-2.315e-01;5.000e+01;1.000e+01;-4.168e-01;4.352e-01;4.352e-01;4.106e-02;2.540e-01;5.000e+01
0.052503000;1.012e+00;3.802e-02;-2.562e-01;3.755e-02;-2.530e-01;1.012e+00;3.422e-02;-2.306e-01;5.000e+01;1.000e+01;-4.168e-01;4.352e-01;4.352e-01;3.779e-02;2.530e-01;5.000e+01
0.052917000;1.013e+00;3.724e-02;-2.559e-01;3.678e-02;-2.528e-01;1.013e+00;3.352e-02;-2.303e-01;5.000e+01;1.000e+01;-4.168e-01;4.352e-01;4.352e-01;3.702e-02;2.527e-01;5.000e+01
0.054576000;1.013e+00;3.428e-02;-2.550e-01;3.386e-02;-2.518e-01;1.013e+00;3.086e-02;-2.295e-01;5.000e+01;1.000e+01;-4.168e-01;4.352e-01;4.352e-01;3.407e-02;2.518e-01;5.000e+01
0.055406000;1.013e+00;3.289e-02;-2.545e-01;3.248e-02;-2.514e-01;1.013e+00;2.960e-02;-2.291e-01;5.000e+01;1.000e+01;-4.168e-01;4.352e-01;4.352e-01;3.268e-02;2.513e-01;5.000e+01
0.062871000;1.013e+00;2.267e-02;-2.512e-01;2.238e-02;-2.480e-01;1.013e+00;2.041e-02;-2.261e-01;5.000e+01;1.000e+01;-4.168e-01;4.352e-01;4.352e-01;2.250e-02;2.480e-01;5.000e+01
0.063700000;1.013e+00;2.175e-02;-2.509e-01;2.148e-02;-2.477e-01;1.013e+00;1.958e-02;-2.258e-01;5.000e+01;1.000e+01;-4.168e-01;4.352e-01;4.352e-01;2.159e-02;2.477e-01;5.000e+01
0.064447000;1.013e+00;2.096e-02;-2.507e-01;2.069e-02;-2.475e-01;1.013e+00;1.886e-02;-2.256e-01;5.000e+01;1.000e+01;-4.168e-01;4.352e-01;4.352e-01;2.080e-02;2.474e-01;5.000e+01
0.066686000;1.013e+00;1.875e-02;-2.499e-01;1.850e-02;-2.467e-01;1.013e+00;1.687e-02;-2.249e-01;5.000e+01;1.000e+01;-4.168e-01;4.352e-01;4.352e-01;1.859e-02;2.467e-01;5.000e+01
0.068926000;1.013e+00;1.677e-02;-2.492e-01;1.655e-02;-2.460e-01;1.013e+00;1.509e-02;-2.243e-01;5.000e+01;1.000e+01;-4.168e-01;4.352e-01;4.352e-01;1.662e-02;2.460e-01;5.000e+01
0.072658000;1.013e+00;1.392e-02;-2.482e-01;1.374e-02;-2.450e-01;1.013e+00;1.253e-02;-2.234e-01;5.000e+01;1.000e+01;-4.168e-01;4.352e-01;4.352e-01;1.379e-02;2.450e-01;5.000e+01
0.073405000;1.013e+00;1.341e-02;-2.480e-01;1.324e-02;-2.448e-01;1.013e+00;1.207e-02;-2.232e-01;5.000e+01;1.000e+01;-4.168e-01;4.352e-01;4.352e-01;1.328e-02;2.448e-01;5.000e+01
0.074151000;1.013e+00;1.292e-02;-2.479e-01;1.275e-02;-2.446e-01;1.013e+00;1.163e-02;-2.231e-01;5.000e+01;1.000e+01;-4.168e-01;4.352e-01;4.352e-01;1.280e-02;2.446e-01;5.000e+01
0.084602000;1.013e+00;7.682e-03;-2.457e-01;7.580e-03;-2.424e-01;1.013e+00;6.914e-03;-2.211e-01;5.000e+01;1.000e+01;-4.168e-01;4.352e-01;4.352e-01;7.587e-03;2.424e-01;5.000e+01
0.085348000;1.013e+00;7.402e-03;-2.455e-01;7.304e-03;-2.423e-01;1.013e+00;6.662e-03;-2.210e-01;5.000e+01;1.000e+01;-4.168e-01;4.352e-01;4.352e-01;7.309e-03;2.423e-01;5.000e+01
0.086095000;1.013e+00;7.133e-03;-2.454e-01;7.039e-03;-2.421e-01;1.013e+00;6.420e-03;-2.209e-01;5.000e+01;1.000e+01;-4.168e-01;4.352e-01;4.352e-01;7.041e-03;2.421e-01;5.000e+01
0.086841000;1.013e+00;6.873e-03;-2.453e-01;6.782e-03;-2.420e-01;1.013e+00;6.186e-03;-2.207e-01;5.000e+01;1.000e+01;-4.168e-01;4.352e-01;4.352e-01;6.783e-03;2.420e-01;5.000e+01
0.087588000;1.013e+00;6.623e-03;-2.451e-01;6.535e-03;-2.419e-01;1.013e+00;5.961e-03;-2.206e-01;5.000e+01;1.000e+01;-4.168e-01;4.352e-01;4.352e-01;6.534e-03;2.419e-01;5.000e+01
0.089081000;1.013e+00;6.150e-03;-2.449e-01;6.068e-03;-2.416e-01;1.013e+00;5.535e-03;-2.204e-01;5.000e+01;1.000e+01;-4.168e-01;4.352e-01;4.352e-01;6.064e-03;2.416e-01;5.000e+01
0.089827000;1.014e+00;5.926e-03;-2.448e-01;5.847e-03;-2.415e-01;1.014e+00;5.333e-03;-2.203e-01;5.000e+01;1.000e+01;-4.168e-01;4.352e-01;4.352e-01;5.842e-03;2.415e-01;5.000e+01
0.098039000;1.014e+00;3.944e-03;-2.435e-01;3.891e-03;-2.402e-01;1.014e+00;3.550e-03;-2.192e-01;5.000e+01;1.000e+01;-4.168e-01;4.352e-01;4.352e-01;3.874e-03;2.402e-01;5.000e+01
0.098785000;1.014e+00;3.801e-03;-2.434e-01;3.750e-03;-2.401e-01;1.014e+00;3.421e-03;-2.191e-01;5.000e+01;1.000e+01;-4.168e-01;4.352e-01;4.352e-01;3.732e-03;2.401e-01;5.000e+01
0.115264000;1.014e+00;1.688e-03;-2.412e-01;1.665e-03;-2.379e-01;1.014e+00;1.519e-03;-2.171e-01;5.000e+01;1.000e+01;-4.168e-01;4.352e-01;4.352e-01;1.636e-03;2.379e-01;5.000e+01
0.116264000;1.014e+00;1.607e-03;-2.411e-01;1.585e-03;-2.378e-01;1.014e+00;1.446e-03;-2.170e-01;5.000e+01;1.000e+01;-4.168e-01;4.352e-01;4.352e-01;1.556e-03;2.378e-01;5.000e+01
0.138264000;1.014e+00;5.544e-04;-2.384e-01;5.467e-04;-2.351e-01;1.014e+00;4.990e-04;-2.146e-01;5.000e+01;1.000e+01;-4.168e-01;4.352e-01;4.352e-01;5.180e-04;2.351e-01;5.000e+01
0.139264000;1.014e+00;5.289e-04;-2.383e-01;5.215e-04;-2.349e-01;1.014e+00;4.760e-04;-2.145e-01;5.000e+01;1.000e+01;-4.168e-01;4.352e-01;4.352e-01;4.930e-04;2.349e-01;5.000e+01
0.157264000;1.014e+00;2.289e-04;-2.362e-01;2.256e-04;-2.328e-01;1.014e+00;2.060e-04;-2.126e-01;5.000e+01;1.000e+01;-4.168e-01;4.352e-01;4.352e-01;2.000e-04;2.328e-01;5.000e+01
0.158264000;1.015e+00;2.189e-04;-2.361e-01;2.158e-04;-2.327e-01;1.015e+00;1.970e-04;-2.125e-01;5.000e+01;1.000e+01;-4.168e-01;4.352e-01;4.352e-01;1.900e-04;2.327e-01;5.000e+01
0.175264000;1.015e+00;1.044e-04;-2.341e-01;1.029e-04;-2.307e-01;1.015e+00;9.401e-05;-2.107e-01;5.000e+01;1.000e+01;-4.168e-01;4.352e-01;4.352e-01;8.100e-05;2.307e-01;5.000e+01
0.176264000;1.015e+00;1.000e-04;-2.340e-01;9.854e-05;-2.306e-01;1.015e+00;9.001e-05;-2.106e-01;5.000e+01;1.000e+01;-4.168e-01;4.352e-01;4.352e-01;7.700e-05;2.306e-01;5.000e+01
0.181264000;1.015e+00;8.222e-05;-2.334e-01;8.102e-05;-2.300e-01;1.015e+00;7.401e-05;-2.100e-01;5.000e+01;1.000e+01;-4.168e-01;4.352e-01;4.352e-01;6.000e-05;2.300e-01;5.000e+01
0.229264000;1.015e+00;1.667e-05;-2.278e-01;1.641e-05;-2.244e-01;1.015e+00;1.501e-05;-2.051e-01;5.000e+01;1.000e+01;-4.168e-01;4.352e-01;4.352e-01;4.994e-06;2.244e-01;5.000e+01
0.230264000;1.016e+00;1.667e-05;-2.277e-01;1.641e-05;-2.243e-01;1.016e+00;1.500e-05;-2.050e-01;5.000e+01;1.000e+01;-4.168e-01;4.352e-01;4.352e-01;4.995e-06;2.243e-01;5.000e+01
0.261264000;1.016e+00;7.786e-06;-2.242e-01;7.655e-06;-2.206e-01;1.016e+00;6.997e-06;-2.018e-01;5.000e+01;1.000e+01;-4.168e-01;4.352e-01;4.352e-01;1.001e-06;2.206e-01;5.000e+01
0.300264000;1.016e+00;2.231e-06;-2.197e-01;2.187e-06;-2.161e-01;1.016e+00;1.998e-06;-1.977e-01;5.000e+01;1.000e+01;-4.168e-01;4.352e-01;4.352e-01;1.130e-10;2.161e-01;5.000e+01
0.301264000;1.017e+00;2.230e-06;-2.196e-01;2.187e-06;-2.160e-01;1.017e+00;1.998e-06;-1.976e-01;5.000e+01;1.000e+01;-4.168e-01;4.352e-01;4.352e-01;8.844e-11;2.160e-01;5.000e+01
0.373264000;1.017e+00;-3.329e-06;-2.113e-01;-3.277e-06;-2.077e-01;1.017e+00;-3.006e-06;-1.902e-01;5.000e+01;1.000e+01;-4.168e-01;4.352e-01;4.352e-01;2.119e-09;2.077e-01;5.000e+01
0.374264000;1.018e+00;-3.328e-06;-2.112e-01;-3.277e-06;-2.076e-01;1.018e+00;-3.006e-06;-1.901e-01;5.000e+01;1.000e+01;-4.168e-01;4.352e-01;4.352e-01;2.012e-09;2.076e-01;5.000e+01
0.445264000;1.018e+00;-5.555e-06;-2.031e-01;-5.458e-06;-1.995e-01;1.018e+00;-4.997e-06;-1.828e-01;5.000e+01;1.000e+01;-4.168e-01;4.352e-01;4.352e-01;1.317e-09;1.995e-01;5.000e+01
0.446264000;1.019e+00;-5.555e-06;-2.030e-01;-5.458e-06;-1.993e-01;1.019e+00;-4.997e-06;-1.827e-01;5.000e+01;1.000e+01;-4.168e-01;4.352e-01;4.352e-01;1.276e-09;1.993e-01;5.000e+01
0.518264000;1.019e+00;-6.668e-06;-1.949e-01;-6.539e-06;-1.911e-01;1.019e+00;-6.004e-06;-1.754e-01;5.000e+01;1.000e+01;-4.168e-01;4.352e-01;4.352e-01;-3.030e-09;1.911e-01;5.000e+01
0.519264000;1.020e+00;-6.669e-06;-1.947e-01;-6.539e-06;-1.910e-01;1.020e+00;-6.004e-06;-1.753e-01;5.000e+01;1.000e+01;-4.168e-01;4.352e-01;4.352e-01;-3.228e-09;1.910e-01;5.000e+01
0.592264000;1.020e+00;-7.774e-06;-1.865e-01;-7.630e-06;-1.828e-01;1.020e+00;-7.001e-06;-1.679e-01;5.000e+01;1.000e+01;-4.168e-01;4.352e-01;4.352e-01;-2.542e-10;1.828e-01;5.000e+01
0.593264000;1.021e+00;-7.774e-06;-1.864e-01;-7.629e-06;-1.827e-01;1.021e+00;-7.001e-06;-1.678e-01;5.000e+01;1.000e+01;-4.168e-01;4.352e-01;4.352e-01;-2.278e-10;1.827e-01;5.000e+01
0.637264000;1.021e+00;-7.782e-06;-1.814e-01;-7.614e-06;-1.777e-01;1.021e+00;-7.004e-06;-1.633e-01;5.000e+01;1.000e+01;-4.168e-01;4.352e-01;4.352e-01;3.062e-10;1.777e-01;5.000e+01
0.666264000;1.021e+00;-7.778e-06;-1.782e-01;-7.612e-06;-1.744e-01;1.021e+00;-6.998e-06;-1.604e-01;5.000e+01;1.000e+01;-4.168e-01;4.352e-01;4.352e-01;1.370e-09;1.744e-01;5.000e+01
0.667264000;1.022e+00;-7.778e-06;-1.781e-01;-7.612e-06;-1.743e-01;1.022e+00;-6.997e-06;-1.603e-01;5.000e+01;1.000e+01;-4.168e-01;4.352e-01;4.352e-01;1.464e-09;1.743e-01;5.000e+01
0.674264000;1.022e+00;-7.778e-06;-1.773e-01;-7.612e-06;-1.735e-01;1.022e+00;-6.996e-06;-1.596e-01;5.000e+01;1.000e+01;-4.168e-01;4.352e-01;4.352e-01;1.847e-09;1.735e-01;5.000e+01
0.696264000;1.022e+00;-6.666e-06;-1.748e-01;-6.522e-06;-1.711e-01;1.022e+00;-5.997e-06;-1.573e-01;5.000e+01;1.000e+01;-4.168e-01;4.352e-01;4.352e-01;4.057e-09;1.711e-01;5.000e+01
0.741264000;1.022e+00;-6.669e-06;-1.698e-01;-6.516e-06;-1.661e-01;1.022e+00;-5.999e-06;-1.528e-01;5.000e+01;1.000e+01;-4.168e-01;4.352e-01;4.352e-01;2.914e-09;1.661e-01;5.000e+01
0.742264000;1.023e+00;-6.669e-06;-1.697e-01;-6.516e-06;-1.660e-01;1.023e+00;-6.000e-06;-1.527e-01;5.000e+01;1.000e+01;-4.168e-01;4.352e-01;4.352e-01;3.122e-09;1.660e-01;5.000e+01
0.816264000;1.023e+00;-6.670e-06;-1.615e-01;-6.521e-06;-1.577e-01;1.023e+00;-6.000e-06;-1.453e-01;5.000e+01;1.000e+01;-4.168e-01;4.352e-01;4.352e-01;4.734e-09;1.577e-01;5.000e+01
0.817264000;1.024e+00;-6.670e-06;-1.613e-01;-6.521e-06;-1.576e-01;1.024e+00;-6.000e-06;-1.452e-01;5.000e+01;1.000e+01;-4.168e-01;4.352e-01;4.352e-01;4.750e-09;1.576e-01;5.000e+01
0.891264000;1.024e+00;-5.559e-06;-1.531e-01;-5.425e-06;-1.495e-01;1.024e+00;-4.999e-06;-1.378e-01;5.000e+01;1.000e+01;-4.168e-01;4.352e-01;4.352e-01;9.298e-09;1.495e-01;5.000e+01
0.892264000;1.025e+00;-5.559e-06;-1.530e-01;-5.424e-06;-1.494e-01;1.025e+00;-4.999e-06;-1.377e-01;5.000e+01;1.000e+01;-4.168e-01;4.352e-01;4.352e-01;9.301e-09;1.494e-01;5.000e+01
0.968264000;1.025e+00;-5.557e-06;-1.447e-01;-5.413e-06;-1.411e-01;1.025e+00;-5.005e-06;-1.302e-01;5.000e+01;1.000e+01;-4.168e-01;4.352e-01;4.352e-01;4.794e-09;1.411e-01;5.000e+01
0.969264000;1.026e+00;-5.557e-06;-1.445e-01;-5.413e-06;-1.409e-01;1.026e+00;-5.005e-06;-1.301e-01;5.000e+01;1.000e+01;-4.168e-01;4.352e-01;4.352e-01;4.863e-09;1.409e-01;5.000e+01
1.044264000;1.026e+00;-4.439e-06;-1.363e-01;-4.329e-06;-1.328e-01;1.026e+00;-3.998e-06;-1.227e-01;5.000e+01;1.000e+01;-4.168e-01;4.352e-01;4.352e-01;-3.657e-10;1.328e-01;5.000e+01
1.045264000;1.027e+00;-4.439e-06;-1.362e-01;-4.329e-06;-1.327e-01;1.027e+00;-3.998e-06;-1.226e-01;5.000e+01;1.000e+01;-4.168e-01;4.352e-01;4.352e-01;-5.683e-10;1.327e-01;5.000e+01
1.121264000;1.027e+00;-4.447e-06;-1.279e-01;-4.323e-06;-1.245e-01;1.027e+00;-4.001e-06;-1.151e-01;5.000e+01;1.000e+01;-4.168e-01;4.352e-01;4.352e-01;-5.771e-09;1.245e-01;5.000e+01
1.122264000;1.028e+00;-4.447e-06;-1.278e-01;-4.322e-06;-1.244e-01;1.028e+00;-4.001e-06;-1.150e-01;5.000e+01;1.000e+01;-4.168e-01;4.352e-01;4.352e-01;-5.690e-09;1.244e-01;5.000e+01
1.199264000;1.028e+00;-3.326e-06;-1.194e-01;-3.238e-06;-1.161e-01;1.028e+00;-2.999e-06;-1.075e-01;5.000e+01;1.000e+01;-4.168e-01;4.352e-01;4.352e-01;1.508e-09;1.161e-01;5.000e+01
1.200264000;1.029e+00;-3.326e-06;-1.193e-01;-3.238e-06;-1.160e-01;1.029e+00;-2.999e-06;-1.074e-01;5.000e+01;1.000e+01;-4.168e-01;4.352e-01;4.352e-01;1.386e-09;1.160e-01;5.000e+01
1.277264000;1.029e+00;-3.331e-06;-1.110e-01;-3.230e-06;-1.078e-01;1.029e+00;-3.005e-06;-9.988e-02;5.000e+01;1.000e+01;-4.168e-01;4.352e-01;4.352e-01;-4.964e-10;1.078e-01;5.000e+01
1.278264000;1.030e+00;-3.331e-06;-1.109e-01;-3.230e-06;-1.077e-01;1.030e+00;-3.005e-06;-9.978e-02;5.000e+01;1.000e+01;-4.168e-01;4.352e-01;4.352e-01;-2.756e-10;1.077e-01;5.000e+01
1.356264000;1.030e+00;-2.215e-06;-1.025e-01;-2.159e-06;-9.944e-02;1.030e+00;-1.993e-06;-9.223e-02;5.000e+01;1.000e+01;-4.168e-01;4.352e-01;4.352e-01;-5.773e-09;9.945e-02;5.000e+01
1.357264000;1.031e+00;-2.215e-06;-1.024e-01;-2.159e-06;-9.934e-02;1.031e+00;-1.993e-06;-9.213e-02;5.000e+01;1.000e+01;-4.168e-01;4.352e-01;4.352e-01;-5.895e-09;9.934e-02;5.000e+01
1.374264000;1.031e+00;-2.218e-06;-1.005e-01;-2.159e-06;-9.755e-02;1.031e+00;-1.996e-06;-9.049e-02;5.000e+01;1.000e+01;-4.168e-01;4.352e-01;4.352e-01;-7.304e-09;9.755e-02;5.000e+01
1.431264000;1.031e+00;-2.221e-06;-9.444e-02;-2.152e-06;-9.156e-02;1.031e+00;-1.999e-06;-8.500e-02;5.000e+01;1.000e+01;-4.168e-01;4.352e-01;4.352e-01;-4.816e-09;9.156e-02;5.000e+01
1.435264000;1.031e+00;-2.221e-06;-9.402e-02;-2.152e-06;-9.115e-02;1.031e+00;-2.000e-06;-8.461e-02;5.000e+01;1.000e+01;-4.168e-01;4.352e-01;4.352e-01;-4.286e-09;9.115e-02;5.000e+01
1.436264000;1.032e+00;-2.221e-06;-9.391e-02;-2.152e-06;-9.104e-02;1.032e+00;-2.000e-06;-8.452e-02;5.000e+01;1.000e+01;-4.168e-01;4.352e-01;4.352e-01;-4.152e-09;9.104e-02;5.000e+01
1.448264000;1.032e+00;-2.222e-06;-9.263e-02;-2.152e-06;-8.979e-02;1.032e+00;-2.002e-06;-8.336e-02;5.000e+01;1.000e+01;-4.168e-01;4.352e-01;4.352e-01;-3.103e-09;8.979e-02;5.000e+01
1.515264000;1.032e+00;-2.216e-06;-8.549e-02;-2.154e-06;-8.280e-02;1.032e+00;-1.997e-06;-7.694e-02;5.000e+01;1.000e+01;-4.168e-01;4.352e-01;4.352e-01;-5.583e-09;8.280e-02;5.000e+01
1.516264000;1.033e+00;-2.216e-06;-8.539e-02;-2.154e-06;-8.270e-02;1.033e+00;-1.997e-06;-7.685e-02;5.000e+01;1.000e+01;-4.168e-01;4.352e-01;4.352e-01;-5.535e-09;8.270e-02;5.000e+01
1.596264000;1.033e+00;-1.116e-06;-7.691e-02;-1.079e-06;-7.441e-02;1.033e+00;-1.001e-06;-6.921e-02;5.000e+01;1.000e+01;-4.168e-01;4.352e-01;4.352e-01;-1.835e-09;7.441e-02;5.000e+01
1.597264000;1.034e+00;-1.116e-06;-7.680e-02;-1.079e-06;-7.431e-02;1.034e+00;-1.000e-06;-6.912e-02;5.000e+01;1.000e+01;-4.168e-01;4.352e-01;4.352e-01;-1.784e-09;7.431e-02;5.000e+01
1.677264000;1.034e+00;-1.111e-06;-6.836e-02;-1.075e-06;-6.608e-02;1.034e+00;-9.989e-07;-6.153e-02;5.000e+01;1.000e+01;-4.168e-01;4.352e-01;4.352e-01;-1.272e-09;6.609e-02;5.000e+01
1.678264000;1.035e+00;-1.111e-06;-6.826e-02;-1.075e-06;-6.598e-02;1.035e+00;-9.993e-07;-6.143e-02;5.000e+01;1.000e+01;-4.168e-01;4.352e-01;4.352e-01;-1.458e-09;6.598e-02;5.000e+01
1.758264000;1.035e+00;-1.114e-06;-5.987e-02;-1.074e-06;-5.782e-02;1.035e+00;-1.006e-06;-5.388e-02;5.000e+01;1.000e+01;-4.168e-01;4.352e-01;4.352e-01;-2.602e-09;5.781e-02;5.000e+01
1.759264000;1.036e+00;-1.114e-06;-5.976e-02;-1.074e-06;-5.771e-02;1.036e+00;-1.007e-06;-5.379e-02;5.000e+01;1.000e+01;-4.168e-01;4.352e-01;4.352e-01;-2.677e-09;5.771e-02;5.000e+01
1.841264000;1.036e+00;-1.112e-06;-5.121e-02;-1.074e-06;-4.940e-02;1.036e+00;-1.004e-06;-4.609e-02;5.000e+01;1.000e+01;-4.168e-01;4.352e-01;4.352e-01;2.727e-10;4.940e-02;5.000e+01
1.842264000;1.037e+00;-1.112e-06;-5.110e-02;-1.074e-06;-4.930e-02;1.037e+00;-1.004e-06;-4.599e-02;5.000e+01;1.000e+01;-4.168e-01;4.352e-01;4.352e-01;2.579e-10;4.930e-02;5.000e+01
1.923264000;1.037e+00;-7.038e-10;-4.270e-02;1.004e-09;-4.115e-02;1.037e+00;3.641e-09;-3.843e-02;5.000e+01;1.000e+01;-4.168e-01;4.352e-01;4.352e-01;-7.736e-09;4.115e-02;5.000e+01
1.924264000;1.038e+00;-8.994e-10;-4.259e-02;8.682e-10;-4.105e-02;1.038e+00;3.643e-09;-3.833e-02;5.000e+01;1.000e+01;-4.168e-01;4.352e-01;4.352e-01;-7.545e-09;4.105e-02;5.000e+01
2.007264000;1.038e+00;-2.424e-09;-3.402e-02;1.562e-10;-3.276e-02;1.038e+00;3.024e-09;-3.062e-02;5.000e+01;1.000e+01;-4.168e-01;4.352e-01;4.352e-01;-4.797e-09;3.276e-02;5.000e+01
2.008264000;1.039e+00;-2.386e-09;-3.392e-02;9.776e-11;-3.266e-02;1.039e+00;3.024e-09;-3.053e-02;5.000e+01;1.000e+01;-4.168e-01;4.352e-01;4.352e-01;-4.836e-09;3.266e-02;5.000e+01
2.091264000;1.039e+00;2.325e-09;-2.540e-02;1.442e-09;-2.444e-02;1.039e+00;5.858e-10;-2.286e-02;5.000e+01;1.000e+01;-4.168e-01;4.352e-01;4.352e-01;5.810e-10;2.444e-02;5.000e+01
2.092264000;1.040e+00;2.470e-09;-2.530e-02;1.606e-09;-2.434e-02;1.040e+00;7.018e-10;-2.277e-02;5.000e+01;1.000e+01;-4.168e-01;4.352e-01;4.352e-01;7.356e-10;2.434e-02;5.000e+01
2.154264000;1.040e+00;1.133e-09;-1.896e-02;2.040e-09;-1.823e-02;1.040e+00;1.187e-09;-1.707e-02;5.000e+01;1.000e+01;-4.168e-01;4.352e-01;4.352e-01;-7.936e-10;1.823e-02;5.000e+01
2.156264000;1.040e+00;1.164e-09;-1.876e-02;1.677e-09;-1.803e-02;1.040e+00;1.384e-09;-1.689e-02;5.000e+01;1.000e+01;-4.168e-01;4.352e-01;4.352e-01;-9.435e-10;1.803e-02;5.000e+01
2.176264000;1.040e+00;1.637e-10;-1.672e-02;-1.328e-09;-1.607e-02;1.040e+00;5.172e-11;-1.505e-02;5.000e+01;1.000e+01;-4.168e-01;4.352e-01;4.352e-01;-2.377e-09;1.607e-02;5.000e+01
2.177264000;1.041e+00;1.650e-10;-1.662e-02;-1.458e-09;-1.598e-02;1.041e+00;-5.913e-11;-1.496e-02;5.000e+01;1.000e+01;-4.168e-01;4.352e-01;4.352e-01;-2.580e-09;1.597e-02;5.000e+01
2.186264000;1.041e+00;5.343e-10;-1.571e-02;-2.345e-09;-1.509e-02;1.041e+00;-9.857e-10;-1.413e-02;5.000e+01;1.000e+01;-4.168e-01;4.352e-01;4.352e-01;-4.279e-09;1.509e-02;5.000e+01
2.261264000;1.041e+00;-3.505e-09;-8.094e-03;2.839e-09;-7.772e-03;1.041e+00;3.154e-09;-7.285e-03;5.000e+01;1.000e+01;-4.168e-01;4.352e-01;4.352e-01;-7.098e-09;7.772e-03;5.000e+01
2.262264000;1.042e+00;-3.628e-09;-7.993e-03;2.762e-09;-7.675e-03;1.042e+00;2.972e-09;-7.194e-03;5.000e+01;1.000e+01;-4.168e-01;4.352e-01;4.352e-01;-6.974e-09;7.674e-03;5.000e+01
2.347264000;1.042e+00;-2.919e-09;5.878e-04;6.383e-09;5.638e-04;1.042e+00;5.147e-10;5.290e-04;5.000e+01;1.000e+01;-4.168e-01;4.352e-01;4.352e-01;1.051e-09;-5.640e-04;5.000e+01
2.348264000;1.043e+00;-3.242e-09;6.889e-04;6.322e-09;6.608e-04;1.043e+00;7.672e-10;6.200e-04;5.000e+01;1.000e+01;-4.168e-01;4.352e-01;4.352e-01;1.281e-09;-6.600e-04;5.000e+01
2.434264000;1.043e+00;-4.060e-09;9.320e-03;-3.014e-09;8.931e-03;1.043e+00;3.370e-09;8.388e-03;5.000e+01;1.000e+01;-4.168e-01;4.352e-01;4.352e-01;5.923e-09;-8.932e-03;5.000e+01
2.435264000;1.044e+00;-4.183e-09;9.420e-03;-2.721e-09;9.027e-03;1.044e+00;3.238e-09;8.478e-03;5.000e+01;1.000e+01;-4.168e-01;4.352e-01;4.352e-01;6.039e-09;-9.027e-03;5.000e+01
2.521264000;1.044e+00;-2.988e-09;1.800e-02;1.199e-09;1.724e-02;1.044e+00;5.638e-10;1.620e-02;5.000e+01;1.000e+01;-4.168e-01;4.352e-01;4.352e-01;-2.088e-09;-1.724e-02;5.000e+01
2.522264000;1.045e+00;-3.042e-09;1.810e-02;1.027e-09;1.733e-02;1.045e+00;4.977e-10;1.629e-02;5.000e+01;1.000e+01;-4.168e-01;4.352e-01;4.352e-01;-2.198e-09;-1.733e-02;5.000e+01
2.609264000;1.045e+00;-2.252e-09;2.673e-02;3.333e-09;2.557e-02;1.045e+00;1.447e-09;2.406e-02;5.000e+01;1.000e+01;-4.168e-01;4.352e-01;4.352e-01;-9.918e-10;-2.557e-02;5.000e+01
2.610264000;1.046e+00;-2.310e-09;2.683e-02;3.230e-09;2.566e-02;1.046e+00;1.486e-09;2.415e-02;5.000e+01;1.000e+01;-4.168e-01;4.352e-01;4.352e-01;-9.035e-10;-2.566e-02;5.000e+01
2.698264000;1.046e+00;1.773e-09;3.551e-02;-1.501e-09;3.393e-02;1.046e+00;4.516e-09;3.196e-02;5.000e+01;1.000e+01;-4.168e-01;4.352e-01;4.352e-01;-2.817e-09;-3.393e-02;5.000e+01
2.699264000;1.047e+00;1.736e-09;3.561e-02;-1.260e-09;3.403e-02;1.047e+00;4.556e-09;3.205e-02;5.000e+01;1.000e+01;-4.168e-01;4.352e-01;4.352e-01;-2.765e-09;-3.403e-02;5.000e+01
2.787264000;1.047e+00;-4.270e-09;4.424e-02;-5.971e-09;4.223e-02;1.047e+00;-2.784e-09;3.981e-02;5.000e+01;1.000e+01;-4.168e-01;4.352e-01;4.352e-01;1.294e-09;-4.223e-02;5.000e+01
2.788264000;1.048e+00;-4.422e-09;4.433e-02;-6.176e-09;4.232e-02;1.048e+00;-3.010e-09;3.990e-02;5.000e+01;1.000e+01;-4.168e-01;4.352e-01;4.352e-01;1.319e-09;-4.232e-02;5.000e+01
2.877264000;1.048e+00;-1.112e-06;5.301e-02;-1.061e-06;5.056e-02;1.048e+00;-9.977e-07;4.771e-02;5.000e+01;1.000e+01;-4.168e-01;4.352e-01;4.352e-01;7.787e-09;-5.056e-02;5.000e+01
2.878264000;1.049e+00;-1.111e-06;5.310e-02;-1.061e-06;5.065e-02;1.049e+00;-9.977e-07;4.779e-02;5.000e+01;1.000e+01;-4.168e-01;4.352e-01;4.352e-01;7.930e-09;-5.065e-02;5.000e+01
2.914668000;1.049e+00;-1.109e-06;5.661e-02;-1.055e-06;5.397e-02;1.049e+00;-1.003e-06;5.094e-02;5.000e+01;1.000e+01;-4.168e-01;4.352e-01;4.352e-01;-1.936e-09;-5.397e-02;5.000e+01
2.918668000;1.049e+00;-1.110e-06;5.695e-02;-1.055e-06;5.430e-02;1.049e+00;-1.003e-06;5.126e-02;5.000e+01;1.000e+01;-4.168e-01;4.352e-01;4.352e-01;-2.655e-09;-5.430e-02;5.000e+01
2.980668000;1.049e+00;-1.113e-06;6.181e-02;-1.057e-06;5.889e-02;1.049e+00;-1.001e-06;5.563e-02;5.000e+01;1.000e+01;-4.168e-01;4.352e-01;4.352e-01;8.602e-10;-5.889e-02;5.000e+01
2.981668000;1.050e+00;-1.114e-06;6.188e-02;-1.057e-06;5.896e-02;1.050e+00;-1.001e-06;5.570e-02;5.000e+01;1.000e+01;-4.168e-01;4.352e-01;4.352e-01;1.141e-09;-5.896e-02;5.000e+01
3.095668000;1.050e+00;-1.111e-06;7.064e-02;-1.052e-06;6.724e-02;1.050e+00;-9.994e-07;6.357e-02;5.000e+01;1.000e+01;-4.168e-01;4.352e-01;4.352e-01;-6.288e-09;-6.724e-02;5.000e+01
3.096668000;1.051e+00;-1.111e-06;7.071e-02;-1.053e-06;6.731e-02;1.051e+00;-9.993e-07;6.364e-02;5.000e+01;1.000e+01;-4.168e-01;4.352e-01;4.352e-01;-6.271e-09;-6.731e-02;5.000e+01
3.211668000;1.051e+00;-1.110e-06;7.949e-02;-1.056e-06;7.560e-02;1.051e+00;-1.002e-06;7.154e-02;5.000e+01;1.000e+01;-4.168e-01;4.352e-01;4.352e-01;-2.942e-10;-7.560e-02;5.000e+01
3.212668000;1.052e+00;-1.110e-06;7.957e-02;-1.056e-06;7.567e-02;1.052e+00;-1.002e-06;7.161e-02;5.000e+01;1.000e+01;-4.168e-01;4.352e-01;4.352e-01;-1.952e-10;-7.567e-02;5.000e+01
3.327668000;1.052e+00;-2.218e-06;8.829e-02;-2.111e-06;8.388e-02;1.052e+00;-2.005e-06;7.946e-02;5.000e+01;1.000e+01;-4.168e-01;4.352e-01;4.352e-01;5.246e-09;-8.388e-02;5.000e+01
3.328668000;1.053e+00;-2.218e-06;8.836e-02;-2.111e-06;8.395e-02;1.053e+00;-2.005e-06;7.953e-02;5.000e+01;1.000e+01;-4.168e-01;4.352e-01;4.352e-01;5.422e-09;-8.395e-02;5.000e+01
3.445668000;1.053e+00;-2.220e-06;9.718e-02;-2.113e-06;9.224e-02;1.053e+00;-1.997e-06;8.746e-02;5.000e+01;1.000e+01;-4.168e-01;4.352e-01;4.352e-01;-3.236e-09;-9.224e-02;5.000e+01
3.446668000;1.054e+00;-2.220e-06;9.725e-02;-2.113e-06;9.231e-02;1.054e+00;-1.997e-06;8.753e-02;5.000e+01;1.000e+01;-4.168e-01;4.352e-01;4.352e-01;-3.032e-09;-9.231e-02;5.000e+01
3.518668000;1.054e+00;-2.229e-06;1.027e-01;-2.115e-06;9.738e-02;1.054e+00;-2.004e-06;9.238e-02;5.000e+01;1.000e+01;-4.168e-01;4.352e-01;4.352e-01;-5.920e-10;-9.738e-02;5.000e+01
3.559668000;1.054e+00;-2.231e-06;1.057e-01;-2.111e-06;1.003e-01;1.054e+00;-2.005e-06;9.514e-02;5.000e+01;1.000e+01;-4.168e-01;4.352e-01;4.352e-01;2.252e-09;-1.003e-01;5.000e+01
3.564668000;1.054e+00;-2.231e-06;1.061e-01;-2.110e-06;1.006e-01;1.054e+00;-2.004e-06;9.548e-02;5.000e+01;1.000e+01;-4.168e-01;4.352e-01;4.352e-01;1.935e-09;-1.006e-01;5.000e+01
3.565668000;1.055e+00;-2.230e-06;1.062e-01;-2.109e-06;1.007e-01;1.055e+00;-2.004e-06;9.555e-02;5.000e+01;1.000e+01;-4.168e-01;4.352e-01;4.352e-01;1.844e-09;-1.007e-01;5.000e+01
3.683668000;1.055e+00;-3.336e-06;1.149e-01;-3.161e-06;1.089e-01;1.055e+00;-2.996e-06;1.034e-01;5.000e+01;1.000e+01;-4.168e-01;4.352e-01;4.352e-01;1.804e-09;-1.089e-01;5.000e+01
3.684668000;1.056e+00;-3.336e-06;1.150e-01;-3.162e-06;1.090e-01;1.056e+00;-2.996e-06;1.035e-01;5.000e+01;1.000e+01;-4.168e-01;4.352e-01;4.352e-01;1.751e-09;-1.090e-01;5.000e+01
3.804668000;1.056e+00;-3.336e-06;1.239e-01;-3.150e-06;1.173e-01;1.056e+00;-3.001e-06;1.115e-01;5.000e+01;1.000e+01;-4.168e-01;4.352e-01;4.352e-01;2.593e-09;-1.173e-01;5.000e+01
3.805668000;1.057e+00;-3.336e-06;1.240e-01;-3.150e-06;1.173e-01;1.057e+00;-3.001e-06;1.116e-01;5.000e+01;1.000e+01;-4.168e-01;4.352e-01;4.352e-01;2.745e-09;-1.173e-01;5.000e+01
3.926668000;1.057e+00;-4.439e-06;1.328e-01;-4.204e-06;1.256e-01;1.057e+00;-3.998e-06;1.195e-01;5.000e+01;1.000e+01;-4.168e-01;4.352e-01;4.352e-01;-8.229e-09;-1.256e-01;5.000e+01
3.927668000;1.058e+00;-4.439e-06;1.329e-01;-4.204e-06;1.257e-01;1.058e+00;-3.998e-06;1.196e-01;5.000e+01;1.000e+01;-4.168e-01;4.352e-01;4.352e-01;-8.135e-09;-1.257e-01;5.000e+01
4.048668000;1.058e+00;-4.445e-06;1.417e-01;-4.200e-06;1.339e-01;1.058e+00;-3.997e-06;1.276e-01;5.000e+01;1.000e+01;-4.168e-01;4.352e-01;4.352e-01;3.251e-09;-1.339e-01;5.000e+01
4.049668000;1.059e+00;-4.445e-06;1.418e-01;-4.199e-06;1.340e-01;1.059e+00;-3.997e-06;1.276e-01;5.000e+01;1.000e+01;-4.168e-01;4.352e-01;4.352e-01;3.306e-09;-1.340e-01;5.000e+01
4.172668000;1.059e+00;-5.559e-06;1.507e-01;-5.239e-06;1.422e-01;1.059e+00;-5.002e-06;1.356e-01;5.000e+01;1.000e+01;-4.168e-01;4.352e-01;4.352e-01;2.568e-09;-1.422e-01;5.000e+01
4.173668000;1.060e+00;-5.559e-06;1.508e-01;-5.239e-06;1.423e-01;1.060e+00;-5.002e-06;1.357e-01;5.000e+01;1.000e+01;-4.168e-01;4.352e-01;4.352e-01;2.845e-09;-1.423e-01;5.000e+01
4.180668000;1.060e+00;-5.562e-06;1.513e-01;-5.237e-06;1.428e-01;1.060e+00;-5.003e-06;1.362e-01;5.000e+01;1.000e+01;-4.168e-01;4.352e-01;4.352e-01;4.231e-09;-1.428e-01;5.000e+01
4.199668000;1.060e+00;-5.564e-06;1.527e-01;-5.236e-06;1.440e-01;1.060e+00;-5.004e-06;1.374e-01;5.000e+01;1.000e+01;-4.168e-01;4.352e-01;4.352e-01;4.373e-09;-1.440e-01;5.000e+01
4.205668000;1.060e+00;-5.563e-06;1.531e-01;-5.236e-06;1.445e-01;1.060e+00;-5.004e-06;1.378e-01;5.000e+01;1.000e+01;-4.168e-01;4.352e-01;4.352e-01;3.801e-09;-1.444e-01;5.000e+01
4.208668000;1.060e+00;-5.562e-06;1.533e-01;-5.237e-06;1.447e-01;1.060e+00;-5.005e-06;1.380e-01;5.000e+01;1.000e+01;-4.168e-01;4.352e-01;4.352e-01;3.584e-09;-1.447e-01;5.000e+01
4.297668000;1.060e+00;-6.665e-06;1.597e-01;-6.287e-06;1.506e-01;1.060e+00;-5.998e-06;1.437e-01;5.000e+01;1.000e+01;-4.168e-01;4.352e-01;4.352e-01;1.595e-09;-1.506e-01;5.000e+01
4.298668000;1.061e+00;-6.665e-06;1.598e-01;-6.287e-06;1.506e-01;1.061e+00;-5.998e-06;1.438e-01;5.000e+01;1.000e+01;-4.168e-01;4.352e-01;4.352e-01;1.360e-09;-1.506e-01;5.000e+01
4.423668000;1.061e+00;-6.666e-06;1.687e-01;-6.277e-06;1.589e-01;1.061e+00;-6.000e-06;1.518e-01;5.000e+01;1.000e+01;-4.168e-01;4.352e-01;4.352e-01;-1.010e-09;-1.589e-01;5.000e+01
4.424668000;1.062e+00;-6.666e-06;1.688e-01;-6.277e-06;1.590e-01;1.062e+00;-6.000e-06;1.519e-01;5.000e+01;1.000e+01;-4.168e-01;4.352e-01;4.352e-01;-9.462e-10;-1.590e-01;5.000e+01
4.550668000;1.062e+00;-7.781e-06;1.777e-01;-7.318e-06;1.672e-01;1.062e+00;-6.997e-06;1.599e-01;5.000e+01;1.000e+01;-4.168e-01;4.352e-01;4.352e-01;-1.885e-10;-1.672e-01;5.000e+01
4.551668000;1.063e+00;-7.781e-06;1.778e-01;-7.318e-06;1.673e-01;1.063e+00;-6.997e-06;1.600e-01;5.000e+01;1.000e+01;-4.168e-01;4.352e-01;4.352e-01;-1.198e-10;-1.673e-01;5.000e+01
4.679668000;1.063e+00;-8.888e-06;1.868e-01;-8.359e-06;1.756e-01;1.063e+00;-7.999e-06;1.681e-01;5.000e+01;1.000e+01;-4.168e-01;4.352e-01;4.352e-01;4.567e-09;-1.756e-01;5.000e+01
4.680668000;1.064e+00;-8.888e-06;1.868e-01;-8.359e-06;1.757e-01;1.064e+00;-7.999e-06;1.682e-01;5.000e+01;1.000e+01;-4.168e-01;4.352e-01;4.352e-01;4.417e-09;-1.757e-01;5.000e+01
4.808668000;1.064e+00;-8.879e-06;1.958e-01;-8.341e-06;1.839e-01;1.064e+00;-7.997e-06;1.762e-01;5.000e+01;1.000e+01;-4.168e-01;4.352e-01;4.352e-01;-1.781e-09;-1.839e-01;5.000e+01
4.809668000;1.065e+00;-8.879e-06;1.959e-01;-8.341e-06;1.840e-01;1.065e+00;-7.997e-06;1.763e-01;5.000e+01;1.000e+01;-4.168e-01;4.352e-01;4.352e-01;-1.872e-09;-1.840e-01;5.000e+01
4.871668000;1.065e+00;-1.000e-05;2.002e-01;-9.388e-06;1.880e-01;1.065e+00;-8.998e-06;1.801e-01;5.000e+01;1.000e+01;-4.168e-01;4.352e-01;4.352e-01;-1.202e-09;-1.880e-01;5.000e+01
4.939668000;1.065e+00;-9.999e-06;2.049e-01;-9.386e-06;1.923e-01;1.065e+00;-8.998e-06;1.844e-01;5.000e+01;1.000e+01;-4.168e-01;4.352e-01;4.352e-01;-7.419e-09;-1.923e-01;5.000e+01
4.940668000;1.066e+00;-9.998e-06;2.049e-01;-9.386e-06;1.923e-01;1.066e+00;-8.998e-06;1.844e-01;5.000e+01;1.000e+01;-4.168e-01;4.352e-01;4.352e-01;-7.476e-09;-1.923e-01;5.000e+01
5.071668000;1.066e+00;-1.112e-05;2.140e-01;-1.042e-05;2.006e-01;1.066e+00;-9.999e-06;1.926e-01;5.000e+01;1.000e+01;-4.168e-01;4.352e-01;4.352e-01;9.235e-10;-2.006e-01;5.000e+01
5.072668000;1.067e+00;-1.112e-05;2.140e-01;-1.042e-05;2.007e-01;1.067e+00;-9.999e-06;1.926e-01;5.000e+01;1.000e+01;-4.168e-01;4.352e-01;4.352e-01;9.181e-10;-2.007e-01;5.000e+01
5.204668000;1.067e+00;-1.222e-05;2.231e-01;-1.145e-05;2.089e-01;1.067e+00;-1.100e-05;2.007e-01;5.000e+01;1.000e+01;-4.168e-01;4.352e-01;4.352e-01;2.881e-09;-2.089e-01;5.000e+01
5.205668000;1.068e+00;-1.222e-05;2.231e-01;-1.145e-05;2.090e-01;1.068e+00;-1.100e-05;2.008e-01;5.000e+01;1.000e+01;-4.168e-01;4.352e-01;4.352e-01;2.937e-09;-2.090e-01;5.000e+01
5.338668000;1.068e+00;-1.333e-05;2.321e-01;-1.248e-05;2.173e-01;1.068e+00;-1.200e-05;2.089e-01;5.000e+01;1.000e+01;-4.168e-01;4.352e-01;4.352e-01;1.697e-09;-2.173e-01;5.000e+01
5.339668000;1.069e+00;-1.333e-05;2.322e-01;-1.248e-05;2.173e-01;1.069e+00;-1.200e-05;2.090e-01;5.000e+01;1.000e+01;-4.168e-01;4.352e-01;4.352e-01;1.647e-09;-2.173e-01;5.000e+01
5.454668000;1.069e+00;-1.333e-05;2.400e-01;-1.247e-05;2.244e-01;1.069e+00;-1.200e-05;2.160e-01;5.000e+01;1.000e+01;-4.168e-01;4.352e-01;4.352e-01;2.990e-09;-2.244e-01;5.000e+01
5.474668000;1.069e+00;-1.333e-05;2.413e-01;-1.247e-05;2.256e-01;1.069e+00;-1.200e-05;2.172e-01;5.000e+01;1.000e+01;-4.168e-01;4.352e-01;4.352e-01;8.315e-10;-2.256e-01;5.000e+01
5.475668000;1.070e+00;-1.444e-05;2.414e-01;-1.351e-05;2.257e-01;1.070e+00;-1.300e-05;2.172e-01;5.000e+01;1.000e+01;-4.168e-01;4.352e-01;4.352e-01;5.868e-10;-2.257e-01;5.000e+01
5.507668000;1.070e+00;-1.444e-05;2.435e-01;-1.350e-05;2.276e-01;1.070e+00;-1.300e-05;2.192e-01;5.000e+01;1.000e+01;-4.168e-01;4.352e-01;4.352e-01;-3.582e-10;-2.276e-01;5.000e+01
5.532668000;1.070e+00;-1.444e-05;2.452e-01;-1.350e-05;2.292e-01;1.070e+00;-1.300e-05;2.207e-01;5.000e+01;1.000e+01;-4.168e-01;4.352e-01;4.352e-01;-1.345e-09;-2.292e-01;5.000e+01
5.611668000;1.070e+00;-1.444e-05;2.504e-01;-1.349e-05;2.339e-01;1.070e+00;-1.300e-05;2.254e-01;5.000e+01;1.000e+01;-4.168e-01;4.352e-01;4.352e-01;-2.848e-09;-2.339e-01;5.000e+01
5.612668000;1.071e+00;-1.444e-05;2.505e-01;-1.349e-05;2.340e-01;1.071e+00;-1.300e-05;2.255e-01;5.000e+01;1.000e+01;-4.168e-01;4.352e-01;4.352e-01;-3.128e-09;-2.340e-01;5.000e+01
5.749668000;1.071e+00;-1.556e-05;2.596e-01;-1.452e-05;2.423e-01;1.071e+00;-1.400e-05;2.336e-01;5.000e+01;1.000e+01;-4.168e-01;4.352e-01;4.352e-01;8.060e-10;-2.423e-01;5.000e+01
5.750668000;1.072e+00;-1.556e-05;2.596e-01;-1.452e-05;2.423e-01;1.072e+00;-1.400e-05;2.337e-01;5.000e+01;1.000e+01;-4.168e-01;4.352e-01;4.352e-01;8.406e-10;-2.423e-01;5.000e+01
5.889668000;1.072e+00;-1.667e-05;2.688e-01;-1.554e-05;2.506e-01;1.072e+00;-1.500e-05;2.419e-01;5.000e+01;1.000e+01;-4.168e-01;4.352e-01;4.352e-01;3.170e-10;-2.506e-01;5.000e+01
5.890668000;1.073e+00;-1.667e-05;2.688e-01;-1.554e-05;2.507e-01;1.073e+00;-1.500e-05;2.420e-01;5.000e+01;1.000e+01;-4.168e-01;4.352e-01;4.352e-01;2.881e-10;-2.507e-01;5.000e+01
6.030668000;1.073e+00;-1.777e-05;2.780e-01;-1.656e-05;2.589e-01;1.073e+00;-1.601e-05;2.502e-01;5.000e+01;1.000e+01;-4.168e-01;4.352e-01;4.352e-01;1.421e-09;-2.589e-01;5.000e+01
6.031668000;1.074e+00;-1.777e-05;2.780e-01;-1.656e-05;2.590e-01;1.074e+00;-1.601e-05;2.502e-01;5.000e+01;1.000e+01;-4.168e-01;4.352e-01;4.352e-01;1.416e-09;-2.590e-01;5.000e+01
6.173668000;1.074e+00;-2.000e-05;2.872e-01;-1.861e-05;2.673e-01;1.074e+00;-1.800e-05;2.585e-01;5.000e+01;1.000e+01;-4.168e-01;4.352e-01;4.352e-01;-3.315e-09;-2.673e-01;5.000e+01
6.174668000;1.075e+00;-2.000e-05;2.873e-01;-1.861e-05;2.674e-01;1.075e+00;-1.800e-05;2.586e-01;5.000e+01;1.000e+01;-4.168e-01;4.352e-01;4.352e-01;-3.673e-09;-2.674e-01;5.000e+01
6.175668000;1.075e+00;-2.000e-05;2.874e-01;-1.861e-05;2.674e-01;1.075e+00;-1.800e-05;2.586e-01;5.000e+01;1.000e+01;-4.168e-01;4.352e-01;4.352e-01;-4.046e-09;-2.674e-01;5.000e+01
6.203668000;1.075e+00;-2.000e-05;2.892e-01;-1.862e-05;2.691e-01;1.075e+00;-1.800e-05;2.602e-01;5.000e+01;1.000e+01;-4.168e-01;4.352e-01;4.352e-01;-5.442e-09;-2.691e-01;5.000e+01
6.224668000;1.075e+00;-2.000e-05;2.905e-01;-1.862e-05;2.703e-01;1.075e+00;-1.800e-05;2.615e-01;5.000e+01;1.000e+01;-4.168e-01;4.352e-01;4.352e-01;-2.024e-09;-2.703e-01;5.000e+01
6.234668000;1.075e+00;-2.000e-05;2.911e-01;-1.862e-05;2.709e-01;1.075e+00;-1.800e-05;2.620e-01;5.000e+01;1.000e+01;-4.168e-01;4.352e-01;4.352e-01;-2.065e-09;-2.708e-01;5.000e+01
6.317668000;1.075e+00;-2.111e-05;2.965e-01;-1.963e-05;2.756e-01;1.075e+00;-1.900e-05;2.668e-01;5.000e+01;1.000e+01;-4.168e-01;4.352e-01;4.352e-01;4.459e-09;-2.756e-01;5.000e+01
6.318668000;1.076e+00;-2.111e-05;2.965e-01;-1.963e-05;2.757e-01;1.076e+00;-1.900e-05;2.669e-01;5.000e+01;1.000e+01;-4.168e-01;4.352e-01;4.352e-01;4.405e-09;-2.757e-01;5.000e+01
6.462668000;1.076e+00;-2.222e-05;3.057e-01;-2.064e-05;2.840e-01;1.076e+00;-2.000e-05;2.751e-01;5.000e+01;1.000e+01;-4.168e-01;4.352e-01;4.352e-01;-5.790e-09;-2.840e-01;5.000e+01
6.463668000;1.077e+00;-2.222e-05;3.057e-01;-2.064e-05;2.840e-01;1.077e+00;-1.999e-05;2.752e-01;5.000e+01;1.000e+01;-4.168e-01;4.352e-01;4.352e-01;-6.089e-09;-2.840e-01;5.000e+01
6.609668000;1.077e+00;-2.333e-05;3.149e-01;-2.166e-05;2.923e-01;1.077e+00;-2.100e-05;2.834e-01;5.000e+01;1.000e+01;-4.168e-01;4.352e-01;4.352e-01;-3.641e-09;-2.923e-01;5.000e+01
6.610668000;1.078e+00;-2.333e-05;3.150e-01;-2.166e-05;2.923e-01;1.078e+00;-2.100e-05;2.835e-01;5.000e+01;1.000e+01;-4.168e-01;4.352e-01;4.352e-01;-3.726e-09;-2.923e-01;5.000e+01
6.758668000;1.078e+00;-2.444e-05;3.243e-01;-2.268e-05;3.007e-01;1.078e+00;-2.199e-05;2.918e-01;5.000e+01;1.000e+01;-4.168e-01;4.352e-01;4.352e-01;-4.856e-09;-3.007e-01;5.000e+01
6.759668000;1.079e+00;-2.444e-05;3.243e-01;-2.268e-05;3.007e-01;1.079e+00;-2.200e-05;2.919e-01;5.000e+01;1.000e+01;-4.168e-01;4.352e-01;4.352e-01;-5.104e-09;-3.007e-01;5.000e+01
6.874668000;1.079e+00;-2.556e-05;3.315e-01;-2.369e-05;3.071e-01;1.079e+00;-2.300e-05;2.983e-01;5.000e+01;1.000e+01;-4.168e-01;4.352e-01;4.352e-01;2.936e-09;-3.071e-01;5.000e+01
6.908668000;1.079e+00;-2.556e-05;3.336e-01;-2.367e-05;3.090e-01;1.079e+00;-2.299e-05;3.002e-01;5.000e+01;1.000e+01;-4.168e-01;4.352e-01;4.352e-01;5.027e-09;-3.090e-01;5.000e+01
6.909668000;1.080e+00;-2.556e-05;3.336e-01;-2.367e-05;3.090e-01;1.080e+00;-2.299e-05;3.003e-01;5.000e+01;1.000e+01;-4.168e-01;4.352e-01;4.352e-01;5.011e-09;-3.090e-01;5.000e+01
6.911668000;1.080e+00;-2.556e-05;3.337e-01;-2.367e-05;3.092e-01;1.080e+00;-2.299e-05;3.004e-01;5.000e+01;1.000e+01;-4.168e-01;4.352e-01;4.352e-01;4.973e-09;-3.092e-01;5.000e+01
6.927668000;1.080e+00;-2.667e-05;3.347e-01;-2.470e-05;3.100e-01;1.080e+00;-2.399e-05;3.013e-01;5.000e+01;1.000e+01;-4.168e-01;4.352e-01;4.352e-01;4.393e-09;-3.100e-01;5.000e+01
7.059668000;1.080e+00;-2.778e-05;3.428e-01;-2.571e-05;3.173e-01;1.080e+00;-2.500e-05;3.085e-01;5.000e+01;1.000e+01;-4.168e-01;4.352e-01;4.352e-01;-5.515e-10;-3.173e-01;5.000e+01
7.060668000;1.081e+00;-2.778e-05;3.429e-01;-2.571e-05;3.173e-01;1.081e+00;-2.500e-05;3.086e-01;5.000e+01;1.000e+01;-4.168e-01;4.352e-01;4.352e-01;-6.089e-10;-3.173e-01;5.000e+01
7.213668000;1.081e+00;-2.889e-05;3.522e-01;-2.671e-05;3.257e-01;1.081e+00;-2.600e-05;3.170e-01;5.000e+01;1.000e+01;-4.168e-01;4.352e-01;4.352e-01;2.574e-09;-3.257e-01;5.000e+01
7.214668000;1.082e+00;-2.889e-05;3.523e-01;-2.671e-05;3.257e-01;1.082e+00;-2.600e-05;3.170e-01;5.000e+01;1.000e+01;-4.168e-01;4.352e-01;4.352e-01;2.842e-09;-3.257e-01;5.000e+01
7.368668000;1.082e+00;-3.000e-05;3.615e-01;-2.771e-05;3.340e-01;1.082e+00;-2.700e-05;3.254e-01;5.000e+01;1.000e+01;-4.168e-01;4.352e-01;4.352e-01;2.983e-09;-3.340e-01;5.000e+01
7.369668000;1.083e+00;-3.000e-05;3.616e-01;-2.771e-05;3.340e-01;1.083e+00;-2.700e-05;3.254e-01;5.000e+01;1.000e+01;-4.168e-01;4.352e-01;4.352e-01;3.079e-09;-3.340e-01;5.000e+01
7.525668000;1.083e+00;-3.222e-05;3.709e-01;-2.974e-05;3.423e-01;1.083e+00;-2.900e-05;3.338e-01;5.000e+01;1.000e+01;-4.168e-01;4.352e-01;4.352e-01;1.036e-11;-3.423e-01;5.000e+01
7.526668000;1.084e+00;-3.222e-05;3.710e-01;-2.974e-05;3.424e-01;1.084e+00;-2.900e-05;3.339e-01;5.000e+01;1.000e+01;-4.168e-01;4.352e-01;4.352e-01;3.721e-10;-3.424e-01;5.000e+01
7.601668000;1.084e+00;-3.222e-05;3.754e-01;-2.973e-05;3.464e-01;1.084e+00;-2.900e-05;3.379e-01;5.000e+01;1.000e+01;-4.168e-01;4.352e-01;4.352e-01;3.633e-10;-3.464e-01;5.000e+01
7.608668000;1.084e+00;-3.333e-05;3.759e-01;-3.075e-05;3.467e-01;1.084e+00;-3.000e-05;3.383e-01;5.000e+01;1.000e+01;-4.168e-01;4.352e-01;4.352e-01;-4.254e-10;-3.467e-01;5.000e+01
7.620668000;1.084e+00;-3.333e-05;3.766e-01;-3.075e-05;3.474e-01;1.084e+00;-3.000e-05;3.389e-01;5.000e+01;1.000e+01;-4.168e-01;4.352e-01;4.352e-01;-1.604e-09;-3.473e-01;5.000e+01
7.683668000;1.084e+00;-3.333e-05;3.803e-01;-3.075e-05;3.507e-01;1.084e+00;-3.000e-05;3.423e-01;5.000e+01;1.000e+01;-4.168e-01;4.352e-01;4.352e-01;2.497e-09;-3.507e-01;5.000e+01
7.684668000;1.085e+00;-3.333e-05;3.803e-01;-3.075e-05;3.507e-01;1.085e+00;-3.000e-05;3.423e-01;5.000e+01;1.000e+01;-4.168e-01;4.352e-01;4.352e-01;2.731e-09;-3.507e-01;5.000e+01
7.843668000;1.085e+00;-3.556e-05;3.897e-01;-3.276e-05;3.590e-01;1.085e+00;-3.200e-05;3.507e-01;5.000e+01;1.000e+01;-4.168e-01;4.352e-01;4.352e-01;-5.987e-09;-3.590e-01;5.000e+01
7.844668000;1.086e+00;-3.556e-05;3.897e-01;-3.275e-05;3.590e-01;1.086e+00;-3.200e-05;3.508e-01;5.000e+01;1.000e+01;-4.168e-01;4.352e-01;4.352e-01;-6.027e-09;-3.590e-01;5.000e+01
8.005668000;1.086e+00;-3.667e-05;3.991e-01;-3.375e-05;3.673e-01;1.086e+00;-3.300e-05;3.592e-01;5.000e+01;1.000e+01;-4.168e-01;4.352e-01;4.352e-01;-1.111e-09;-3.673e-01;5.000e+01
8.006668000;1.087e+00;-3.667e-05;3.991e-01;-3.375e-05;3.674e-01;1.087e+00;-3.300e-05;3.592e-01;5.000e+01;1.000e+01;-4.168e-01;4.352e-01;4.352e-01;-1.178e-09;-3.674e-01;5.000e+01
8.170668000;1.087e+00;-3.889e-05;4.086e-01;-3.576e-05;3.757e-01;1.087e+00;-3.499e-05;3.677e-01;5.000e+01;1.000e+01;-4.168e-01;4.352e-01;4.352e-01;6.332e-09;-3.757e-01;5.000e+01
8.171668000;1.088e+00;-3.889e-05;4.086e-01;-3.576e-05;3.757e-01;1.088e+00;-3.499e-05;3.678e-01;5.000e+01;1.000e+01;-4.168e-01;4.352e-01;4.352e-01;6.280e-09;-3.757e-01;5.000e+01
8.319668000;1.088e+00;-4.000e-05;4.171e-01;-3.675e-05;3.832e-01;1.088e+00;-3.600e-05;3.754e-01;5.000e+01;1.000e+01;-4.168e-01;4.352e-01;4.352e-01;8.178e-09;-3.832e-01;5.000e+01
8.323668000;1.088e+00;-4.000e-05;4.173e-01;-3.675e-05;3.834e-01;1.088e+00;-3.600e-05;3.756e-01;5.000e+01;1.000e+01;-4.168e-01;4.352e-01;4.352e-01;7.869e-09;-3.834e-01;5.000e+01
8.327668000;1.088e+00;-4.000e-05;4.175e-01;-3.675e-05;3.836e-01;1.088e+00;-3.600e-05;3.757e-01;5.000e+01;1.000e+01;-4.168e-01;4.352e-01;4.352e-01;7.504e-09;-3.836e-01;5.000e+01
8.341668000;1.088e+00;-4.000e-05;4.180e-01;-3.675e-05;3.840e-01;1.088e+00;-3.600e-05;3.762e-01;5.000e+01;1.000e+01;-4.168e-01;4.352e-01;4.352e-01;5.784e-09;-3.840e-01;5.000e+01
8.342668000;1.089e+00;-4.000e-05;4.180e-01;-3.675e-05;3.841e-01;1.089e+00;-3.600e-05;3.762e-01;5.000e+01;1.000e+01;-4.168e-01;4.352e-01;4.352e-01;5.696e-09;-3.841e-01;5.000e+01
8.640668000;1.089e+00;-4.221e-05;4.275e-01;-3.875e-05;3.924e-01;1.089e+00;-3.800e-05;3.847e-01;5.000e+01;1.000e+01;-4.168e-01;4.352e-01;4.352e-01;6.065e-09;-3.924e-01;5.000e+01
8.641668000;1.090e+00;-4.221e-05;4.275e-01;-3.875e-05;3.924e-01;1.090e+00;-3.800e-05;3.848e-01;5.000e+01;1.000e+01;-4.168e-01;4.352e-01;4.352e-01;6.291e-09;-3.924e-01;5.000e+01
8.741668000;1.090e+00;-4.222e-05;4.304e-01;-3.873e-05;3.949e-01;1.090e+00;-3.801e-05;3.873e-01;5.000e+01;1.000e+01;-4.168e-01;4.352e-01;4.352e-01;-4.026e-09;-3.949e-01;5.000e+01
8.760668000;1.090e+00;-4.222e-05;4.309e-01;-3.874e-05;3.954e-01;1.090e+00;-3.801e-05;3.878e-01;5.000e+01;1.000e+01;-4.168e-01;4.352e-01;4.352e-01;-2.720e-09;-3.953e-01;5.000e+01
8.779668000;1.090e+00;-4.222e-05;4.314e-01;-3.873e-05;3.958e-01;1.090e+00;-3.801e-05;3.883e-01;5.000e+01;1.000e+01;-4.168e-01;4.352e-01;4.352e-01;-2.484e-09;-3.958e-01;5.000e+01
8.781668000;1.090e+00;-4.222e-05;4.314e-01;-3.873e-05;3.959e-01;1.090e+00;-3.801e-05;3.883e-01;5.000e+01;1.000e+01;-4.168e-01;4.352e-01;4.352e-01;-2.203e-09;-3.959e-01;5.000e+01
8.998668000;1.090e+00;-4.334e-05;4.369e-01;-3.974e-05;4.007e-01;1.090e+00;-3.900e-05;3.933e-01;5.000e+01;1.000e+01;-4.168e-01;4.352e-01;4.352e-01;3.495e-09;-4.007e-01;5.000e+01
8.999668000;1.091e+00;-4.333e-05;4.370e-01;-3.974e-05;4.007e-01;1.091e+00;-3.900e-05;3.933e-01;5.000e+01;1.000e+01;-4.168e-01;4.352e-01;4.352e-01;3.505e-09;-4.007e-01;5.000e+01
9.229668000;1.091e+00;-4.444e-05;4.421e-01;-4.075e-05;4.052e-01;1.091e+00;-4.000e-05;3.978e-01;5.000e+01;1.000e+01;-4.168e-01;4.352e-01;4.352e-01;4.163e-09;-4.052e-01;5.000e+01
9.245668000;1.091e+00;-4.444e-05;4.424e-01;-4.074e-05;4.055e-01;1.091e+00;-4.000e-05;3.981e-01;5.000e+01;1.000e+01;-4.168e-01;4.352e-01;4.352e-01;1.605e-09;-4.055e-01;5.000e+01
9.279668000;1.091e+00;-4.444e-05;4.431e-01;-4.073e-05;4.061e-01;1.091e+00;-3.999e-05;3.988e-01;5.000e+01;1.000e+01;-4.168e-01;4.352e-01;4.352e-01;-9.918e-10;-4.061e-01;5.000e+01
9.462668000;1.091e+00;-4.556e-05;4.465e-01;-4.174e-05;4.090e-01;1.091e+00;-4.100e-05;4.018e-01;5.000e+01;1.000e+01;-4.168e-01;4.352e-01;4.352e-01;-1.937e-09;-4.090e-01;5.000e+01
9.463668000;1.092e+00;-4.556e-05;4.465e-01;-4.174e-05;4.091e-01;1.092e+00;-4.100e-05;4.018e-01;5.000e+01;1.000e+01;-4.168e-01;4.352e-01;4.352e-01;-1.987e-09;-4.091e-01;5.000e+01
9.689668000;1.092e+00;-4.667e-05;4.501e-01;-4.274e-05;4.123e-01;1.092e+00;-4.200e-05;4.051e-01;5.000e+01;1.000e+01;-4.168e-01;4.352e-01;4.352e-01;-2.077e-09;-4.123e-01;5.000e+01
9.753668000;1.092e+00;-4.667e-05;4.511e-01;-4.274e-05;4.131e-01;1.092e+00;-4.200e-05;4.059e-01;5.000e+01;1.000e+01;-4.168e-01;4.352e-01;4.352e-01;-1.295e-09;-4.131e-01;5.000e+01
9.810668000;1.092e+00;-4.666e-05;4.518e-01;-4.273e-05;4.137e-01;1.092e+00;-4.200e-05;4.067e-01;5.000e+01;1.000e+01;-4.168e-01;4.352e-01;4.352e-01;-4.159e-09;-4.137e-01;5.000e+01
10.169668000;1.092e+00;-4.777e-05;4.560e-01;-4.374e-05;4.174e-01;1.092e+00;-4.300e-05;4.104e-01;5.000e+01;1.000e+01;-4.168e-01;4.352e-01;4.352e-01;6.250e-10;-4.174e-01;5.000e+01
10.170668000;1.093e+00;-4.777e-05;4.560e-01;-4.374e-05;4.174e-01;1.093e+00;-4.300e-05;4.104e-01;5.000e+01;1.000e+01;-4.168e-01;4.352e-01;4.352e-01;8.820e-10;-4.174e-01;5.000e+01
10.227668000;1.093e+00;-4.778e-05;4.565e-01;-4.373e-05;4.179e-01;1.093e+00;-4.300e-05;4.109e-01;5.000e+01;1.000e+01;-4.168e-01;4.352e-01;4.352e-01;2.133e-09;-4.179e-01;5.000e+01
10.274668000;1.093e+00;-4.778e-05;4.570e-01;-4.373e-05;4.182e-01;1.093e+00;-4.300e-05;4.113e-01;5.000e+01;1.000e+01;-4.168e-01;4.352e-01;4.352e-01;-6.533e-09;-4.182e-01;5.000e+01
10.299668000;1.093e+00;-4.777e-05;4.572e-01;-4.373e-05;4.184e-01;1.093e+00;-4.300e-05;4.115e-01;5.000e+01;1.000e+01;-4.168e-01;4.352e-01;4.352e-01;-8.005e-09;-4.184e-01;5.000e+01
10.669668000;1.093e+00;-4.778e-05;4.597e-01;-4.372e-05;4.207e-01;1.093e+00;-4.300e-05;4.138e-01;5.000e+01;1.000e+01;-4.168e-01;4.352e-01;4.352e-01;1.293e-09;-4.207e-01;5.000e+01
11.143668000;1.093e+00;-4.889e-05;4.616e-01;-4.472e-05;4.222e-01;1.093e+00;-4.400e-05;4.154e-01;5.000e+01;1.000e+01;-4.168e-01;4.352e-01;4.352e-01;-2.181e-09;-4.222e-01;5.000e+01
11.145668000;1.093e+00;-4.889e-05;4.616e-01;-4.472e-05;4.222e-01;1.093e+00;-4.400e-05;4.154e-01;5.000e+01;1.000e+01;-4.168e-01;4.352e-01;4.352e-01;-1.795e-09;-4.223e-01;5.000e+01
11.146668000;1.093e+00;-4.889e-05;4.616e-01;-4.472e-05;4.223e-01;1.093e+00;-4.400e-05;4.154e-01;5.000e+01;1.000e+01;-4.168e-01;4.352e-01;4.352e-01;-1.576e-09;-4.223e-01;5.000e+01
11.172668000;1.093e+00;-4.889e-05;4.616e-01;-4.472e-05;4.223e-01;1.093e+00;-4.400e-05;4.155e-01;5.000e+01;1.000e+01;-4.168e-01;4.352e-01;4.352e-01;3.073e-09;-4.223e-01;5.000e+01
11.430668000;1.093e+00;-4.889e-05;4.620e-01;-4.472e-05;4.226e-01;1.093e+00;-4.400e-05;4.158e-01;5.000e+01;1.000e+01;-4.168e-01;4.352e-01;4.352e-01;2.547e-09;-4.226e-01;5.000e+01
12.182668000;1.093e+00;-4.889e-05;4.612e-01;-4.473e-05;4.219e-01;1.093e+00;-4.400e-05;4.151e-01;5.000e+01;1.000e+01;-4.168e-01;4.352e-01;4.352e-01;8.572e-09;-4.219e-01;5.000e+01
12.189668000;1.093e+00;-4.889e-05;4.612e-01;-4.473e-05;4.219e-01;1.093e+00;-4.400e-05;4.150e-01;5.000e+01;1.000e+01;-4.168e-01;4.352e-01;4.352e-01;8.740e-09;-4.219e-01;5.000e+01
12.209668000;1.093e+00;-4.889e-05;4.611e-01;-4.473e-05;4.219e-01;1.093e+00;-4.400e-05;4.150e-01;5.000e+01;1.000e+01;-4.168e-01;4.352e-01;4.352e-01;7.360e-09;-4.219e-01;5.000e+01
13.469668000;1.093e+00;-4.777e-05;4.560e-01;-4.373e-05;4.174e-01;1.093e+00;-4.300e-05;4.104e-01;5.000e+01;1.000e+01;-4.168e-01;4.352e-01;4.352e-01;-2.957e-09;-4.174e-01;5.000e+01
13.470668000;1.092e+00;-4.777e-05;4.560e-01;-4.373e-05;4.174e-01;1.092e+00;-4.300e-05;4.104e-01;5.000e+01;1.000e+01;-4.168e-01;4.352e-01;4.352e-01;-3.026e-09;-4.174e-01;5.000e+01
15.254668000;1.092e+00;-4.556e-05;4.465e-01;-4.174e-05;4.091e-01;1.092e+00;-4.100e-05;4.018e-01;5.000e+01;1.000e+01;-4.168e-01;4.352e-01;4.352e-01;1.266e-10;-4.091e-01;5.000e+01
15.255668000;1.091e+00;-4.556e-05;4.465e-01;-4.174e-05;4.090e-01;1.091e+00;-4.100e-05;4.018e-01;5.000e+01;1.000e+01;-4.168e-01;4.352e-01;4.352e-01;-1.259e-10;-4.090e-01;5.000e+01
16.783668000;1.091e+00;-4.444e-05;4.395e-01;-4.075e-05;4.030e-01;1.091e+00;-4.000e-05;3.956e-01;5.000e+01;1.000e+01;-4.168e-01;4.352e-01;4.352e-01;5.349e-09;-4.029e-01;5.000e+01
16.813668000;1.091e+00;-4.444e-05;4.394e-01;-4.075e-05;4.028e-01;1.091e+00;-4.000e-05;3.955e-01;5.000e+01;1.000e+01;-4.168e-01;4.352e-01;4.352e-01;3.764e-09;-4.028e-01;5.000e+01
17.027668000;1.091e+00;-4.444e-05;4.386e-01;-4.075e-05;4.021e-01;1.091e+00;-4.000e-05;3.947e-01;5.000e+01;1.000e+01;-4.168e-01;4.352e-01;4.352e-01;4.929e-09;-4.021e-01;5.000e+01
17.044668000;1.091e+00;-4.444e-05;4.385e-01;-4.075e-05;4.021e-01;1.091e+00;-4.000e-05;3.947e-01;5.000e+01;1.000e+01;-4.168e-01;4.352e-01;4.352e-01;6.591e-09;-4.021e-01;5.000e+01
17.510668000;1.091e+00;-4.333e-05;4.370e-01;-3.974e-05;4.007e-01;1.091e+00;-3.901e-05;3.933e-01;5.000e+01;1.000e+01;-4.168e-01;4.352e-01;4.352e-01;3.669e-09;-4.007e-01;5.000e+01
17.511668000;1.090e+00;-4.333e-05;4.370e-01;-3.974e-05;4.007e-01;1.090e+00;-3.901e-05;3.933e-01;5.000e+01;1.000e+01;-4.168e-01;4.352e-01;4.352e-01;4.017e-09;-4.007e-01;5.000e+01
18.654668000;1.090e+00;-4.333e-05;4.339e-01;-3.975e-05;3.980e-01;1.090e+00;-3.901e-05;3.905e-01;5.000e+01;1.000e+01;-4.168e-01;4.352e-01;4.352e-01;-2.798e-09;-3.980e-01;5.000e+01
18.699668000;1.090e+00;-4.333e-05;4.338e-01;-3.976e-05;3.980e-01;1.090e+00;-3.900e-05;3.905e-01;5.000e+01;1.000e+01;-4.168e-01;4.352e-01;4.352e-01;-2.591e-09;-3.980e-01;5.000e+01
19.792668000;1.090e+00;-4.333e-05;4.320e-01;-3.976e-05;3.963e-01;1.090e+00;-3.900e-05;3.888e-01;5.000e+01;1.000e+01;-4.168e-01;4.352e-01;4.352e-01;-3.167e-11;-3.963e-01;5.000e+01
20.468668000;1.090e+00;-4.222e-05;4.313e-01;-3.874e-05;3.957e-01;1.090e+00;-3.799e-05;3.881e-01;5.000e+01;1.000e+01;-4.168e-01;4.352e-01;4.352e-01;4.085e-09;-3.957e-01;5.000e+01
20.501668000;1.090e+00;-4.222e-05;4.312e-01;-3.874e-05;3.957e-01;1.090e+00;-3.799e-05;3.881e-01;5.000e+01;1.000e+01;-4.168e-01;4.352e-01;4.352e-01;-9.556e-10;-3.957e-01;5.000e+01
22.080668000;1.090e+00;-4.222e-05;4.304e-01;-3.874e-05;3.949e-01;1.090e+00;-3.800e-05;3.874e-01;5.000e+01;1.000e+01;-4.168e-01;4.352e-01;4.352e-01;1.388e-10;-3.950e-01;5.000e+01
22.083668000;1.090e+00;-4.222e-05;4.304e-01;-3.874e-05;3.949e-01;1.090e+00;-3.800e-05;3.874e-01;5.000e+01;1.000e+01;-4.168e-01;4.352e-01;4.352e-01;4.660e-10;-3.949e-01;5.000e+01
23.871668000;1.090e+00;-4.222e-05;4.303e-01;-3.874e-05;3.949e-01;1.090e+00;-3.800e-05;3.873e-01;5.000e+01;1.000e+01;-4.168e-01;4.352e-01;4.352e-01;4.355e-09;-3.949e-01;5.000e+01
29.989994000;1.090e+00;-4.222e-05;4.313e-01;-3.874e-05;3.957e-01;1.090e+00;-3.800e-05;3.881e-01;5.000e+01;1.000e+01;-4.168e-01;4.352e-01;4.352e-01;2.733e-09;-3.957e-01;5.000e+01
29.990026000;1.090e+00;-4.333e-05;4.313e-01;-3.975e-05;3.957e-01;1.090e+00;-3.900e-05;3.882e-01;5.000e+01;1.000e+01;-4.168e-01;4.352e-01;4.352e-01;2.621e-09;-3.957e-01;5.000e+01
29.990058000;1.090e+00;-4.333e-05;4.314e-01;-3.975e-05;3.957e-01;1.090e+00;-3.900e-05;3.883e-01;5.000e+01;1.000e+01;-4.168e-01;4.352e-01;4.352e-01;2.576e-09;-3.957e-01;5.000e+01
29.991018000;1.095e+00;-4.889e-05;4.332e-01;-4.465e-05;3.957e-01;1.095e+00;-4.400e-05;3.899e-01;5.000e+01;1.000e+01;-4.168e-01;4.352e-01;4.352e-01;2.232e-09;-3.957e-01;5.000e+01
29.993322000;1.106e+00;-5.333e-05;4.369e-01;-4.820e-05;3.948e-01;1.106e+00;-4.800e-05;3.932e-01;5.000e+01;1.000e+01;-4.168e-01;4.352e-01;4.352e-01;9.712e-10;-3.948e-01;5.000e+01
29.994295000;1.111e+00;-5.444e-05;4.380e-01;-4.900e-05;3.941e-01;1.111e+00;-4.900e-05;3.942e-01;5.000e+01;1.000e+01;-4.168e-01;4.352e-01;4.352e-01;6.919e-10;-3.941e-01;5.000e+01
29.996138000;1.120e+00;-5.556e-05;4.392e-01;-4.960e-05;3.921e-01;1.120e+00;-5.000e-05;3.953e-01;5.000e+01;1.000e+01;-4.168e-01;4.352e-01;4.352e-01;3.151e-10;-3.921e-01;5.000e+01
29.997060000;1.125e+00;-5.667e-05;4.394e-01;-5.039e-05;3.907e-01;1.125e+00;-5.100e-05;3.955e-01;5.000e+01;1.000e+01;-4.168e-01;4.352e-01;4.352e-01;2.400e-10;-3.907e-01;5.000e+01
29.997520000;1.127e+00;-5.667e-05;4.394e-01;-5.029e-05;3.899e-01;1.127e+00;-5.100e-05;3.954e-01;5.000e+01;1.000e+01;-4.168e-01;4.352e-01;4.352e-01;2.363e-10;-3.899e-01;5.000e+01
29.999994000;1.138e+00;-5.778e-05;4.379e-01;-5.076e-05;3.847e-01;1.138e+00;-5.200e-05;3.941e-01;5.000e+01;1.000e+01;-4.168e-01;4.352e-01;4.352e-01;7.519e-10;-3.847e-01;5.000e+01
29.999994000;1.139e+00;-5.778e-05;4.380e-01;-5.075e-05;3.847e-01;1.139e+00;-5.200e-05;3.942e-01;5.000e+01;1.000e+01;-4.168e-01;4.352e-01;4.352e-01;9.258e-10;-3.847e-01;5.000e+01
30.001530000;1.146e+00;-5.889e-05;4.360e-01;-5.141e-05;3.806e-01;1.146e+00;-5.300e-05;3.924e-01;5.000e+01;1.000e+01;-4.168e-01;4.352e-01;4.352e-01;3.891e-09;-3.806e-01;5.000e+01
30.002042000;1.148e+00;-5.889e-05;4.352e-01;-5.130e-05;3.790e-01;1.148e+00;-5.300e-05;3.917e-01;5.000e+01;1.000e+01;-4.168e-01;4.352e-01;4.352e-01;4.078e-09;-3.790e-01;5.000e+01
30.006650000;1.169e+00;-5.778e-05;4.239e-01;-4.943e-05;3.625e-01;1.169e+00;-5.200e-05;3.815e-01;5.000e+01;1.000e+01;-4.168e-01;4.352e-01;4.352e-01;4.676e-09;-3.625e-01;5.000e+01
30.009994000;1.184e+00;-5.556e-05;4.119e-01;-4.693e-05;3.478e-01;1.184e+00;-5.000e-05;3.707e-01;5.000e+01;1.000e+01;-4.168e-01;4.352e-01;4.352e-01;3.946e-09;-3.478e-01;5.000e+01
30.011018000;1.184e+00;-5.000e-05;4.060e-01;-4.225e-05;3.430e-01;1.184e+00;-4.500e-05;3.654e-01;5.000e+01;1.000e+01;-4.168e-01;4.352e-01;4.352e-01;1.311e-09;-3.430e-01;5.000e+01
30.011274000;1.183e+00;-5.000e-05;4.045e-01;-4.226e-05;3.418e-01;1.183e+00;-4.500e-05;3.641e-01;5.000e+01;1.000e+01;-4.168e-01;4.352e-01;4.352e-01;1.166e-09;-3.418e-01;5.000e+01
30.012810000;1.183e+00;-4.667e-05;3.958e-01;-3.947e-05;3.347e-01;1.183e+00;-4.200e-05;3.562e-01;5.000e+01;1.000e+01;-4.168e-01;4.352e-01;4.352e-01;5.192e-10;-3.347e-01;5.000e+01
30.013066000;1.182e+00;-4.556e-05;3.943e-01;-3.854e-05;3.335e-01;1.182e+00;-4.100e-05;3.549e-01;5.000e+01;1.000e+01;-4.168e-01;4.352e-01;4.352e-01;4.332e-10;-3.335e-01;5.000e+01
30.014602000;1.182e+00;-4.333e-05;3.859e-01;-3.667e-05;3.266e-01;1.182e+00;-3.900e-05;3.473e-01;5.000e+01;1.000e+01;-4.168e-01;4.352e-01;4.352e-01;6.069e-11;-3.266e-01;5.000e+01
30.015114000;1.181e+00;-4.222e-05;3.832e-01;-3.574e-05;3.244e-01;1.181e+00;-3.800e-05;3.449e-01;5.000e+01;1.000e+01;-4.168e-01;4.352e-01;4.352e-01;2.340e-11;-3.244e-01;5.000e+01
30.016496000;1.181e+00;-4.111e-05;3.762e-01;-3.482e-05;3.186e-01;1.181e+00;-3.700e-05;3.385e-01;5.000e+01;1.000e+01;-4.168e-01;4.352e-01;4.352e-01;-5.692e-11;-3.186e-01;5.000e+01
30.016957000;1.180e+00;-4.000e-05;3.739e-01;-3.389e-05;3.168e-01;1.180e+00;-3.600e-05;3.365e-01;5.000e+01;1.000e+01;-4.168e-01;4.352e-01;4.352e-01;-7.856e-11;-3.168e-01;5.000e+01
30.018800000;1.180e+00;-3.667e-05;3.654e-01;-3.108e-05;3.098e-01;1.180e+00;-3.300e-05;3.289e-01;5.000e+01;1.000e+01;-4.168e-01;4.352e-01;4.352e-01;-1.374e-10;-3.098e-01;5.000e+01
30.019261000;1.179e+00;-3.667e-05;3.635e-01;-3.109e-05;3.082e-01;1.179e+00;-3.300e-05;3.271e-01;5.000e+01;1.000e+01;-4.168e-01;4.352e-01;4.352e-01;-1.364e-10;-3.082e-01;5.000e+01
30.020644000;1.179e+00;-3.444e-05;3.578e-01;-2.922e-05;3.036e-01;1.179e+00;-3.100e-05;3.221e-01;5.000e+01;1.000e+01;-4.168e-01;4.352e-01;4.352e-01;-9.006e-11;-3.036e-01;5.000e+01
30.021565000;1.179e+00;-3.333e-05;3.544e-01;-2.828e-05;3.007e-01;1.179e+00;-3.000e-05;3.189e-01;5.000e+01;1.000e+01;-4.168e-01;4.352e-01;4.352e-01;-3.643e-11;-3.007e-01;5.000e+01
30.022026000;1.178e+00;-3.222e-05;3.527e-01;-2.735e-05;2.993e-01;1.178e+00;-2.900e-05;3.175e-01;5.000e+01;1.000e+01;-4.168e-01;4.352e-01;4.352e-01;-5.679e-12;-2.993e-01;5.000e+01
30.023869000;1.178e+00;-3.000e-05;3.467e-01;-2.547e-05;2.943e-01;1.178e+00;-2.700e-05;3.120e-01;5.000e+01;1.000e+01;-4.168e-01;4.352e-01;4.352e-01;1.138e-10;-2.943e-01;5.000e+01
30.024330000;1.178e+00;-3.000e-05;3.453e-01;-2.548e-05;2.932e-01;1.178e+00;-2.700e-05;3.107e-01;5.000e+01;1.000e+01;-4.168e-01;4.352e-01;4.352e-01;1.353e-10;-2.932e-01;5.000e+01
30.024791000;1.177e+00;-2.889e-05;3.439e-01;-2.453e-05;2.921e-01;1.177e+00;-2.600e-05;3.095e-01;5.000e+01;1.000e+01;-4.168e-01;4.352e-01;4.352e-01;1.499e-10;-2.921e-01;5.000e+01
30.025712000;1.177e+00;-2.778e-05;3.414e-01;-2.360e-05;2.900e-01;1.177e+00;-2.500e-05;3.072e-01;5.000e+01;1.000e+01;-4.168e-01;4.352e-01;4.352e-01;1.529e-10;-2.900e-01;5.000e+01
30.026634000;1.177e+00;-2.667e-05;3.390e-01;-2.266e-05;2.881e-01;1.177e+00;-2.400e-05;3.051e-01;5.000e+01;1.000e+01;-4.168e-01;4.352e-01;4.352e-01;1.224e-10;-2.881e-01;5.000e+01
30.028477000;1.177e+00;-2.556e-05;3.349e-01;-2.172e-05;2.846e-01;1.177e+00;-2.300e-05;3.014e-01;5.000e+01;1.000e+01;-4.168e-01;4.352e-01;4.352e-01;1.203e-12;-2.846e-01;5.000e+01
30.028938000;1.176e+00;-2.444e-05;3.339e-01;-2.078e-05;2.838e-01;1.176e+00;-2.200e-05;3.005e-01;5.000e+01;1.000e+01;-4.168e-01;4.352e-01;4.352e-01;-3.950e-11;-2.838e-01;5.000e+01
30.032124000;1.176e+00;-2.333e-05;3.279e-01;-1.984e-05;2.789e-01;1.176e+00;-2.100e-05;2.951e-01;5.000e+01;1.000e+01;-4.168e-01;4.352e-01;4.352e-01;-1.853e-10;-2.789e-01;5.000e+01
30.033086000;1.176e+00;-2.333e-05;3.263e-01;-1.985e-05;2.775e-01;1.176e+00;-2.100e-05;2.936e-01;5.000e+01;1.000e+01;-4.168e-01;4.352e-01;4.352e-01;-1.502e-10;-2.775e-01;5.000e+01
30.034048000;1.176e+00;-2.222e-05;3.247e-01;-1.890e-05;2.762e-01;1.176e+00;-2.000e-05;2.922e-01;5.000e+01;1.000e+01;-4.168e-01;4.352e-01;4.352e-01;-1.011e-10;-2.762e-01;5.000e+01
30.034529000;1.175e+00;-2.222e-05;3.239e-01;-1.890e-05;2.755e-01;1.175e+00;-2.000e-05;2.915e-01;5.000e+01;1.000e+01;-4.168e-01;4.352e-01;4.352e-01;-7.677e-11;-2.755e-01;5.000e+01
30.038377000;1.175e+00;-2.111e-05;3.183e-01;-1.797e-05;2.709e-01;1.175e+00;-1.900e-05;2.864e-01;5.000e+01;1.000e+01;-4.168e-01;4.352e-01;4.352e-01;-2.480e-11;-2.709e-01;5.000e+01
30.041264000;1.175e+00;-2.000e-05;3.148e-01;-1.703e-05;2.680e-01;1.175e+00;-1.800e-05;2.833e-01;5.000e+01;1.000e+01;-4.168e-01;4.352e-01;4.352e-01;-9.102e-11;-2.680e-01;5.000e+01
30.042226000;1.174e+00;-2.000e-05;3.137e-01;-1.703e-05;2.671e-01;1.174e+00;-1.800e-05;2.823e-01;5.000e+01;1.000e+01;-4.168e-01;4.352e-01;4.352e-01;-1.363e-10;-2.671e-01;5.000e+01
30.048960000;1.174e+00;-1.778e-05;3.079e-01;-1.514e-05;2.623e-01;1.174e+00;-1.600e-05;2.772e-01;5.000e+01;1.000e+01;-4.168e-01;4.352e-01;4.352e-01;-7.732e-10;-2.623e-01;5.000e+01
30.050885000;1.174e+00;-1.778e-05;3.067e-01;-1.515e-05;2.613e-01;1.174e+00;-1.600e-05;2.761e-01;5.000e+01;1.000e+01;-4.168e-01;4.352e-01;4.352e-01;-1.041e-09;-2.613e-01;5.000e+01
30.052809000;1.174e+00;-1.667e-05;3.057e-01;-1.420e-05;2.605e-01;1.174e+00;-1.500e-05;2.751e-01;5.000e+01;1.000e+01;-4.168e-01;4.352e-01;4.352e-01;-1.339e-09;-2.605e-01;5.000e+01
30.056657000;1.174e+00;-1.667e-05;3.040e-01;-1.420e-05;2.591e-01;1.174e+00;-1.500e-05;2.736e-01;5.000e+01;1.000e+01;-4.168e-01;4.352e-01;4.352e-01;-2.051e-09;-2.591e-01;5.000e+01
30.057619000;1.173e+00;-1.667e-05;3.037e-01;-1.420e-05;2.588e-01;1.173e+00;-1.500e-05;2.733e-01;5.000e+01;1.000e+01;-4.168e-01;4.352e-01;4.352e-01;-2.260e-09;-2.588e-01;5.000e+01
30.061468000;1.173e+00;-1.667e-05;3.026e-01;-1.420e-05;2.579e-01;1.173e+00;-1.501e-05;2.724e-01;5.000e+01;1.000e+01;-4.168e-01;4.352e-01;4.352e-01;-3.211e-09;-2.579e-01;5.000e+01
30.062430000;1.173e+00;-1.667e-05;3.024e-01;-1.420e-05;2.577e-01;1.173e+00;-1.501e-05;2.722e-01;5.000e+01;1.000e+01;-4.168e-01;4.352e-01;4.352e-01;-3.461e-09;-2.577e-01;5.000e+01
30.064354000;1.173e+00;-1.556e-05;3.020e-01;-1.326e-05;2.574e-01;1.173e+00;-1.401e-05;2.718e-01;5.000e+01;1.000e+01;-4.168e-01;4.352e-01;4.352e-01;-3.940e-09;-2.574e-01;5.000e+01
30.078013000;1.173e+00;-1.556e-05;3.009e-01;-1.326e-05;2.564e-01;1.173e+00;-1.400e-05;2.708e-01;5.000e+01;1.000e+01;-4.168e-01;4.352e-01;4.352e-01;-5.233e-09;-2.564e-01;5.000e+01
30.079013000;1.173e+00;-1.556e-05;3.008e-01;-1.326e-05;2.564e-01;1.173e+00;-1.400e-05;2.707e-01;5.000e+01;1.000e+01;-4.168e-01;4.352e-01;4.352e-01;-5.195e-09;-2.564e-01;5.000e+01
30.335013000;1.173e+00;-1.779e-05;3.039e-01;-1.514e-05;2.590e-01;1.173e+00;-1.600e-05;2.735e-01;5.000e+01;1.000e+01;-4.168e-01;4.352e-01;4.352e-01;2.087e-09;-2.590e-01;5.000e+01
30.336013000;1.174e+00;-1.779e-05;3.039e-01;-1.514e-05;2.590e-01;1.174e+00;-1.600e-05;2.735e-01;5.000e+01;1.000e+01;-4.168e-01;4.352e-01;4.352e-01;2.105e-09;-2.590e-01;5.000e+01
31.206013000;1.174e+00;-2.001e-05;3.140e-01;-1.703e-05;2.673e-01;1.174e+00;-1.800e-05;2.826e-01;5.000e+01;1.000e+01;-4.168e-01;4.352e-01;4.352e-01;-3.566e-09;-2.673e-01;5.000e+01
31.207013000;1.175e+00;-2.001e-05;3.140e-01;-1.703e-05;2.673e-01;1.175e+00;-1.800e-05;2.826e-01;5.000e+01;1.000e+01;-4.168e-01;4.352e-01;4.352e-01;-3.566e-09;-2.673e-01;5.000e+01
32.043013000;1.175e+00;-2.111e-05;3.231e-01;-1.796e-05;2.748e-01;1.175e+00;-1.900e-05;2.908e-01;5.000e+01;1.000e+01;-4.168e-01;4.352e-01;4.352e-01;-6.760e-09;-2.748e-01;5.000e+01
32.055013000;1.175e+00;-2.111e-05;3.232e-01;-1.796e-05;2.750e-01;1.175e+00;-1.900e-05;2.909e-01;5.000e+01;1.000e+01;-4.168e-01;4.352e-01;4.352e-01;-2.907e-09;-2.750e-01;5.000e+01
32.135013000;1.175e+00;-2.112e-05;3.240e-01;-1.795e-05;2.756e-01;1.175e+00;-1.901e-05;2.916e-01;5.000e+01;1.000e+01;-4.168e-01;4.352e-01;4.352e-01;-1.032e-09;-2.756e-01;5.000e+01
32.136013000;1.176e+00;-2.112e-05;3.240e-01;-1.795e-05;2.757e-01;1.176e+00;-1.901e-05;2.916e-01;5.000e+01;1.000e+01;-4.168e-01;4.352e-01;4.352e-01;-9.015e-10;-2.757e-01;5.000e+01
32.147013000;1.176e+00;-2.112e-05;3.242e-01;-1.795e-05;2.758e-01;1.176e+00;-1.901e-05;2.917e-01;5.000e+01;1.000e+01;-4.168e-01;4.352e-01;4.352e-01;9.623e-10;-2.758e-01;5.000e+01
33.128013000;1.176e+00;-2.222e-05;3.341e-01;-1.890e-05;2.840e-01;1.176e+00;-1.999e-05;3.007e-01;5.000e+01;1.000e+01;-4.168e-01;4.352e-01;4.352e-01;1.492e-09;-2.840e-01;5.000e+01
33.129013000;1.177e+00;-2.222e-05;3.341e-01;-1.890e-05;2.840e-01;1.177e+00;-1.999e-05;3.007e-01;5.000e+01;1.000e+01;-4.168e-01;4.352e-01;4.352e-01;1.487e-09;-2.840e-01;5.000e+01
34.197013000;1.177e+00;-2.333e-05;3.442e-01;-1.982e-05;2.923e-01;1.177e+00;-2.100e-05;3.098e-01;5.000e+01;1.000e+01;-4.168e-01;4.352e-01;4.352e-01;-1.139e-09;-2.923e-01;5.000e+01
34.198013000;1.178e+00;-2.333e-05;3.442e-01;-1.982e-05;2.923e-01;1.178e+00;-2.100e-05;3.098e-01;5.000e+01;1.000e+01;-4.168e-01;4.352e-01;4.352e-01;-1.235e-09;-2.923e-01;5.000e+01
34.205013000;1.178e+00;-2.333e-05;3.443e-01;-1.982e-05;2.924e-01;1.178e+00;-2.100e-05;3.099e-01;5.000e+01;1.000e+01;-4.168e-01;4.352e-01;4.352e-01;-1.582e-09;-2.924e-01;5.000e+01
34.268013000;1.178e+00;-2.333e-05;3.448e-01;-1.981e-05;2.929e-01;1.178e+00;-2.100e-05;3.104e-01;5.000e+01;1.000e+01;-4.168e-01;4.352e-01;4.352e-01;-2.311e-09;-2.929e-01;5.000e+01
34.290013000;1.178e+00;-2.333e-05;3.451e-01;-1.981e-05;2.930e-01;1.178e+00;-2.100e-05;3.105e-01;5.000e+01;1.000e+01;-4.168e-01;4.352e-01;4.352e-01;-3.031e-09;-2.930e-01;5.000e+01
35.352013000;1.178e+00;-2.443e-05;3.543e-01;-2.074e-05;3.006e-01;1.178e+00;-2.200e-05;3.189e-01;5.000e+01;1.000e+01;-4.168e-01;4.352e-01;4.352e-01;-7.294e-09;-3.006e-01;5.000e+01
35.353013000;1.179e+00;-2.443e-05;3.543e-01;-2.074e-05;3.007e-01;1.179e+00;-2.200e-05;3.189e-01;5.000e+01;1.000e+01;-4.168e-01;4.352e-01;4.352e-01;-7.128e-09;-3.007e-01;5.000e+01
36.474013000;1.179e+00;-2.556e-05;3.634e-01;-2.167e-05;3.081e-01;1.179e+00;-2.300e-05;3.271e-01;5.000e+01;1.000e+01;-4.168e-01;4.352e-01;4.352e-01;4.647e-09;-3.081e-01;5.000e+01
36.558013000;1.179e+00;-2.556e-05;3.640e-01;-2.167e-05;3.087e-01;1.179e+00;-2.300e-05;3.276e-01;5.000e+01;1.000e+01;-4.168e-01;4.352e-01;4.352e-01;4.055e-09;-3.087e-01;5.000e+01
36.585013000;1.179e+00;-2.556e-05;3.643e-01;-2.167e-05;3.088e-01;1.179e+00;-2.300e-05;3.278e-01;5.000e+01;1.000e+01;-4.168e-01;4.352e-01;4.352e-01;3.927e-09;-3.088e-01;5.000e+01
36.612013000;1.179e+00;-2.557e-05;3.645e-01;-2.167e-05;3.090e-01;1.179e+00;-2.300e-05;3.280e-01;5.000e+01;1.000e+01;-4.168e-01;4.352e-01;4.352e-01;1.666e-10;-3.090e-01;5.000e+01
36.613013000;1.180e+00;-2.557e-05;3.645e-01;-2.167e-05;3.090e-01;1.180e+00;-2.300e-05;3.280e-01;5.000e+01;1.000e+01;-4.168e-01;4.352e-01;4.352e-01;-2.340e-11;-3.090e-01;5.000e+01
37.993013000;1.180e+00;-2.777e-05;3.746e-01;-2.353e-05;3.173e-01;1.180e+00;-2.500e-05;3.371e-01;5.000e+01;1.000e+01;-4.168e-01;4.352e-01;4.352e-01;3.855e-09;-3.173e-01;5.000e+01
37.994013000;1.181e+00;-2.777e-05;3.746e-01;-2.353e-05;3.173e-01;1.181e+00;-2.500e-05;3.371e-01;5.000e+01;1.000e+01;-4.168e-01;4.352e-01;4.352e-01;3.848e-09;-3.173e-01;5.000e+01
38.869013000;1.181e+00;-2.778e-05;3.806e-01;-2.352e-05;3.222e-01;1.181e+00;-2.500e-05;3.425e-01;5.000e+01;1.000e+01;-4.168e-01;4.352e-01;4.352e-01;-4.133e-09;-3.222e-01;5.000e+01
38.895013000;1.181e+00;-2.889e-05;3.807e-01;-2.446e-05;3.223e-01;1.181e+00;-2.600e-05;3.427e-01;5.000e+01;1.000e+01;-4.168e-01;4.352e-01;4.352e-01;-6.501e-09;-3.223e-01;5.000e+01
38.896013000;1.181e+00;-2.889e-05;3.807e-01;-2.446e-05;3.224e-01;1.181e+00;-2.600e-05;3.427e-01;5.000e+01;1.000e+01;-4.168e-01;4.352e-01;4.352e-01;-6.165e-09;-3.224e-01;5.000e+01
38.933013000;1.181e+00;-2.889e-05;3.810e-01;-2.445e-05;3.225e-01;1.181e+00;-2.600e-05;3.429e-01;5.000e+01;1.000e+01;-4.168e-01;4.352e-01;4.352e-01;-2.080e-09;-3.226e-01;5.000e+01
39.525013000;1.181e+00;-2.889e-05;3.848e-01;-2.445e-05;3.257e-01;1.181e+00;-2.600e-05;3.463e-01;5.000e+01;1.000e+01;-4.168e-01;4.352e-01;4.352e-01;1.628e-09;-3.257e-01;5.000e+01
39.526013000;1.182e+00;-2.889e-05;3.848e-01;-2.445e-05;3.257e-01;1.182e+00;-2.600e-05;3.463e-01;5.000e+01;1.000e+01;-4.168e-01;4.352e-01;4.352e-01;1.613e-09;-3.257e-01;5.000e+01
41.241013000;1.182e+00;-3.000e-05;3.950e-01;-2.537e-05;3.340e-01;1.182e+00;-2.700e-05;3.555e-01;5.000e+01;1.000e+01;-4.168e-01;4.352e-01;4.352e-01;-1.205e-09;-3.340e-01;5.000e+01
41.242013000;1.183e+00;-3.000e-05;3.950e-01;-2.537e-05;3.340e-01;1.183e+00;-2.700e-05;3.555e-01;5.000e+01;1.000e+01;-4.168e-01;4.352e-01;4.352e-01;-1.147e-09;-3.340e-01;5.000e+01
41.385013000;1.183e+00;-3.000e-05;3.958e-01;-2.537e-05;3.347e-01;1.183e+00;-2.700e-05;3.562e-01;5.000e+01;1.000e+01;-4.168e-01;4.352e-01;4.352e-01;-2.933e-09;-3.347e-01;5.000e+01
41.400013000;1.183e+00;-3.111e-05;3.958e-01;-2.631e-05;3.347e-01;1.183e+00;-2.800e-05;3.563e-01;5.000e+01;1.000e+01;-4.168e-01;4.352e-01;4.352e-01;-2.385e-09;-3.347e-01;5.000e+01
41.403013000;1.183e+00;-3.111e-05;3.959e-01;-2.631e-05;3.347e-01;1.183e+00;-2.800e-05;3.563e-01;5.000e+01;1.000e+01;-4.168e-01;4.352e-01;4.352e-01;-1.991e-09;-3.347e-01;5.000e+01
41.407013000;1.183e+00;-3.111e-05;3.959e-01;-2.631e-05;3.348e-01;1.183e+00;-2.800e-05;3.563e-01;5.000e+01;1.000e+01;-4.168e-01;4.352e-01;4.352e-01;-1.303e-09;-3.347e-01;5.000e+01
43.198013000;1.183e+00;-3.223e-05;4.052e-01;-2.723e-05;3.423e-01;1.183e+00;-2.899e-05;3.646e-01;5.000e+01;1.000e+01;-4.168e-01;4.352e-01;4.352e-01;3.908e-09;-3.423e-01;5.000e+01
43.199013000;1.184e+00;-3.223e-05;4.052e-01;-2.723e-05;3.423e-01;1.184e+00;-2.899e-05;3.647e-01;5.000e+01;1.000e+01;-4.168e-01;4.352e-01;4.352e-01;3.908e-09;-3.423e-01;5.000e+01
44.041013000;1.184e+00;-3.222e-05;4.092e-01;-2.722e-05;3.456e-01;1.184e+00;-2.899e-05;3.682e-01;5.000e+01;1.000e+01;-4.168e-01;4.352e-01;4.352e-01;1.767e-09;-3.456e-01;5.000e+01
44.055013000;1.184e+00;-3.222e-05;4.092e-01;-2.722e-05;3.457e-01;1.184e+00;-2.899e-05;3.683e-01;5.000e+01;1.000e+01;-4.168e-01;4.352e-01;4.352e-01;2.333e-09;-3.457e-01;5.000e+01
44.069013000;1.184e+00;-3.222e-05;4.093e-01;-2.722e-05;3.457e-01;1.184e+00;-2.900e-05;3.684e-01;5.000e+01;1.000e+01;-4.168e-01;4.352e-01;4.352e-01;1.749e-09;-3.457e-01;5.000e+01
45.464013000;1.184e+00;-3.333e-05;4.154e-01;-2.814e-05;3.507e-01;1.184e+00;-3.000e-05;3.738e-01;5.000e+01;1.000e+01;-4.168e-01;4.352e-01;4.352e-01;3.913e-10;-3.507e-01;5.000e+01
45.465013000;1.185e+00;-3.333e-05;4.154e-01;-2.814e-05;3.507e-01;1.185e+00;-3.000e-05;3.738e-01;5.000e+01;1.000e+01;-4.168e-01;4.352e-01;4.352e-01;4.156e-10;-3.507e-01;5.000e+01
46.852013000;1.185e+00;-3.445e-05;4.209e-01;-2.907e-05;3.552e-01;1.185e+00;-3.100e-05;3.788e-01;5.000e+01;1.000e+01;-4.168e-01;4.352e-01;4.352e-01;2.160e-09;-3.552e-01;5.000e+01
46.954013000;1.185e+00;-3.444e-05;4.213e-01;-2.907e-05;3.555e-01;1.185e+00;-3.100e-05;3.791e-01;5.000e+01;1.000e+01;-4.168e-01;4.352e-01;4.352e-01;3.297e-10;-3.555e-01;5.000e+01
47.021013000;1.185e+00;-3.444e-05;4.215e-01;-2.906e-05;3.557e-01;1.185e+00;-3.100e-05;3.794e-01;5.000e+01;1.000e+01;-4.168e-01;4.352e-01;4.352e-01;-4.815e-10;-3.557e-01;5.000e+01
48.169013000;1.185e+00;-3.555e-05;4.256e-01;-2.998e-05;3.590e-01;1.185e+00;-3.199e-05;3.831e-01;5.000e+01;1.000e+01;-4.168e-01;4.352e-01;4.352e-01;-6.587e-09;-3.590e-01;5.000e+01
48.170013000;1.186e+00;-3.555e-05;4.256e-01;-2.998e-05;3.590e-01;1.186e+00;-3.199e-05;3.831e-01;5.000e+01;1.000e+01;-4.168e-01;4.352e-01;4.352e-01;-6.555e-09;-3.590e-01;5.000e+01
49.932013000;1.186e+00;-3.556e-05;4.313e-01;-2.998e-05;3.637e-01;1.186e+00;-3.200e-05;3.882e-01;5.000e+01;1.000e+01;-4.168e-01;4.352e-01;4.352e-01;1.134e-09;-3.637e-01;5.000e+01
49.954013000;1.186e+00;-3.556e-05;4.314e-01;-2.998e-05;3.637e-01;1.186e+00;-3.200e-05;3.882e-01;5.000e+01;1.000e+01;-4.168e-01;4.352e-01;4.352e-01;8.762e-10;-3.637e-01;5.000e+01
49.977013000;1.186e+00;-3.556e-05;4.314e-01;-2.998e-05;3.637e-01;1.186e+00;-3.200e-05;3.883e-01;5.000e+01;1.000e+01;-4.168e-01;4.352e-01;4.352e-01;-1.856e-09;-3.637e-01;5.000e+01
52.162013000;1.186e+00;-3.667e-05;4.334e-01;-3.091e-05;3.653e-01;1.186e+00;-3.300e-05;3.901e-01;5.000e+01;1.000e+01;-4.168e-01;4.352e-01;4.352e-01;2.298e-09;-3.654e-01;5.000e+01
52.355013000;1.186e+00;-3.667e-05;4.335e-01;-3.091e-05;3.654e-01;1.186e+00;-3.300e-05;3.901e-01;5.000e+01;1.000e+01;-4.168e-01;4.352e-01;4.352e-01;5.507e-09;-3.654e-01;5.000e+01
52.659013000;1.186e+00;-3.667e-05;4.335e-01;-3.091e-05;3.654e-01;1.186e+00;-3.300e-05;3.902e-01;5.000e+01;1.000e+01;-4.168e-01;4.352e-01;4.352e-01;2.189e-09;-3.654e-01;5.000e+01
52.984013000;1.186e+00;-3.667e-05;4.335e-01;-3.091e-05;3.655e-01;1.186e+00;-3.300e-05;3.902e-01;5.000e+01;1.000e+01;-4.168e-01;4.352e-01;4.352e-01;-4.840e-09;-3.654e-01;5.000e+01
60.861013000;1.186e+00;-3.667e-05;4.320e-01;-3.091e-05;3.642e-01;1.186e+00;-3.300e-05;3.888e-01;5.000e+01;1.000e+01;-4.168e-01;4.352e-01;4.352e-01;1.059e-09;-3.643e-01;5.000e+01
60.869013000;1.186e+00;-3.667e-05;4.320e-01;-3.091e-05;3.642e-01;1.186e+00;-3.300e-05;3.888e-01;5.000e+01;1.000e+01;-4.168e-01;4.352e-01;4.352e-01;-4.199e-10;-3.642e-01;5.000e+01
63.064013000;1.186e+00;-3.668e-05;4.319e-01;-3.091e-05;3.642e-01;1.186e+00;-3.300e-05;3.888e-01;5.000e+01;1.000e+01;-4.168e-01;4.352e-01;4.352e-01;5.099e-09;-3.642e-01;5.000e+01
63.329013000;1.186e+00;-3.667e-05;4.319e-01;-3.091e-05;3.642e-01;1.186e+00;-3.300e-05;3.887e-01;5.000e+01;1.000e+01;-4.168e-01;4.352e-01;4.352e-01;1.260e-09;-3.642e-01;5.000e+01
100.000000000;1.186e+00;-3.666e-05;4.320e-01;-3.090e-05;3.642e-01;1.186e+00;-3.301e-05;3.888e-01;5.000e+01;1.000e+01;-4.168e-01;4.352e-01;4.352e-01;3.305e-09;-3.642e-01;5.000e+01
