time;InternalNode1_BUS_Voltage;InternalNode1_BUS_ActivePower;InternalNode1_BUS_ReactivePower;InternalNode1_BUS_ActiveCurrent;InternalNode1_BUS_ReactiveCurrent;Wind_Turbine_GEN_UPuInjTerminal;Wind_Turbine_GEN_IpInjTerminal;Wind_Turbine_GEN_IqInjTerminal;Measurements_BUS_Voltage;Measurements_BUS_ActivePower;Measurements_BUS_ReactivePower;Wind_Turbine_GEN_ActivePowerSetpointPu;Wind_Turbine_GEN_ReactivePowerSetpointPu
0.000000000;1.000e+00;8.332e-01;-4.450e-09;8.332e-01;8.262e-11;1.000e+00;8.332e-01;7.500e-04;1.000e+00;3.333e-02;-9.418e-09;8.333e-01;7.540e-04
0.000001000;1.000e+00;8.332e-01;-4.503e-09;8.332e-01;9.305e-11;1.000e+00;8.332e-01;7.500e-04;1.000e+00;3.333e-02;-9.474e-09;8.333e-01;7.540e-04
29.999994000;1.000e+00;8.332e-01;-3.909e-10;8.332e-01;2.654e-09;1.000e+00;8.332e-01;7.500e-04;1.000e+00;3.333e-02;-4.022e-09;8.333e-01;7.540e-04
29.999994000;4.563e-01;3.802e-01;-7.104e-10;8.332e-01;2.839e-09;4.563e-01;8.333e-01;1.644e-03;4.563e-01;1.521e-02;-4.085e-09;8.333e-01;7.540e-04
29.999994000;4.563e-01;3.802e-01;-1.008e-09;8.332e-01;3.029e-09;4.563e-01;8.333e-01;1.644e-03;4.563e-01;1.521e-02;-4.133e-09;8.333e-01;7.540e-04
29.999995000;4.563e-01;3.802e-01;-1.282e-09;8.332e-01;3.223e-09;4.563e-01;8.332e-01;1.644e-03;4.563e-01;1.521e-02;-4.167e-09;8.333e-01;7.540e-04
29.999996000;4.563e-01;3.802e-01;-1.530e-09;8.332e-01;3.419e-09;4.563e-01;8.332e-01;1.644e-03;4.563e-01;1.521e-02;-4.186e-09;8.333e-01;7.540e-04
29.999998000;4.563e-01;3.801e-01;-1.751e-09;8.331e-01;3.616e-09;4.563e-01;8.331e-01;1.644e-03;4.563e-01;1.520e-02;-4.193e-09;8.333e-01;7.540e-04
30.000002000;4.563e-01;3.800e-01;-1.947e-09;8.330e-01;3.812e-09;4.563e-01;8.330e-01;1.644e-03;4.563e-01;1.520e-02;-4.191e-09;8.333e-01;7.540e-04
30.000010000;4.563e-01;3.800e-01;-2.500e-05;8.327e-01;-5.479e-05;4.563e-01;8.327e-01;1.589e-03;4.563e-01;1.520e-02;-1.004e-06;8.333e-01;7.540e-04
30.000026000;4.563e-01;3.797e-01;-5.000e-05;8.322e-01;-1.096e-04;4.563e-01;8.322e-01;1.589e-03;4.563e-01;1.519e-02;-2.004e-06;8.333e-01;7.540e-04
30.000058000;4.563e-01;3.792e-01;-7.500e-05;8.311e-01;-1.644e-04;4.563e-01;8.311e-01;1.479e-03;4.563e-01;1.517e-02;-3.004e-06;8.333e-01;7.540e-04
30.000090000;4.563e-01;3.787e-01;-1.000e-04;8.301e-01;-2.192e-04;4.563e-01;8.301e-01;1.425e-03;4.563e-01;1.515e-02;-4.004e-06;8.333e-01;7.540e-04
30.000122000;4.562e-01;3.782e-01;-1.250e-04;8.290e-01;-2.740e-04;4.563e-01;8.290e-01;1.370e-03;4.562e-01;1.513e-02;-5.004e-06;8.333e-01;7.540e-04
30.000154000;4.562e-01;3.778e-01;-1.250e-04;8.280e-01;-2.740e-04;4.563e-01;8.280e-01;1.315e-03;4.562e-01;1.511e-02;-5.004e-06;8.333e-01;7.540e-04
30.000186000;4.562e-01;3.773e-01;-1.500e-04;8.269e-01;-3.288e-04;4.563e-01;8.269e-01;1.315e-03;4.562e-01;1.509e-02;-6.004e-06;8.333e-01;7.540e-04
30.000189000;4.562e-01;3.772e-01;-1.500e-04;8.269e-01;-3.288e-04;4.563e-01;8.268e-01;1.315e-03;4.562e-01;1.509e-02;-6.004e-06;8.333e-01;7.540e-04
30.000190000;4.562e-01;3.772e-01;-1.500e-04;8.268e-01;-3.288e-04;4.563e-01;8.268e-01;1.315e-03;4.562e-01;1.509e-02;-6.004e-06;8.333e-01;7.540e-04
30.000191000;4.562e-01;3.772e-01;-1.500e-04;8.268e-01;-3.288e-04;4.563e-01;8.268e-01;1.315e-03;4.562e-01;1.509e-02;-6.004e-06;8.333e-01;7.540e-04
30.000193000;4.562e-01;3.772e-01;-1.500e-04;8.267e-01;-3.288e-04;4.563e-01;8.267e-01;1.315e-03;4.562e-01;1.509e-02;-6.004e-06;8.333e-01;7.540e-04
30.000197000;4.562e-01;3.771e-01;-1.500e-04;8.266e-01;-3.288e-04;4.563e-01;8.266e-01;1.315e-03;4.562e-01;1.508e-02;-6.004e-06;8.333e-01;7.540e-04
30.000205000;4.562e-01;3.770e-01;-1.500e-04;8.263e-01;-3.288e-04;4.563e-01;8.263e-01;1.315e-03;4.562e-01;1.508e-02;-6.004e-06;8.333e-01;7.540e-04
30.000221000;4.562e-01;3.768e-01;-1.500e-04;8.258e-01;-3.288e-04;4.563e-01;8.258e-01;1.260e-03;4.562e-01;1.507e-02;-6.004e-06;8.333e-01;7.540e-04
30.000253000;4.562e-01;3.763e-01;-1.500e-04;8.248e-01;-3.288e-04;4.563e-01;8.248e-01;1.260e-03;4.562e-01;1.505e-02;-6.004e-06;8.333e-01;7.540e-04
30.000282000;4.562e-01;3.759e-01;-1.500e-04;8.239e-01;-3.288e-04;4.563e-01;8.238e-01;1.260e-03;4.562e-01;1.503e-02;-6.004e-06;8.333e-01;7.540e-04
30.000283000;4.562e-01;3.759e-01;-1.500e-04;8.238e-01;-3.288e-04;4.563e-01;8.238e-01;1.260e-03;4.562e-01;1.503e-02;-6.004e-06;8.333e-01;7.540e-04
30.000284000;4.562e-01;3.758e-01;-1.500e-04;8.237e-01;-3.288e-04;4.563e-01;8.238e-01;1.260e-03;4.562e-01;1.503e-02;-6.003e-06;8.333e-01;7.540e-04
30.000286000;4.562e-01;3.758e-01;-1.500e-04;8.237e-01;-3.288e-04;4.563e-01;8.237e-01;1.260e-03;4.562e-01;1.503e-02;-6.003e-06;8.333e-01;7.540e-04
30.000290000;4.562e-01;3.757e-01;-1.500e-04;8.236e-01;-3.288e-04;4.563e-01;8.236e-01;1.260e-03;4.562e-01;1.503e-02;-6.003e-06;8.333e-01;7.540e-04
30.000298000;4.562e-01;3.756e-01;-1.500e-04;8.233e-01;-3.288e-04;4.563e-01;8.233e-01;1.315e-03;4.562e-01;1.503e-02;-6.003e-06;8.333e-01;7.540e-04
30.000314000;4.562e-01;3.754e-01;-1.500e-04;8.228e-01;-3.288e-04;4.563e-01;8.228e-01;1.315e-03;4.562e-01;1.502e-02;-6.003e-06;8.333e-01;7.540e-04
30.000346000;4.562e-01;3.749e-01;-1.250e-04;8.218e-01;-2.740e-04;4.563e-01;8.217e-01;1.315e-03;4.562e-01;1.500e-02;-5.002e-06;8.333e-01;7.540e-04
30.000378000;4.562e-01;3.745e-01;-1.000e-04;8.207e-01;-2.192e-04;4.563e-01;8.207e-01;1.370e-03;4.562e-01;1.498e-02;-4.002e-06;8.333e-01;7.540e-04
30.000410000;4.562e-01;3.740e-01;-7.500e-05;8.197e-01;-1.644e-04;4.563e-01;8.197e-01;1.425e-03;4.562e-01;1.496e-02;-3.002e-06;8.333e-01;7.540e-04
30.000442000;4.562e-01;3.735e-01;-5.000e-05;8.187e-01;-1.096e-04;4.563e-01;8.187e-01;1.479e-03;4.562e-01;1.494e-02;-2.002e-06;8.333e-01;7.540e-04
30.000474000;4.562e-01;3.730e-01;-2.500e-05;8.176e-01;-5.479e-05;4.563e-01;8.177e-01;1.534e-03;4.562e-01;1.492e-02;-1.001e-06;8.333e-01;7.540e-04
30.000506000;4.563e-01;3.726e-01;2.500e-05;8.167e-01;5.479e-05;4.563e-01;8.166e-01;1.644e-03;4.563e-01;1.490e-02;9.989e-07;8.333e-01;7.540e-04
30.000516000;4.563e-01;3.725e-01;2.500e-05;8.163e-01;5.479e-05;4.563e-01;8.163e-01;1.644e-03;4.563e-01;1.490e-02;9.992e-07;8.333e-01;7.540e-04
30.000517000;4.563e-01;3.724e-01;2.500e-05;8.163e-01;5.479e-05;4.563e-01;8.162e-01;1.644e-03;4.563e-01;1.490e-02;9.995e-07;8.333e-01;7.540e-04
30.000518000;4.563e-01;3.724e-01;2.500e-05;8.163e-01;5.479e-05;4.563e-01;8.162e-01;1.644e-03;4.563e-01;1.490e-02;9.999e-07;8.333e-01;7.540e-04
30.000520000;4.563e-01;3.724e-01;2.500e-05;8.162e-01;5.479e-05;4.563e-01;8.162e-01;1.644e-03;4.563e-01;1.490e-02;1.000e-06;8.333e-01;7.540e-04
30.000524000;4.563e-01;3.723e-01;5.000e-05;8.160e-01;1.096e-04;4.563e-01;8.160e-01;1.699e-03;4.563e-01;1.489e-02;2.000e-06;8.333e-01;7.540e-04
30.000532000;4.563e-01;3.722e-01;5.000e-05;8.158e-01;1.096e-04;4.563e-01;8.158e-01;1.699e-03;4.563e-01;1.489e-02;2.001e-06;8.333e-01;7.540e-04
30.000548000;4.563e-01;3.720e-01;7.500e-05;8.153e-01;1.644e-04;4.563e-01;8.153e-01;1.753e-03;4.563e-01;1.488e-02;3.001e-06;8.333e-01;7.540e-04
30.000580000;4.563e-01;3.715e-01;1.250e-04;8.143e-01;2.740e-04;4.563e-01;8.143e-01;1.863e-03;4.563e-01;1.486e-02;5.001e-06;8.333e-01;7.540e-04
30.000612000;4.563e-01;3.711e-01;1.750e-04;8.133e-01;3.835e-04;4.563e-01;8.133e-01;1.972e-03;4.563e-01;1.484e-02;7.001e-06;8.333e-01;7.540e-04
30.000644000;4.563e-01;3.706e-01;2.500e-04;8.123e-01;5.479e-04;4.563e-01;8.123e-01;2.082e-03;4.563e-01;1.482e-02;1.000e-05;8.333e-01;7.540e-04
30.000676000;4.563e-01;3.701e-01;3.000e-04;8.112e-01;6.575e-04;4.563e-01;8.113e-01;2.246e-03;4.563e-01;1.481e-02;1.200e-05;8.333e-01;7.540e-04
30.000708000;4.563e-01;3.697e-01;3.750e-04;8.102e-01;8.219e-04;4.563e-01;8.103e-01;2.356e-03;4.563e-01;1.479e-02;1.500e-05;8.333e-01;7.540e-04
30.000740000;4.563e-01;3.693e-01;4.500e-04;8.092e-01;9.862e-04;4.563e-01;8.093e-01;2.520e-03;4.563e-01;1.477e-02;1.800e-05;8.333e-01;7.540e-04
30.000772000;4.563e-01;3.688e-01;5.250e-04;8.082e-01;1.151e-03;4.563e-01;8.083e-01;2.685e-03;4.563e-01;1.475e-02;2.100e-05;8.333e-01;7.540e-04
30.000804000;4.563e-01;3.684e-01;6.000e-04;8.073e-01;1.315e-03;4.563e-01;8.073e-01;2.849e-03;4.563e-01;1.473e-02;2.400e-05;8.333e-01;7.540e-04
30.000836000;4.563e-01;3.679e-01;6.750e-04;8.063e-01;1.479e-03;4.563e-01;8.063e-01;3.068e-03;4.563e-01;1.472e-02;2.700e-05;8.333e-01;7.540e-04
30.000868000;4.563e-01;3.675e-01;7.750e-04;8.053e-01;1.698e-03;4.563e-01;8.053e-01;3.232e-03;4.563e-01;1.470e-02;3.100e-05;8.333e-01;7.540e-04
30.000900000;4.563e-01;3.670e-01;8.750e-04;8.043e-01;1.917e-03;4.563e-01;8.043e-01;3.451e-03;4.563e-01;1.468e-02;3.500e-05;8.333e-01;7.540e-04
30.000932000;4.563e-01;3.666e-01;9.750e-04;8.034e-01;2.137e-03;4.563e-01;8.033e-01;3.670e-03;4.563e-01;1.466e-02;3.900e-05;8.333e-01;7.540e-04
30.000964000;4.563e-01;3.661e-01;1.075e-03;8.024e-01;2.356e-03;4.564e-01;8.023e-01;3.889e-03;4.563e-01;1.465e-02;4.300e-05;8.333e-01;7.540e-04
30.000996000;4.564e-01;3.657e-01;1.175e-03;8.014e-01;2.575e-03;4.564e-01;8.014e-01;4.109e-03;4.564e-01;1.463e-02;4.700e-05;8.333e-01;7.540e-04
30.001028000;4.564e-01;3.653e-01;1.275e-03;8.004e-01;2.794e-03;4.564e-01;8.004e-01;4.328e-03;4.564e-01;1.461e-02;5.100e-05;8.333e-01;7.540e-04
30.001060000;4.564e-01;3.649e-01;1.400e-03;7.994e-01;3.068e-03;4.564e-01;7.994e-01;4.601e-03;4.564e-01;1.459e-02;5.600e-05;8.333e-01;7.540e-04
30.001092000;4.564e-01;3.644e-01;1.525e-03;7.984e-01;3.341e-03;4.564e-01;7.985e-01;4.820e-03;4.564e-01;1.458e-02;6.100e-05;8.333e-01;7.540e-04
30.001124000;4.564e-01;3.640e-01;1.650e-03;7.975e-01;3.615e-03;4.564e-01;7.975e-01;5.094e-03;4.564e-01;1.456e-02;6.600e-05;8.333e-01;7.540e-04
30.001156000;4.564e-01;3.635e-01;1.775e-03;7.965e-01;3.889e-03;4.564e-01;7.965e-01;5.368e-03;4.564e-01;1.454e-02;7.100e-05;8.333e-01;7.540e-04
30.001188000;4.564e-01;3.631e-01;1.900e-03;7.956e-01;4.163e-03;4.564e-01;7.956e-01;5.642e-03;4.564e-01;1.452e-02;7.600e-05;8.333e-01;7.540e-04
30.001220000;4.564e-01;3.627e-01;2.025e-03;7.946e-01;4.437e-03;4.565e-01;7.946e-01;5.970e-03;4.564e-01;1.451e-02;8.100e-05;8.333e-01;7.540e-04
30.001252000;4.564e-01;3.623e-01;2.175e-03;7.937e-01;4.765e-03;4.565e-01;7.937e-01;6.244e-03;4.564e-01;1.449e-02;8.700e-05;8.333e-01;7.540e-04
30.001284000;4.565e-01;3.619e-01;2.325e-03;7.927e-01;5.094e-03;4.565e-01;7.927e-01;6.572e-03;4.565e-01;1.447e-02;9.301e-05;8.333e-01;7.540e-04
30.001316000;4.565e-01;3.614e-01;2.450e-03;7.918e-01;5.367e-03;4.565e-01;7.917e-01;6.900e-03;4.565e-01;1.446e-02;9.801e-05;8.333e-01;7.540e-04
30.001348000;4.565e-01;3.610e-01;2.600e-03;7.908e-01;5.696e-03;4.565e-01;7.908e-01;7.229e-03;4.565e-01;1.444e-02;1.040e-04;8.333e-01;7.540e-04
30.001380000;4.565e-01;3.606e-01;2.750e-03;7.899e-01;6.024e-03;4.565e-01;7.898e-01;7.557e-03;4.565e-01;1.442e-02;1.100e-04;8.333e-01;7.540e-04
30.001412000;4.565e-01;3.602e-01;2.925e-03;7.889e-01;6.407e-03;4.565e-01;7.889e-01;7.885e-03;4.565e-01;1.441e-02;1.170e-04;8.333e-01;7.540e-04
30.001444000;4.565e-01;3.598e-01;3.075e-03;7.880e-01;6.736e-03;4.566e-01;7.880e-01;8.214e-03;4.565e-01;1.439e-02;1.230e-04;8.333e-01;7.540e-04
30.001476000;4.566e-01;3.593e-01;3.250e-03;7.870e-01;7.119e-03;4.566e-01;7.870e-01;8.597e-03;4.566e-01;1.437e-02;1.300e-04;8.333e-01;7.540e-04
30.001508000;4.566e-01;3.589e-01;3.400e-03;7.861e-01;7.447e-03;4.566e-01;7.861e-01;8.925e-03;4.566e-01;1.436e-02;1.360e-04;8.333e-01;7.540e-04
30.001540000;4.566e-01;3.585e-01;3.575e-03;7.852e-01;7.830e-03;4.566e-01;7.851e-01;9.308e-03;4.566e-01;1.434e-02;1.430e-04;8.333e-01;7.540e-04
30.001572000;4.566e-01;3.581e-01;3.750e-03;7.843e-01;8.213e-03;4.566e-01;7.842e-01;9.691e-03;4.566e-01;1.432e-02;1.500e-04;8.333e-01;7.540e-04
30.001636000;4.566e-01;3.573e-01;4.125e-03;7.824e-01;9.034e-03;4.567e-01;7.824e-01;1.046e-02;4.566e-01;1.429e-02;1.650e-04;8.333e-01;7.540e-04
30.001692000;4.567e-01;3.566e-01;4.425e-03;7.809e-01;9.690e-03;4.567e-01;7.808e-01;1.117e-02;4.567e-01;1.426e-02;1.770e-04;8.333e-01;7.540e-04
30.001747000;4.567e-01;3.559e-01;4.775e-03;7.793e-01;1.046e-02;4.567e-01;7.793e-01;1.188e-02;4.567e-01;1.424e-02;1.910e-04;8.333e-01;7.540e-04
30.001803000;4.567e-01;3.553e-01;5.100e-03;7.778e-01;1.117e-02;4.568e-01;7.778e-01;1.264e-02;4.567e-01;1.421e-02;2.040e-04;8.333e-01;7.540e-04
30.001858000;4.568e-01;3.546e-01;5.475e-03;7.763e-01;1.199e-02;4.568e-01;7.762e-01;1.341e-02;4.568e-01;1.418e-02;2.190e-04;8.333e-01;7.540e-04
30.001914000;4.568e-01;3.539e-01;5.825e-03;7.748e-01;1.275e-02;4.568e-01;7.748e-01;1.417e-02;4.568e-01;1.416e-02;2.330e-04;8.333e-01;7.540e-04
30.001969000;4.568e-01;3.533e-01;6.200e-03;7.733e-01;1.357e-02;4.569e-01;7.733e-01;1.499e-02;4.568e-01;1.413e-02;2.480e-04;8.333e-01;7.540e-04
30.002025000;4.569e-01;3.526e-01;6.575e-03;7.718e-01;1.439e-02;4.569e-01;7.718e-01;1.581e-02;4.569e-01;1.410e-02;2.630e-04;8.333e-01;7.540e-04
30.002027000;4.569e-01;3.526e-01;6.600e-03;7.718e-01;1.445e-02;4.569e-01;7.717e-01;1.587e-02;4.569e-01;1.410e-02;2.640e-04;8.333e-01;7.540e-04
30.002028000;4.569e-01;3.526e-01;6.600e-03;7.717e-01;1.445e-02;4.569e-01;7.717e-01;1.587e-02;4.569e-01;1.410e-02;2.640e-04;8.333e-01;7.540e-04
30.002029000;4.569e-01;3.526e-01;6.600e-03;7.717e-01;1.445e-02;4.569e-01;7.717e-01;1.587e-02;4.569e-01;1.410e-02;2.640e-04;8.333e-01;7.540e-04
30.002031000;4.569e-01;3.525e-01;6.625e-03;7.717e-01;1.450e-02;4.569e-01;7.716e-01;1.592e-02;4.569e-01;1.410e-02;2.650e-04;8.333e-01;7.540e-04
30.002035000;4.569e-01;3.525e-01;6.650e-03;7.715e-01;1.456e-02;4.569e-01;7.716e-01;1.598e-02;4.569e-01;1.410e-02;2.660e-04;8.333e-01;7.540e-04
30.002043000;4.569e-01;3.524e-01;6.700e-03;7.714e-01;1.466e-02;4.569e-01;7.713e-01;1.609e-02;4.569e-01;1.410e-02;2.680e-04;8.333e-01;7.540e-04
30.002059000;4.569e-01;3.522e-01;6.825e-03;7.709e-01;1.494e-02;4.569e-01;7.709e-01;1.636e-02;4.569e-01;1.409e-02;2.730e-04;8.333e-01;7.540e-04
30.002091000;4.569e-01;3.519e-01;7.050e-03;7.701e-01;1.543e-02;4.569e-01;7.701e-01;1.685e-02;4.569e-01;1.408e-02;2.820e-04;8.333e-01;7.540e-04
30.002123000;4.569e-01;3.515e-01;7.300e-03;7.693e-01;1.598e-02;4.570e-01;7.693e-01;1.734e-02;4.569e-01;1.406e-02;2.920e-04;8.333e-01;7.540e-04
30.002187000;4.570e-01;3.508e-01;7.800e-03;7.676e-01;1.707e-02;4.570e-01;7.676e-01;1.843e-02;4.570e-01;1.403e-02;3.120e-04;8.333e-01;7.540e-04
30.002245000;4.570e-01;3.502e-01;8.275e-03;7.662e-01;1.811e-02;4.571e-01;7.661e-01;1.947e-02;4.570e-01;1.401e-02;3.310e-04;8.333e-01;7.540e-04
30.002303000;4.571e-01;3.495e-01;8.750e-03;7.647e-01;1.914e-02;4.571e-01;7.647e-01;2.056e-02;4.571e-01;1.398e-02;3.500e-04;8.333e-01;7.540e-04
30.002360000;4.571e-01;3.489e-01;9.275e-03;7.633e-01;2.029e-02;4.572e-01;7.633e-01;2.166e-02;4.571e-01;1.396e-02;3.710e-04;8.333e-01;7.540e-04
30.002418000;4.572e-01;3.483e-01;9.825e-03;7.620e-01;2.149e-02;4.572e-01;7.619e-01;2.286e-02;4.572e-01;1.393e-02;3.930e-04;8.333e-01;7.540e-04
30.002475000;4.572e-01;3.478e-01;1.038e-02;7.605e-01;2.269e-02;4.573e-01;7.605e-01;2.406e-02;4.572e-01;1.391e-02;4.150e-04;8.333e-01;7.540e-04
30.002533000;4.573e-01;3.472e-01;1.095e-02;7.592e-01;2.395e-02;4.573e-01;7.591e-01;2.531e-02;4.573e-01;1.389e-02;4.380e-04;8.333e-01;7.540e-04
30.002591000;4.573e-01;3.466e-01;1.155e-02;7.578e-01;2.525e-02;4.574e-01;7.578e-01;2.662e-02;4.573e-01;1.386e-02;4.620e-04;8.333e-01;7.540e-04
30.002648000;4.574e-01;3.460e-01;1.215e-02;7.565e-01;2.656e-02;4.574e-01;7.564e-01;2.793e-02;4.574e-01;1.384e-02;4.860e-04;8.333e-01;7.540e-04
30.002706000;4.575e-01;3.455e-01;1.280e-02;7.552e-01;2.798e-02;4.575e-01;7.551e-01;2.934e-02;4.575e-01;1.382e-02;5.120e-04;8.333e-01;7.540e-04
30.002763000;4.575e-01;3.449e-01;1.345e-02;7.539e-01;2.940e-02;4.576e-01;7.538e-01;3.076e-02;4.575e-01;1.380e-02;5.380e-04;8.333e-01;7.540e-04
30.002821000;4.576e-01;3.444e-01;1.412e-02;7.526e-01;3.087e-02;4.576e-01;7.526e-01;3.218e-02;4.576e-01;1.378e-02;5.650e-04;8.333e-01;7.540e-04
30.002879000;4.577e-01;3.438e-01;1.480e-02;7.513e-01;3.234e-02;4.577e-01;7.513e-01;3.370e-02;4.577e-01;1.375e-02;5.920e-04;8.333e-01;7.540e-04
30.002936000;4.577e-01;3.433e-01;1.553e-02;7.501e-01;3.392e-02;4.578e-01;7.500e-01;3.522e-02;4.577e-01;1.373e-02;6.210e-04;8.333e-01;7.540e-04
30.002994000;4.578e-01;3.428e-01;1.622e-02;7.488e-01;3.544e-02;4.579e-01;7.488e-01;3.680e-02;4.578e-01;1.371e-02;6.490e-04;8.333e-01;7.540e-04
30.003051000;4.579e-01;3.423e-01;1.698e-02;7.476e-01;3.707e-02;4.579e-01;7.475e-01;3.838e-02;4.579e-01;1.369e-02;6.790e-04;8.333e-01;7.540e-04
30.003109000;4.580e-01;3.418e-01;1.773e-02;7.464e-01;3.870e-02;4.580e-01;7.464e-01;4.007e-02;4.580e-01;1.367e-02;7.090e-04;8.333e-01;7.540e-04
30.003167000;4.580e-01;3.413e-01;1.850e-02;7.453e-01;4.039e-02;4.581e-01;7.452e-01;4.170e-02;4.580e-01;1.365e-02;7.400e-04;8.333e-01;7.540e-04
30.003224000;4.581e-01;3.409e-01;1.930e-02;7.441e-01;4.213e-02;4.582e-01;7.440e-01;4.343e-02;4.581e-01;1.363e-02;7.720e-04;8.333e-01;7.540e-04
30.003282000;4.582e-01;3.404e-01;2.010e-02;7.429e-01;4.387e-02;4.582e-01;7.428e-01;4.517e-02;4.582e-01;1.362e-02;8.040e-04;8.333e-01;7.540e-04
30.003339000;4.583e-01;3.400e-01;2.092e-02;7.418e-01;4.566e-02;4.583e-01;7.417e-01;4.696e-02;4.583e-01;1.360e-02;8.370e-04;8.333e-01;7.540e-04
30.003397000;4.583e-01;3.395e-01;2.175e-02;7.407e-01;4.745e-02;4.584e-01;7.406e-01;4.876e-02;4.583e-01;1.358e-02;8.700e-04;8.333e-01;7.540e-04
30.003455000;4.584e-01;3.390e-01;2.260e-02;7.396e-01;4.930e-02;4.585e-01;7.395e-01;5.060e-02;4.584e-01;1.356e-02;9.040e-04;8.333e-01;7.540e-04
30.003512000;4.585e-01;3.386e-01;2.345e-02;7.385e-01;5.114e-02;4.586e-01;7.384e-01;5.244e-02;4.585e-01;1.354e-02;9.380e-04;8.333e-01;7.540e-04
30.003570000;4.586e-01;3.382e-01;2.432e-02;7.374e-01;5.304e-02;4.587e-01;7.373e-01;5.434e-02;4.586e-01;1.353e-02;9.730e-04;8.333e-01;7.540e-04
30.003627000;4.587e-01;3.377e-01;2.522e-02;7.363e-01;5.499e-02;4.588e-01;7.363e-01;5.629e-02;4.587e-01;1.351e-02;1.009e-03;8.333e-01;7.540e-04
30.003685000;4.588e-01;3.374e-01;2.612e-02;7.353e-01;5.695e-02;4.588e-01;7.352e-01;5.824e-02;4.588e-01;1.349e-02;1.045e-03;8.333e-01;7.540e-04
30.003743000;4.589e-01;3.370e-01;2.705e-02;7.343e-01;5.895e-02;4.589e-01;7.342e-01;6.025e-02;4.589e-01;1.348e-02;1.082e-03;8.333e-01;7.540e-04
30.003800000;4.590e-01;3.366e-01;2.797e-02;7.333e-01;6.095e-02;4.590e-01;7.332e-01;6.225e-02;4.590e-01;1.346e-02;1.119e-03;8.333e-01;7.540e-04
30.003858000;4.590e-01;3.362e-01;2.892e-02;7.323e-01;6.301e-02;4.591e-01;7.322e-01;6.425e-02;4.590e-01;1.345e-02;1.157e-03;8.333e-01;7.540e-04
30.003915000;4.591e-01;3.358e-01;2.988e-02;7.313e-01;6.507e-02;4.592e-01;7.312e-01;6.631e-02;4.591e-01;1.343e-02;1.195e-03;8.333e-01;7.540e-04
30.003973000;4.592e-01;3.354e-01;3.085e-02;7.303e-01;6.718e-02;4.593e-01;7.302e-01;6.842e-02;4.592e-01;1.342e-02;1.234e-03;8.333e-01;7.540e-04
30.004031000;4.593e-01;3.350e-01;3.182e-02;7.294e-01;6.929e-02;4.594e-01;7.293e-01;7.052e-02;4.593e-01;1.340e-02;1.273e-03;8.333e-01;7.540e-04
30.004088000;4.594e-01;3.347e-01;3.280e-02;7.285e-01;7.139e-02;4.595e-01;7.283e-01;7.269e-02;4.594e-01;1.339e-02;1.312e-03;8.333e-01;7.540e-04
30.004146000;4.595e-01;3.343e-01;3.380e-02;7.275e-01;7.355e-02;4.596e-01;7.274e-01;7.485e-02;4.595e-01;1.337e-02;1.352e-03;8.333e-01;7.540e-04
30.004203000;4.596e-01;3.340e-01;3.482e-02;7.266e-01;7.577e-02;4.597e-01;7.265e-01;7.700e-02;4.596e-01;1.336e-02;1.393e-03;8.333e-01;7.540e-04
30.004261000;4.597e-01;3.337e-01;3.585e-02;7.258e-01;7.798e-02;4.598e-01;7.256e-01;7.922e-02;4.597e-01;1.335e-02;1.434e-03;8.333e-01;7.540e-04
30.004319000;4.598e-01;3.333e-01;3.687e-02;7.248e-01;8.019e-02;4.599e-01;7.247e-01;8.143e-02;4.598e-01;1.333e-02;1.475e-03;8.333e-01;7.540e-04
30.004376000;4.599e-01;3.330e-01;3.793e-02;7.240e-01;8.246e-02;4.600e-01;7.239e-01;8.369e-02;4.599e-01;1.332e-02;1.517e-03;8.333e-01;7.540e-04
30.004434000;4.600e-01;3.327e-01;3.898e-02;7.232e-01;8.472e-02;4.601e-01;7.230e-01;8.595e-02;4.600e-01;1.331e-02;1.559e-03;8.333e-01;7.540e-04
30.004491000;4.601e-01;3.324e-01;4.005e-02;7.223e-01;8.704e-02;4.602e-01;7.222e-01;8.827e-02;4.601e-01;1.329e-02;1.602e-03;8.333e-01;7.540e-04
30.004549000;4.602e-01;3.321e-01;4.113e-02;7.215e-01;8.936e-02;4.603e-01;7.214e-01;9.058e-02;4.602e-01;1.328e-02;1.645e-03;8.333e-01;7.540e-04
30.004607000;4.603e-01;3.318e-01;4.220e-02;7.207e-01;9.167e-02;4.605e-01;7.205e-01;9.290e-02;4.603e-01;1.327e-02;1.688e-03;8.333e-01;7.540e-04
30.004722000;4.606e-01;3.312e-01;4.440e-02;7.191e-01;9.641e-02;4.607e-01;7.190e-01;9.763e-02;4.606e-01;1.325e-02;1.776e-03;8.333e-01;7.540e-04
30.004825000;4.608e-01;3.307e-01;4.640e-02;7.177e-01;1.007e-01;4.609e-01;7.176e-01;1.019e-01;4.608e-01;1.323e-02;1.856e-03;8.333e-01;7.540e-04
30.004929000;4.610e-01;3.302e-01;4.842e-02;7.165e-01;1.051e-01;4.611e-01;7.163e-01;1.063e-01;4.610e-01;1.321e-02;1.937e-03;8.333e-01;7.540e-04
30.005033000;4.612e-01;3.298e-01;5.047e-02;7.152e-01;1.095e-01;4.613e-01;7.150e-01;1.107e-01;4.612e-01;1.319e-02;2.019e-03;8.333e-01;7.540e-04
30.005136000;4.614e-01;3.294e-01;5.257e-02;7.139e-01;1.140e-01;4.615e-01;7.137e-01;1.151e-01;4.614e-01;1.317e-02;2.103e-03;8.333e-01;7.540e-04
30.005208000;4.615e-01;3.291e-01;5.403e-02;7.131e-01;1.171e-01;4.616e-01;7.129e-01;1.182e-01;4.615e-01;1.316e-02;2.161e-03;8.333e-01;7.540e-04
30.005210000;4.615e-01;3.291e-01;5.405e-02;7.131e-01;1.171e-01;4.616e-01;7.129e-01;1.183e-01;4.615e-01;1.316e-02;2.162e-03;8.333e-01;7.540e-04
30.005212000;4.615e-01;3.291e-01;5.410e-02;7.131e-01;1.172e-01;4.616e-01;7.128e-01;1.184e-01;4.615e-01;1.316e-02;2.164e-03;8.333e-01;7.540e-04
30.005216000;4.615e-01;3.291e-01;5.418e-02;7.130e-01;1.174e-01;4.616e-01;7.128e-01;1.186e-01;4.615e-01;1.316e-02;2.167e-03;8.333e-01;7.540e-04
30.005224000;4.615e-01;3.290e-01;5.435e-02;7.129e-01;1.178e-01;4.617e-01;7.128e-01;1.189e-01;4.615e-01;1.316e-02;2.174e-03;8.333e-01;7.540e-04
30.005240000;4.616e-01;3.290e-01;5.468e-02;7.128e-01;1.185e-01;4.617e-01;7.125e-01;1.196e-01;4.616e-01;1.316e-02;2.187e-03;8.333e-01;7.540e-04
30.005272000;4.616e-01;3.289e-01;5.533e-02;7.124e-01;1.198e-01;4.618e-01;7.122e-01;1.211e-01;4.616e-01;1.315e-02;2.213e-03;8.333e-01;7.540e-04
30.005336000;4.617e-01;3.286e-01;5.663e-02;7.117e-01;1.226e-01;4.619e-01;7.115e-01;1.238e-01;4.617e-01;1.315e-02;2.265e-03;8.333e-01;7.540e-04
30.005400000;4.619e-01;3.284e-01;5.795e-02;7.110e-01;1.255e-01;4.620e-01;7.108e-01;1.267e-01;4.619e-01;1.314e-02;2.318e-03;8.333e-01;7.540e-04
30.005464000;4.620e-01;3.282e-01;5.930e-02;7.103e-01;1.284e-01;4.622e-01;7.101e-01;1.295e-01;4.620e-01;1.313e-02;2.372e-03;8.333e-01;7.540e-04
30.005528000;4.621e-01;3.279e-01;6.062e-02;7.096e-01;1.312e-01;4.623e-01;7.094e-01;1.324e-01;4.621e-01;1.312e-02;2.425e-03;8.333e-01;7.540e-04
30.005592000;4.623e-01;3.277e-01;6.197e-02;7.090e-01;1.341e-01;4.624e-01;7.088e-01;1.352e-01;4.623e-01;1.311e-02;2.479e-03;8.333e-01;7.540e-04
30.005656000;4.624e-01;3.276e-01;6.333e-02;7.084e-01;1.369e-01;4.626e-01;7.081e-01;1.381e-01;4.624e-01;1.310e-02;2.533e-03;8.333e-01;7.540e-04
30.005720000;4.625e-01;3.273e-01;6.467e-02;7.077e-01;1.398e-01;4.627e-01;7.075e-01;1.410e-01;4.625e-01;1.309e-02;2.587e-03;8.333e-01;7.540e-04
30.005784000;4.627e-01;3.272e-01;6.605e-02;7.072e-01;1.428e-01;4.628e-01;7.069e-01;1.440e-01;4.627e-01;1.309e-02;2.642e-03;8.333e-01;7.540e-04
30.005848000;4.628e-01;3.270e-01;6.742e-02;7.066e-01;1.457e-01;4.630e-01;7.063e-01;1.468e-01;4.628e-01;1.308e-02;2.697e-03;8.333e-01;7.540e-04
30.005912000;4.629e-01;3.268e-01;6.880e-02;7.060e-01;1.486e-01;4.631e-01;7.058e-01;1.498e-01;4.629e-01;1.307e-02;2.752e-03;8.333e-01;7.540e-04
30.005976000;4.631e-01;3.267e-01;7.018e-02;7.055e-01;1.515e-01;4.632e-01;7.052e-01;1.527e-01;4.631e-01;1.307e-02;2.807e-03;8.333e-01;7.540e-04
30.006040000;4.632e-01;3.265e-01;7.157e-02;7.049e-01;1.545e-01;4.634e-01;7.047e-01;1.557e-01;4.632e-01;1.306e-02;2.863e-03;8.333e-01;7.540e-04
30.006104000;4.633e-01;3.264e-01;7.297e-02;7.044e-01;1.575e-01;4.635e-01;7.041e-01;1.586e-01;4.633e-01;1.306e-02;2.919e-03;8.333e-01;7.540e-04
30.006110000;4.633e-01;3.263e-01;7.310e-02;7.043e-01;1.578e-01;4.635e-01;7.041e-01;1.589e-01;4.633e-01;1.305e-02;2.924e-03;8.333e-01;7.540e-04
30.006111000;4.633e-01;3.263e-01;7.312e-02;7.043e-01;1.578e-01;4.635e-01;7.041e-01;1.590e-01;4.633e-01;1.305e-02;2.925e-03;8.333e-01;7.540e-04
30.006112000;4.633e-01;3.263e-01;7.315e-02;7.043e-01;1.579e-01;4.635e-01;7.041e-01;1.591e-01;4.633e-01;1.305e-02;2.926e-03;8.333e-01;7.540e-04
30.006114000;4.634e-01;3.263e-01;7.320e-02;7.043e-01;1.580e-01;4.635e-01;7.040e-01;1.591e-01;4.634e-01;1.305e-02;2.928e-03;8.333e-01;7.540e-04
30.006118000;4.634e-01;3.263e-01;7.328e-02;7.043e-01;1.581e-01;4.635e-01;7.040e-01;1.593e-01;4.634e-01;1.305e-02;2.931e-03;8.333e-01;7.540e-04
30.006126000;4.634e-01;3.263e-01;7.345e-02;7.042e-01;1.585e-01;4.636e-01;7.040e-01;1.597e-01;4.634e-01;1.305e-02;2.938e-03;8.333e-01;7.540e-04
30.006142000;4.634e-01;3.263e-01;7.380e-02;7.041e-01;1.593e-01;4.636e-01;7.039e-01;1.604e-01;4.634e-01;1.305e-02;2.952e-03;8.333e-01;7.540e-04
30.006174000;4.635e-01;3.262e-01;7.450e-02;7.039e-01;1.607e-01;4.637e-01;7.036e-01;1.619e-01;4.635e-01;1.305e-02;2.980e-03;8.333e-01;7.540e-04
30.006238000;4.636e-01;3.261e-01;7.590e-02;7.033e-01;1.637e-01;4.638e-01;7.030e-01;1.649e-01;4.636e-01;1.304e-02;3.036e-03;8.333e-01;7.540e-04
30.006302000;4.638e-01;3.259e-01;7.732e-02;7.029e-01;1.667e-01;4.639e-01;7.026e-01;1.679e-01;4.638e-01;1.304e-02;3.093e-03;8.333e-01;7.540e-04
30.006430000;4.640e-01;3.257e-01;8.015e-02;7.020e-01;1.727e-01;4.642e-01;7.017e-01;1.739e-01;4.640e-01;1.303e-02;3.206e-03;8.333e-01;7.540e-04
30.006546000;4.643e-01;3.255e-01;8.272e-02;7.012e-01;1.782e-01;4.645e-01;7.008e-01;1.793e-01;4.643e-01;1.302e-02;3.309e-03;8.333e-01;7.540e-04
30.006661000;4.645e-01;3.253e-01;8.530e-02;7.004e-01;1.836e-01;4.647e-01;7.001e-01;1.848e-01;4.645e-01;1.301e-02;3.412e-03;8.333e-01;7.540e-04
30.006776000;4.648e-01;3.252e-01;8.790e-02;6.997e-01;1.891e-01;4.650e-01;6.994e-01;1.903e-01;4.648e-01;1.301e-02;3.516e-03;8.333e-01;7.540e-04
30.006891000;4.650e-01;3.251e-01;9.050e-02;6.991e-01;1.946e-01;4.652e-01;6.987e-01;1.958e-01;4.650e-01;1.300e-02;3.620e-03;8.333e-01;7.540e-04
30.006918000;4.651e-01;3.251e-01;9.110e-02;6.989e-01;1.959e-01;4.653e-01;6.986e-01;1.970e-01;4.651e-01;1.300e-02;3.644e-03;8.333e-01;7.540e-04
30.006919000;4.651e-01;3.251e-01;9.112e-02;6.989e-01;1.959e-01;4.653e-01;6.986e-01;1.971e-01;4.651e-01;1.300e-02;3.645e-03;8.333e-01;7.540e-04
30.006920000;4.651e-01;3.251e-01;9.115e-02;6.989e-01;1.960e-01;4.653e-01;6.986e-01;1.971e-01;4.651e-01;1.300e-02;3.646e-03;8.333e-01;7.540e-04
30.006922000;4.651e-01;3.250e-01;9.118e-02;6.988e-01;1.960e-01;4.653e-01;6.986e-01;1.972e-01;4.651e-01;1.300e-02;3.647e-03;8.333e-01;7.540e-04
30.006926000;4.651e-01;3.250e-01;9.128e-02;6.988e-01;1.963e-01;4.653e-01;6.986e-01;1.974e-01;4.651e-01;1.300e-02;3.651e-03;8.333e-01;7.540e-04
30.006934000;4.651e-01;3.250e-01;9.145e-02;6.988e-01;1.966e-01;4.653e-01;6.985e-01;1.978e-01;4.651e-01;1.300e-02;3.658e-03;8.333e-01;7.540e-04
30.006950000;4.651e-01;3.250e-01;9.183e-02;6.987e-01;1.974e-01;4.654e-01;6.984e-01;1.986e-01;4.651e-01;1.300e-02;3.673e-03;8.333e-01;7.540e-04
30.006982000;4.652e-01;3.250e-01;9.255e-02;6.985e-01;1.989e-01;4.654e-01;6.982e-01;2.001e-01;4.652e-01;1.300e-02;3.702e-03;8.333e-01;7.540e-04
30.007046000;4.654e-01;3.249e-01;9.402e-02;6.982e-01;2.020e-01;4.656e-01;6.979e-01;2.032e-01;4.654e-01;1.300e-02;3.761e-03;8.333e-01;7.540e-04
30.007174000;4.656e-01;3.248e-01;9.698e-02;6.976e-01;2.083e-01;4.659e-01;6.972e-01;2.094e-01;4.656e-01;1.299e-02;3.879e-03;8.333e-01;7.540e-04
30.007302000;4.659e-01;3.247e-01;1.000e-01;6.970e-01;2.146e-01;4.662e-01;6.967e-01;2.157e-01;4.659e-01;1.299e-02;4.000e-03;8.333e-01;7.540e-04
30.007430000;4.662e-01;3.247e-01;1.031e-01;6.965e-01;2.211e-01;4.665e-01;6.961e-01;2.222e-01;4.662e-01;1.299e-02;4.123e-03;8.333e-01;7.540e-04
30.007558000;4.665e-01;3.247e-01;1.062e-01;6.960e-01;2.276e-01;4.668e-01;6.956e-01;2.287e-01;4.665e-01;1.299e-02;4.247e-03;8.333e-01;7.540e-04
30.007686000;4.668e-01;3.247e-01;1.093e-01;6.956e-01;2.342e-01;4.671e-01;6.952e-01;2.353e-01;4.668e-01;1.299e-02;4.373e-03;8.333e-01;7.540e-04
30.007814000;4.671e-01;3.247e-01;1.125e-01;6.952e-01;2.408e-01;4.674e-01;6.947e-01;2.420e-01;4.671e-01;1.299e-02;4.500e-03;8.333e-01;7.540e-04
30.007942000;4.674e-01;3.248e-01;1.157e-01;6.948e-01;2.476e-01;4.677e-01;6.944e-01;2.487e-01;4.674e-01;1.299e-02;4.629e-03;8.333e-01;7.540e-04
30.008070000;4.677e-01;3.249e-01;1.190e-01;6.945e-01;2.544e-01;4.680e-01;6.941e-01;2.555e-01;4.677e-01;1.299e-02;4.760e-03;8.333e-01;7.540e-04
30.008198000;4.681e-01;3.249e-01;1.223e-01;6.942e-01;2.613e-01;4.684e-01;6.938e-01;2.624e-01;4.681e-01;1.300e-02;4.892e-03;8.333e-01;7.540e-04
30.008326000;4.684e-01;3.251e-01;1.257e-01;6.940e-01;2.683e-01;4.687e-01;6.936e-01;2.694e-01;4.684e-01;1.300e-02;5.026e-03;8.333e-01;7.540e-04
30.008450000;4.687e-01;3.252e-01;1.289e-01;6.939e-01;2.751e-01;4.690e-01;6.934e-01;2.762e-01;4.687e-01;1.301e-02;5.157e-03;8.333e-01;7.540e-04
30.008451000;4.687e-01;3.252e-01;1.290e-01;6.938e-01;2.751e-01;4.690e-01;6.934e-01;2.762e-01;4.687e-01;1.301e-02;5.158e-03;8.333e-01;7.540e-04
30.008452000;4.687e-01;3.252e-01;1.290e-01;6.938e-01;2.752e-01;4.690e-01;6.934e-01;2.763e-01;4.687e-01;1.301e-02;5.159e-03;8.333e-01;7.540e-04
30.008454000;4.687e-01;3.252e-01;1.290e-01;6.938e-01;2.753e-01;4.690e-01;6.934e-01;2.764e-01;4.687e-01;1.301e-02;5.161e-03;8.333e-01;7.540e-04
30.008458000;4.687e-01;3.252e-01;1.291e-01;6.938e-01;2.755e-01;4.690e-01;6.934e-01;2.766e-01;4.687e-01;1.301e-02;5.165e-03;8.333e-01;7.540e-04
30.008466000;4.687e-01;3.252e-01;1.293e-01;6.938e-01;2.760e-01;4.690e-01;6.934e-01;2.771e-01;4.687e-01;1.301e-02;5.174e-03;8.333e-01;7.540e-04
30.008482000;4.688e-01;3.252e-01;1.298e-01;6.938e-01;2.768e-01;4.691e-01;6.933e-01;2.779e-01;4.688e-01;1.301e-02;5.191e-03;8.333e-01;7.540e-04
30.008514000;4.688e-01;3.253e-01;1.306e-01;6.938e-01;2.786e-01;4.692e-01;6.933e-01;2.797e-01;4.688e-01;1.301e-02;5.225e-03;8.333e-01;7.540e-04
30.008544000;4.689e-01;3.253e-01;1.314e-01;6.937e-01;2.802e-01;4.692e-01;6.932e-01;2.814e-01;4.689e-01;1.301e-02;5.256e-03;8.333e-01;7.540e-04
30.008545000;4.689e-01;3.253e-01;1.314e-01;6.937e-01;2.803e-01;4.692e-01;6.932e-01;2.814e-01;4.689e-01;1.301e-02;5.258e-03;8.333e-01;7.540e-04
30.008546000;4.689e-01;3.253e-01;1.315e-01;6.937e-01;2.804e-01;4.692e-01;6.932e-01;2.815e-01;4.689e-01;1.301e-02;5.259e-03;8.333e-01;7.540e-04
30.008548000;4.689e-01;3.253e-01;1.315e-01;6.937e-01;2.805e-01;4.692e-01;6.933e-01;2.816e-01;4.689e-01;1.301e-02;5.261e-03;8.333e-01;7.540e-04
30.008552000;4.689e-01;3.253e-01;1.316e-01;6.937e-01;2.807e-01;4.693e-01;6.933e-01;2.818e-01;4.689e-01;1.301e-02;5.265e-03;8.333e-01;7.540e-04
30.008560000;4.690e-01;3.253e-01;1.318e-01;6.937e-01;2.812e-01;4.693e-01;6.932e-01;2.822e-01;4.690e-01;1.301e-02;5.274e-03;8.333e-01;7.540e-04
30.008576000;4.690e-01;3.253e-01;1.323e-01;6.937e-01;2.820e-01;4.693e-01;6.932e-01;2.831e-01;4.690e-01;1.301e-02;5.291e-03;8.333e-01;7.540e-04
30.008608000;4.691e-01;3.254e-01;1.331e-01;6.936e-01;2.838e-01;4.694e-01;6.932e-01;2.849e-01;4.691e-01;1.302e-02;5.325e-03;8.333e-01;7.540e-04
30.008672000;4.693e-01;3.255e-01;1.348e-01;6.936e-01;2.873e-01;4.696e-01;6.931e-01;2.885e-01;4.693e-01;1.302e-02;5.393e-03;8.333e-01;7.540e-04
30.008736000;4.694e-01;3.255e-01;1.366e-01;6.935e-01;2.909e-01;4.697e-01;6.930e-01;2.920e-01;4.694e-01;1.302e-02;5.462e-03;8.333e-01;7.540e-04
30.008800000;4.696e-01;3.256e-01;1.383e-01;6.934e-01;2.945e-01;4.699e-01;6.929e-01;2.956e-01;4.696e-01;1.302e-02;5.532e-03;8.333e-01;7.540e-04
30.008864000;4.697e-01;3.256e-01;1.400e-01;6.933e-01;2.981e-01;4.701e-01;6.928e-01;2.992e-01;4.697e-01;1.303e-02;5.601e-03;8.333e-01;7.540e-04
30.008928000;4.699e-01;3.257e-01;1.418e-01;6.931e-01;3.017e-01;4.702e-01;6.927e-01;3.028e-01;4.699e-01;1.303e-02;5.671e-03;8.333e-01;7.540e-04
30.008992000;4.701e-01;3.258e-01;1.435e-01;6.930e-01;3.053e-01;4.704e-01;6.925e-01;3.064e-01;4.701e-01;1.303e-02;5.741e-03;8.333e-01;7.540e-04
30.009056000;4.702e-01;3.258e-01;1.453e-01;6.929e-01;3.089e-01;4.706e-01;6.924e-01;3.100e-01;4.702e-01;1.303e-02;5.811e-03;8.333e-01;7.540e-04
30.009120000;4.704e-01;3.259e-01;1.471e-01;6.927e-01;3.126e-01;4.708e-01;6.922e-01;3.137e-01;4.704e-01;1.303e-02;5.882e-03;8.333e-01;7.540e-04
30.009184000;4.706e-01;3.259e-01;1.488e-01;6.926e-01;3.163e-01;4.709e-01;6.920e-01;3.174e-01;4.706e-01;1.304e-02;5.953e-03;8.333e-01;7.540e-04
30.009248000;4.707e-01;3.259e-01;1.506e-01;6.924e-01;3.199e-01;4.711e-01;6.918e-01;3.210e-01;4.707e-01;1.304e-02;6.024e-03;8.333e-01;7.540e-04
30.009312000;4.709e-01;3.259e-01;1.524e-01;6.922e-01;3.236e-01;4.713e-01;6.917e-01;3.247e-01;4.709e-01;1.304e-02;6.095e-03;8.333e-01;7.540e-04
30.009376000;4.711e-01;3.260e-01;1.541e-01;6.920e-01;3.272e-01;4.714e-01;6.915e-01;3.284e-01;4.711e-01;1.304e-02;6.166e-03;8.333e-01;7.540e-04
30.009440000;4.712e-01;3.260e-01;1.559e-01;6.918e-01;3.309e-01;4.716e-01;6.913e-01;3.320e-01;4.712e-01;1.304e-02;6.238e-03;8.333e-01;7.540e-04
30.009504000;4.714e-01;3.260e-01;1.578e-01;6.916e-01;3.346e-01;4.718e-01;6.911e-01;3.357e-01;4.714e-01;1.304e-02;6.310e-03;8.333e-01;7.540e-04
30.009568000;4.716e-01;3.260e-01;1.595e-01;6.914e-01;3.383e-01;4.720e-01;6.908e-01;3.394e-01;4.716e-01;1.304e-02;6.382e-03;8.333e-01;7.540e-04
30.009632000;4.717e-01;3.260e-01;1.613e-01;6.911e-01;3.420e-01;4.721e-01;6.905e-01;3.431e-01;4.717e-01;1.304e-02;6.454e-03;8.333e-01;7.540e-04
30.009696000;4.719e-01;3.260e-01;1.632e-01;6.909e-01;3.458e-01;4.723e-01;6.903e-01;3.469e-01;4.719e-01;1.304e-02;6.527e-03;8.333e-01;7.540e-04
30.009760000;4.721e-01;3.260e-01;1.650e-01;6.906e-01;3.495e-01;4.725e-01;6.900e-01;3.505e-01;4.721e-01;1.304e-02;6.599e-03;8.333e-01;7.540e-04
30.009824000;4.723e-01;3.260e-01;1.668e-01;6.903e-01;3.532e-01;4.726e-01;6.898e-01;3.543e-01;4.723e-01;1.304e-02;6.672e-03;8.333e-01;7.540e-04
30.009888000;4.724e-01;3.260e-01;1.686e-01;6.901e-01;3.569e-01;4.728e-01;6.895e-01;3.581e-01;4.724e-01;1.304e-02;6.745e-03;8.333e-01;7.540e-04
30.009952000;4.726e-01;3.260e-01;1.705e-01;6.898e-01;3.607e-01;4.730e-01;6.892e-01;3.618e-01;4.726e-01;1.304e-02;6.819e-03;8.333e-01;7.540e-04
30.010016000;4.728e-01;3.259e-01;1.723e-01;6.894e-01;3.645e-01;4.732e-01;6.889e-01;3.655e-01;4.728e-01;1.304e-02;6.892e-03;8.333e-01;7.540e-04
30.010080000;4.729e-01;3.259e-01;1.741e-01;6.891e-01;3.682e-01;4.733e-01;6.885e-01;3.693e-01;4.729e-01;1.304e-02;6.966e-03;8.333e-01;7.540e-04
30.010144000;4.731e-01;3.259e-01;1.760e-01;6.887e-01;3.720e-01;4.735e-01;6.882e-01;3.731e-01;4.731e-01;1.303e-02;7.039e-03;8.333e-01;7.540e-04
30.010208000;4.733e-01;3.258e-01;1.778e-01;6.884e-01;3.757e-01;4.737e-01;6.878e-01;3.768e-01;4.733e-01;1.303e-02;7.113e-03;8.333e-01;7.540e-04
30.010272000;4.735e-01;3.257e-01;1.797e-01;6.880e-01;3.795e-01;4.739e-01;6.875e-01;3.806e-01;4.735e-01;1.303e-02;7.187e-03;8.333e-01;7.540e-04
30.010336000;4.736e-01;3.257e-01;1.816e-01;6.877e-01;3.833e-01;4.741e-01;6.871e-01;3.844e-01;4.736e-01;1.303e-02;7.262e-03;8.333e-01;7.540e-04
30.010464000;4.740e-01;3.256e-01;1.852e-01;6.869e-01;3.908e-01;4.744e-01;6.863e-01;3.920e-01;4.740e-01;1.302e-02;7.410e-03;8.333e-01;7.540e-04
30.010578000;4.743e-01;3.254e-01;1.886e-01;6.861e-01;3.977e-01;4.747e-01;6.855e-01;3.987e-01;4.743e-01;1.302e-02;7.544e-03;8.333e-01;7.540e-04
30.010579000;4.743e-01;3.254e-01;1.886e-01;6.861e-01;3.977e-01;4.747e-01;6.855e-01;3.988e-01;4.743e-01;1.302e-02;7.545e-03;8.333e-01;7.540e-04
30.010580000;4.743e-01;3.254e-01;1.886e-01;6.861e-01;3.978e-01;4.747e-01;6.855e-01;3.988e-01;4.743e-01;1.302e-02;7.546e-03;8.333e-01;7.540e-04
30.010582000;4.743e-01;3.254e-01;1.887e-01;6.861e-01;3.979e-01;4.747e-01;6.855e-01;3.990e-01;4.743e-01;1.302e-02;7.548e-03;8.333e-01;7.540e-04
30.010586000;4.743e-01;3.254e-01;1.888e-01;6.861e-01;3.981e-01;4.747e-01;6.855e-01;3.992e-01;4.743e-01;1.302e-02;7.553e-03;8.333e-01;7.540e-04
30.010594000;4.743e-01;3.254e-01;1.891e-01;6.860e-01;3.986e-01;4.748e-01;6.854e-01;3.997e-01;4.743e-01;1.302e-02;7.563e-03;8.333e-01;7.540e-04
30.010610000;4.744e-01;3.254e-01;1.895e-01;6.859e-01;3.995e-01;4.748e-01;6.853e-01;4.006e-01;4.744e-01;1.302e-02;7.581e-03;8.333e-01;7.540e-04
30.010642000;4.745e-01;3.253e-01;1.905e-01;6.857e-01;4.015e-01;4.749e-01;6.851e-01;4.025e-01;4.745e-01;1.301e-02;7.619e-03;8.333e-01;7.540e-04
30.010706000;4.746e-01;3.253e-01;1.924e-01;6.853e-01;4.053e-01;4.751e-01;6.847e-01;4.063e-01;4.746e-01;1.301e-02;7.694e-03;8.333e-01;7.540e-04
30.010770000;4.748e-01;3.252e-01;1.942e-01;6.849e-01;4.091e-01;4.753e-01;6.843e-01;4.102e-01;4.748e-01;1.301e-02;7.769e-03;8.333e-01;7.540e-04
30.010834000;4.750e-01;3.251e-01;1.961e-01;6.845e-01;4.129e-01;4.754e-01;6.839e-01;4.139e-01;4.750e-01;1.300e-02;7.844e-03;8.333e-01;7.540e-04
30.010898000;4.751e-01;3.251e-01;1.980e-01;6.841e-01;4.167e-01;4.756e-01;6.834e-01;4.178e-01;4.751e-01;1.300e-02;7.920e-03;8.333e-01;7.540e-04
30.010962000;4.753e-01;3.250e-01;1.999e-01;6.837e-01;4.205e-01;4.758e-01;6.831e-01;4.216e-01;4.753e-01;1.300e-02;7.995e-03;8.333e-01;7.540e-04
30.011026000;4.755e-01;3.249e-01;2.018e-01;6.834e-01;4.243e-01;4.760e-01;6.827e-01;4.254e-01;4.755e-01;1.300e-02;8.071e-03;8.333e-01;7.540e-04
30.011090000;4.757e-01;3.249e-01;2.037e-01;6.830e-01;4.282e-01;4.761e-01;6.824e-01;4.292e-01;4.757e-01;1.300e-02;8.147e-03;8.333e-01;7.540e-04
30.011154000;4.758e-01;3.249e-01;2.056e-01;6.827e-01;4.320e-01;4.763e-01;6.820e-01;4.331e-01;4.758e-01;1.299e-02;8.223e-03;8.333e-01;7.540e-04
30.011218000;4.760e-01;3.248e-01;2.075e-01;6.824e-01;4.359e-01;4.765e-01;6.817e-01;4.369e-01;4.760e-01;1.299e-02;8.299e-03;8.333e-01;7.540e-04
30.011282000;4.762e-01;3.248e-01;2.094e-01;6.820e-01;4.397e-01;4.767e-01;6.813e-01;4.407e-01;4.762e-01;1.299e-02;8.375e-03;8.333e-01;7.540e-04
30.011321000;4.763e-01;3.247e-01;2.105e-01;6.818e-01;4.420e-01;4.768e-01;6.812e-01;4.430e-01;4.763e-01;1.299e-02;8.421e-03;8.333e-01;7.540e-04
30.011322000;4.763e-01;3.247e-01;2.106e-01;6.818e-01;4.421e-01;4.768e-01;6.812e-01;4.431e-01;4.763e-01;1.299e-02;8.422e-03;8.333e-01;7.540e-04
30.011323000;4.763e-01;3.247e-01;2.106e-01;6.818e-01;4.421e-01;4.768e-01;6.812e-01;4.432e-01;4.763e-01;1.299e-02;8.423e-03;8.333e-01;7.540e-04
30.011325000;4.763e-01;3.247e-01;2.106e-01;6.818e-01;4.422e-01;4.768e-01;6.812e-01;4.433e-01;4.763e-01;1.299e-02;8.425e-03;8.333e-01;7.540e-04
30.011329000;4.763e-01;3.247e-01;2.107e-01;6.818e-01;4.425e-01;4.768e-01;6.811e-01;4.435e-01;4.763e-01;1.299e-02;8.430e-03;8.333e-01;7.540e-04
30.011337000;4.763e-01;3.247e-01;2.110e-01;6.818e-01;4.430e-01;4.768e-01;6.811e-01;4.440e-01;4.763e-01;1.299e-02;8.440e-03;8.333e-01;7.540e-04
30.011353000;4.764e-01;3.247e-01;2.115e-01;6.817e-01;4.439e-01;4.769e-01;6.810e-01;4.450e-01;4.764e-01;1.299e-02;8.459e-03;8.333e-01;7.540e-04
30.011385000;4.765e-01;3.247e-01;2.124e-01;6.815e-01;4.458e-01;4.770e-01;6.809e-01;4.469e-01;4.765e-01;1.299e-02;8.497e-03;8.333e-01;7.540e-04
30.011449000;4.766e-01;3.247e-01;2.143e-01;6.812e-01;4.496e-01;4.771e-01;6.806e-01;4.507e-01;4.766e-01;1.299e-02;8.572e-03;8.333e-01;7.540e-04
30.011513000;4.768e-01;3.247e-01;2.162e-01;6.810e-01;4.534e-01;4.773e-01;6.803e-01;4.545e-01;4.768e-01;1.299e-02;8.648e-03;8.333e-01;7.540e-04
30.011577000;4.770e-01;3.247e-01;2.181e-01;6.807e-01;4.571e-01;4.775e-01;6.800e-01;4.582e-01;4.770e-01;1.299e-02;8.722e-03;8.333e-01;7.540e-04
30.011641000;4.772e-01;3.247e-01;2.199e-01;6.804e-01;4.609e-01;4.777e-01;6.797e-01;4.619e-01;4.772e-01;1.299e-02;8.797e-03;8.333e-01;7.540e-04
30.011705000;4.773e-01;3.246e-01;2.218e-01;6.801e-01;4.646e-01;4.778e-01;6.794e-01;4.656e-01;4.773e-01;1.299e-02;8.871e-03;8.333e-01;7.540e-04
30.011769000;4.775e-01;3.246e-01;2.236e-01;6.799e-01;4.683e-01;4.780e-01;6.792e-01;4.693e-01;4.775e-01;1.299e-02;8.944e-03;8.333e-01;7.540e-04
30.011833000;4.777e-01;3.246e-01;2.255e-01;6.797e-01;4.720e-01;4.782e-01;6.789e-01;4.730e-01;4.777e-01;1.299e-02;9.018e-03;8.333e-01;7.540e-04
30.011897000;4.778e-01;3.246e-01;2.273e-01;6.794e-01;4.756e-01;4.784e-01;6.787e-01;4.766e-01;4.778e-01;1.299e-02;9.090e-03;8.333e-01;7.540e-04
30.011961000;4.780e-01;3.246e-01;2.291e-01;6.792e-01;4.792e-01;4.785e-01;6.784e-01;4.803e-01;4.780e-01;1.299e-02;9.163e-03;8.333e-01;7.540e-04
30.012025000;4.782e-01;3.246e-01;2.309e-01;6.790e-01;4.828e-01;4.787e-01;6.783e-01;4.839e-01;4.782e-01;1.299e-02;9.235e-03;8.333e-01;7.540e-04
30.012089000;4.783e-01;3.247e-01;2.326e-01;6.788e-01;4.864e-01;4.789e-01;6.780e-01;4.875e-01;4.783e-01;1.299e-02;9.306e-03;8.333e-01;7.540e-04
30.012153000;4.785e-01;3.247e-01;2.344e-01;6.785e-01;4.900e-01;4.790e-01;6.778e-01;4.910e-01;4.785e-01;1.299e-02;9.378e-03;8.333e-01;7.540e-04
30.012217000;4.786e-01;3.247e-01;2.362e-01;6.784e-01;4.935e-01;4.792e-01;6.776e-01;4.945e-01;4.786e-01;1.299e-02;9.448e-03;8.333e-01;7.540e-04
30.012281000;4.788e-01;3.247e-01;2.380e-01;6.782e-01;4.970e-01;4.794e-01;6.774e-01;4.980e-01;4.788e-01;1.299e-02;9.519e-03;8.333e-01;7.540e-04
30.012345000;4.790e-01;3.247e-01;2.397e-01;6.780e-01;5.005e-01;4.795e-01;6.772e-01;5.015e-01;4.790e-01;1.299e-02;9.589e-03;8.333e-01;7.540e-04
30.012409000;4.791e-01;3.248e-01;2.414e-01;6.779e-01;5.039e-01;4.797e-01;6.771e-01;5.050e-01;4.791e-01;1.299e-02;9.658e-03;8.333e-01;7.540e-04
30.012473000;4.793e-01;3.248e-01;2.432e-01;6.777e-01;5.074e-01;4.798e-01;6.769e-01;5.085e-01;4.793e-01;1.299e-02;9.727e-03;8.333e-01;7.540e-04
30.012537000;4.794e-01;3.248e-01;2.449e-01;6.775e-01;5.108e-01;4.800e-01;6.768e-01;5.119e-01;4.794e-01;1.299e-02;9.796e-03;8.333e-01;7.540e-04
30.012665000;4.797e-01;3.249e-01;2.483e-01;6.772e-01;5.176e-01;4.803e-01;6.765e-01;5.186e-01;4.797e-01;1.300e-02;9.933e-03;8.333e-01;7.540e-04
30.012780000;4.800e-01;3.250e-01;2.514e-01;6.770e-01;5.236e-01;4.806e-01;6.762e-01;5.247e-01;4.800e-01;1.300e-02;1.005e-02;8.333e-01;7.540e-04
30.012895000;4.803e-01;3.251e-01;2.544e-01;6.768e-01;5.296e-01;4.809e-01;6.760e-01;5.306e-01;4.803e-01;1.300e-02;1.018e-02;8.333e-01;7.540e-04
30.013010000;4.806e-01;3.252e-01;2.573e-01;6.767e-01;5.355e-01;4.812e-01;6.758e-01;5.365e-01;4.806e-01;1.301e-02;1.029e-02;8.333e-01;7.540e-04
30.013125000;4.808e-01;3.253e-01;2.603e-01;6.765e-01;5.414e-01;4.814e-01;6.757e-01;5.423e-01;4.808e-01;1.301e-02;1.041e-02;8.333e-01;7.540e-04
30.013241000;4.811e-01;3.254e-01;2.632e-01;6.763e-01;5.471e-01;4.817e-01;6.755e-01;5.481e-01;4.811e-01;1.302e-02;1.053e-02;8.333e-01;7.540e-04
30.013356000;4.814e-01;3.255e-01;2.661e-01;6.762e-01;5.528e-01;4.820e-01;6.754e-01;5.538e-01;4.814e-01;1.302e-02;1.064e-02;8.333e-01;7.540e-04
30.013471000;4.816e-01;3.256e-01;2.690e-01;6.761e-01;5.584e-01;4.822e-01;6.753e-01;5.595e-01;4.816e-01;1.303e-02;1.076e-02;8.333e-01;7.540e-04
30.013586000;4.819e-01;3.258e-01;2.718e-01;6.761e-01;5.640e-01;4.825e-01;6.752e-01;5.650e-01;4.819e-01;1.303e-02;1.087e-02;8.333e-01;7.540e-04
30.013701000;4.821e-01;3.259e-01;2.746e-01;6.760e-01;5.696e-01;4.827e-01;6.752e-01;5.705e-01;4.821e-01;1.304e-02;1.098e-02;8.333e-01;7.540e-04
30.013817000;4.824e-01;3.261e-01;2.773e-01;6.760e-01;5.750e-01;4.830e-01;6.751e-01;5.760e-01;4.824e-01;1.304e-02;1.109e-02;8.333e-01;7.540e-04
30.013932000;4.826e-01;3.262e-01;2.801e-01;6.760e-01;5.804e-01;4.833e-01;6.751e-01;5.814e-01;4.826e-01;1.305e-02;1.120e-02;8.333e-01;7.540e-04
30.014047000;4.829e-01;3.264e-01;2.828e-01;6.760e-01;5.857e-01;4.835e-01;6.751e-01;5.868e-01;4.829e-01;1.306e-02;1.131e-02;8.333e-01;7.540e-04
30.014135000;4.830e-01;3.265e-01;2.849e-01;6.760e-01;5.898e-01;4.837e-01;6.751e-01;5.908e-01;4.830e-01;1.306e-02;1.140e-02;8.333e-01;7.540e-04
30.014136000;4.830e-01;3.265e-01;2.849e-01;6.760e-01;5.898e-01;4.837e-01;6.751e-01;5.908e-01;4.830e-01;1.306e-02;1.140e-02;8.333e-01;7.540e-04
30.014137000;4.830e-01;3.265e-01;2.849e-01;6.760e-01;5.899e-01;4.837e-01;6.751e-01;5.909e-01;4.830e-01;1.306e-02;1.140e-02;8.333e-01;7.540e-04
30.014139000;4.830e-01;3.265e-01;2.849e-01;6.760e-01;5.899e-01;4.837e-01;6.751e-01;5.909e-01;4.830e-01;1.306e-02;1.140e-02;8.333e-01;7.540e-04
30.014143000;4.831e-01;3.266e-01;2.851e-01;6.760e-01;5.901e-01;4.837e-01;6.751e-01;5.911e-01;4.831e-01;1.306e-02;1.140e-02;8.333e-01;7.540e-04
30.014151000;4.831e-01;3.266e-01;2.853e-01;6.760e-01;5.905e-01;4.837e-01;6.751e-01;5.915e-01;4.831e-01;1.306e-02;1.141e-02;8.333e-01;7.540e-04
30.014167000;4.831e-01;3.266e-01;2.856e-01;6.760e-01;5.912e-01;4.838e-01;6.751e-01;5.922e-01;4.831e-01;1.306e-02;1.142e-02;8.333e-01;7.540e-04
30.014199000;4.832e-01;3.266e-01;2.863e-01;6.760e-01;5.926e-01;4.838e-01;6.751e-01;5.937e-01;4.832e-01;1.307e-02;1.145e-02;8.333e-01;7.540e-04
30.014263000;4.833e-01;3.267e-01;2.878e-01;6.760e-01;5.955e-01;4.840e-01;6.752e-01;5.965e-01;4.833e-01;1.307e-02;1.151e-02;8.333e-01;7.540e-04
30.014391000;4.836e-01;3.269e-01;2.908e-01;6.761e-01;6.013e-01;4.842e-01;6.752e-01;6.023e-01;4.836e-01;1.308e-02;1.163e-02;8.333e-01;7.540e-04
30.014519000;4.838e-01;3.271e-01;2.936e-01;6.762e-01;6.069e-01;4.845e-01;6.753e-01;6.080e-01;4.838e-01;1.309e-02;1.175e-02;8.333e-01;7.540e-04
30.014775000;4.843e-01;3.276e-01;2.994e-01;6.764e-01;6.181e-01;4.850e-01;6.755e-01;6.191e-01;4.843e-01;1.310e-02;1.197e-02;8.333e-01;7.540e-04
30.014802000;4.844e-01;3.276e-01;2.999e-01;6.764e-01;6.192e-01;4.851e-01;6.755e-01;6.202e-01;4.844e-01;1.311e-02;1.200e-02;8.333e-01;7.540e-04
30.014803000;4.844e-01;3.277e-01;2.999e-01;6.765e-01;6.192e-01;4.851e-01;6.755e-01;6.203e-01;4.844e-01;1.311e-02;1.200e-02;8.333e-01;7.540e-04
30.014804000;4.844e-01;3.277e-01;3.000e-01;6.765e-01;6.193e-01;4.851e-01;6.755e-01;6.203e-01;4.844e-01;1.311e-02;1.200e-02;8.333e-01;7.540e-04
30.014806000;4.844e-01;3.277e-01;3.000e-01;6.765e-01;6.194e-01;4.851e-01;6.755e-01;6.204e-01;4.844e-01;1.311e-02;1.200e-02;8.333e-01;7.540e-04
30.014810000;4.844e-01;3.277e-01;3.001e-01;6.765e-01;6.196e-01;4.851e-01;6.755e-01;6.206e-01;4.844e-01;1.311e-02;1.201e-02;8.333e-01;7.540e-04
30.014818000;4.844e-01;3.277e-01;3.003e-01;6.765e-01;6.199e-01;4.851e-01;6.755e-01;6.209e-01;4.844e-01;1.311e-02;1.201e-02;8.333e-01;7.540e-04
30.014834000;4.844e-01;3.277e-01;3.007e-01;6.765e-01;6.206e-01;4.851e-01;6.755e-01;6.216e-01;4.844e-01;1.311e-02;1.203e-02;8.333e-01;7.540e-04
30.014866000;4.845e-01;3.278e-01;3.013e-01;6.765e-01;6.219e-01;4.852e-01;6.756e-01;6.229e-01;4.845e-01;1.311e-02;1.205e-02;8.333e-01;7.540e-04
30.014930000;4.846e-01;3.279e-01;3.027e-01;6.766e-01;6.246e-01;4.853e-01;6.756e-01;6.257e-01;4.846e-01;1.312e-02;1.211e-02;8.333e-01;7.540e-04
30.015058000;4.849e-01;3.281e-01;3.055e-01;6.767e-01;6.300e-01;4.856e-01;6.758e-01;6.311e-01;4.849e-01;1.312e-02;1.222e-02;8.333e-01;7.540e-04
30.015186000;4.851e-01;3.283e-01;3.082e-01;6.768e-01;6.353e-01;4.858e-01;6.759e-01;6.363e-01;4.851e-01;1.313e-02;1.233e-02;8.333e-01;7.540e-04
30.015314000;4.854e-01;3.286e-01;3.109e-01;6.770e-01;6.406e-01;4.861e-01;6.760e-01;6.416e-01;4.854e-01;1.314e-02;1.244e-02;8.333e-01;7.540e-04
30.015442000;4.856e-01;3.288e-01;3.135e-01;6.771e-01;6.457e-01;4.863e-01;6.762e-01;6.468e-01;4.856e-01;1.315e-02;1.254e-02;8.333e-01;7.540e-04
30.015570000;4.858e-01;3.290e-01;3.162e-01;6.772e-01;6.508e-01;4.865e-01;6.763e-01;6.518e-01;4.858e-01;1.316e-02;1.265e-02;8.333e-01;7.540e-04
30.015826000;4.863e-01;3.295e-01;3.214e-01;6.775e-01;6.608e-01;4.870e-01;6.765e-01;6.618e-01;4.863e-01;1.318e-02;1.285e-02;8.333e-01;7.540e-04
30.016082000;4.867e-01;3.299e-01;3.264e-01;6.778e-01;6.706e-01;4.875e-01;6.768e-01;6.716e-01;4.867e-01;1.320e-02;1.306e-02;8.333e-01;7.540e-04
30.016338000;4.872e-01;3.303e-01;3.313e-01;6.780e-01;6.801e-01;4.879e-01;6.770e-01;6.811e-01;4.872e-01;1.321e-02;1.325e-02;8.333e-01;7.540e-04
30.016594000;4.876e-01;3.307e-01;3.362e-01;6.783e-01;6.894e-01;4.884e-01;6.772e-01;6.904e-01;4.876e-01;1.323e-02;1.345e-02;8.333e-01;7.540e-04
30.016850000;4.880e-01;3.311e-01;3.408e-01;6.785e-01;6.985e-01;4.888e-01;6.775e-01;6.995e-01;4.880e-01;1.324e-02;1.363e-02;8.333e-01;7.540e-04
30.017106000;4.884e-01;3.315e-01;3.454e-01;6.788e-01;7.072e-01;4.892e-01;6.777e-01;7.083e-01;4.884e-01;1.326e-02;1.382e-02;8.333e-01;7.540e-04
30.017362000;4.888e-01;3.319e-01;3.499e-01;6.790e-01;7.158e-01;4.896e-01;6.779e-01;7.169e-01;4.888e-01;1.328e-02;1.400e-02;8.333e-01;7.540e-04
30.017618000;4.892e-01;3.323e-01;3.543e-01;6.792e-01;7.242e-01;4.900e-01;6.781e-01;7.252e-01;4.892e-01;1.329e-02;1.417e-02;8.333e-01;7.540e-04
30.017874000;4.896e-01;3.327e-01;3.586e-01;6.795e-01;7.324e-01;4.904e-01;6.784e-01;7.334e-01;4.896e-01;1.331e-02;1.434e-02;8.333e-01;7.540e-04
30.018130000;4.899e-01;3.330e-01;3.627e-01;6.797e-01;7.404e-01;4.907e-01;6.786e-01;7.414e-01;4.899e-01;1.332e-02;1.451e-02;8.333e-01;7.540e-04
30.018386000;4.903e-01;3.334e-01;3.668e-01;6.799e-01;7.481e-01;4.911e-01;6.788e-01;7.491e-01;4.903e-01;1.333e-02;1.467e-02;8.333e-01;7.540e-04
30.018642000;4.906e-01;3.337e-01;3.708e-01;6.802e-01;7.557e-01;4.915e-01;6.791e-01;7.567e-01;4.906e-01;1.335e-02;1.483e-02;8.333e-01;7.540e-04
30.018898000;4.910e-01;3.341e-01;3.746e-01;6.804e-01;7.631e-01;4.918e-01;6.792e-01;7.641e-01;4.910e-01;1.336e-02;1.499e-02;8.333e-01;7.540e-04
30.019154000;4.913e-01;3.344e-01;3.784e-01;6.806e-01;7.703e-01;4.921e-01;6.794e-01;7.713e-01;4.913e-01;1.337e-02;1.514e-02;8.333e-01;7.540e-04
30.019410000;4.916e-01;3.347e-01;3.821e-01;6.808e-01;7.773e-01;4.925e-01;6.796e-01;7.783e-01;4.916e-01;1.339e-02;1.528e-02;8.333e-01;7.540e-04
30.019666000;4.919e-01;3.350e-01;3.857e-01;6.810e-01;7.841e-01;4.928e-01;6.799e-01;7.851e-01;4.919e-01;1.340e-02;1.543e-02;8.333e-01;7.540e-04
30.019922000;4.922e-01;3.353e-01;3.892e-01;6.812e-01;7.908e-01;4.931e-01;6.801e-01;7.918e-01;4.922e-01;1.341e-02;1.557e-02;8.333e-01;7.540e-04
30.020178000;4.925e-01;3.356e-01;3.927e-01;6.814e-01;7.973e-01;4.934e-01;6.803e-01;7.983e-01;4.925e-01;1.342e-02;1.571e-02;8.333e-01;7.540e-04
30.020434000;4.928e-01;3.360e-01;3.960e-01;6.817e-01;8.036e-01;4.937e-01;6.805e-01;8.046e-01;4.928e-01;1.344e-02;1.584e-02;8.333e-01;7.540e-04
30.020690000;4.931e-01;3.362e-01;3.993e-01;6.819e-01;8.098e-01;4.940e-01;6.807e-01;8.108e-01;4.931e-01;1.345e-02;1.597e-02;8.333e-01;7.540e-04
30.020946000;4.934e-01;3.365e-01;4.025e-01;6.821e-01;8.158e-01;4.943e-01;6.809e-01;8.168e-01;4.934e-01;1.346e-02;1.610e-02;8.333e-01;7.540e-04
30.021202000;4.936e-01;3.368e-01;4.056e-01;6.823e-01;8.217e-01;4.945e-01;6.811e-01;8.227e-01;4.936e-01;1.347e-02;1.622e-02;8.333e-01;7.540e-04
30.021458000;4.939e-01;3.371e-01;4.086e-01;6.825e-01;8.274e-01;4.948e-01;6.813e-01;8.284e-01;4.939e-01;1.348e-02;1.635e-02;8.333e-01;7.540e-04
30.021714000;4.942e-01;3.374e-01;4.116e-01;6.827e-01;8.330e-01;4.951e-01;6.815e-01;8.340e-01;4.942e-01;1.350e-02;1.647e-02;8.333e-01;7.540e-04
30.021970000;4.944e-01;3.376e-01;4.145e-01;6.829e-01;8.384e-01;4.953e-01;6.817e-01;8.394e-01;4.944e-01;1.350e-02;1.658e-02;8.333e-01;7.540e-04
30.022226000;4.947e-01;3.379e-01;4.173e-01;6.831e-01;8.437e-01;4.956e-01;6.819e-01;8.447e-01;4.947e-01;1.352e-02;1.669e-02;8.333e-01;7.540e-04
30.022482000;4.949e-01;3.382e-01;4.201e-01;6.833e-01;8.489e-01;4.958e-01;6.821e-01;8.499e-01;4.949e-01;1.353e-02;1.680e-02;8.333e-01;7.540e-04
30.022738000;4.951e-01;3.384e-01;4.228e-01;6.835e-01;8.539e-01;4.961e-01;6.822e-01;8.549e-01;4.951e-01;1.354e-02;1.691e-02;8.333e-01;7.540e-04
30.022994000;4.953e-01;3.387e-01;4.254e-01;6.837e-01;8.588e-01;4.963e-01;6.825e-01;8.598e-01;4.953e-01;1.355e-02;1.702e-02;8.333e-01;7.540e-04
30.023250000;4.956e-01;3.389e-01;4.280e-01;6.839e-01;8.636e-01;4.965e-01;6.826e-01;8.646e-01;4.956e-01;1.356e-02;1.712e-02;8.333e-01;7.540e-04
30.023506000;4.958e-01;3.392e-01;4.305e-01;6.841e-01;8.683e-01;4.967e-01;6.828e-01;8.693e-01;4.958e-01;1.357e-02;1.722e-02;8.333e-01;7.540e-04
30.023762000;4.960e-01;3.394e-01;4.329e-01;6.843e-01;8.728e-01;4.969e-01;6.830e-01;8.738e-01;4.960e-01;1.358e-02;1.732e-02;8.333e-01;7.540e-04
30.024018000;4.962e-01;3.397e-01;4.353e-01;6.845e-01;8.772e-01;4.971e-01;6.832e-01;8.783e-01;4.962e-01;1.359e-02;1.741e-02;8.333e-01;7.540e-04
30.024274000;4.964e-01;3.399e-01;4.376e-01;6.847e-01;8.816e-01;4.974e-01;6.834e-01;8.826e-01;4.964e-01;1.359e-02;1.750e-02;8.333e-01;7.540e-04
30.024530000;4.966e-01;3.401e-01;4.399e-01;6.849e-01;8.858e-01;4.975e-01;6.836e-01;8.868e-01;4.966e-01;1.360e-02;1.759e-02;8.333e-01;7.540e-04
30.024786000;4.968e-01;3.403e-01;4.421e-01;6.851e-01;8.899e-01;4.977e-01;6.838e-01;8.909e-01;4.968e-01;1.361e-02;1.768e-02;8.333e-01;7.540e-04
30.025042000;4.969e-01;3.406e-01;4.442e-01;6.853e-01;8.939e-01;4.979e-01;6.840e-01;8.949e-01;4.969e-01;1.362e-02;1.777e-02;8.333e-01;7.540e-04
30.025298000;4.971e-01;3.408e-01;4.463e-01;6.855e-01;8.978e-01;4.981e-01;6.842e-01;8.988e-01;4.971e-01;1.363e-02;1.785e-02;8.333e-01;7.540e-04
30.025554000;4.973e-01;3.410e-01;4.484e-01;6.857e-01;9.016e-01;4.983e-01;6.844e-01;9.026e-01;4.973e-01;1.364e-02;1.793e-02;8.333e-01;7.540e-04
30.025810000;4.975e-01;3.412e-01;4.504e-01;6.859e-01;9.053e-01;4.985e-01;6.846e-01;9.063e-01;4.975e-01;1.365e-02;1.801e-02;8.333e-01;7.540e-04
30.026066000;4.976e-01;3.414e-01;4.523e-01;6.861e-01;9.089e-01;4.986e-01;6.848e-01;9.100e-01;4.976e-01;1.366e-02;1.809e-02;8.333e-01;7.540e-04
30.026322000;4.978e-01;3.417e-01;4.542e-01;6.863e-01;9.125e-01;4.988e-01;6.849e-01;9.135e-01;4.978e-01;1.367e-02;1.817e-02;8.333e-01;7.540e-04
30.026578000;4.980e-01;3.418e-01;4.561e-01;6.865e-01;9.159e-01;4.990e-01;6.851e-01;9.170e-01;4.980e-01;1.367e-02;1.824e-02;8.333e-01;7.540e-04
30.026834000;4.981e-01;3.420e-01;4.579e-01;6.867e-01;9.193e-01;4.991e-01;6.854e-01;9.203e-01;4.981e-01;1.368e-02;1.832e-02;8.333e-01;7.540e-04
30.027068000;4.982e-01;3.422e-01;4.595e-01;6.869e-01;9.223e-01;4.993e-01;6.855e-01;9.233e-01;4.982e-01;1.369e-02;1.838e-02;8.333e-01;7.540e-04
30.027072000;4.982e-01;3.422e-01;4.595e-01;6.869e-01;9.223e-01;4.993e-01;6.855e-01;9.233e-01;4.982e-01;1.369e-02;1.838e-02;8.333e-01;7.540e-04
30.027076000;4.983e-01;3.422e-01;4.596e-01;6.869e-01;9.224e-01;4.993e-01;6.855e-01;9.234e-01;4.983e-01;1.369e-02;1.838e-02;8.333e-01;7.540e-04
30.027084000;4.983e-01;3.422e-01;4.596e-01;6.869e-01;9.225e-01;4.993e-01;6.855e-01;9.235e-01;4.983e-01;1.369e-02;1.838e-02;8.333e-01;7.540e-04
30.027100000;4.983e-01;3.422e-01;4.597e-01;6.869e-01;9.227e-01;4.993e-01;6.855e-01;9.237e-01;4.983e-01;1.369e-02;1.839e-02;8.333e-01;7.540e-04
30.027132000;4.983e-01;3.423e-01;4.600e-01;6.869e-01;9.231e-01;4.993e-01;6.856e-01;9.241e-01;4.983e-01;1.369e-02;1.840e-02;8.333e-01;7.540e-04
30.027196000;4.983e-01;3.423e-01;4.604e-01;6.870e-01;9.239e-01;4.993e-01;6.856e-01;9.249e-01;4.983e-01;1.369e-02;1.842e-02;8.333e-01;7.540e-04
30.027324000;4.984e-01;3.424e-01;4.613e-01;6.871e-01;9.255e-01;4.994e-01;6.857e-01;9.265e-01;4.984e-01;1.370e-02;1.845e-02;8.333e-01;7.540e-04
30.027580000;4.985e-01;3.426e-01;4.629e-01;6.873e-01;9.286e-01;4.996e-01;6.859e-01;9.296e-01;4.985e-01;1.371e-02;1.852e-02;8.333e-01;7.540e-04
30.027836000;4.987e-01;3.428e-01;4.646e-01;6.875e-01;9.316e-01;4.997e-01;6.861e-01;9.326e-01;4.987e-01;1.371e-02;1.858e-02;8.333e-01;7.540e-04
30.028092000;4.988e-01;3.430e-01;4.662e-01;6.877e-01;9.346e-01;4.998e-01;6.863e-01;9.356e-01;4.988e-01;1.372e-02;1.865e-02;8.333e-01;7.540e-04
30.028348000;4.989e-01;3.432e-01;4.677e-01;6.879e-01;9.375e-01;5.000e-01;6.865e-01;9.385e-01;4.989e-01;1.373e-02;1.871e-02;8.333e-01;7.540e-04
30.028604000;4.991e-01;3.434e-01;4.693e-01;6.881e-01;9.403e-01;5.001e-01;6.867e-01;9.413e-01;4.991e-01;1.374e-02;1.877e-02;8.333e-01;7.540e-04
30.028860000;4.992e-01;3.436e-01;4.708e-01;6.883e-01;9.430e-01;5.002e-01;6.869e-01;9.440e-01;4.992e-01;1.374e-02;1.883e-02;8.333e-01;7.540e-04
30.029116000;4.993e-01;3.438e-01;4.722e-01;6.885e-01;9.457e-01;5.004e-01;6.871e-01;9.467e-01;4.993e-01;1.375e-02;1.889e-02;8.333e-01;7.540e-04
30.029372000;4.994e-01;3.439e-01;4.736e-01;6.887e-01;9.483e-01;5.005e-01;6.873e-01;9.493e-01;4.994e-01;1.376e-02;1.895e-02;8.333e-01;7.540e-04
30.029628000;4.996e-01;3.441e-01;4.750e-01;6.889e-01;9.508e-01;5.006e-01;6.875e-01;9.519e-01;4.996e-01;1.376e-02;1.900e-02;8.333e-01;7.540e-04
30.030140000;4.998e-01;3.445e-01;4.777e-01;6.893e-01;9.557e-01;5.008e-01;6.879e-01;9.568e-01;4.998e-01;1.378e-02;1.911e-02;8.333e-01;7.540e-04
30.030601000;5.000e-01;3.448e-01;4.799e-01;6.896e-01;9.600e-01;5.010e-01;6.882e-01;9.609e-01;5.000e-01;1.379e-02;1.920e-02;8.333e-01;7.540e-04
30.031061000;5.002e-01;3.451e-01;4.821e-01;6.900e-01;9.640e-01;5.012e-01;6.886e-01;9.650e-01;5.002e-01;1.380e-02;1.929e-02;8.333e-01;7.540e-04
30.031522000;5.003e-01;3.454e-01;4.842e-01;6.904e-01;9.678e-01;5.014e-01;6.889e-01;9.688e-01;5.003e-01;1.382e-02;1.937e-02;8.333e-01;7.540e-04
30.031983000;5.005e-01;3.457e-01;4.862e-01;6.908e-01;9.714e-01;5.016e-01;6.893e-01;9.725e-01;5.005e-01;1.383e-02;1.945e-02;8.333e-01;7.540e-04
30.032444000;5.007e-01;3.460e-01;4.881e-01;6.911e-01;9.749e-01;5.017e-01;6.897e-01;9.759e-01;5.007e-01;1.384e-02;1.952e-02;8.333e-01;7.540e-04
30.032905000;5.008e-01;3.463e-01;4.899e-01;6.915e-01;9.783e-01;5.019e-01;6.901e-01;9.793e-01;5.008e-01;1.385e-02;1.960e-02;8.333e-01;7.540e-04
30.033365000;5.010e-01;3.466e-01;4.917e-01;6.919e-01;9.815e-01;5.020e-01;6.904e-01;9.825e-01;5.010e-01;1.386e-02;1.967e-02;8.333e-01;7.540e-04
30.033826000;5.011e-01;3.469e-01;4.933e-01;6.922e-01;9.845e-01;5.022e-01;6.908e-01;9.855e-01;5.011e-01;1.388e-02;1.973e-02;8.333e-01;7.540e-04
30.034287000;5.012e-01;3.472e-01;4.949e-01;6.926e-01;9.874e-01;5.023e-01;6.912e-01;9.884e-01;5.012e-01;1.389e-02;1.980e-02;8.333e-01;7.540e-04
30.034748000;5.014e-01;3.475e-01;4.965e-01;6.930e-01;9.902e-01;5.024e-01;6.915e-01;9.912e-01;5.014e-01;1.390e-02;1.986e-02;8.333e-01;7.540e-04
30.035209000;5.015e-01;3.477e-01;4.979e-01;6.934e-01;9.929e-01;5.026e-01;6.919e-01;9.939e-01;5.015e-01;1.391e-02;1.992e-02;8.333e-01;7.540e-04
30.035669000;5.016e-01;3.480e-01;4.993e-01;6.938e-01;9.954e-01;5.027e-01;6.923e-01;9.964e-01;5.016e-01;1.392e-02;1.997e-02;8.333e-01;7.540e-04
30.036130000;5.017e-01;3.483e-01;5.006e-01;6.941e-01;9.978e-01;5.028e-01;6.927e-01;9.989e-01;5.017e-01;1.393e-02;2.002e-02;8.333e-01;7.540e-04
30.036164000;5.017e-01;3.483e-01;5.007e-01;6.942e-01;9.980e-01;5.028e-01;6.927e-01;9.990e-01;5.017e-01;1.393e-02;2.003e-02;8.333e-01;7.540e-04
30.036196000;5.017e-01;3.483e-01;5.007e-01;6.942e-01;9.980e-01;5.028e-01;6.927e-01;9.990e-01;5.017e-01;1.393e-02;2.003e-02;8.333e-01;7.540e-04
30.036228000;5.017e-01;3.483e-01;5.007e-01;6.942e-01;9.980e-01;5.028e-01;6.928e-01;9.990e-01;5.017e-01;1.393e-02;2.003e-02;8.333e-01;7.540e-04
30.036292000;5.017e-01;3.483e-01;5.007e-01;6.943e-01;9.980e-01;5.028e-01;6.928e-01;9.990e-01;5.017e-01;1.393e-02;2.003e-02;8.333e-01;7.540e-04
30.036420000;5.017e-01;3.484e-01;5.007e-01;6.944e-01;9.980e-01;5.028e-01;6.929e-01;9.990e-01;5.017e-01;1.393e-02;2.003e-02;8.333e-01;7.540e-04
30.036548000;5.017e-01;3.484e-01;5.007e-01;6.945e-01;9.980e-01;5.028e-01;6.930e-01;9.991e-01;5.017e-01;1.394e-02;2.003e-02;8.333e-01;7.540e-04
30.036676000;5.017e-01;3.485e-01;5.008e-01;6.946e-01;9.981e-01;5.028e-01;6.931e-01;9.991e-01;5.017e-01;1.394e-02;2.003e-02;8.333e-01;7.540e-04
30.036804000;5.017e-01;3.485e-01;5.008e-01;6.947e-01;9.981e-01;5.028e-01;6.932e-01;9.991e-01;5.017e-01;1.394e-02;2.003e-02;8.333e-01;7.540e-04
30.036932000;5.017e-01;3.486e-01;5.008e-01;6.948e-01;9.981e-01;5.028e-01;6.933e-01;9.991e-01;5.017e-01;1.394e-02;2.003e-02;8.333e-01;7.540e-04
30.037060000;5.017e-01;3.487e-01;5.008e-01;6.949e-01;9.981e-01;5.028e-01;6.934e-01;9.991e-01;5.017e-01;1.395e-02;2.003e-02;8.333e-01;7.540e-04
30.037188000;5.017e-01;3.487e-01;5.008e-01;6.950e-01;9.982e-01;5.028e-01;6.935e-01;9.992e-01;5.017e-01;1.395e-02;2.003e-02;8.333e-01;7.540e-04
30.037444000;5.017e-01;3.488e-01;5.008e-01;6.952e-01;9.982e-01;5.028e-01;6.937e-01;9.992e-01;5.017e-01;1.395e-02;2.003e-02;8.333e-01;7.540e-04
30.037700000;5.017e-01;3.489e-01;5.008e-01;6.954e-01;9.982e-01;5.028e-01;6.939e-01;9.992e-01;5.017e-01;1.396e-02;2.003e-02;8.333e-01;7.540e-04
30.038212000;5.017e-01;3.491e-01;5.009e-01;6.958e-01;9.982e-01;5.028e-01;6.943e-01;9.993e-01;5.017e-01;1.396e-02;2.003e-02;8.333e-01;7.540e-04
30.038724000;5.017e-01;3.493e-01;5.009e-01;6.962e-01;9.983e-01;5.028e-01;6.948e-01;9.993e-01;5.017e-01;1.397e-02;2.004e-02;8.333e-01;7.540e-04
30.039236000;5.017e-01;3.495e-01;5.009e-01;6.967e-01;9.984e-01;5.028e-01;6.952e-01;9.994e-01;5.017e-01;1.398e-02;2.004e-02;8.333e-01;7.540e-04
30.039748000;5.017e-01;3.498e-01;5.010e-01;6.971e-01;9.985e-01;5.028e-01;6.956e-01;9.995e-01;5.017e-01;1.399e-02;2.004e-02;8.333e-01;7.540e-04
30.040260000;5.017e-01;3.500e-01;5.010e-01;6.975e-01;9.985e-01;5.028e-01;6.960e-01;9.995e-01;5.017e-01;1.400e-02;2.004e-02;8.333e-01;7.540e-04
30.040772000;5.018e-01;3.502e-01;5.010e-01;6.980e-01;9.986e-01;5.028e-01;6.965e-01;9.996e-01;5.018e-01;1.401e-02;2.004e-02;8.333e-01;7.540e-04
30.041284000;5.018e-01;3.504e-01;5.010e-01;6.984e-01;9.986e-01;5.028e-01;6.969e-01;9.997e-01;5.018e-01;1.402e-02;2.004e-02;8.333e-01;7.540e-04
30.041796000;5.018e-01;3.507e-01;5.011e-01;6.988e-01;9.986e-01;5.028e-01;6.974e-01;9.997e-01;5.018e-01;1.403e-02;2.004e-02;8.333e-01;7.540e-04
30.042308000;5.018e-01;3.509e-01;5.011e-01;6.993e-01;9.987e-01;5.029e-01;6.978e-01;9.997e-01;5.018e-01;1.404e-02;2.004e-02;8.333e-01;7.540e-04
30.042820000;5.018e-01;3.511e-01;5.011e-01;6.997e-01;9.987e-01;5.029e-01;6.983e-01;9.998e-01;5.018e-01;1.404e-02;2.005e-02;8.333e-01;7.540e-04
30.043332000;5.018e-01;3.513e-01;5.011e-01;7.002e-01;9.988e-01;5.029e-01;6.987e-01;9.998e-01;5.018e-01;1.405e-02;2.005e-02;8.333e-01;7.540e-04
30.043844000;5.018e-01;3.515e-01;5.012e-01;7.006e-01;9.988e-01;5.029e-01;6.991e-01;9.999e-01;5.018e-01;1.406e-02;2.005e-02;8.333e-01;7.540e-04
30.044356000;5.018e-01;3.518e-01;5.012e-01;7.011e-01;9.989e-01;5.029e-01;6.996e-01;9.999e-01;5.018e-01;1.407e-02;2.005e-02;8.333e-01;7.540e-04
30.044868000;5.018e-01;3.520e-01;5.012e-01;7.016e-01;9.989e-01;5.029e-01;7.001e-01;9.999e-01;5.018e-01;1.408e-02;2.005e-02;8.333e-01;7.540e-04
30.045380000;5.018e-01;3.523e-01;5.012e-01;7.020e-01;9.989e-01;5.029e-01;7.005e-01;1.000e+00;5.018e-01;1.409e-02;2.005e-02;8.333e-01;7.540e-04
30.045892000;5.018e-01;3.525e-01;5.012e-01;7.025e-01;9.989e-01;5.029e-01;7.010e-01;1.000e+00;5.018e-01;1.410e-02;2.005e-02;8.333e-01;7.540e-04
30.046404000;5.018e-01;3.527e-01;5.013e-01;7.029e-01;9.990e-01;5.029e-01;7.015e-01;1.000e+00;5.018e-01;1.411e-02;2.005e-02;8.333e-01;7.540e-04
30.047404000;5.018e-01;3.532e-01;5.013e-01;7.039e-01;9.990e-01;5.029e-01;7.024e-01;1.000e+00;5.018e-01;1.413e-02;2.005e-02;8.333e-01;7.540e-04
30.048304000;5.018e-01;3.536e-01;5.013e-01;7.047e-01;9.991e-01;5.029e-01;7.032e-01;1.000e+00;5.018e-01;1.414e-02;2.005e-02;8.333e-01;7.540e-04
30.049204000;5.018e-01;3.540e-01;5.013e-01;7.055e-01;9.991e-01;5.029e-01;7.040e-01;1.000e+00;5.018e-01;1.416e-02;2.005e-02;8.333e-01;7.540e-04
30.050104000;5.018e-01;3.544e-01;5.014e-01;7.064e-01;9.992e-01;5.029e-01;7.049e-01;1.000e+00;5.018e-01;1.418e-02;2.005e-02;8.333e-01;7.540e-04
30.051004000;5.018e-01;3.549e-01;5.014e-01;7.072e-01;9.992e-01;5.029e-01;7.057e-01;1.000e+00;5.018e-01;1.419e-02;2.006e-02;8.333e-01;7.540e-04
30.051904000;5.018e-01;3.553e-01;5.014e-01;7.081e-01;9.993e-01;5.029e-01;7.066e-01;1.000e+00;5.018e-01;1.421e-02;2.006e-02;8.333e-01;7.540e-04
30.052804000;5.018e-01;3.558e-01;5.014e-01;7.089e-01;9.992e-01;5.029e-01;7.074e-01;1.000e+00;5.018e-01;1.423e-02;2.006e-02;8.333e-01;7.540e-04
30.053704000;5.018e-01;3.562e-01;5.014e-01;7.098e-01;9.993e-01;5.029e-01;7.083e-01;1.000e+00;5.018e-01;1.425e-02;2.006e-02;8.333e-01;7.540e-04
30.054604000;5.018e-01;3.566e-01;5.015e-01;7.107e-01;9.993e-01;5.029e-01;7.091e-01;1.000e+00;5.018e-01;1.426e-02;2.006e-02;8.333e-01;7.540e-04
30.055504000;5.018e-01;3.570e-01;5.015e-01;7.115e-01;9.993e-01;5.029e-01;7.100e-01;1.000e+00;5.018e-01;1.428e-02;2.006e-02;8.333e-01;7.540e-04
30.056404000;5.018e-01;3.575e-01;5.015e-01;7.124e-01;9.994e-01;5.029e-01;7.109e-01;1.000e+00;5.018e-01;1.430e-02;2.006e-02;8.333e-01;7.540e-04
30.057304000;5.018e-01;3.579e-01;5.015e-01;7.133e-01;9.994e-01;5.029e-01;7.118e-01;1.000e+00;5.018e-01;1.432e-02;2.006e-02;8.333e-01;7.540e-04
30.058204000;5.018e-01;3.584e-01;5.015e-01;7.142e-01;9.994e-01;5.029e-01;7.126e-01;1.000e+00;5.018e-01;1.434e-02;2.006e-02;8.333e-01;7.540e-04
30.059104000;5.018e-01;3.588e-01;5.015e-01;7.150e-01;9.994e-01;5.029e-01;7.135e-01;1.001e+00;5.018e-01;1.435e-02;2.006e-02;8.333e-01;7.540e-04
30.060004000;5.018e-01;3.593e-01;5.016e-01;7.159e-01;9.995e-01;5.029e-01;7.144e-01;1.001e+00;5.018e-01;1.437e-02;2.006e-02;8.333e-01;7.540e-04
30.060904000;5.018e-01;3.597e-01;5.016e-01;7.168e-01;9.995e-01;5.029e-01;7.152e-01;1.001e+00;5.018e-01;1.439e-02;2.006e-02;8.333e-01;7.540e-04
30.061804000;5.018e-01;3.601e-01;5.016e-01;7.176e-01;9.994e-01;5.029e-01;7.161e-01;1.001e+00;5.018e-01;1.440e-02;2.006e-02;8.333e-01;7.540e-04
30.062704000;5.018e-01;3.606e-01;5.016e-01;7.185e-01;9.995e-01;5.029e-01;7.170e-01;1.001e+00;5.018e-01;1.442e-02;2.006e-02;8.333e-01;7.540e-04
30.063604000;5.018e-01;3.610e-01;5.016e-01;7.194e-01;9.995e-01;5.029e-01;7.179e-01;1.001e+00;5.018e-01;1.444e-02;2.006e-02;8.333e-01;7.540e-04
30.064504000;5.018e-01;3.615e-01;5.016e-01;7.203e-01;9.995e-01;5.029e-01;7.188e-01;1.001e+00;5.018e-01;1.446e-02;2.006e-02;8.333e-01;7.540e-04
30.065404000;5.018e-01;3.619e-01;5.016e-01;7.212e-01;9.995e-01;5.029e-01;7.197e-01;1.001e+00;5.018e-01;1.448e-02;2.006e-02;8.333e-01;7.540e-04
30.066404000;5.018e-01;3.624e-01;5.016e-01;7.222e-01;9.995e-01;5.029e-01;7.206e-01;1.001e+00;5.018e-01;1.450e-02;2.006e-02;8.333e-01;7.540e-04
30.067404000;5.018e-01;3.629e-01;5.016e-01;7.232e-01;9.995e-01;5.029e-01;7.216e-01;1.001e+00;5.018e-01;1.452e-02;2.006e-02;8.333e-01;7.540e-04
30.068404000;5.018e-01;3.634e-01;5.016e-01;7.241e-01;9.995e-01;5.029e-01;7.226e-01;1.001e+00;5.018e-01;1.454e-02;2.006e-02;8.333e-01;7.540e-04
30.069404000;5.018e-01;3.639e-01;5.016e-01;7.251e-01;9.995e-01;5.029e-01;7.236e-01;1.001e+00;5.018e-01;1.456e-02;2.006e-02;8.333e-01;7.540e-04
30.070404000;5.018e-01;3.644e-01;5.016e-01;7.261e-01;9.996e-01;5.029e-01;7.246e-01;1.001e+00;5.018e-01;1.458e-02;2.006e-02;8.333e-01;7.540e-04
30.071404000;5.018e-01;3.649e-01;5.016e-01;7.271e-01;9.996e-01;5.029e-01;7.256e-01;1.001e+00;5.018e-01;1.460e-02;2.006e-02;8.333e-01;7.540e-04
30.072404000;5.018e-01;3.654e-01;5.016e-01;7.281e-01;9.996e-01;5.029e-01;7.266e-01;1.001e+00;5.018e-01;1.462e-02;2.006e-02;8.333e-01;7.540e-04
30.073404000;5.019e-01;3.659e-01;5.016e-01;7.291e-01;9.995e-01;5.029e-01;7.276e-01;1.001e+00;5.019e-01;1.464e-02;2.006e-02;8.333e-01;7.540e-04
30.074404000;5.019e-01;3.664e-01;5.016e-01;7.301e-01;9.995e-01;5.029e-01;7.286e-01;1.001e+00;5.019e-01;1.466e-02;2.006e-02;8.333e-01;7.540e-04
30.075404000;5.019e-01;3.669e-01;5.016e-01;7.311e-01;9.995e-01;5.029e-01;7.295e-01;1.001e+00;5.019e-01;1.468e-02;2.006e-02;8.333e-01;7.540e-04
30.076404000;5.019e-01;3.674e-01;5.016e-01;7.321e-01;9.995e-01;5.030e-01;7.305e-01;1.001e+00;5.019e-01;1.470e-02;2.006e-02;8.333e-01;7.540e-04
30.077404000;5.019e-01;3.679e-01;5.017e-01;7.331e-01;9.996e-01;5.030e-01;7.315e-01;1.001e+00;5.019e-01;1.472e-02;2.007e-02;8.333e-01;7.540e-04
30.078404000;5.019e-01;3.684e-01;5.017e-01;7.341e-01;9.996e-01;5.030e-01;7.325e-01;1.001e+00;5.019e-01;1.474e-02;2.007e-02;8.333e-01;7.540e-04
30.079404000;5.019e-01;3.689e-01;5.017e-01;7.351e-01;9.996e-01;5.030e-01;7.335e-01;1.001e+00;5.019e-01;1.476e-02;2.007e-02;8.333e-01;7.540e-04
30.080404000;5.019e-01;3.694e-01;5.017e-01;7.361e-01;9.996e-01;5.030e-01;7.345e-01;1.001e+00;5.019e-01;1.478e-02;2.007e-02;8.333e-01;7.540e-04
30.081404000;5.019e-01;3.699e-01;5.017e-01;7.371e-01;9.996e-01;5.030e-01;7.355e-01;1.001e+00;5.019e-01;1.480e-02;2.007e-02;8.333e-01;7.540e-04
30.082404000;5.019e-01;3.704e-01;5.017e-01;7.381e-01;9.996e-01;5.030e-01;7.365e-01;1.001e+00;5.019e-01;1.482e-02;2.007e-02;8.333e-01;7.540e-04
30.083404000;5.019e-01;3.709e-01;5.017e-01;7.391e-01;9.996e-01;5.030e-01;7.375e-01;1.001e+00;5.019e-01;1.484e-02;2.007e-02;8.333e-01;7.540e-04
30.084404000;5.019e-01;3.714e-01;5.017e-01;7.401e-01;9.996e-01;5.030e-01;7.385e-01;1.001e+00;5.019e-01;1.486e-02;2.007e-02;8.333e-01;7.540e-04
30.085404000;5.019e-01;3.719e-01;5.017e-01;7.411e-01;9.996e-01;5.030e-01;7.395e-01;1.001e+00;5.019e-01;1.488e-02;2.007e-02;8.333e-01;7.540e-04
30.086404000;5.019e-01;3.724e-01;5.017e-01;7.421e-01;9.996e-01;5.030e-01;7.405e-01;1.001e+00;5.019e-01;1.490e-02;2.007e-02;8.333e-01;7.540e-04
30.087404000;5.019e-01;3.729e-01;5.017e-01;7.431e-01;9.996e-01;5.030e-01;7.415e-01;1.001e+00;5.019e-01;1.492e-02;2.007e-02;8.333e-01;7.540e-04
30.088404000;5.019e-01;3.735e-01;5.017e-01;7.441e-01;9.995e-01;5.030e-01;7.425e-01;1.001e+00;5.019e-01;1.494e-02;2.007e-02;8.333e-01;7.540e-04
30.089404000;5.019e-01;3.740e-01;5.017e-01;7.451e-01;9.995e-01;5.030e-01;7.435e-01;1.001e+00;5.019e-01;1.496e-02;2.007e-02;8.333e-01;7.540e-04
30.090404000;5.019e-01;3.745e-01;5.017e-01;7.461e-01;9.995e-01;5.030e-01;7.445e-01;1.001e+00;5.019e-01;1.498e-02;2.007e-02;8.333e-01;7.540e-04
30.091404000;5.019e-01;3.750e-01;5.017e-01;7.471e-01;9.996e-01;5.030e-01;7.455e-01;1.001e+00;5.019e-01;1.500e-02;2.007e-02;8.333e-01;7.540e-04
30.092404000;5.019e-01;3.755e-01;5.017e-01;7.481e-01;9.996e-01;5.030e-01;7.465e-01;1.001e+00;5.019e-01;1.502e-02;2.007e-02;8.333e-01;7.540e-04
30.093404000;5.019e-01;3.760e-01;5.017e-01;7.491e-01;9.996e-01;5.030e-01;7.475e-01;1.001e+00;5.019e-01;1.504e-02;2.007e-02;8.333e-01;7.540e-04
30.094404000;5.019e-01;3.765e-01;5.017e-01;7.501e-01;9.996e-01;5.030e-01;7.485e-01;1.001e+00;5.019e-01;1.506e-02;2.007e-02;8.333e-01;7.540e-04
30.095404000;5.019e-01;3.770e-01;5.017e-01;7.511e-01;9.996e-01;5.030e-01;7.495e-01;1.001e+00;5.019e-01;1.508e-02;2.007e-02;8.333e-01;7.540e-04
30.096404000;5.019e-01;3.775e-01;5.017e-01;7.521e-01;9.996e-01;5.030e-01;7.505e-01;1.001e+00;5.019e-01;1.510e-02;2.007e-02;8.333e-01;7.540e-04
30.097238000;5.019e-01;3.779e-01;5.017e-01;7.529e-01;9.996e-01;5.030e-01;7.513e-01;1.001e+00;5.019e-01;1.511e-02;2.007e-02;8.333e-01;7.540e-04
30.097239000;5.019e-01;3.779e-01;5.017e-01;7.530e-01;9.996e-01;5.030e-01;7.513e-01;1.001e+00;5.019e-01;1.512e-02;2.007e-02;8.333e-01;7.540e-04
30.097246000;5.019e-01;3.779e-01;5.017e-01;7.530e-01;9.996e-01;5.030e-01;7.513e-01;1.001e+00;5.019e-01;1.512e-02;2.007e-02;8.333e-01;7.540e-04
30.097254000;5.019e-01;3.779e-01;5.017e-01;7.530e-01;9.996e-01;5.030e-01;7.514e-01;1.001e+00;5.019e-01;1.512e-02;2.007e-02;8.333e-01;7.540e-04
30.097302000;5.019e-01;3.779e-01;5.017e-01;7.530e-01;9.996e-01;5.030e-01;7.514e-01;1.001e+00;5.019e-01;1.512e-02;2.007e-02;8.333e-01;7.540e-04
30.097366000;5.019e-01;3.780e-01;5.017e-01;7.531e-01;9.996e-01;5.030e-01;7.515e-01;1.001e+00;5.019e-01;1.512e-02;2.007e-02;8.333e-01;7.540e-04
30.097494000;5.019e-01;3.780e-01;5.017e-01;7.532e-01;9.996e-01;5.030e-01;7.516e-01;1.001e+00;5.019e-01;1.512e-02;2.007e-02;8.333e-01;7.540e-04
30.097750000;5.019e-01;3.781e-01;5.017e-01;7.535e-01;9.996e-01;5.030e-01;7.519e-01;1.001e+00;5.019e-01;1.513e-02;2.007e-02;8.333e-01;7.540e-04
30.098262000;5.019e-01;3.784e-01;5.017e-01;7.539e-01;9.996e-01;5.030e-01;7.524e-01;1.001e+00;5.019e-01;1.514e-02;2.007e-02;8.333e-01;7.540e-04
30.099262000;5.019e-01;3.789e-01;5.017e-01;7.549e-01;9.996e-01;5.030e-01;7.533e-01;1.001e+00;5.019e-01;1.516e-02;2.007e-02;8.333e-01;7.540e-04
30.100262000;5.019e-01;3.794e-01;5.017e-01;7.559e-01;9.996e-01;5.030e-01;7.543e-01;1.001e+00;5.019e-01;1.518e-02;2.007e-02;8.333e-01;7.540e-04
30.101262000;5.019e-01;3.799e-01;5.017e-01;7.570e-01;9.996e-01;5.030e-01;7.553e-01;1.001e+00;5.019e-01;1.520e-02;2.007e-02;8.333e-01;7.540e-04
30.102262000;5.019e-01;3.804e-01;5.017e-01;7.580e-01;9.996e-01;5.030e-01;7.563e-01;1.001e+00;5.019e-01;1.522e-02;2.007e-02;8.333e-01;7.540e-04
30.103262000;5.019e-01;3.809e-01;5.017e-01;7.590e-01;9.996e-01;5.030e-01;7.574e-01;1.001e+00;5.019e-01;1.524e-02;2.007e-02;8.333e-01;7.540e-04
30.104262000;5.019e-01;3.814e-01;5.017e-01;7.600e-01;9.996e-01;5.030e-01;7.584e-01;1.001e+00;5.019e-01;1.526e-02;2.007e-02;8.333e-01;7.540e-04
30.105262000;5.019e-01;3.819e-01;5.017e-01;7.610e-01;9.995e-01;5.030e-01;7.593e-01;1.001e+00;5.019e-01;1.528e-02;2.007e-02;8.333e-01;7.540e-04
30.106262000;5.019e-01;3.824e-01;5.017e-01;7.620e-01;9.995e-01;5.030e-01;7.603e-01;1.001e+00;5.019e-01;1.530e-02;2.007e-02;8.333e-01;7.540e-04
30.107262000;5.019e-01;3.829e-01;5.017e-01;7.629e-01;9.995e-01;5.030e-01;7.613e-01;1.001e+00;5.019e-01;1.532e-02;2.007e-02;8.333e-01;7.540e-04
30.108262000;5.019e-01;3.834e-01;5.017e-01;7.640e-01;9.995e-01;5.030e-01;7.623e-01;1.001e+00;5.019e-01;1.534e-02;2.007e-02;8.333e-01;7.540e-04
30.109262000;5.019e-01;3.840e-01;5.017e-01;7.650e-01;9.995e-01;5.030e-01;7.634e-01;1.001e+00;5.019e-01;1.536e-02;2.007e-02;8.333e-01;7.540e-04
30.110262000;5.019e-01;3.844e-01;5.017e-01;7.660e-01;9.995e-01;5.030e-01;7.644e-01;1.001e+00;5.019e-01;1.538e-02;2.007e-02;8.333e-01;7.540e-04
30.111262000;5.019e-01;3.850e-01;5.017e-01;7.670e-01;9.995e-01;5.030e-01;7.653e-01;1.001e+00;5.019e-01;1.540e-02;2.007e-02;8.333e-01;7.540e-04
30.112262000;5.019e-01;3.854e-01;5.017e-01;7.680e-01;9.995e-01;5.030e-01;7.663e-01;1.001e+00;5.019e-01;1.542e-02;2.007e-02;8.333e-01;7.540e-04
30.113262000;5.019e-01;3.860e-01;5.017e-01;7.690e-01;9.995e-01;5.030e-01;7.673e-01;1.001e+00;5.019e-01;1.544e-02;2.007e-02;8.333e-01;7.540e-04
30.114262000;5.019e-01;3.865e-01;5.017e-01;7.700e-01;9.995e-01;5.030e-01;7.683e-01;1.001e+00;5.019e-01;1.546e-02;2.007e-02;8.333e-01;7.540e-04
30.115262000;5.019e-01;3.870e-01;5.017e-01;7.710e-01;9.995e-01;5.030e-01;7.694e-01;1.001e+00;5.019e-01;1.548e-02;2.007e-02;8.333e-01;7.540e-04
30.116262000;5.019e-01;3.875e-01;5.017e-01;7.720e-01;9.995e-01;5.030e-01;7.704e-01;1.001e+00;5.019e-01;1.550e-02;2.007e-02;8.333e-01;7.540e-04
30.117262000;5.019e-01;3.880e-01;5.017e-01;7.730e-01;9.995e-01;5.030e-01;7.713e-01;1.001e+00;5.019e-01;1.552e-02;2.007e-02;8.333e-01;7.540e-04
30.118262000;5.019e-01;3.885e-01;5.017e-01;7.740e-01;9.995e-01;5.030e-01;7.723e-01;1.001e+00;5.019e-01;1.554e-02;2.007e-02;8.333e-01;7.540e-04
30.119262000;5.019e-01;3.890e-01;5.017e-01;7.750e-01;9.995e-01;5.030e-01;7.733e-01;1.001e+00;5.019e-01;1.556e-02;2.007e-02;8.333e-01;7.540e-04
30.120262000;5.019e-01;3.895e-01;5.017e-01;7.760e-01;9.995e-01;5.030e-01;7.743e-01;1.001e+00;5.019e-01;1.558e-02;2.007e-02;8.333e-01;7.540e-04
30.121262000;5.019e-01;3.900e-01;5.017e-01;7.770e-01;9.995e-01;5.030e-01;7.753e-01;1.001e+00;5.019e-01;1.560e-02;2.007e-02;8.333e-01;7.540e-04
30.122262000;5.019e-01;3.905e-01;5.017e-01;7.780e-01;9.995e-01;5.030e-01;7.764e-01;1.001e+00;5.019e-01;1.562e-02;2.007e-02;8.333e-01;7.540e-04
30.123262000;5.019e-01;3.910e-01;5.017e-01;7.790e-01;9.995e-01;5.030e-01;7.774e-01;1.001e+00;5.019e-01;1.564e-02;2.007e-02;8.333e-01;7.540e-04
30.124262000;5.019e-01;3.915e-01;5.017e-01;7.800e-01;9.995e-01;5.030e-01;7.783e-01;1.001e+00;5.019e-01;1.566e-02;2.007e-02;8.333e-01;7.540e-04
30.125262000;5.019e-01;3.920e-01;5.017e-01;7.810e-01;9.995e-01;5.030e-01;7.793e-01;1.001e+00;5.019e-01;1.568e-02;2.007e-02;8.333e-01;7.540e-04
30.126262000;5.019e-01;3.925e-01;5.017e-01;7.820e-01;9.995e-01;5.030e-01;7.803e-01;1.001e+00;5.019e-01;1.570e-02;2.007e-02;8.333e-01;7.540e-04
30.127262000;5.019e-01;3.930e-01;5.017e-01;7.830e-01;9.995e-01;5.030e-01;7.813e-01;1.001e+00;5.019e-01;1.572e-02;2.007e-02;8.333e-01;7.540e-04
30.128262000;5.019e-01;3.935e-01;5.017e-01;7.840e-01;9.995e-01;5.030e-01;7.824e-01;1.001e+00;5.019e-01;1.574e-02;2.007e-02;8.333e-01;7.540e-04
30.129262000;5.019e-01;3.940e-01;5.017e-01;7.850e-01;9.995e-01;5.030e-01;7.834e-01;1.001e+00;5.019e-01;1.576e-02;2.007e-02;8.333e-01;7.540e-04
30.130262000;5.019e-01;3.945e-01;5.017e-01;7.860e-01;9.995e-01;5.030e-01;7.843e-01;1.001e+00;5.019e-01;1.578e-02;2.007e-02;8.333e-01;7.540e-04
30.131262000;5.019e-01;3.950e-01;5.017e-01;7.870e-01;9.995e-01;5.030e-01;7.853e-01;1.001e+00;5.019e-01;1.580e-02;2.007e-02;8.333e-01;7.540e-04
30.132262000;5.019e-01;3.955e-01;5.017e-01;7.880e-01;9.995e-01;5.030e-01;7.863e-01;1.001e+00;5.019e-01;1.582e-02;2.007e-02;8.333e-01;7.540e-04
30.133262000;5.019e-01;3.960e-01;5.017e-01;7.890e-01;9.995e-01;5.030e-01;7.873e-01;1.001e+00;5.019e-01;1.584e-02;2.007e-02;8.333e-01;7.540e-04
30.134262000;5.019e-01;3.966e-01;5.017e-01;7.900e-01;9.995e-01;5.030e-01;7.884e-01;1.001e+00;5.019e-01;1.586e-02;2.007e-02;8.333e-01;7.540e-04
30.135262000;5.019e-01;3.971e-01;5.017e-01;7.910e-01;9.995e-01;5.030e-01;7.894e-01;1.001e+00;5.019e-01;1.588e-02;2.007e-02;8.333e-01;7.540e-04
30.136262000;5.019e-01;3.975e-01;5.017e-01;7.920e-01;9.995e-01;5.030e-01;7.903e-01;1.001e+00;5.019e-01;1.590e-02;2.007e-02;8.333e-01;7.540e-04
30.137262000;5.019e-01;3.980e-01;5.017e-01;7.930e-01;9.995e-01;5.030e-01;7.913e-01;1.001e+00;5.019e-01;1.592e-02;2.007e-02;8.333e-01;7.540e-04
30.138262000;5.019e-01;3.986e-01;5.017e-01;7.940e-01;9.995e-01;5.030e-01;7.923e-01;1.001e+00;5.019e-01;1.594e-02;2.007e-02;8.333e-01;7.540e-04
30.139262000;5.019e-01;3.991e-01;5.017e-01;7.951e-01;9.995e-01;5.030e-01;7.933e-01;1.001e+00;5.019e-01;1.596e-02;2.007e-02;8.333e-01;7.540e-04
30.140262000;5.019e-01;3.996e-01;5.017e-01;7.960e-01;9.995e-01;5.030e-01;7.944e-01;1.001e+00;5.019e-01;1.598e-02;2.007e-02;8.333e-01;7.540e-04
30.141262000;5.020e-01;4.001e-01;5.017e-01;7.970e-01;9.995e-01;5.030e-01;7.954e-01;1.001e+00;5.020e-01;1.600e-02;2.007e-02;8.333e-01;7.540e-04
30.142262000;5.020e-01;4.006e-01;5.017e-01;7.980e-01;9.995e-01;5.030e-01;7.963e-01;1.001e+00;5.020e-01;1.602e-02;2.007e-02;8.333e-01;7.540e-04
30.143262000;5.020e-01;4.011e-01;5.017e-01;7.990e-01;9.994e-01;5.030e-01;7.973e-01;1.001e+00;5.020e-01;1.604e-02;2.007e-02;8.333e-01;7.540e-04
30.144262000;5.020e-01;4.016e-01;5.017e-01;8.000e-01;9.994e-01;5.030e-01;7.983e-01;1.001e+00;5.020e-01;1.606e-02;2.007e-02;8.333e-01;7.540e-04
30.145262000;5.020e-01;4.021e-01;5.017e-01;8.011e-01;9.994e-01;5.031e-01;7.993e-01;1.001e+00;5.020e-01;1.608e-02;2.007e-02;8.333e-01;7.540e-04
30.146262000;5.020e-01;4.026e-01;5.017e-01;8.021e-01;9.994e-01;5.031e-01;8.004e-01;1.001e+00;5.020e-01;1.610e-02;2.007e-02;8.333e-01;7.540e-04
30.147262000;5.020e-01;4.031e-01;5.017e-01;8.031e-01;9.994e-01;5.031e-01;8.014e-01;1.001e+00;5.020e-01;1.612e-02;2.007e-02;8.333e-01;7.540e-04
30.148262000;5.020e-01;4.036e-01;5.017e-01;8.040e-01;9.994e-01;5.031e-01;8.023e-01;1.001e+00;5.020e-01;1.614e-02;2.007e-02;8.333e-01;7.540e-04
30.149262000;5.020e-01;4.041e-01;5.017e-01;8.050e-01;9.994e-01;5.031e-01;8.033e-01;1.001e+00;5.020e-01;1.616e-02;2.007e-02;8.333e-01;7.540e-04
30.150262000;5.020e-01;4.046e-01;5.017e-01;8.060e-01;9.994e-01;5.031e-01;8.043e-01;1.001e+00;5.020e-01;1.618e-02;2.007e-02;8.333e-01;7.540e-04
30.151262000;5.020e-01;4.051e-01;5.017e-01;8.071e-01;9.994e-01;5.031e-01;8.053e-01;1.001e+00;5.020e-01;1.621e-02;2.007e-02;8.333e-01;7.540e-04
30.152262000;5.020e-01;4.056e-01;5.017e-01;8.081e-01;9.994e-01;5.031e-01;8.063e-01;1.001e+00;5.020e-01;1.622e-02;2.007e-02;8.333e-01;7.540e-04
30.153262000;5.020e-01;4.061e-01;5.017e-01;8.091e-01;9.994e-01;5.031e-01;8.074e-01;1.001e+00;5.020e-01;1.624e-02;2.007e-02;8.333e-01;7.540e-04
30.154262000;5.020e-01;4.066e-01;5.017e-01;8.101e-01;9.994e-01;5.031e-01;8.083e-01;1.001e+00;5.020e-01;1.627e-02;2.007e-02;8.333e-01;7.540e-04
30.155262000;5.020e-01;4.071e-01;5.017e-01;8.111e-01;9.994e-01;5.031e-01;8.093e-01;1.001e+00;5.020e-01;1.629e-02;2.007e-02;8.333e-01;7.540e-04
30.156262000;5.020e-01;4.076e-01;5.017e-01;8.121e-01;9.994e-01;5.031e-01;8.103e-01;1.001e+00;5.020e-01;1.631e-02;2.007e-02;8.333e-01;7.540e-04
30.157262000;5.020e-01;4.081e-01;5.017e-01;8.130e-01;9.994e-01;5.031e-01;8.113e-01;1.001e+00;5.020e-01;1.632e-02;2.007e-02;8.333e-01;7.540e-04
30.158262000;5.020e-01;4.086e-01;5.017e-01;8.141e-01;9.994e-01;5.031e-01;8.123e-01;1.001e+00;5.020e-01;1.635e-02;2.007e-02;8.333e-01;7.540e-04
30.159262000;5.020e-01;4.091e-01;5.017e-01;8.151e-01;9.994e-01;5.031e-01;8.134e-01;1.001e+00;5.020e-01;1.637e-02;2.007e-02;8.333e-01;7.540e-04
30.160262000;5.020e-01;4.097e-01;5.017e-01;8.161e-01;9.994e-01;5.031e-01;8.144e-01;1.001e+00;5.020e-01;1.639e-02;2.007e-02;8.333e-01;7.540e-04
30.161262000;5.020e-01;4.102e-01;5.017e-01;8.171e-01;9.994e-01;5.031e-01;8.153e-01;1.001e+00;5.020e-01;1.641e-02;2.007e-02;8.333e-01;7.540e-04
30.162262000;5.020e-01;4.107e-01;5.017e-01;8.181e-01;9.994e-01;5.031e-01;8.163e-01;1.001e+00;5.020e-01;1.643e-02;2.007e-02;8.333e-01;7.540e-04
30.163262000;5.020e-01;4.111e-01;5.017e-01;8.191e-01;9.994e-01;5.031e-01;8.173e-01;1.001e+00;5.020e-01;1.645e-02;2.007e-02;8.333e-01;7.540e-04
30.164262000;5.020e-01;4.117e-01;5.017e-01;8.201e-01;9.994e-01;5.031e-01;8.183e-01;1.001e+00;5.020e-01;1.647e-02;2.007e-02;8.333e-01;7.540e-04
30.165262000;5.020e-01;4.122e-01;5.017e-01;8.211e-01;9.994e-01;5.031e-01;8.194e-01;1.001e+00;5.020e-01;1.649e-02;2.007e-02;8.333e-01;7.540e-04
30.165578000;5.020e-01;4.123e-01;5.017e-01;8.214e-01;9.994e-01;5.031e-01;8.197e-01;1.001e+00;5.020e-01;1.649e-02;2.007e-02;8.333e-01;7.540e-04
30.165594000;5.020e-01;4.123e-01;5.017e-01;8.214e-01;9.994e-01;5.031e-01;8.197e-01;1.001e+00;5.020e-01;1.649e-02;2.007e-02;8.333e-01;7.540e-04
30.165610000;5.020e-01;4.124e-01;5.017e-01;8.214e-01;9.994e-01;5.031e-01;8.197e-01;1.001e+00;5.020e-01;1.649e-02;2.007e-02;8.333e-01;7.540e-04
30.165642000;5.020e-01;4.124e-01;5.017e-01;8.214e-01;9.994e-01;5.031e-01;8.197e-01;1.001e+00;5.020e-01;1.649e-02;2.007e-02;8.333e-01;7.540e-04
30.165706000;5.020e-01;4.124e-01;5.017e-01;8.215e-01;9.994e-01;5.031e-01;8.198e-01;1.001e+00;5.020e-01;1.650e-02;2.007e-02;8.333e-01;7.540e-04
30.165834000;5.020e-01;4.124e-01;5.017e-01;8.216e-01;9.994e-01;5.031e-01;8.199e-01;1.001e+00;5.020e-01;1.650e-02;2.007e-02;8.333e-01;7.540e-04
30.166090000;5.020e-01;4.126e-01;5.017e-01;8.219e-01;9.994e-01;5.031e-01;8.202e-01;1.001e+00;5.020e-01;1.650e-02;2.007e-02;8.333e-01;7.540e-04
30.166346000;5.020e-01;4.127e-01;5.017e-01;8.221e-01;9.994e-01;5.031e-01;8.204e-01;1.001e+00;5.020e-01;1.651e-02;2.007e-02;8.333e-01;7.540e-04
30.166858000;5.020e-01;4.130e-01;5.017e-01;8.226e-01;9.994e-01;5.031e-01;8.208e-01;1.001e+00;5.020e-01;1.652e-02;2.007e-02;8.333e-01;7.540e-04
30.167370000;5.020e-01;4.131e-01;5.017e-01;8.230e-01;9.994e-01;5.031e-01;8.213e-01;1.001e+00;5.020e-01;1.653e-02;2.007e-02;8.333e-01;7.540e-04
30.167882000;5.020e-01;4.134e-01;5.017e-01;8.235e-01;9.994e-01;5.031e-01;8.217e-01;1.001e+00;5.020e-01;1.654e-02;2.007e-02;8.333e-01;7.540e-04
30.168394000;5.020e-01;4.136e-01;5.017e-01;8.239e-01;9.994e-01;5.031e-01;8.221e-01;1.001e+00;5.020e-01;1.654e-02;2.007e-02;8.333e-01;7.540e-04
30.168906000;5.020e-01;4.138e-01;5.017e-01;8.243e-01;9.993e-01;5.031e-01;8.225e-01;1.001e+00;5.020e-01;1.655e-02;2.007e-02;8.333e-01;7.540e-04
30.169418000;5.020e-01;4.139e-01;5.017e-01;8.246e-01;9.993e-01;5.031e-01;8.229e-01;1.001e+00;5.020e-01;1.656e-02;2.007e-02;8.333e-01;7.540e-04
30.169930000;5.020e-01;4.142e-01;5.017e-01;8.250e-01;9.993e-01;5.031e-01;8.232e-01;1.001e+00;5.020e-01;1.657e-02;2.007e-02;8.333e-01;7.540e-04
30.170930000;5.020e-01;4.145e-01;5.017e-01;8.257e-01;9.993e-01;5.031e-01;8.239e-01;1.001e+00;5.020e-01;1.658e-02;2.007e-02;8.333e-01;7.540e-04
30.171930000;5.020e-01;4.148e-01;5.016e-01;8.262e-01;9.993e-01;5.031e-01;8.245e-01;1.001e+00;5.020e-01;1.659e-02;2.006e-02;8.333e-01;7.540e-04
30.172930000;5.020e-01;4.150e-01;5.016e-01;8.268e-01;9.992e-01;5.031e-01;8.250e-01;1.001e+00;5.020e-01;1.660e-02;2.006e-02;8.333e-01;7.540e-04
30.173930000;5.020e-01;4.153e-01;5.016e-01;8.273e-01;9.992e-01;5.031e-01;8.255e-01;1.001e+00;5.020e-01;1.661e-02;2.006e-02;8.333e-01;7.540e-04
30.174930000;5.020e-01;4.155e-01;5.016e-01;8.277e-01;9.992e-01;5.031e-01;8.260e-01;1.001e+00;5.020e-01;1.662e-02;2.006e-02;8.333e-01;7.540e-04
30.175930000;5.020e-01;4.157e-01;5.016e-01;8.281e-01;9.991e-01;5.031e-01;8.264e-01;1.001e+00;5.020e-01;1.663e-02;2.006e-02;8.333e-01;7.540e-04
30.176930000;5.020e-01;4.159e-01;5.016e-01;8.285e-01;9.992e-01;5.031e-01;8.267e-01;1.001e+00;5.020e-01;1.664e-02;2.006e-02;8.333e-01;7.540e-04
30.177307000;5.020e-01;4.159e-01;5.016e-01;8.286e-01;9.992e-01;5.031e-01;8.269e-01;1.001e+00;5.020e-01;1.664e-02;2.006e-02;8.333e-01;7.540e-04
30.177323000;5.020e-01;4.159e-01;5.016e-01;8.286e-01;9.992e-01;5.031e-01;8.269e-01;1.001e+00;5.020e-01;1.664e-02;2.006e-02;8.333e-01;7.540e-04
30.177339000;5.020e-01;4.160e-01;5.016e-01;8.287e-01;9.992e-01;5.031e-01;8.269e-01;1.001e+00;5.020e-01;1.664e-02;2.006e-02;8.333e-01;7.540e-04
30.177371000;5.020e-01;4.160e-01;5.015e-01;8.287e-01;9.991e-01;5.031e-01;8.269e-01;1.001e+00;5.020e-01;1.664e-02;2.006e-02;8.333e-01;7.540e-04
30.177435000;5.020e-01;4.160e-01;5.015e-01;8.287e-01;9.991e-01;5.031e-01;8.269e-01;1.001e+00;5.020e-01;1.664e-02;2.006e-02;8.333e-01;7.540e-04
30.177563000;5.020e-01;4.160e-01;5.015e-01;8.287e-01;9.991e-01;5.031e-01;8.270e-01;1.001e+00;5.020e-01;1.664e-02;2.006e-02;8.333e-01;7.540e-04
30.177819000;5.020e-01;4.161e-01;5.015e-01;8.288e-01;9.991e-01;5.031e-01;8.271e-01;1.001e+00;5.020e-01;1.664e-02;2.006e-02;8.333e-01;7.540e-04
30.178331000;5.020e-01;4.161e-01;5.015e-01;8.290e-01;9.991e-01;5.031e-01;8.272e-01;1.001e+00;5.020e-01;1.665e-02;2.006e-02;8.333e-01;7.540e-04
30.179331000;5.020e-01;4.163e-01;5.015e-01;8.293e-01;9.991e-01;5.031e-01;8.275e-01;1.001e+00;5.020e-01;1.665e-02;2.006e-02;8.333e-01;7.540e-04
30.180331000;5.020e-01;4.164e-01;5.015e-01;8.295e-01;9.991e-01;5.031e-01;8.278e-01;1.001e+00;5.020e-01;1.666e-02;2.006e-02;8.333e-01;7.540e-04
30.181331000;5.020e-01;4.165e-01;5.015e-01;8.298e-01;9.990e-01;5.031e-01;8.280e-01;1.000e+00;5.020e-01;1.666e-02;2.006e-02;8.333e-01;7.540e-04
30.182331000;5.020e-01;4.167e-01;5.014e-01;8.300e-01;9.990e-01;5.031e-01;8.283e-01;1.000e+00;5.020e-01;1.667e-02;2.006e-02;8.333e-01;7.540e-04
30.183331000;5.020e-01;4.168e-01;5.014e-01;8.302e-01;9.990e-01;5.031e-01;8.285e-01;1.000e+00;5.020e-01;1.667e-02;2.006e-02;8.333e-01;7.540e-04
30.184331000;5.020e-01;4.169e-01;5.014e-01;8.304e-01;9.989e-01;5.031e-01;8.287e-01;1.000e+00;5.020e-01;1.667e-02;2.006e-02;8.333e-01;7.540e-04
30.185331000;5.020e-01;4.169e-01;5.014e-01;8.306e-01;9.989e-01;5.031e-01;8.288e-01;1.000e+00;5.020e-01;1.668e-02;2.006e-02;8.333e-01;7.540e-04
30.186331000;5.020e-01;4.170e-01;5.014e-01;8.308e-01;9.989e-01;5.031e-01;8.290e-01;1.000e+00;5.020e-01;1.668e-02;2.006e-02;8.333e-01;7.540e-04
30.187331000;5.020e-01;4.171e-01;5.014e-01;8.309e-01;9.989e-01;5.031e-01;8.291e-01;1.000e+00;5.020e-01;1.668e-02;2.006e-02;8.333e-01;7.540e-04
30.188331000;5.020e-01;4.171e-01;5.014e-01;8.310e-01;9.988e-01;5.031e-01;8.293e-01;1.000e+00;5.020e-01;1.669e-02;2.005e-02;8.333e-01;7.540e-04
30.189331000;5.020e-01;4.172e-01;5.014e-01;8.311e-01;9.988e-01;5.031e-01;8.294e-01;1.000e+00;5.020e-01;1.669e-02;2.005e-02;8.333e-01;7.540e-04
30.190331000;5.020e-01;4.173e-01;5.013e-01;8.313e-01;9.988e-01;5.031e-01;8.295e-01;1.000e+00;5.020e-01;1.669e-02;2.005e-02;8.333e-01;7.540e-04
30.191331000;5.020e-01;4.173e-01;5.013e-01;8.314e-01;9.988e-01;5.031e-01;8.296e-01;1.000e+00;5.020e-01;1.669e-02;2.005e-02;8.333e-01;7.540e-04
30.192331000;5.020e-01;4.173e-01;5.013e-01;8.314e-01;9.988e-01;5.031e-01;8.297e-01;1.000e+00;5.020e-01;1.669e-02;2.005e-02;8.333e-01;7.540e-04
30.193331000;5.020e-01;4.174e-01;5.013e-01;8.315e-01;9.987e-01;5.031e-01;8.298e-01;1.000e+00;5.020e-01;1.670e-02;2.005e-02;8.333e-01;7.540e-04
30.194331000;5.020e-01;4.175e-01;5.013e-01;8.316e-01;9.987e-01;5.031e-01;8.298e-01;1.000e+00;5.020e-01;1.670e-02;2.005e-02;8.333e-01;7.540e-04
30.195331000;5.020e-01;4.175e-01;5.013e-01;8.317e-01;9.987e-01;5.031e-01;8.299e-01;1.000e+00;5.020e-01;1.670e-02;2.005e-02;8.333e-01;7.540e-04
30.196331000;5.020e-01;4.175e-01;5.013e-01;8.317e-01;9.987e-01;5.031e-01;8.300e-01;1.000e+00;5.020e-01;1.670e-02;2.005e-02;8.333e-01;7.540e-04
30.197331000;5.020e-01;4.175e-01;5.013e-01;8.318e-01;9.987e-01;5.031e-01;8.300e-01;1.000e+00;5.020e-01;1.670e-02;2.005e-02;8.333e-01;7.540e-04
30.198331000;5.020e-01;4.176e-01;5.013e-01;8.318e-01;9.987e-01;5.031e-01;8.301e-01;1.000e+00;5.020e-01;1.670e-02;2.005e-02;8.333e-01;7.540e-04
30.199331000;5.020e-01;4.176e-01;5.013e-01;8.319e-01;9.987e-01;5.031e-01;8.301e-01;1.000e+00;5.020e-01;1.670e-02;2.005e-02;8.333e-01;7.540e-04
30.200331000;5.020e-01;4.176e-01;5.013e-01;8.319e-01;9.986e-01;5.031e-01;8.302e-01;1.000e+00;5.020e-01;1.670e-02;2.005e-02;8.333e-01;7.540e-04
30.201331000;5.020e-01;4.176e-01;5.013e-01;8.320e-01;9.986e-01;5.031e-01;8.302e-01;1.000e+00;5.020e-01;1.671e-02;2.005e-02;8.333e-01;7.540e-04
30.202331000;5.020e-01;4.176e-01;5.013e-01;8.320e-01;9.986e-01;5.031e-01;8.303e-01;1.000e+00;5.020e-01;1.671e-02;2.005e-02;8.333e-01;7.540e-04
30.203331000;5.020e-01;4.177e-01;5.013e-01;8.321e-01;9.986e-01;5.031e-01;8.303e-01;1.000e+00;5.020e-01;1.671e-02;2.005e-02;8.333e-01;7.540e-04
30.204331000;5.020e-01;4.177e-01;5.013e-01;8.321e-01;9.986e-01;5.031e-01;8.303e-01;1.000e+00;5.020e-01;1.671e-02;2.005e-02;8.333e-01;7.540e-04
30.205331000;5.020e-01;4.177e-01;5.013e-01;8.321e-01;9.986e-01;5.031e-01;8.304e-01;1.000e+00;5.020e-01;1.671e-02;2.005e-02;8.333e-01;7.540e-04
30.206331000;5.020e-01;4.177e-01;5.012e-01;8.321e-01;9.986e-01;5.031e-01;8.304e-01;1.000e+00;5.020e-01;1.671e-02;2.005e-02;8.333e-01;7.540e-04
30.207331000;5.020e-01;4.177e-01;5.012e-01;8.322e-01;9.986e-01;5.031e-01;8.304e-01;1.000e+00;5.020e-01;1.671e-02;2.005e-02;8.333e-01;7.540e-04
30.209331000;5.020e-01;4.177e-01;5.012e-01;8.322e-01;9.986e-01;5.031e-01;8.304e-01;1.000e+00;5.020e-01;1.671e-02;2.005e-02;8.333e-01;7.540e-04
30.210331000;5.020e-01;4.177e-01;5.012e-01;8.322e-01;9.986e-01;5.031e-01;8.305e-01;1.000e+00;5.020e-01;1.671e-02;2.005e-02;8.333e-01;7.540e-04
30.212331000;5.020e-01;4.177e-01;5.012e-01;8.322e-01;9.986e-01;5.031e-01;8.305e-01;1.000e+00;5.020e-01;1.671e-02;2.005e-02;8.333e-01;7.540e-04
30.213331000;5.020e-01;4.178e-01;5.012e-01;8.323e-01;9.986e-01;5.031e-01;8.305e-01;1.000e+00;5.020e-01;1.671e-02;2.005e-02;8.333e-01;7.540e-04
30.214331000;5.020e-01;4.178e-01;5.012e-01;8.323e-01;9.986e-01;5.031e-01;8.305e-01;1.000e+00;5.020e-01;1.671e-02;2.005e-02;8.333e-01;7.540e-04
30.215331000;5.020e-01;4.178e-01;5.012e-01;8.323e-01;9.985e-01;5.030e-01;8.305e-01;1.000e+00;5.020e-01;1.671e-02;2.005e-02;8.333e-01;7.540e-04
30.216331000;5.020e-01;4.178e-01;5.012e-01;8.323e-01;9.985e-01;5.030e-01;8.305e-01;1.000e+00;5.020e-01;1.671e-02;2.005e-02;8.333e-01;7.540e-04
30.217331000;5.020e-01;4.178e-01;5.012e-01;8.323e-01;9.985e-01;5.031e-01;8.305e-01;1.000e+00;5.020e-01;1.671e-02;2.005e-02;8.333e-01;7.540e-04
30.218331000;5.020e-01;4.178e-01;5.012e-01;8.323e-01;9.985e-01;5.031e-01;8.306e-01;1.000e+00;5.020e-01;1.671e-02;2.005e-02;8.333e-01;7.540e-04
30.220331000;5.020e-01;4.178e-01;5.012e-01;8.323e-01;9.985e-01;5.031e-01;8.306e-01;1.000e+00;5.020e-01;1.671e-02;2.005e-02;8.333e-01;7.540e-04
30.221331000;5.020e-01;4.178e-01;5.012e-01;8.323e-01;9.985e-01;5.030e-01;8.306e-01;1.000e+00;5.020e-01;1.671e-02;2.005e-02;8.333e-01;7.540e-04
30.223331000;5.020e-01;4.178e-01;5.012e-01;8.323e-01;9.985e-01;5.030e-01;8.306e-01;1.000e+00;5.020e-01;1.671e-02;2.005e-02;8.333e-01;7.540e-04
30.224331000;5.020e-01;4.178e-01;5.012e-01;8.324e-01;9.985e-01;5.030e-01;8.306e-01;1.000e+00;5.020e-01;1.671e-02;2.005e-02;8.333e-01;7.540e-04
30.265331000;5.020e-01;4.178e-01;5.012e-01;8.324e-01;9.985e-01;5.030e-01;8.306e-01;1.000e+00;5.020e-01;1.671e-02;2.005e-02;8.333e-01;7.540e-04
30.266331000;5.020e-01;4.178e-01;5.012e-01;8.324e-01;9.985e-01;5.030e-01;8.307e-01;1.000e+00;5.020e-01;1.671e-02;2.005e-02;8.333e-01;7.540e-04
100.000000000;5.020e-01;4.178e-01;5.012e-01;8.324e-01;9.985e-01;5.030e-01;8.307e-01;1.000e+00;5.020e-01;1.671e-02;2.005e-02;8.333e-01;7.540e-04
