time;BusPDR_BUS_Voltage;BusPDR_BUS_ActivePower;BusPDR_BUS_ReactivePower;BusPDR_BUS_ActiveCurrent;BusPDR_BUS_ReactiveCurrent;Wind_Turbine_GEN_UPuInjTerminal;Wind_Turbine_GEN_IpInjTerminal;Wind_Turbine_GEN_IqInjTerminal;Measurements_BUS_Voltage;Measurements_BUS_ActivePower;Measurements_BUS_ReactivePower;StepUp_Xfmr_XFMR_Tap;Wind_Turbine_GEN_ActivePowerSetpointPu
0.000000000;1.000e+00;8.332e-01;5.045e-09;8.332e-01;2.542e-09;1.000e+00;8.332e-01;7.500e-04;1.000e+00;3.333e-02;-1.688e-09;1.000e+01;8.333e-01
19.999997000;1.000e+00;8.332e-01;-2.501e-05;8.333e-01;-2.500e-05;1.000e+00;8.332e-01;7.250e-04;1.000e+00;3.333e-02;-9.940e-07;1.000e+01;8.333e-01
20.000000000;1.000e+00;8.332e-01;-6.993e-09;8.332e-01;1.808e-09;1.000e+00;8.333e-01;7.750e-04;1.000e+00;3.333e-02;5.438e-09;1.000e+01;8.333e-01
20.000028000;1.000e+00;8.334e-01;2.750e-04;8.333e-01;2.750e-04;1.000e+00;8.333e-01;1.025e-03;1.000e+00;3.333e-02;1.100e-05;1.000e+01;8.333e-01
20.000124000;1.000e+00;8.336e-01;1.200e-03;8.333e-01;1.200e-03;1.000e+00;8.332e-01;1.974e-03;1.000e+00;3.334e-02;4.800e-05;1.000e+01;8.333e-01
20.000252000;1.001e+00;8.339e-01;2.425e-03;8.333e-01;2.423e-03;1.001e+00;8.332e-01;3.197e-03;1.001e+00;3.336e-02;9.700e-05;1.000e+01;8.333e-01
20.000508000;1.002e+00;8.346e-01;4.850e-03;8.333e-01;4.842e-03;1.002e+00;8.333e-01;5.591e-03;1.002e+00;3.338e-02;1.940e-04;1.000e+01;8.333e-01
20.000700000;1.002e+00;8.351e-01;6.600e-03;8.333e-01;6.585e-03;1.002e+00;8.333e-01;7.358e-03;1.002e+00;3.341e-02;2.640e-04;1.000e+01;8.333e-01
20.001276000;1.004e+00;8.366e-01;1.175e-02;8.333e-01;1.170e-02;1.004e+00;8.333e-01;1.245e-02;1.004e+00;3.346e-02;4.700e-04;1.000e+01;8.333e-01
20.001404000;1.004e+00;8.369e-01;1.285e-02;8.333e-01;1.279e-02;1.004e+00;8.332e-01;1.354e-02;1.004e+00;3.348e-02;5.140e-04;1.000e+01;8.333e-01
20.001916000;1.006e+00;8.381e-01;1.712e-02;8.333e-01;1.703e-02;1.006e+00;8.332e-01;1.777e-02;1.006e+00;3.352e-02;6.850e-04;1.000e+01;8.333e-01
20.002044000;1.006e+00;8.384e-01;1.815e-02;8.332e-01;1.804e-02;1.006e+00;8.332e-01;1.878e-02;1.006e+00;3.354e-02;7.260e-04;1.000e+01;8.333e-01
20.002172000;1.006e+00;8.387e-01;1.918e-02;8.332e-01;1.905e-02;1.007e+00;8.332e-01;1.980e-02;1.006e+00;3.355e-02;7.670e-04;1.000e+01;8.333e-01
20.002300000;1.007e+00;8.389e-01;2.017e-02;8.333e-01;2.004e-02;1.007e+00;8.332e-01;2.081e-02;1.007e+00;3.356e-02;8.070e-04;1.000e+01;8.333e-01
20.002556000;1.008e+00;8.395e-01;2.215e-02;8.332e-01;2.199e-02;1.008e+00;8.332e-01;2.275e-02;1.008e+00;3.358e-02;8.860e-04;1.000e+01;8.333e-01
20.002940000;1.008e+00;8.403e-01;2.502e-02;8.332e-01;2.481e-02;1.009e+00;8.332e-01;2.556e-02;1.008e+00;3.361e-02;1.001e-03;1.000e+01;8.333e-01
20.003964000;1.011e+00;8.422e-01;3.213e-02;8.331e-01;3.178e-02;1.011e+00;8.331e-01;3.252e-02;1.011e+00;3.369e-02;1.285e-03;1.000e+01;8.333e-01
20.004092000;1.011e+00;8.424e-01;3.295e-02;8.331e-01;3.259e-02;1.011e+00;8.330e-01;3.333e-02;1.011e+00;3.369e-02;1.318e-03;1.000e+01;8.333e-01
20.004732000;1.012e+00;8.434e-01;3.692e-02;8.330e-01;3.647e-02;1.013e+00;8.330e-01;3.721e-02;1.012e+00;3.373e-02;1.477e-03;1.000e+01;8.333e-01
20.005423000;1.014e+00;8.443e-01;4.088e-02;8.329e-01;4.032e-02;1.014e+00;8.328e-01;4.106e-02;1.014e+00;3.377e-02;1.635e-03;1.000e+01;8.333e-01
20.005654000;1.014e+00;8.446e-01;4.213e-02;8.328e-01;4.154e-02;1.014e+00;8.328e-01;4.227e-02;1.014e+00;3.379e-02;1.685e-03;1.000e+01;8.333e-01
20.005884000;1.015e+00;8.449e-01;4.332e-02;8.327e-01;4.270e-02;1.015e+00;8.327e-01;4.344e-02;1.015e+00;3.380e-02;1.733e-03;1.000e+01;8.333e-01
20.006114000;1.015e+00;8.452e-01;4.450e-02;8.327e-01;4.384e-02;1.015e+00;8.326e-01;4.458e-02;1.015e+00;3.381e-02;1.780e-03;1.000e+01;8.333e-01
20.006575000;1.016e+00;8.457e-01;4.673e-02;8.325e-01;4.600e-02;1.016e+00;8.325e-01;4.676e-02;1.016e+00;3.383e-02;1.869e-03;1.000e+01;8.333e-01
20.006806000;1.016e+00;8.459e-01;4.780e-02;8.325e-01;4.704e-02;1.016e+00;8.325e-01;4.778e-02;1.016e+00;3.383e-02;1.912e-03;1.000e+01;8.333e-01
20.007036000;1.016e+00;8.461e-01;4.885e-02;8.324e-01;4.806e-02;1.017e+00;8.324e-01;4.879e-02;1.016e+00;3.384e-02;1.954e-03;1.000e+01;8.333e-01
20.007727000;1.017e+00;8.467e-01;5.175e-02;8.322e-01;5.086e-02;1.017e+00;8.321e-01;5.160e-02;1.017e+00;3.387e-02;2.070e-03;1.000e+01;8.333e-01
20.008188000;1.018e+00;8.470e-01;5.355e-02;8.320e-01;5.260e-02;1.018e+00;8.320e-01;5.334e-02;1.018e+00;3.388e-02;2.142e-03;1.000e+01;8.333e-01
20.008418000;1.018e+00;8.471e-01;5.440e-02;8.319e-01;5.342e-02;1.018e+00;8.319e-01;5.416e-02;1.018e+00;3.389e-02;2.176e-03;1.000e+01;8.333e-01
20.009570000;1.020e+00;8.477e-01;5.820e-02;8.314e-01;5.708e-02;1.020e+00;8.314e-01;5.781e-02;1.020e+00;3.391e-02;2.328e-03;1.000e+01;8.333e-01
20.009801000;1.020e+00;8.478e-01;5.890e-02;8.313e-01;5.776e-02;1.020e+00;8.313e-01;5.849e-02;1.020e+00;3.391e-02;2.356e-03;1.000e+01;8.333e-01
20.010031000;1.020e+00;8.478e-01;5.955e-02;8.312e-01;5.838e-02;1.020e+00;8.312e-01;5.911e-02;1.020e+00;3.391e-02;2.382e-03;1.000e+01;8.333e-01
20.010262000;1.020e+00;8.479e-01;6.017e-02;8.311e-01;5.898e-02;1.020e+00;8.310e-01;5.971e-02;1.020e+00;3.392e-02;2.407e-03;1.000e+01;8.333e-01
20.010492000;1.020e+00;8.480e-01;6.078e-02;8.310e-01;5.956e-02;1.021e+00;8.309e-01;6.031e-02;1.020e+00;3.392e-02;2.431e-03;1.000e+01;8.333e-01
20.010722000;1.021e+00;8.480e-01;6.138e-02;8.309e-01;6.013e-02;1.021e+00;8.308e-01;6.086e-02;1.021e+00;3.392e-02;2.455e-03;1.000e+01;8.333e-01
20.011183000;1.021e+00;8.481e-01;6.247e-02;8.306e-01;6.119e-02;1.021e+00;8.306e-01;6.192e-02;1.021e+00;3.392e-02;2.499e-03;1.000e+01;8.333e-01
20.011644000;1.021e+00;8.481e-01;6.348e-02;8.304e-01;6.215e-02;1.021e+00;8.303e-01;6.288e-02;1.021e+00;3.392e-02;2.539e-03;1.000e+01;8.333e-01
20.011874000;1.022e+00;8.481e-01;6.395e-02;8.302e-01;6.260e-02;1.022e+00;8.302e-01;6.333e-02;1.022e+00;3.392e-02;2.558e-03;1.000e+01;8.333e-01
20.013257000;1.022e+00;8.480e-01;6.640e-02;8.294e-01;6.495e-02;1.022e+00;8.294e-01;6.568e-02;1.022e+00;3.392e-02;2.656e-03;1.000e+01;8.333e-01
20.013487000;1.022e+00;8.480e-01;6.672e-02;8.293e-01;6.526e-02;1.023e+00;8.293e-01;6.601e-02;1.022e+00;3.392e-02;2.669e-03;1.000e+01;8.333e-01
20.013718000;1.023e+00;8.479e-01;6.705e-02;8.292e-01;6.557e-02;1.023e+00;8.291e-01;6.632e-02;1.023e+00;3.392e-02;2.682e-03;1.000e+01;8.333e-01
20.013948000;1.023e+00;8.479e-01;6.738e-02;8.290e-01;6.588e-02;1.023e+00;8.290e-01;6.661e-02;1.023e+00;3.392e-02;2.695e-03;1.000e+01;8.333e-01
20.014870000;1.023e+00;8.476e-01;6.845e-02;8.285e-01;6.690e-02;1.023e+00;8.284e-01;6.763e-02;1.023e+00;3.390e-02;2.738e-03;1.000e+01;8.333e-01
20.015284000;1.023e+00;8.475e-01;6.888e-02;8.282e-01;6.731e-02;1.023e+00;8.281e-01;6.804e-02;1.023e+00;3.390e-02;2.755e-03;1.000e+01;8.333e-01
20.015699000;1.023e+00;8.473e-01;6.925e-02;8.279e-01;6.767e-02;1.023e+00;8.279e-01;6.839e-02;1.023e+00;3.389e-02;2.770e-03;1.000e+01;8.333e-01
20.016114000;1.024e+00;8.471e-01;6.957e-02;8.277e-01;6.798e-02;1.024e+00;8.276e-01;6.870e-02;1.024e+00;3.389e-02;2.783e-03;1.000e+01;8.333e-01
20.017358000;1.024e+00;8.466e-01;7.037e-02;8.269e-01;6.874e-02;1.024e+00;8.268e-01;6.946e-02;1.024e+00;3.386e-02;2.815e-03;1.000e+01;8.333e-01
20.017773000;1.024e+00;8.464e-01;7.057e-02;8.266e-01;6.893e-02;1.024e+00;8.265e-01;6.965e-02;1.024e+00;3.386e-02;2.823e-03;1.000e+01;8.333e-01
20.018187000;1.024e+00;8.462e-01;7.075e-02;8.263e-01;6.909e-02;1.024e+00;8.263e-01;6.982e-02;1.024e+00;3.385e-02;2.830e-03;1.000e+01;8.333e-01
20.019017000;1.024e+00;8.457e-01;7.100e-02;8.258e-01;6.933e-02;1.024e+00;8.257e-01;7.006e-02;1.024e+00;3.383e-02;2.840e-03;1.000e+01;8.333e-01
20.019432000;1.024e+00;8.455e-01;7.110e-02;8.255e-01;6.942e-02;1.024e+00;8.255e-01;7.015e-02;1.024e+00;3.382e-02;2.844e-03;1.000e+01;8.333e-01
20.024408000;1.024e+00;8.425e-01;7.105e-02;8.225e-01;6.936e-02;1.024e+00;8.225e-01;7.007e-02;1.024e+00;3.370e-02;2.842e-03;1.000e+01;8.333e-01
20.025238000;1.024e+00;8.420e-01;7.090e-02;8.221e-01;6.922e-02;1.024e+00;8.220e-01;6.995e-02;1.024e+00;3.368e-02;2.836e-03;1.000e+01;8.333e-01
20.026482000;1.024e+00;8.413e-01;7.065e-02;8.214e-01;6.898e-02;1.024e+00;8.214e-01;6.970e-02;1.024e+00;3.365e-02;2.826e-03;1.000e+01;8.333e-01
20.027311000;1.024e+00;8.409e-01;7.050e-02;8.210e-01;6.883e-02;1.024e+00;8.210e-01;6.954e-02;1.024e+00;3.363e-02;2.820e-03;1.000e+01;8.333e-01
20.027726000;1.024e+00;8.407e-01;7.040e-02;8.208e-01;6.874e-02;1.024e+00;8.208e-01;6.944e-02;1.024e+00;3.363e-02;2.816e-03;1.000e+01;8.333e-01
20.029800000;1.024e+00;8.396e-01;6.995e-02;8.199e-01;6.830e-02;1.024e+00;8.198e-01;6.903e-02;1.024e+00;3.358e-02;2.798e-03;1.000e+01;8.333e-01
20.030214000;1.024e+00;8.394e-01;6.988e-02;8.197e-01;6.823e-02;1.024e+00;8.196e-01;6.893e-02;1.024e+00;3.358e-02;2.795e-03;1.000e+01;8.333e-01
20.031458000;1.024e+00;8.388e-01;6.963e-02;8.192e-01;6.799e-02;1.024e+00;8.191e-01;6.872e-02;1.024e+00;3.355e-02;2.785e-03;1.000e+01;8.333e-01
20.032288000;1.024e+00;8.385e-01;6.947e-02;8.188e-01;6.785e-02;1.024e+00;8.188e-01;6.857e-02;1.024e+00;3.354e-02;2.779e-03;1.000e+01;8.333e-01
20.032703000;1.024e+00;8.384e-01;6.943e-02;8.187e-01;6.780e-02;1.024e+00;8.186e-01;6.850e-02;1.024e+00;3.353e-02;2.777e-03;1.000e+01;8.333e-01
20.033947000;1.024e+00;8.379e-01;6.923e-02;8.183e-01;6.761e-02;1.024e+00;8.182e-01;6.831e-02;1.024e+00;3.352e-02;2.769e-03;1.000e+01;8.333e-01
20.034776000;1.024e+00;8.376e-01;6.910e-02;8.180e-01;6.749e-02;1.024e+00;8.179e-01;6.821e-02;1.024e+00;3.350e-02;2.764e-03;1.000e+01;8.333e-01
20.036435000;1.024e+00;8.370e-01;6.893e-02;8.175e-01;6.732e-02;1.024e+00;8.174e-01;6.802e-02;1.024e+00;3.348e-02;2.757e-03;1.000e+01;8.333e-01
20.038840000;1.024e+00;8.364e-01;6.878e-02;8.169e-01;6.717e-02;1.024e+00;8.168e-01;6.787e-02;1.024e+00;3.345e-02;2.751e-03;1.000e+01;8.333e-01
20.040333000;1.024e+00;8.360e-01;6.873e-02;8.165e-01;6.712e-02;1.024e+00;8.165e-01;6.782e-02;1.024e+00;3.344e-02;2.749e-03;1.000e+01;8.333e-01
20.041826000;1.024e+00;8.357e-01;6.873e-02;8.162e-01;6.712e-02;1.024e+00;8.162e-01;6.782e-02;1.024e+00;3.343e-02;2.749e-03;1.000e+01;8.333e-01
20.044066000;1.024e+00;8.354e-01;6.880e-02;8.158e-01;6.719e-02;1.024e+00;8.158e-01;6.789e-02;1.024e+00;3.341e-02;2.752e-03;1.000e+01;8.333e-01
20.044812000;1.024e+00;8.353e-01;6.882e-02;8.157e-01;6.721e-02;1.024e+00;8.156e-01;6.792e-02;1.024e+00;3.341e-02;2.753e-03;1.000e+01;8.333e-01
20.045559000;1.024e+00;8.351e-01;6.888e-02;8.156e-01;6.726e-02;1.024e+00;8.155e-01;6.796e-02;1.024e+00;3.341e-02;2.755e-03;1.000e+01;8.333e-01
20.046305000;1.024e+00;8.351e-01;6.893e-02;8.155e-01;6.731e-02;1.024e+00;8.154e-01;6.804e-02;1.024e+00;3.340e-02;2.757e-03;1.000e+01;8.333e-01
20.047052000;1.024e+00;8.350e-01;6.900e-02;8.154e-01;6.738e-02;1.024e+00;8.153e-01;6.808e-02;1.024e+00;3.340e-02;2.760e-03;1.000e+01;8.333e-01
20.047798000;1.024e+00;8.349e-01;6.907e-02;8.153e-01;6.745e-02;1.024e+00;8.152e-01;6.815e-02;1.024e+00;3.340e-02;2.763e-03;1.000e+01;8.333e-01
20.048545000;1.024e+00;8.348e-01;6.915e-02;8.152e-01;6.752e-02;1.024e+00;8.151e-01;6.823e-02;1.024e+00;3.339e-02;2.766e-03;1.000e+01;8.333e-01
20.050784000;1.024e+00;8.347e-01;6.940e-02;8.149e-01;6.776e-02;1.024e+00;8.149e-01;6.846e-02;1.024e+00;3.339e-02;2.776e-03;1.000e+01;8.333e-01
20.051531000;1.024e+00;8.346e-01;6.950e-02;8.149e-01;6.786e-02;1.024e+00;8.148e-01;6.856e-02;1.024e+00;3.338e-02;2.780e-03;1.000e+01;8.333e-01
20.054531000;1.024e+00;8.344e-01;6.990e-02;8.146e-01;6.824e-02;1.024e+00;8.145e-01;6.894e-02;1.024e+00;3.338e-02;2.796e-03;1.000e+01;8.333e-01
20.055531000;1.024e+00;8.344e-01;7.005e-02;8.145e-01;6.838e-02;1.025e+00;8.145e-01;6.908e-02;1.024e+00;3.338e-02;2.802e-03;1.000e+01;8.333e-01
20.056531000;1.024e+00;8.344e-01;7.020e-02;8.144e-01;6.852e-02;1.025e+00;8.144e-01;6.922e-02;1.024e+00;3.338e-02;2.808e-03;1.000e+01;8.333e-01
20.057531000;1.025e+00;8.344e-01;7.035e-02;8.144e-01;6.867e-02;1.025e+00;8.143e-01;6.937e-02;1.025e+00;3.337e-02;2.814e-03;1.000e+01;8.333e-01
20.058531000;1.025e+00;8.343e-01;7.050e-02;8.143e-01;6.881e-02;1.025e+00;8.142e-01;6.951e-02;1.025e+00;3.337e-02;2.820e-03;1.000e+01;8.333e-01
20.068531000;1.025e+00;8.341e-01;7.210e-02;8.137e-01;7.033e-02;1.025e+00;8.136e-01;7.103e-02;1.025e+00;3.337e-02;2.884e-03;1.000e+01;8.333e-01
20.071531000;1.025e+00;8.341e-01;7.258e-02;8.136e-01;7.078e-02;1.025e+00;8.135e-01;7.148e-02;1.025e+00;3.337e-02;2.903e-03;1.000e+01;8.333e-01
20.072531000;1.025e+00;8.341e-01;7.275e-02;8.135e-01;7.095e-02;1.025e+00;8.134e-01;7.165e-02;1.025e+00;3.336e-02;2.910e-03;1.000e+01;8.333e-01
20.073531000;1.025e+00;8.341e-01;7.290e-02;8.135e-01;7.109e-02;1.026e+00;8.134e-01;7.179e-02;1.025e+00;3.336e-02;2.916e-03;1.000e+01;8.333e-01
20.074531000;1.025e+00;8.341e-01;7.305e-02;8.134e-01;7.124e-02;1.026e+00;8.133e-01;7.194e-02;1.025e+00;3.336e-02;2.922e-03;1.000e+01;8.333e-01
20.075531000;1.026e+00;8.341e-01;7.322e-02;8.134e-01;7.140e-02;1.026e+00;8.133e-01;7.210e-02;1.026e+00;3.336e-02;2.929e-03;1.000e+01;8.333e-01
20.093531000;1.026e+00;8.341e-01;7.595e-02;8.126e-01;7.399e-02;1.027e+00;8.125e-01;7.469e-02;1.026e+00;3.336e-02;3.038e-03;1.000e+01;8.333e-01
20.094531000;1.027e+00;8.341e-01;7.610e-02;8.125e-01;7.413e-02;1.027e+00;8.124e-01;7.483e-02;1.027e+00;3.336e-02;3.044e-03;1.000e+01;8.333e-01
20.112531000;1.027e+00;8.340e-01;7.870e-02;8.118e-01;7.660e-02;1.027e+00;8.117e-01;7.730e-02;1.027e+00;3.336e-02;3.148e-03;1.000e+01;8.333e-01
20.113531000;1.027e+00;8.340e-01;7.885e-02;8.118e-01;7.674e-02;1.028e+00;8.117e-01;7.744e-02;1.027e+00;3.336e-02;3.154e-03;1.000e+01;8.333e-01
20.114531000;1.027e+00;8.340e-01;7.898e-02;8.117e-01;7.686e-02;1.028e+00;8.116e-01;7.756e-02;1.027e+00;3.336e-02;3.159e-03;1.000e+01;8.333e-01
20.115531000;1.028e+00;8.340e-01;7.913e-02;8.117e-01;7.700e-02;1.028e+00;8.116e-01;7.770e-02;1.028e+00;3.336e-02;3.165e-03;1.000e+01;8.333e-01
20.118531000;1.028e+00;8.340e-01;7.955e-02;8.115e-01;7.741e-02;1.028e+00;8.115e-01;7.811e-02;1.028e+00;3.336e-02;3.182e-03;1.000e+01;8.333e-01
20.124531000;1.028e+00;8.340e-01;8.038e-02;8.113e-01;7.819e-02;1.028e+00;8.112e-01;7.889e-02;1.028e+00;3.336e-02;3.215e-03;1.000e+01;8.333e-01
20.135531000;1.028e+00;8.340e-01;8.190e-02;8.109e-01;7.963e-02;1.029e+00;8.108e-01;8.033e-02;1.028e+00;3.336e-02;3.276e-03;1.000e+01;8.333e-01
20.136531000;1.029e+00;8.340e-01;8.203e-02;8.109e-01;7.975e-02;1.029e+00;8.108e-01;8.045e-02;1.029e+00;3.336e-02;3.281e-03;1.000e+01;8.333e-01
20.155531000;1.029e+00;8.340e-01;8.455e-02;8.102e-01;8.214e-02;1.029e+00;8.101e-01;8.283e-02;1.029e+00;3.336e-02;3.382e-03;1.000e+01;8.333e-01
20.156531000;1.029e+00;8.340e-01;8.468e-02;8.101e-01;8.226e-02;1.030e+00;8.101e-01;8.295e-02;1.029e+00;3.336e-02;3.387e-03;1.000e+01;8.333e-01
20.158531000;1.029e+00;8.340e-01;8.493e-02;8.101e-01;8.249e-02;1.030e+00;8.100e-01;8.319e-02;1.029e+00;3.336e-02;3.397e-03;1.000e+01;8.333e-01
20.159531000;1.030e+00;8.340e-01;8.508e-02;8.100e-01;8.263e-02;1.030e+00;8.100e-01;8.331e-02;1.030e+00;3.336e-02;3.403e-03;1.000e+01;8.333e-01
20.181531000;1.030e+00;8.339e-01;8.785e-02;8.093e-01;8.525e-02;1.031e+00;8.092e-01;8.592e-02;1.030e+00;3.336e-02;3.514e-03;1.000e+01;8.333e-01
20.182531000;1.031e+00;8.339e-01;8.797e-02;8.093e-01;8.537e-02;1.031e+00;8.092e-01;8.604e-02;1.031e+00;3.336e-02;3.519e-03;1.000e+01;8.333e-01
20.203531000;1.031e+00;8.339e-01;9.050e-02;8.086e-01;8.775e-02;1.031e+00;8.085e-01;8.842e-02;1.031e+00;3.336e-02;3.620e-03;1.000e+01;8.333e-01
20.204531000;1.031e+00;8.339e-01;9.060e-02;8.085e-01;8.784e-02;1.032e+00;8.084e-01;8.853e-02;1.031e+00;3.336e-02;3.624e-03;1.000e+01;8.333e-01
20.219531000;1.032e+00;8.339e-01;9.235e-02;8.080e-01;8.949e-02;1.032e+00;8.080e-01;9.018e-02;1.032e+00;3.336e-02;3.694e-03;1.000e+01;8.333e-01
20.229531000;1.032e+00;8.339e-01;9.348e-02;8.078e-01;9.054e-02;1.032e+00;8.077e-01;9.124e-02;1.032e+00;3.336e-02;3.739e-03;1.000e+01;8.333e-01
20.230531000;1.032e+00;8.339e-01;9.357e-02;8.077e-01;9.064e-02;1.033e+00;8.076e-01;9.133e-02;1.032e+00;3.336e-02;3.743e-03;1.000e+01;8.333e-01
20.232531000;1.032e+00;8.339e-01;9.380e-02;8.077e-01;9.085e-02;1.033e+00;8.076e-01;9.154e-02;1.032e+00;3.336e-02;3.752e-03;1.000e+01;8.333e-01
20.233531000;1.033e+00;8.339e-01;9.392e-02;8.076e-01;9.097e-02;1.033e+00;8.076e-01;9.164e-02;1.033e+00;3.336e-02;3.757e-03;1.000e+01;8.333e-01
20.244531000;1.033e+00;8.339e-01;9.513e-02;8.073e-01;9.209e-02;1.033e+00;8.072e-01;9.279e-02;1.033e+00;3.336e-02;3.805e-03;1.000e+01;8.333e-01
20.257531000;1.033e+00;8.339e-01;9.650e-02;8.069e-01;9.338e-02;1.033e+00;8.068e-01;9.407e-02;1.033e+00;3.335e-02;3.860e-03;1.000e+01;8.333e-01
20.258531000;1.033e+00;8.339e-01;9.663e-02;8.069e-01;9.350e-02;1.034e+00;8.068e-01;9.417e-02;1.033e+00;3.335e-02;3.865e-03;1.000e+01;8.333e-01
20.260531000;1.033e+00;8.339e-01;9.683e-02;8.068e-01;9.369e-02;1.034e+00;8.068e-01;9.438e-02;1.033e+00;3.335e-02;3.873e-03;1.000e+01;8.333e-01
20.261531000;1.034e+00;8.339e-01;9.692e-02;8.068e-01;9.378e-02;1.034e+00;8.067e-01;9.447e-02;1.034e+00;3.335e-02;3.877e-03;1.000e+01;8.333e-01
20.286531000;1.034e+00;8.338e-01;9.947e-02;8.061e-01;9.617e-02;1.034e+00;8.060e-01;9.686e-02;1.034e+00;3.335e-02;3.979e-03;1.000e+01;8.333e-01
20.287531000;1.034e+00;8.338e-01;9.958e-02;8.061e-01;9.626e-02;1.035e+00;8.060e-01;9.695e-02;1.034e+00;3.335e-02;3.983e-03;1.000e+01;8.333e-01
20.289531000;1.034e+00;8.338e-01;9.977e-02;8.060e-01;9.645e-02;1.035e+00;8.059e-01;9.712e-02;1.034e+00;3.335e-02;3.991e-03;1.000e+01;8.333e-01
20.290531000;1.035e+00;8.338e-01;9.988e-02;8.060e-01;9.654e-02;1.035e+00;8.059e-01;9.721e-02;1.035e+00;3.335e-02;3.995e-03;1.000e+01;8.333e-01
20.317531000;1.035e+00;8.337e-01;1.024e-01;8.053e-01;9.895e-02;1.035e+00;8.052e-01;9.964e-02;1.035e+00;3.335e-02;4.098e-03;1.000e+01;8.333e-01
20.318531000;1.035e+00;8.337e-01;1.025e-01;8.052e-01;9.904e-02;1.036e+00;8.052e-01;9.971e-02;1.035e+00;3.335e-02;4.102e-03;1.000e+01;8.333e-01
20.321531000;1.035e+00;8.337e-01;1.028e-01;8.052e-01;9.930e-02;1.036e+00;8.051e-01;9.996e-02;1.035e+00;3.335e-02;4.113e-03;1.000e+01;8.333e-01
20.322531000;1.036e+00;8.337e-01;1.029e-01;8.051e-01;9.937e-02;1.036e+00;8.051e-01;1.001e-01;1.036e+00;3.335e-02;4.116e-03;1.000e+01;8.333e-01
20.350531000;1.036e+00;8.337e-01;1.054e-01;8.044e-01;1.017e-01;1.036e+00;8.044e-01;1.024e-01;1.036e+00;3.335e-02;4.217e-03;1.000e+01;8.333e-01
20.351531000;1.036e+00;8.337e-01;1.055e-01;8.044e-01;1.018e-01;1.037e+00;8.044e-01;1.025e-01;1.036e+00;3.335e-02;4.220e-03;1.000e+01;8.333e-01
20.354531000;1.036e+00;8.337e-01;1.058e-01;8.044e-01;1.020e-01;1.037e+00;8.043e-01;1.027e-01;1.036e+00;3.335e-02;4.230e-03;1.000e+01;8.333e-01
20.355531000;1.037e+00;8.337e-01;1.058e-01;8.043e-01;1.021e-01;1.037e+00;8.042e-01;1.028e-01;1.037e+00;3.335e-02;4.234e-03;1.000e+01;8.333e-01
20.386531000;1.037e+00;8.337e-01;1.084e-01;8.036e-01;1.045e-01;1.037e+00;8.036e-01;1.052e-01;1.037e+00;3.335e-02;4.337e-03;1.000e+01;8.333e-01
20.387531000;1.037e+00;8.337e-01;1.085e-01;8.036e-01;1.046e-01;1.038e+00;8.035e-01;1.053e-01;1.037e+00;3.335e-02;4.340e-03;1.000e+01;8.333e-01
20.391531000;1.037e+00;8.337e-01;1.088e-01;8.035e-01;1.049e-01;1.038e+00;8.034e-01;1.056e-01;1.037e+00;3.335e-02;4.353e-03;1.000e+01;8.333e-01
20.392531000;1.038e+00;8.337e-01;1.089e-01;8.035e-01;1.050e-01;1.038e+00;8.034e-01;1.056e-01;1.038e+00;3.335e-02;4.356e-03;1.000e+01;8.333e-01
20.401531000;1.038e+00;8.337e-01;1.096e-01;8.033e-01;1.056e-01;1.038e+00;8.032e-01;1.063e-01;1.038e+00;3.335e-02;4.384e-03;1.000e+01;8.333e-01
20.402531000;1.038e+00;8.336e-01;1.097e-01;8.033e-01;1.057e-01;1.038e+00;8.032e-01;1.064e-01;1.038e+00;3.334e-02;4.388e-03;1.000e+01;8.333e-01
20.425531000;1.038e+00;8.336e-01;1.114e-01;8.028e-01;1.073e-01;1.038e+00;8.027e-01;1.080e-01;1.038e+00;3.334e-02;4.457e-03;1.000e+01;8.333e-01
20.426531000;1.038e+00;8.336e-01;1.115e-01;8.028e-01;1.074e-01;1.039e+00;8.027e-01;1.081e-01;1.038e+00;3.334e-02;4.460e-03;1.000e+01;8.333e-01
20.430531000;1.038e+00;8.336e-01;1.118e-01;8.027e-01;1.077e-01;1.039e+00;8.026e-01;1.083e-01;1.038e+00;3.334e-02;4.472e-03;1.000e+01;8.333e-01
20.431531000;1.039e+00;8.336e-01;1.119e-01;8.027e-01;1.077e-01;1.039e+00;8.026e-01;1.084e-01;1.039e+00;3.334e-02;4.475e-03;1.000e+01;8.333e-01
20.465531000;1.039e+00;8.336e-01;1.143e-01;8.020e-01;1.100e-01;1.039e+00;8.019e-01;1.106e-01;1.039e+00;3.334e-02;4.571e-03;1.000e+01;8.333e-01
20.467531000;1.039e+00;8.336e-01;1.144e-01;8.020e-01;1.101e-01;1.039e+00;8.019e-01;1.108e-01;1.039e+00;3.334e-02;4.577e-03;1.000e+01;8.333e-01
20.468531000;1.039e+00;8.336e-01;1.145e-01;8.020e-01;1.101e-01;1.040e+00;8.019e-01;1.108e-01;1.039e+00;3.334e-02;4.579e-03;1.000e+01;8.333e-01
20.473531000;1.039e+00;8.336e-01;1.148e-01;8.019e-01;1.105e-01;1.040e+00;8.018e-01;1.111e-01;1.039e+00;3.334e-02;4.593e-03;1.000e+01;8.333e-01
20.474531000;1.040e+00;8.336e-01;1.149e-01;8.019e-01;1.105e-01;1.040e+00;8.018e-01;1.112e-01;1.040e+00;3.334e-02;4.596e-03;1.000e+01;8.333e-01
20.475531000;1.040e+00;8.336e-01;1.149e-01;8.019e-01;1.106e-01;1.040e+00;8.018e-01;1.113e-01;1.040e+00;3.334e-02;4.598e-03;1.000e+01;8.333e-01
20.486531000;1.040e+00;8.336e-01;1.157e-01;8.017e-01;1.113e-01;1.040e+00;8.016e-01;1.119e-01;1.040e+00;3.334e-02;4.627e-03;1.000e+01;8.333e-01
20.491531000;1.040e+00;8.335e-01;1.160e-01;8.016e-01;1.116e-01;1.040e+00;8.015e-01;1.122e-01;1.040e+00;3.334e-02;4.640e-03;1.000e+01;8.333e-01
20.493531000;1.040e+00;8.335e-01;1.162e-01;8.016e-01;1.117e-01;1.040e+00;8.015e-01;1.124e-01;1.040e+00;3.334e-02;4.646e-03;1.000e+01;8.333e-01
20.504531000;1.040e+00;8.335e-01;1.169e-01;8.014e-01;1.123e-01;1.040e+00;8.013e-01;1.130e-01;1.040e+00;3.334e-02;4.674e-03;1.000e+01;8.333e-01
20.514531000;1.040e+00;8.335e-01;1.174e-01;8.012e-01;1.129e-01;1.040e+00;8.011e-01;1.136e-01;1.040e+00;3.334e-02;4.698e-03;1.000e+01;8.333e-01
20.515531000;1.040e+00;8.335e-01;1.175e-01;8.012e-01;1.130e-01;1.041e+00;8.011e-01;1.136e-01;1.040e+00;3.334e-02;4.701e-03;1.000e+01;8.333e-01
20.521531000;1.040e+00;8.335e-01;1.179e-01;8.011e-01;1.133e-01;1.041e+00;8.010e-01;1.140e-01;1.040e+00;3.334e-02;4.716e-03;1.000e+01;8.333e-01
20.522531000;1.041e+00;8.335e-01;1.179e-01;8.011e-01;1.134e-01;1.041e+00;8.010e-01;1.140e-01;1.041e+00;3.334e-02;4.718e-03;1.000e+01;8.333e-01
20.566531000;1.041e+00;8.335e-01;1.205e-01;8.004e-01;1.157e-01;1.041e+00;8.003e-01;1.164e-01;1.041e+00;3.334e-02;4.820e-03;1.000e+01;8.333e-01
20.567531000;1.041e+00;8.335e-01;1.205e-01;8.004e-01;1.158e-01;1.042e+00;8.003e-01;1.164e-01;1.041e+00;3.334e-02;4.822e-03;1.000e+01;8.333e-01
20.574531000;1.041e+00;8.335e-01;1.209e-01;8.003e-01;1.161e-01;1.042e+00;8.002e-01;1.168e-01;1.041e+00;3.334e-02;4.837e-03;1.000e+01;8.333e-01
20.575531000;1.042e+00;8.335e-01;1.210e-01;8.003e-01;1.162e-01;1.042e+00;8.002e-01;1.168e-01;1.042e+00;3.334e-02;4.839e-03;1.000e+01;8.333e-01
20.624531000;1.042e+00;8.335e-01;1.235e-01;7.996e-01;1.185e-01;1.042e+00;7.995e-01;1.192e-01;1.042e+00;3.334e-02;4.940e-03;1.000e+01;8.333e-01
20.625531000;1.042e+00;8.335e-01;1.236e-01;7.996e-01;1.185e-01;1.043e+00;7.995e-01;1.192e-01;1.042e+00;3.334e-02;4.942e-03;1.000e+01;8.333e-01
20.633531000;1.042e+00;8.335e-01;1.239e-01;7.995e-01;1.189e-01;1.043e+00;7.994e-01;1.196e-01;1.042e+00;3.334e-02;4.958e-03;1.000e+01;8.333e-01
20.634531000;1.043e+00;8.335e-01;1.240e-01;7.995e-01;1.189e-01;1.043e+00;7.994e-01;1.196e-01;1.043e+00;3.334e-02;4.959e-03;1.000e+01;8.333e-01
20.691531000;1.043e+00;8.335e-01;1.265e-01;7.988e-01;1.213e-01;1.043e+00;7.987e-01;1.220e-01;1.043e+00;3.334e-02;5.062e-03;1.000e+01;8.333e-01
20.692531000;1.043e+00;8.335e-01;1.266e-01;7.988e-01;1.213e-01;1.044e+00;7.987e-01;1.220e-01;1.043e+00;3.334e-02;5.064e-03;1.000e+01;8.333e-01
20.702531000;1.043e+00;8.334e-01;1.270e-01;7.987e-01;1.217e-01;1.044e+00;7.986e-01;1.224e-01;1.043e+00;3.334e-02;5.081e-03;1.000e+01;8.333e-01
20.703531000;1.044e+00;8.334e-01;1.270e-01;7.987e-01;1.218e-01;1.044e+00;7.986e-01;1.224e-01;1.044e+00;3.334e-02;5.082e-03;1.000e+01;8.333e-01
20.748531000;1.044e+00;8.334e-01;1.288e-01;7.982e-01;1.234e-01;1.044e+00;7.981e-01;1.241e-01;1.044e+00;3.334e-02;5.153e-03;1.000e+01;8.333e-01
20.754531000;1.044e+00;8.334e-01;1.290e-01;7.981e-01;1.236e-01;1.044e+00;7.981e-01;1.242e-01;1.044e+00;3.334e-02;5.162e-03;1.000e+01;8.333e-01
20.764531000;1.044e+00;8.334e-01;1.294e-01;7.981e-01;1.239e-01;1.044e+00;7.979e-01;1.246e-01;1.044e+00;3.334e-02;5.177e-03;1.000e+01;8.333e-01
20.768531000;1.044e+00;8.334e-01;1.296e-01;7.980e-01;1.241e-01;1.044e+00;7.979e-01;1.247e-01;1.044e+00;3.334e-02;5.183e-03;1.000e+01;8.333e-01
20.769531000;1.044e+00;8.334e-01;1.296e-01;7.980e-01;1.241e-01;1.044e+00;7.979e-01;1.247e-01;1.044e+00;3.334e-02;5.184e-03;1.000e+01;8.333e-01
20.770531000;1.044e+00;8.334e-01;1.296e-01;7.980e-01;1.241e-01;1.045e+00;7.979e-01;1.248e-01;1.044e+00;3.334e-02;5.185e-03;1.000e+01;8.333e-01
20.782531000;1.044e+00;8.334e-01;1.300e-01;7.979e-01;1.245e-01;1.045e+00;7.978e-01;1.252e-01;1.044e+00;3.334e-02;5.202e-03;1.000e+01;8.333e-01
20.783531000;1.045e+00;8.334e-01;1.301e-01;7.979e-01;1.246e-01;1.045e+00;7.978e-01;1.252e-01;1.045e+00;3.334e-02;5.204e-03;1.000e+01;8.333e-01
20.793531000;1.045e+00;8.334e-01;1.305e-01;7.978e-01;1.249e-01;1.045e+00;7.977e-01;1.255e-01;1.045e+00;3.334e-02;5.218e-03;1.000e+01;8.333e-01
20.796531000;1.045e+00;8.334e-01;1.305e-01;7.978e-01;1.250e-01;1.045e+00;7.977e-01;1.256e-01;1.045e+00;3.334e-02;5.222e-03;1.000e+01;8.333e-01
20.797531000;1.045e+00;8.334e-01;1.306e-01;7.977e-01;1.250e-01;1.045e+00;7.977e-01;1.256e-01;1.045e+00;3.333e-02;5.223e-03;1.000e+01;8.333e-01
20.863531000;1.045e+00;8.334e-01;1.326e-01;7.972e-01;1.269e-01;1.045e+00;7.971e-01;1.276e-01;1.045e+00;3.333e-02;5.306e-03;1.000e+01;8.333e-01
20.864531000;1.045e+00;8.334e-01;1.327e-01;7.972e-01;1.269e-01;1.046e+00;7.971e-01;1.276e-01;1.045e+00;3.333e-02;5.308e-03;1.000e+01;8.333e-01
20.879531000;1.045e+00;8.334e-01;1.331e-01;7.971e-01;1.273e-01;1.046e+00;7.970e-01;1.280e-01;1.045e+00;3.333e-02;5.325e-03;1.000e+01;8.333e-01
20.880531000;1.046e+00;8.334e-01;1.331e-01;7.971e-01;1.274e-01;1.046e+00;7.970e-01;1.280e-01;1.046e+00;3.333e-02;5.326e-03;1.000e+01;8.333e-01
20.981531000;1.046e+00;8.333e-01;1.357e-01;7.964e-01;1.297e-01;1.046e+00;7.963e-01;1.304e-01;1.046e+00;3.333e-02;5.429e-03;1.000e+01;8.333e-01
20.982531000;1.046e+00;8.333e-01;1.358e-01;7.964e-01;1.297e-01;1.047e+00;7.963e-01;1.304e-01;1.046e+00;3.333e-02;5.430e-03;1.000e+01;8.333e-01
21.001531000;1.046e+00;8.333e-01;1.362e-01;7.963e-01;1.301e-01;1.047e+00;7.962e-01;1.308e-01;1.046e+00;3.333e-02;5.447e-03;1.000e+01;8.333e-01
21.002531000;1.047e+00;8.333e-01;1.362e-01;7.963e-01;1.301e-01;1.047e+00;7.962e-01;1.308e-01;1.047e+00;3.333e-02;5.448e-03;1.000e+01;8.333e-01
21.045531000;1.047e+00;8.333e-01;1.371e-01;7.960e-01;1.310e-01;1.047e+00;7.960e-01;1.316e-01;1.047e+00;3.333e-02;5.484e-03;1.000e+01;8.333e-01
21.084531000;1.047e+00;8.333e-01;1.379e-01;7.959e-01;1.317e-01;1.047e+00;7.957e-01;1.323e-01;1.047e+00;3.333e-02;5.514e-03;1.000e+01;8.333e-01
21.098531000;1.047e+00;8.333e-01;1.381e-01;7.958e-01;1.319e-01;1.047e+00;7.957e-01;1.326e-01;1.047e+00;3.333e-02;5.524e-03;1.000e+01;8.333e-01
21.114531000;1.047e+00;8.333e-01;1.384e-01;7.957e-01;1.322e-01;1.047e+00;7.956e-01;1.328e-01;1.047e+00;3.333e-02;5.536e-03;1.000e+01;8.333e-01
21.120531000;1.047e+00;8.333e-01;1.385e-01;7.957e-01;1.323e-01;1.047e+00;7.956e-01;1.329e-01;1.047e+00;3.333e-02;5.540e-03;1.000e+01;8.333e-01
21.138531000;1.047e+00;8.333e-01;1.388e-01;7.956e-01;1.325e-01;1.047e+00;7.955e-01;1.332e-01;1.047e+00;3.333e-02;5.552e-03;1.000e+01;8.333e-01
21.139531000;1.047e+00;8.333e-01;1.388e-01;7.956e-01;1.325e-01;1.048e+00;7.955e-01;1.332e-01;1.047e+00;3.333e-02;5.552e-03;1.000e+01;8.333e-01
21.141531000;1.047e+00;8.333e-01;1.389e-01;7.956e-01;1.326e-01;1.048e+00;7.955e-01;1.332e-01;1.047e+00;3.333e-02;5.554e-03;1.000e+01;8.333e-01
21.167531000;1.047e+00;8.333e-01;1.393e-01;7.955e-01;1.329e-01;1.048e+00;7.954e-01;1.336e-01;1.047e+00;3.333e-02;5.570e-03;1.000e+01;8.333e-01
21.168531000;1.048e+00;8.333e-01;1.393e-01;7.955e-01;1.330e-01;1.048e+00;7.954e-01;1.336e-01;1.048e+00;3.333e-02;5.571e-03;1.000e+01;8.333e-01
21.306531000;1.048e+00;8.332e-01;1.411e-01;7.950e-01;1.346e-01;1.048e+00;7.949e-01;1.353e-01;1.048e+00;3.333e-02;5.644e-03;1.000e+01;8.333e-01
21.377531000;1.048e+00;8.332e-01;1.419e-01;7.948e-01;1.353e-01;1.048e+00;7.947e-01;1.360e-01;1.048e+00;3.333e-02;5.675e-03;1.000e+01;8.333e-01
21.378531000;1.048e+00;8.332e-01;1.419e-01;7.948e-01;1.353e-01;1.049e+00;7.947e-01;1.360e-01;1.048e+00;3.333e-02;5.675e-03;1.000e+01;8.333e-01
21.429531000;1.048e+00;8.332e-01;1.424e-01;7.947e-01;1.358e-01;1.049e+00;7.946e-01;1.364e-01;1.048e+00;3.333e-02;5.694e-03;1.000e+01;8.333e-01
21.430531000;1.049e+00;8.332e-01;1.424e-01;7.947e-01;1.358e-01;1.049e+00;7.946e-01;1.364e-01;1.049e+00;3.333e-02;5.694e-03;1.000e+01;8.333e-01
21.497531000;1.049e+00;8.332e-01;1.429e-01;7.946e-01;1.363e-01;1.049e+00;7.944e-01;1.369e-01;1.049e+00;3.333e-02;5.716e-03;1.000e+01;8.333e-01
21.551531000;1.049e+00;8.332e-01;1.433e-01;7.944e-01;1.366e-01;1.049e+00;7.944e-01;1.373e-01;1.049e+00;3.333e-02;5.732e-03;1.000e+01;8.333e-01
21.557531000;1.049e+00;8.332e-01;1.434e-01;7.944e-01;1.367e-01;1.049e+00;7.943e-01;1.373e-01;1.049e+00;3.333e-02;5.734e-03;1.000e+01;8.333e-01
21.576531000;1.049e+00;8.332e-01;1.435e-01;7.944e-01;1.368e-01;1.049e+00;7.943e-01;1.374e-01;1.049e+00;3.333e-02;5.739e-03;1.000e+01;8.333e-01
21.595531000;1.049e+00;8.332e-01;1.436e-01;7.944e-01;1.369e-01;1.049e+00;7.943e-01;1.376e-01;1.049e+00;3.333e-02;5.743e-03;1.000e+01;8.333e-01
21.604531000;1.049e+00;8.332e-01;1.436e-01;7.944e-01;1.370e-01;1.049e+00;7.943e-01;1.376e-01;1.049e+00;3.333e-02;5.746e-03;1.000e+01;8.333e-01
21.890531000;1.049e+00;8.332e-01;1.449e-01;7.940e-01;1.381e-01;1.049e+00;7.939e-01;1.388e-01;1.049e+00;3.333e-02;5.797e-03;1.000e+01;8.333e-01
21.891531000;1.049e+00;8.332e-01;1.449e-01;7.940e-01;1.381e-01;1.050e+00;7.939e-01;1.388e-01;1.049e+00;3.333e-02;5.798e-03;1.000e+01;8.333e-01
22.070531000;1.049e+00;8.332e-01;1.454e-01;7.939e-01;1.386e-01;1.050e+00;7.938e-01;1.392e-01;1.049e+00;3.333e-02;5.817e-03;1.000e+01;8.333e-01
22.071531000;1.050e+00;8.332e-01;1.454e-01;7.939e-01;1.386e-01;1.050e+00;7.938e-01;1.392e-01;1.050e+00;3.333e-02;5.817e-03;1.000e+01;8.333e-01
22.178531000;1.050e+00;8.332e-01;1.457e-01;7.938e-01;1.388e-01;1.050e+00;7.938e-01;1.394e-01;1.050e+00;3.333e-02;5.826e-03;1.000e+01;8.333e-01
22.183531000;1.050e+00;8.332e-01;1.457e-01;7.938e-01;1.388e-01;1.050e+00;7.937e-01;1.394e-01;1.050e+00;3.333e-02;5.826e-03;1.000e+01;8.333e-01
22.262531000;1.050e+00;8.332e-01;1.458e-01;7.938e-01;1.389e-01;1.050e+00;7.937e-01;1.396e-01;1.050e+00;3.333e-02;5.831e-03;1.000e+01;8.333e-01
22.265531000;1.050e+00;8.332e-01;1.458e-01;7.938e-01;1.389e-01;1.050e+00;7.937e-01;1.396e-01;1.050e+00;3.333e-02;5.832e-03;1.000e+01;8.333e-01
22.301531000;1.050e+00;8.332e-01;1.459e-01;7.938e-01;1.390e-01;1.050e+00;7.937e-01;1.396e-01;1.050e+00;3.333e-02;5.834e-03;1.000e+01;8.333e-01
100.000000000;1.050e+00;8.332e-01;1.465e-01;7.937e-01;1.395e-01;1.050e+00;7.936e-01;1.402e-01;1.050e+00;3.333e-02;5.859e-03;1.000e+01;8.333e-01
