time;BusPDR_BUS_Voltage;BusPDR_BUS_ActivePower;BusPDR_BUS_ReactivePower;BusPDR_BUS_ActiveCurrent;BusPDR_BUS_ReactiveCurrent;Wind_Turbine_GEN_MagnitudeControlledByAVRPu;Wind_Turbine_GEN_UPuInjTerminal;Wind_Turbine_GEN_IpInjTerminal;Wind_Turbine_GEN_IqInjTerminal;Measurements_BUS_Voltage;Measurements_BUS_ActivePower;Measurements_BUS_ReactivePower;StepUp_Xfmr_XFMR_Tap;Wind_Turbine_GEN_VoltageSetpointPu;Wind_Turbine_GEN_NetworkFrequencyPu;NetworkFrequencyPu
0.000000000;1.044e+00;8.333e-01;-1.565e-08;7.979e-01;-9.526e-09;1.051e+00;1.045e+00;8.083e-01;2.061e-02;1.044e+00;7.500e-01;-2.203e-08;1.000e+01;1.045e+00;5.000e+01;5.000e+01
0.011496000;1.044e+00;8.333e-01;-3.894e-03;7.978e-01;-3.729e-03;1.050e+00;1.045e+00;8.083e-01;1.688e-02;1.044e+00;7.499e-01;-3.505e-03;1.000e+01;1.045e+00;5.000e+01;5.000e+01
0.029744000;1.044e+00;8.333e-01;-3.244e-03;7.979e-01;-3.106e-03;1.050e+00;1.045e+00;8.083e-01;1.751e-02;1.044e+00;7.500e-01;-2.920e-03;1.000e+01;1.045e+00;5.000e+01;5.000e+01
0.222536000;1.044e+00;8.333e-01;-1.018e-02;7.979e-01;-9.751e-03;1.048e+00;1.045e+00;8.084e-01;1.086e-02;1.044e+00;7.500e-01;-9.166e-03;1.000e+01;1.045e+00;5.000e+01;5.000e+01
0.296536000;1.044e+00;8.333e-01;-1.220e-02;7.979e-01;-1.168e-02;1.047e+00;1.045e+00;8.085e-01;8.938e-03;1.044e+00;7.500e-01;-1.098e-02;1.000e+01;1.045e+00;5.000e+01;5.000e+01
0.433534000;1.044e+00;8.333e-01;-1.509e-02;7.979e-01;-1.445e-02;1.047e+00;1.045e+00;8.085e-01;6.167e-03;1.044e+00;7.500e-01;-1.358e-02;1.000e+01;1.045e+00;5.000e+01;5.000e+01
0.719642000;1.044e+00;8.333e-01;-1.838e-02;7.979e-01;-1.760e-02;1.045e+00;1.045e+00;8.086e-01;3.026e-03;1.044e+00;7.500e-01;-1.654e-02;1.000e+01;1.045e+00;5.000e+01;5.000e+01
0.724642000;1.044e+00;8.333e-01;-1.841e-02;7.979e-01;-1.763e-02;1.045e+00;1.045e+00;8.086e-01;2.994e-03;1.044e+00;7.500e-01;-1.657e-02;1.000e+01;1.045e+00;5.000e+01;5.000e+01
1.121642000;1.044e+00;8.333e-01;-1.964e-02;7.979e-01;-1.880e-02;1.045e+00;1.045e+00;8.086e-01;1.821e-03;1.044e+00;7.500e-01;-1.767e-02;1.000e+01;1.045e+00;5.000e+01;5.000e+01
19.989996000;1.045e+00;8.335e-01;-1.998e-02;7.979e-01;-1.913e-02;1.045e+00;1.045e+00;8.086e-01;1.490e-03;1.045e+00;7.501e-01;-1.799e-02;1.000e+01;1.045e+00;5.000e+01;5.000e+01
19.989997000;1.045e+00;8.335e-01;-1.998e-02;7.979e-01;-1.913e-02;1.045e+00;1.045e+00;8.086e-01;1.491e-03;1.045e+00;7.501e-01;-1.799e-02;1.000e+01;1.045e+00;5.000e+01;5.000e+01
19.989998000;1.045e+00;8.334e-01;-1.998e-02;7.979e-01;-1.913e-02;1.045e+00;1.045e+00;8.086e-01;1.491e-03;1.045e+00;7.501e-01;-1.798e-02;1.000e+01;1.045e+00;5.000e+01;5.000e+01
19.990000000;1.044e+00;8.333e-01;-1.998e-02;7.979e-01;-1.913e-02;1.045e+00;1.045e+00;8.086e-01;1.494e-03;1.044e+00;7.500e-01;-1.798e-02;1.000e+01;1.045e+00;5.000e+01;5.000e+01
19.990007000;1.044e+00;8.330e-01;-1.997e-02;7.979e-01;-1.913e-02;1.045e+00;1.044e+00;8.086e-01;1.499e-03;1.044e+00;7.497e-01;-1.798e-02;1.000e+01;1.045e+00;5.000e+01;5.000e+01
19.990615000;1.012e+00;8.078e-01;-1.934e-02;7.979e-01;-1.910e-02;1.013e+00;1.012e+00;8.086e-01;2.007e-03;1.012e+00;7.270e-01;-1.741e-02;1.000e+01;1.045e+00;5.000e+01;5.000e+01
19.992646000;9.064e-01;7.242e-01;-1.447e-02;7.990e-01;-1.596e-02;9.085e-01;9.066e-01;8.097e-01;7.039e-03;9.064e-01;6.518e-01;-1.302e-02;1.000e+01;1.045e+00;5.000e+01;5.000e+01
19.994681000;8.002e-01;6.409e-01;-1.301e-03;8.010e-01;-1.626e-03;8.065e-01;8.008e-01;8.113e-01;2.380e-02;8.002e-01;5.769e-01;-1.171e-03;1.000e+01;1.045e+00;5.000e+01;5.000e+01
19.994769000;7.957e-01;6.372e-01;-5.122e-04;8.009e-01;-6.438e-04;8.022e-01;7.962e-01;8.112e-01;2.489e-02;7.957e-01;5.735e-01;-4.610e-04;1.000e+01;1.045e+00;5.000e+01;5.000e+01
19.997944000;6.300e-01;4.936e-01;3.714e-02;7.835e-01;5.895e-02;6.489e-01;6.321e-01;7.918e-01;8.860e-02;6.300e-01;4.442e-01;3.342e-02;1.000e+01;1.045e+00;5.000e+01;5.000e+01
19.998637000;5.938e-01;4.610e-01;4.739e-02;7.763e-01;7.981e-02;6.162e-01;5.964e-01;7.838e-01;1.104e-01;5.938e-01;4.149e-01;4.265e-02;1.000e+01;1.045e+00;5.000e+01;5.000e+01
20.001466000;4.463e-01;3.292e-01;1.004e-01;7.376e-01;2.250e-01;4.878e-01;4.525e-01;7.384e-01;2.603e-01;4.463e-01;2.962e-01;9.038e-02;1.000e+01;1.045e+00;5.000e+01;5.000e+01
20.007478000;1.326e-01;7.653e-02;7.638e-02;5.772e-01;5.761e-01;1.758e-01;1.476e-01;5.292e-01;6.353e-01;1.326e-01;6.888e-02;6.874e-02;1.000e+01;1.045e+00;5.000e+01;5.000e+01
20.009996000;1.000e-03;4.922e-04;6.733e-04;4.922e-01;6.733e-01;2.691e-02;2.147e-02;3.245e-02;8.441e-01;1.000e-03;4.430e-04;6.060e-04;1.000e+01;1.045e+00;5.000e+01;5.000e+01
20.015681000;1.000e-03;3.211e-04;8.322e-04;3.211e-01;8.322e-01;2.918e-02;2.297e-02;2.408e-02;9.011e-01;1.000e-03;2.890e-04;7.490e-04;1.000e+01;1.045e+00;5.000e+01;5.000e+01
20.022587000;1.000e-03;2.356e-04;9.344e-04;2.356e-01;9.344e-01;3.195e-02;2.474e-02;2.039e-02;9.719e-01;1.000e-03;2.120e-04;8.410e-04;1.000e+01;1.045e+00;5.000e+01;5.000e+01
20.023393000;1.000e-03;2.211e-04;7.411e-04;2.211e-01;7.411e-01;2.479e-02;2.008e-02;1.981e-02;7.817e-01;1.000e-03;1.990e-04;6.670e-04;1.000e+01;1.045e+00;5.000e+01;5.000e+01
20.025021000;1.000e-03;1.833e-04;3.756e-04;1.833e-01;3.756e-01;1.280e-02;1.135e-02;2.144e-02;4.265e-01;1.000e-03;1.650e-04;3.380e-04;1.000e+01;1.045e+00;5.000e+01;5.000e+01
20.026137000;1.000e-03;1.533e-04;1.422e-04;1.533e-01;1.422e-01;6.518e-03;6.117e-03;2.906e-02;2.187e-01;1.000e-03;1.380e-04;1.280e-04;1.000e+01;1.045e+00;5.000e+01;5.000e+01
20.026916000;1.000e-03;-1.111e-05;-5.562e-06;-1.111e-02;-5.556e-03;1.000e-03;1.000e-03;4.328e-09;-1.022e-09;1.000e-03;-9.996e-06;-4.999e-06;1.000e+01;1.045e+00;5.000e+01;5.000e+01
20.149997000;9.970e-04;-1.111e-05;-5.560e-06;-1.114e-02;-5.572e-03;9.970e-04;9.970e-04;4.532e-09;-3.305e-10;9.970e-04;-1.001e-05;-4.996e-06;1.000e+01;1.045e+00;5.000e+01;5.000e+01
20.161532000;1.079e-02;-6.456e-04;9.944e-04;-5.982e-02;9.215e-02;1.079e-02;1.079e-02;8.498e-09;-2.453e-09;1.079e-02;-5.810e-04;8.950e-04;1.000e+01;1.045e+00;5.000e+01;5.000e+01
20.161585000;1.083e-02;-5.144e-04;7.311e-04;-4.748e-02;6.748e-02;1.083e-02;1.083e-02;8.304e-09;-2.240e-09;1.083e-02;-4.630e-04;6.580e-04;1.000e+01;1.045e+00;5.000e+01;5.000e+01
20.179124000;2.573e-02;-7.281e-01;-7.281e+00;-2.830e+01;-2.830e+02;2.573e-02;2.573e-02;-3.017e-09;2.173e-09;2.573e-02;-6.553e-01;-6.553e+00;1.000e+01;1.045e+00;5.000e+01;5.000e+01
20.276604000;1.085e-01;-1.295e+01;-1.295e+02;-1.193e+02;-1.193e+03;1.085e-01;1.085e-01;2.897e-09;1.216e-10;1.085e-01;-1.165e+01;-1.165e+02;1.000e+01;1.045e+00;5.000e+01;5.000e+01
20.276608000;1.085e-01;-1.295e+01;-1.295e+02;-1.194e+02;-1.194e+03;1.085e-01;1.085e-01;3.259e-09;-5.418e-10;1.085e-01;-1.165e+01;-1.165e+02;1.000e+01;1.045e+00;5.000e+01;5.000e+01
20.276640000;1.085e-01;-1.295e+01;-1.295e+02;-1.194e+02;-1.194e+03;1.085e-01;1.085e-01;3.071e-05;5.426e-04;1.085e-01;-1.166e+01;-1.166e+02;1.000e+01;1.045e+00;5.000e+01;5.000e+01
20.292996000;1.224e-01;-1.648e+01;-1.648e+02;-1.346e+02;-1.346e+03;1.456e-01;1.313e-01;3.308e-02;3.627e-01;1.224e-01;-1.483e+01;-1.483e+02;1.000e+01;1.045e+00;5.000e+01;5.000e+01
20.293207000;1.226e-01;-1.653e+01;-1.653e+02;-1.348e+02;-1.348e+03;1.461e-01;1.316e-01;3.350e-02;3.683e-01;1.226e-01;-1.487e+01;-1.487e+02;1.000e+01;1.045e+00;5.000e+01;5.000e+01
20.295751000;1.247e-01;-1.711e+01;-1.711e+02;-1.372e+02;-1.372e+03;1.531e-01;1.354e-01;3.464e-02;4.363e-01;1.247e-01;-1.540e+01;-1.540e+02;1.000e+01;1.045e+00;5.000e+01;5.000e+01
20.314931000;1.410e-01;-2.187e+01;-2.187e+02;-1.551e+02;-1.550e+03;2.151e-01;1.655e-01;4.338e-02;9.998e-01;1.410e-01;-1.969e+01;-1.968e+02;1.000e+01;1.045e+00;5.000e+01;5.000e+01
20.315084000;1.412e-01;-2.191e+01;-2.191e+02;-1.552e+02;-1.552e+03;2.153e-01;1.656e-01;4.345e-02;9.998e-01;1.412e-01;-1.972e+01;-1.972e+02;1.000e+01;1.045e+00;5.000e+01;5.000e+01
20.315391000;1.414e-01;-2.199e+01;-2.199e+02;-1.555e+02;-1.555e+03;2.156e-01;1.659e-01;4.359e-02;9.998e-01;1.414e-01;-1.979e+01;-1.979e+02;1.000e+01;1.045e+00;5.000e+01;5.000e+01
20.321224000;1.464e-01;-2.356e+01;-2.355e+02;-1.610e+02;-1.609e+03;2.221e-01;1.708e-01;4.689e-02;9.999e-01;1.464e-01;-2.120e+01;-2.120e+02;1.000e+01;1.045e+00;5.000e+01;5.000e+01
20.349592000;1.705e-01;-3.195e+01;-3.195e+02;-1.874e+02;-1.874e+03;2.534e-01;1.949e-01;7.192e-02;1.000e+00;1.705e-01;-2.875e+01;-2.875e+02;1.000e+01;1.045e+00;5.000e+01;5.000e+01
20.694283000;4.631e-01;-2.357e+02;-2.359e+03;-5.090e+02;-5.094e+03;6.338e-01;4.875e-01;4.173e-01;1.000e+00;4.631e-01;-2.122e+02;-2.123e+03;1.000e+01;1.045e+00;5.000e+01;5.000e+01
20.694315000;4.631e-01;-2.358e+02;-2.359e+03;-5.090e+02;-5.094e+03;6.338e-01;4.876e-01;4.173e-01;9.998e-01;4.631e-01;-2.122e+02;-2.123e+03;1.000e+01;1.045e+00;5.000e+01;5.000e+01
20.694379000;4.632e-01;-2.358e+02;-2.360e+03;-5.091e+02;-5.094e+03;6.339e-01;4.876e-01;4.174e-01;9.996e-01;4.632e-01;-2.122e+02;-2.124e+03;1.000e+01;1.045e+00;5.000e+01;5.000e+01
20.759194000;5.182e-01;-2.952e+02;-2.954e+03;-5.696e+02;-5.700e+03;6.631e-01;5.373e-01;4.822e-01;7.806e-01;5.182e-01;-2.656e+02;-2.658e+03;1.000e+01;1.045e+00;5.000e+01;5.000e+01
20.764962000;5.231e-01;-3.008e+02;-3.010e+03;-5.750e+02;-5.754e+03;6.660e-01;5.418e-01;4.880e-01;7.643e-01;5.231e-01;-2.707e+02;-2.709e+03;1.000e+01;1.045e+00;5.000e+01;5.000e+01
20.770962000;5.282e-01;-3.067e+02;-3.069e+03;-5.806e+02;-5.810e+03;6.696e-01;5.465e-01;4.940e-01;7.507e-01;5.282e-01;-2.760e+02;-2.762e+03;1.000e+01;1.045e+00;5.000e+01;5.000e+01
20.772962000;5.299e-01;-3.086e+02;-3.089e+03;-5.824e+02;-5.829e+03;6.709e-01;5.481e-01;4.960e-01;7.466e-01;5.299e-01;-2.778e+02;-2.780e+03;1.000e+01;1.045e+00;5.000e+01;5.000e+01
20.797962000;5.511e-01;-3.338e+02;-3.341e+03;-6.058e+02;-6.062e+03;6.882e-01;5.683e-01;5.210e-01;7.032e-01;5.511e-01;-3.005e+02;-3.007e+03;1.000e+01;1.045e+00;5.000e+01;5.000e+01
20.881962000;6.224e-01;-4.258e+02;-4.262e+03;-6.841e+02;-6.847e+03;7.446e-01;6.363e-01;6.050e-01;5.672e-01;6.224e-01;-3.832e+02;-3.836e+03;1.000e+01;1.045e+00;5.000e+01;5.000e+01
20.978962000;7.048e-01;-5.460e+02;-5.464e+03;-7.746e+02;-7.753e+03;8.028e-01;7.148e-01;7.021e-01;4.102e-01;7.048e-01;-4.914e+02;-4.918e+03;1.000e+01;1.045e+00;5.000e+01;5.000e+01
21.008193000;7.296e-01;-5.851e+02;-5.856e+03;-8.019e+02;-8.026e+03;8.188e-01;7.385e-01;7.313e-01;3.629e-01;7.296e-01;-5.266e+02;-5.270e+03;1.000e+01;1.045e+00;5.000e+01;5.000e+01
21.012216000;7.330e-01;-5.906e+02;-5.911e+03;-8.057e+02;-8.064e+03;8.208e-01;7.417e-01;7.353e-01;3.553e-01;7.330e-01;-5.315e+02;-5.320e+03;1.000e+01;1.045e+00;5.000e+01;5.000e+01
21.018216000;7.381e-01;-5.988e+02;-5.993e+03;-8.113e+02;-8.120e+03;8.229e-01;7.464e-01;7.413e-01;3.415e-01;7.381e-01;-5.389e+02;-5.394e+03;1.000e+01;1.045e+00;5.000e+01;5.000e+01
21.041390000;7.578e-01;-6.311e+02;-6.317e+03;-8.329e+02;-8.336e+03;8.283e-01;7.646e-01;7.645e-01;2.781e-01;7.578e-01;-5.680e+02;-5.685e+03;1.000e+01;1.045e+00;5.000e+01;5.000e+01
21.043390000;7.595e-01;-6.340e+02;-6.345e+03;-8.347e+02;-8.355e+03;8.292e-01;7.662e-01;7.665e-01;2.743e-01;7.595e-01;-5.706e+02;-5.711e+03;1.000e+01;1.045e+00;5.000e+01;5.000e+01
21.047390000;7.629e-01;-6.397e+02;-6.402e+03;-8.385e+02;-8.392e+03;8.316e-01;7.694e-01;7.705e-01;2.694e-01;7.629e-01;-5.757e+02;-5.762e+03;1.000e+01;1.045e+00;5.000e+01;5.000e+01
21.063693000;7.767e-01;-6.631e+02;-6.637e+03;-8.537e+02;-8.545e+03;8.428e-01;7.829e-01;7.868e-01;2.549e-01;7.767e-01;-5.968e+02;-5.973e+03;1.000e+01;1.045e+00;5.000e+01;5.000e+01
21.093774000;8.023e-01;-7.074e+02;-7.080e+03;-8.818e+02;-8.826e+03;8.601e-01;8.075e-01;8.169e-01;2.168e-01;8.023e-01;-6.367e+02;-6.372e+03;1.000e+01;1.045e+00;5.000e+01;5.000e+01
21.094577000;8.029e-01;-7.086e+02;-7.092e+03;-8.825e+02;-8.833e+03;8.605e-01;8.082e-01;8.177e-01;2.159e-01;8.029e-01;-6.377e+02;-6.383e+03;1.000e+01;1.045e+00;5.000e+01;5.000e+01
21.096353000;8.045e-01;-7.113e+02;-7.119e+03;-8.842e+02;-8.850e+03;8.620e-01;8.097e-01;8.195e-01;2.155e-01;8.045e-01;-6.401e+02;-6.407e+03;1.000e+01;1.045e+00;5.000e+01;5.000e+01
21.109665000;8.158e-01;-7.314e+02;-7.321e+03;-8.966e+02;-8.974e+03;8.752e-01;8.211e-01;8.328e-01;2.197e-01;8.158e-01;-6.583e+02;-6.589e+03;1.000e+01;1.045e+00;5.000e+01;5.000e+01
21.115065000;8.203e-01;-7.396e+02;-7.403e+03;-9.016e+02;-9.024e+03;8.802e-01;8.257e-01;8.382e-01;2.199e-01;8.203e-01;-6.657e+02;-6.663e+03;1.000e+01;1.045e+00;5.000e+01;5.000e+01
21.115965000;8.211e-01;-7.410e+02;-7.417e+03;-9.025e+02;-9.033e+03;8.809e-01;8.265e-01;8.391e-01;2.198e-01;8.211e-01;-6.669e+02;-6.675e+03;1.000e+01;1.045e+00;5.000e+01;5.000e+01
21.149996000;8.500e-01;-7.941e+02;-7.948e+03;-9.342e+02;-9.351e+03;9.086e-01;8.551e-01;8.731e-01;2.086e-01;8.500e-01;-7.147e+02;-7.153e+03;1.000e+01;1.045e+00;5.000e+01;5.000e+01
21.153232000;8.500e-01;-7.941e+02;-7.948e+03;-9.342e+02;-9.351e+03;9.083e-01;8.550e-01;8.763e-01;2.076e-01;8.500e-01;-7.147e+02;-7.153e+03;1.000e+01;1.045e+00;5.000e+01;5.000e+01
21.159128000;8.500e-01;-7.941e+02;-7.948e+03;-9.342e+02;-9.351e+03;9.086e-01;8.551e-01;8.822e-01;2.085e-01;8.500e-01;-7.147e+02;-7.153e+03;1.000e+01;1.045e+00;5.000e+01;5.000e+01
21.162128000;8.500e-01;-7.941e+02;-7.948e+03;-9.342e+02;-9.351e+03;9.091e-01;8.551e-01;8.852e-01;2.106e-01;8.500e-01;-7.147e+02;-7.153e+03;1.000e+01;1.045e+00;5.000e+01;5.000e+01
21.210927000;8.500e-01;-7.940e+02;-7.948e+03;-9.342e+02;-9.351e+03;9.233e-01;8.563e-01;9.340e-01;2.606e-01;8.500e-01;-7.146e+02;-7.153e+03;1.000e+01;1.045e+00;5.000e+01;5.000e+01
21.267633000;8.500e-01;-7.940e+02;-7.948e+03;-9.341e+02;-9.351e+03;9.375e-01;8.575e-01;9.907e-01;3.109e-01;8.500e-01;-7.146e+02;-7.153e+03;1.000e+01;1.045e+00;5.000e+01;5.000e+01
21.269145000;8.500e-01;-7.940e+02;-7.948e+03;-9.341e+02;-9.351e+03;9.379e-01;8.576e-01;9.920e-01;3.121e-01;8.500e-01;-7.146e+02;-7.153e+03;1.000e+01;1.045e+00;5.000e+01;5.000e+01
21.270049000;8.500e-01;-7.940e+02;-7.948e+03;-9.341e+02;-9.351e+03;9.381e-01;8.576e-01;9.927e-01;3.129e-01;8.500e-01;-7.146e+02;-7.153e+03;1.000e+01;1.045e+00;5.000e+01;5.000e+01
21.273073000;8.500e-01;-7.940e+02;-7.948e+03;-9.341e+02;-9.351e+03;9.388e-01;8.576e-01;9.947e-01;3.153e-01;8.500e-01;-7.146e+02;-7.153e+03;1.000e+01;1.045e+00;5.000e+01;5.000e+01
21.281230000;8.500e-01;-7.940e+02;-7.948e+03;-9.341e+02;-9.351e+03;9.407e-01;8.578e-01;9.978e-01;3.220e-01;8.500e-01;-7.146e+02;-7.153e+03;1.000e+01;1.045e+00;5.000e+01;5.000e+01
21.288126000;8.500e-01;-7.940e+02;-7.948e+03;-9.341e+02;-9.351e+03;9.419e-01;8.579e-01;9.990e-01;3.265e-01;8.500e-01;-7.146e+02;-7.153e+03;1.000e+01;1.045e+00;5.000e+01;5.000e+01
21.302126000;8.500e-01;-7.940e+02;-7.948e+03;-9.341e+02;-9.351e+03;9.436e-01;8.581e-01;9.999e-01;3.325e-01;8.500e-01;-7.146e+02;-7.153e+03;1.000e+01;1.045e+00;5.000e+01;5.000e+01
21.306126000;8.500e-01;-7.940e+02;-7.948e+03;-9.341e+02;-9.351e+03;9.440e-01;8.581e-01;1.000e+00;3.339e-01;8.500e-01;-7.146e+02;-7.153e+03;1.000e+01;1.045e+00;5.000e+01;5.000e+01
21.314767000;8.500e-01;-7.940e+02;-7.948e+03;-9.341e+02;-9.351e+03;9.449e-01;8.582e-01;1.000e+00;3.368e-01;8.500e-01;-7.146e+02;-7.153e+03;1.000e+01;1.045e+00;5.000e+01;5.000e+01
21.451767000;8.500e-01;-7.940e+02;-7.948e+03;-9.341e+02;-9.351e+03;9.566e-01;8.592e-01;1.000e+00;3.782e-01;8.500e-01;-7.146e+02;-7.153e+03;1.000e+01;1.045e+00;5.000e+01;5.000e+01
21.523767000;8.500e-01;-7.940e+02;-7.948e+03;-9.341e+02;-9.351e+03;9.623e-01;8.596e-01;1.000e+00;3.978e-01;8.500e-01;-7.146e+02;-7.153e+03;1.000e+01;1.045e+00;5.000e+01;5.000e+01
21.598767000;8.500e-01;-7.940e+02;-7.948e+03;-9.341e+02;-9.351e+03;9.677e-01;8.601e-01;1.000e+00;4.170e-01;8.500e-01;-7.146e+02;-7.153e+03;1.000e+01;1.045e+00;5.000e+01;5.000e+01
21.624646000;8.500e-01;-7.940e+02;-7.948e+03;-9.341e+02;-9.351e+03;9.695e-01;8.603e-01;1.000e+00;4.232e-01;8.500e-01;-7.146e+02;-7.153e+03;1.000e+01;1.045e+00;5.000e+01;5.000e+01
21.721646000;8.500e-01;-7.940e+02;-7.948e+03;-9.341e+02;-9.351e+03;9.759e-01;8.608e-01;9.965e-01;4.455e-01;8.500e-01;-7.146e+02;-7.153e+03;1.000e+01;1.045e+00;5.000e+01;5.000e+01
21.763646000;8.500e-01;-7.940e+02;-7.948e+03;-9.341e+02;-9.351e+03;9.784e-01;8.610e-01;9.953e-01;4.545e-01;8.500e-01;-7.146e+02;-7.153e+03;1.000e+01;1.045e+00;5.000e+01;5.000e+01
21.912691000;8.500e-01;-7.940e+02;-7.948e+03;-9.341e+02;-9.350e+03;9.866e-01;8.617e-01;9.912e-01;4.832e-01;8.500e-01;-7.146e+02;-7.153e+03;1.000e+01;1.045e+00;5.000e+01;5.000e+01
21.919211000;8.500e-01;-7.940e+02;-7.948e+03;-9.341e+02;-9.350e+03;9.868e-01;8.617e-01;9.910e-01;4.835e-01;8.500e-01;-7.146e+02;-7.153e+03;1.000e+01;1.045e+00;5.000e+01;5.000e+01
21.921235000;8.500e-01;-7.940e+02;-7.948e+03;-9.341e+02;-9.350e+03;9.868e-01;8.618e-01;9.910e-01;4.836e-01;8.500e-01;-7.146e+02;-7.153e+03;1.000e+01;1.045e+00;5.000e+01;5.000e+01
21.993235000;8.500e-01;-7.940e+02;-7.948e+03;-9.341e+02;-9.350e+03;9.868e-01;8.618e-01;9.896e-01;4.838e-01;8.500e-01;-7.146e+02;-7.153e+03;1.000e+01;1.045e+00;5.000e+01;5.000e+01
22.697235000;8.500e-01;-7.940e+02;-7.948e+03;-9.341e+02;-9.350e+03;9.868e-01;8.618e-01;9.826e-01;4.838e-01;8.500e-01;-7.146e+02;-7.153e+03;1.000e+01;1.045e+00;5.000e+01;5.000e+01
23.602235000;8.500e-01;-7.940e+02;-7.948e+03;-9.341e+02;-9.350e+03;9.868e-01;8.618e-01;9.801e-01;4.838e-01;8.500e-01;-7.146e+02;-7.153e+03;1.000e+01;1.045e+00;5.000e+01;5.000e+01
24.989995000;8.500e-01;-7.939e+02;-7.947e+03;-9.340e+02;-9.350e+03;9.868e-01;8.617e-01;9.795e-01;4.838e-01;8.500e-01;-7.145e+02;-7.152e+03;1.000e+01;1.045e+00;5.000e+01;5.000e+01
24.989997000;8.500e-01;-7.939e+02;-7.947e+03;-9.341e+02;-9.350e+03;9.868e-01;8.617e-01;9.795e-01;4.838e-01;8.500e-01;-7.145e+02;-7.153e+03;1.000e+01;1.045e+00;5.000e+01;5.000e+01
24.989999000;8.500e-01;-7.940e+02;-7.948e+03;-9.341e+02;-9.350e+03;9.868e-01;8.618e-01;9.795e-01;4.838e-01;8.500e-01;-7.146e+02;-7.153e+03;1.000e+01;1.045e+00;5.000e+01;5.000e+01
24.990003000;8.500e-01;-7.940e+02;-7.948e+03;-9.341e+02;-9.351e+03;9.869e-01;8.618e-01;9.795e-01;4.838e-01;8.500e-01;-7.146e+02;-7.154e+03;1.000e+01;1.045e+00;5.000e+01;5.000e+01
24.990251000;8.524e-01;-7.986e+02;-7.994e+03;-9.368e+02;-9.377e+03;9.896e-01;8.642e-01;9.796e-01;4.838e-01;8.524e-01;-7.187e+02;-7.194e+03;1.000e+01;1.045e+00;5.000e+01;5.000e+01
24.992043000;8.699e-01;-8.315e+02;-8.324e+03;-9.560e+02;-9.569e+03;1.009e+00;8.816e-01;9.797e-01;4.830e-01;8.699e-01;-7.484e+02;-7.491e+03;1.000e+01;1.045e+00;5.000e+01;5.000e+01
24.994446000;8.932e-01;-8.768e+02;-8.777e+03;-9.817e+02;-9.826e+03;1.035e+00;9.049e-01;9.788e-01;4.804e-01;8.932e-01;-7.892e+02;-7.899e+03;1.000e+01;1.045e+00;5.000e+01;5.000e+01
24.997672000;9.246e-01;-9.395e+02;-9.404e+03;-1.016e+03;-1.017e+04;1.069e+00;9.361e-01;9.747e-01;4.721e-01;9.246e-01;-8.456e+02;-8.464e+03;1.000e+01;1.045e+00;5.000e+01;5.000e+01
25.002882000;9.752e-01;-1.045e+03;-1.046e+04;-1.072e+03;-1.073e+04;1.118e+00;9.861e-01;9.596e-01;4.444e-01;9.752e-01;-9.408e+02;-9.416e+03;1.000e+01;1.045e+00;5.000e+01;5.000e+01
25.003523000;9.815e-01;-1.059e+03;-1.060e+04;-1.079e+03;-1.080e+04;1.123e+00;9.922e-01;9.570e-01;4.399e-01;9.815e-01;-9.529e+02;-9.537e+03;1.000e+01;1.045e+00;5.000e+01;5.000e+01
25.003525000;9.815e-01;-1.059e+03;-1.060e+04;-1.079e+03;-1.080e+04;1.123e+00;9.922e-01;9.570e-01;4.395e-01;9.815e-01;-9.529e+02;-9.537e+03;1.000e+01;1.045e+00;5.000e+01;5.000e+01
25.004134000;9.874e-01;-1.072e+03;-1.073e+04;-1.085e+03;-1.086e+04;1.093e+00;9.954e-01;9.541e-01;3.277e-01;9.874e-01;-9.645e+02;-9.653e+03;1.000e+01;1.045e+00;5.000e+01;5.000e+01
25.009995000;1.044e+00;-1.199e+03;-1.199e+04;-1.148e+03;-1.149e+04;1.156e+00;1.052e+00;9.222e-01;3.273e-01;1.044e+00;-1.079e+03;-1.080e+04;1.000e+01;1.045e+00;5.000e+01;5.000e+01
25.009995000;1.044e+00;-1.199e+03;-1.200e+04;-1.148e+03;-1.149e+04;1.156e+00;1.052e+00;9.222e-01;3.273e-01;1.044e+00;-1.079e+03;-1.080e+04;1.000e+01;1.045e+00;5.000e+01;5.000e+01
25.015167000;1.044e+00;-1.199e+03;-1.200e+04;-1.148e+03;-1.149e+04;1.156e+00;1.052e+00;8.870e-01;3.279e-01;1.044e+00;-1.079e+03;-1.080e+04;1.000e+01;1.045e+00;5.000e+01;5.000e+01
25.015291000;1.044e+00;-1.199e+03;-1.200e+04;-1.148e+03;-1.149e+04;1.156e+00;1.052e+00;8.861e-01;3.265e-01;1.044e+00;-1.079e+03;-1.080e+04;1.000e+01;1.045e+00;5.000e+01;5.000e+01
25.018747000;1.044e+00;-1.199e+03;-1.200e+04;-1.148e+03;-1.149e+04;1.143e+00;1.052e+00;8.625e-01;2.913e-01;1.044e+00;-1.079e+03;-1.080e+04;1.000e+01;1.045e+00;5.000e+01;5.000e+01
25.023286000;1.044e+00;-1.199e+03;-1.200e+04;-1.148e+03;-1.149e+04;1.130e+00;1.051e+00;8.343e-01;2.518e-01;1.044e+00;-1.079e+03;-1.080e+04;1.000e+01;1.045e+00;5.000e+01;5.000e+01
25.024669000;1.044e+00;-1.199e+03;-1.200e+04;-1.148e+03;-1.149e+04;1.126e+00;1.050e+00;8.266e-01;2.415e-01;1.044e+00;-1.079e+03;-1.080e+04;1.000e+01;1.045e+00;5.000e+01;5.000e+01
25.031028000;1.044e+00;-1.199e+03;-1.200e+04;-1.148e+03;-1.149e+04;1.114e+00;1.049e+00;7.971e-01;2.045e-01;1.044e+00;-1.079e+03;-1.080e+04;1.000e+01;1.045e+00;5.000e+01;5.000e+01
25.035175000;1.044e+00;-1.199e+03;-1.200e+04;-1.148e+03;-1.149e+04;1.108e+00;1.049e+00;7.836e-01;1.881e-01;1.044e+00;-1.079e+03;-1.080e+04;1.000e+01;1.045e+00;5.000e+01;5.000e+01
25.036004000;1.044e+00;-1.199e+03;-1.200e+04;-1.148e+03;-1.149e+04;1.107e+00;1.049e+00;7.814e-01;1.855e-01;1.044e+00;-1.079e+03;-1.080e+04;1.000e+01;1.045e+00;5.000e+01;5.000e+01
25.039775000;1.044e+00;-1.199e+03;-1.200e+04;-1.148e+03;-1.149e+04;1.104e+00;1.049e+00;7.737e-01;1.757e-01;1.044e+00;-1.079e+03;-1.080e+04;1.000e+01;1.045e+00;5.000e+01;5.000e+01
25.042211000;1.044e+00;-1.199e+03;-1.200e+04;-1.148e+03;-1.149e+04;1.102e+00;1.049e+00;7.704e-01;1.710e-01;1.044e+00;-1.079e+03;-1.080e+04;1.000e+01;1.045e+00;5.000e+01;5.000e+01
25.044771000;1.044e+00;-1.199e+03;-1.200e+04;-1.148e+03;-1.149e+04;1.101e+00;1.049e+00;7.682e-01;1.672e-01;1.044e+00;-1.079e+03;-1.080e+04;1.000e+01;1.045e+00;5.000e+01;5.000e+01
25.050395000;1.044e+00;-1.199e+03;-1.200e+04;-1.148e+03;-1.149e+04;1.099e+00;1.048e+00;7.664e-01;1.621e-01;1.044e+00;-1.079e+03;-1.080e+04;1.000e+01;1.045e+00;5.000e+01;5.000e+01
25.050634000;1.044e+00;-1.199e+03;-1.200e+04;-1.148e+03;-1.149e+04;1.099e+00;1.048e+00;7.664e-01;1.619e-01;1.044e+00;-1.079e+03;-1.080e+04;1.000e+01;1.045e+00;5.000e+01;5.000e+01
25.056658000;1.044e+00;-1.199e+03;-1.200e+04;-1.148e+03;-1.149e+04;1.099e+00;1.048e+00;7.678e-01;1.599e-01;1.044e+00;-1.079e+03;-1.080e+04;1.000e+01;1.045e+00;5.000e+01;5.000e+01
25.066658000;1.044e+00;-1.199e+03;-1.200e+04;-1.148e+03;-1.149e+04;1.099e+00;1.048e+00;7.739e-01;1.608e-01;1.044e+00;-1.079e+03;-1.080e+04;1.000e+01;1.045e+00;5.000e+01;5.000e+01
25.068658000;1.044e+00;-1.199e+03;-1.200e+04;-1.148e+03;-1.149e+04;1.099e+00;1.048e+00;7.754e-01;1.613e-01;1.044e+00;-1.079e+03;-1.080e+04;1.000e+01;1.045e+00;5.000e+01;5.000e+01
25.070658000;1.044e+00;-1.199e+03;-1.200e+04;-1.148e+03;-1.149e+04;1.099e+00;1.048e+00;7.770e-01;1.620e-01;1.044e+00;-1.079e+03;-1.080e+04;1.000e+01;1.045e+00;5.000e+01;5.000e+01
25.076658000;1.044e+00;-1.199e+03;-1.200e+04;-1.148e+03;-1.149e+04;1.100e+00;1.048e+00;7.821e-01;1.642e-01;1.044e+00;-1.079e+03;-1.080e+04;1.000e+01;1.045e+00;5.000e+01;5.000e+01
25.084658000;1.044e+00;-1.199e+03;-1.200e+04;-1.148e+03;-1.149e+04;1.101e+00;1.049e+00;7.892e-01;1.676e-01;1.044e+00;-1.079e+03;-1.080e+04;1.000e+01;1.045e+00;5.000e+01;5.000e+01
25.100758000;1.044e+00;-1.199e+03;-1.200e+04;-1.148e+03;-1.149e+04;1.104e+00;1.049e+00;8.030e-01;1.752e-01;1.044e+00;-1.079e+03;-1.080e+04;1.000e+01;1.045e+00;5.000e+01;5.000e+01
25.109758000;1.044e+00;-1.199e+03;-1.200e+04;-1.148e+03;-1.149e+04;1.105e+00;1.049e+00;8.076e-01;1.796e-01;1.044e+00;-1.079e+03;-1.080e+04;1.000e+01;1.045e+00;5.000e+01;5.000e+01
25.118870000;1.044e+00;-1.199e+03;-1.200e+04;-1.148e+03;-1.149e+04;1.107e+00;1.049e+00;8.094e-01;1.840e-01;1.044e+00;-1.079e+03;-1.080e+04;1.000e+01;1.045e+00;5.000e+01;5.000e+01
25.174208000;1.044e+00;-1.199e+03;-1.200e+04;-1.148e+03;-1.149e+04;1.116e+00;1.050e+00;8.027e-01;2.108e-01;1.044e+00;-1.079e+03;-1.080e+04;1.000e+01;1.045e+00;5.000e+01;5.000e+01
25.263208000;1.044e+00;-1.199e+03;-1.200e+04;-1.148e+03;-1.149e+04;1.130e+00;1.051e+00;8.029e-01;2.533e-01;1.044e+00;-1.079e+03;-1.080e+04;1.000e+01;1.045e+00;5.000e+01;5.000e+01
25.424846000;1.044e+00;-1.199e+03;-1.200e+04;-1.148e+03;-1.149e+04;1.156e+00;1.053e+00;8.016e-01;3.282e-01;1.044e+00;-1.079e+03;-1.080e+04;1.000e+01;1.045e+00;5.000e+01;5.000e+01
25.427846000;1.044e+00;-1.199e+03;-1.200e+04;-1.148e+03;-1.149e+04;1.157e+00;1.053e+00;8.016e-01;3.295e-01;1.044e+00;-1.079e+03;-1.080e+04;1.000e+01;1.045e+00;5.000e+01;5.000e+01
25.428834000;1.044e+00;-1.199e+03;-1.200e+04;-1.148e+03;-1.149e+04;1.157e+00;1.053e+00;8.016e-01;3.300e-01;1.044e+00;-1.079e+03;-1.080e+04;1.000e+01;1.045e+00;5.000e+01;5.000e+01
25.435858000;1.044e+00;-1.199e+03;-1.200e+04;-1.148e+03;-1.149e+04;1.157e+00;1.053e+00;8.015e-01;3.300e-01;1.044e+00;-1.079e+03;-1.080e+04;1.000e+01;1.045e+00;5.000e+01;5.000e+01
27.426716000;1.044e+00;-1.199e+03;-1.200e+04;-1.148e+03;-1.149e+04;1.157e+00;1.053e+00;8.020e-01;3.300e-01;1.044e+00;-1.079e+03;-1.080e+04;1.000e+01;1.045e+00;5.000e+01;5.000e+01
27.426940000;1.044e+00;-1.199e+03;-1.200e+04;-1.148e+03;-1.149e+04;1.157e+00;1.053e+00;8.020e-01;3.296e-01;1.044e+00;-1.079e+03;-1.080e+04;1.000e+01;1.045e+00;5.000e+01;5.000e+01
27.427708000;1.044e+00;-1.199e+03;-1.200e+04;-1.148e+03;-1.149e+04;1.156e+00;1.053e+00;8.020e-01;3.284e-01;1.044e+00;-1.079e+03;-1.080e+04;1.000e+01;1.045e+00;5.000e+01;5.000e+01
27.441708000;1.044e+00;-1.199e+03;-1.200e+04;-1.148e+03;-1.149e+04;1.149e+00;1.052e+00;8.020e-01;3.073e-01;1.044e+00;-1.079e+03;-1.080e+04;1.000e+01;1.045e+00;5.000e+01;5.000e+01
27.478708000;1.044e+00;-1.199e+03;-1.200e+04;-1.148e+03;-1.149e+04;1.130e+00;1.051e+00;8.031e-01;2.532e-01;1.044e+00;-1.079e+03;-1.080e+04;1.000e+01;1.045e+00;5.000e+01;5.000e+01
27.538708000;1.044e+00;-1.199e+03;-1.200e+04;-1.148e+03;-1.149e+04;1.101e+00;1.049e+00;8.048e-01;1.672e-01;1.044e+00;-1.079e+03;-1.080e+04;1.000e+01;1.045e+00;5.000e+01;5.000e+01
27.628708000;1.044e+00;-1.199e+03;-1.200e+04;-1.148e+03;-1.149e+04;1.058e+00;1.045e+00;8.072e-01;4.054e-02;1.044e+00;-1.079e+03;-1.080e+04;1.000e+01;1.045e+00;5.000e+01;5.000e+01
27.645535000;1.044e+00;-1.199e+03;-1.200e+04;-1.148e+03;-1.149e+04;1.050e+00;1.045e+00;8.077e-01;1.732e-02;1.044e+00;-1.079e+03;-1.080e+04;1.000e+01;1.045e+00;5.000e+01;5.000e+01
27.647071000;1.044e+00;-1.199e+03;-1.200e+04;-1.148e+03;-1.149e+04;1.050e+00;1.045e+00;8.077e-01;1.605e-02;1.044e+00;-1.079e+03;-1.080e+04;1.000e+01;1.045e+00;5.000e+01;5.000e+01
27.658203000;1.044e+00;-1.199e+03;-1.200e+04;-1.148e+03;-1.149e+04;1.050e+00;1.045e+00;8.080e-01;1.647e-02;1.044e+00;-1.079e+03;-1.080e+04;1.000e+01;1.045e+00;5.000e+01;5.000e+01
27.663603000;1.044e+00;-1.199e+03;-1.200e+04;-1.148e+03;-1.149e+04;1.050e+00;1.045e+00;8.080e-01;1.623e-02;1.044e+00;-1.079e+03;-1.080e+04;1.000e+01;1.045e+00;5.000e+01;5.000e+01
27.667203000;1.044e+00;-1.199e+03;-1.200e+04;-1.148e+03;-1.149e+04;1.050e+00;1.045e+00;8.081e-01;1.518e-02;1.044e+00;-1.079e+03;-1.080e+04;1.000e+01;1.045e+00;5.000e+01;5.000e+01
27.687603000;1.044e+00;-1.199e+03;-1.200e+04;-1.148e+03;-1.149e+04;1.047e+00;1.045e+00;8.081e-01;6.949e-03;1.044e+00;-1.079e+03;-1.080e+04;1.000e+01;1.045e+00;5.000e+01;5.000e+01
27.700603000;1.044e+00;-1.199e+03;-1.200e+04;-1.148e+03;-1.149e+04;1.045e+00;1.045e+00;8.081e-01;3.023e-03;1.044e+00;-1.079e+03;-1.080e+04;1.000e+01;1.045e+00;5.000e+01;5.000e+01
27.708603000;1.044e+00;-1.199e+03;-1.200e+04;-1.148e+03;-1.149e+04;1.045e+00;1.044e+00;8.081e-01;6.595e-04;1.044e+00;-1.079e+03;-1.080e+04;1.000e+01;1.045e+00;5.000e+01;5.000e+01
27.733016000;1.044e+00;-1.199e+03;-1.200e+04;-1.148e+03;-1.149e+04;1.042e+00;1.044e+00;8.083e-01;-5.970e-03;1.044e+00;-1.079e+03;-1.080e+04;1.000e+01;1.045e+00;5.000e+01;5.000e+01
27.775016000;1.044e+00;-1.199e+03;-1.200e+04;-1.148e+03;-1.149e+04;1.039e+00;1.044e+00;8.085e-01;-1.525e-02;1.044e+00;-1.079e+03;-1.080e+04;1.000e+01;1.045e+00;5.000e+01;5.000e+01
27.789016000;1.044e+00;-1.199e+03;-1.200e+04;-1.148e+03;-1.149e+04;1.038e+00;1.044e+00;8.085e-01;-1.782e-02;1.044e+00;-1.079e+03;-1.080e+04;1.000e+01;1.045e+00;5.000e+01;5.000e+01
27.817016000;1.044e+00;-1.199e+03;-1.200e+04;-1.148e+03;-1.149e+04;1.037e+00;1.044e+00;8.086e-01;-2.226e-02;1.044e+00;-1.079e+03;-1.080e+04;1.000e+01;1.045e+00;5.000e+01;5.000e+01
27.900016000;1.044e+00;-1.199e+03;-1.200e+04;-1.148e+03;-1.149e+04;1.034e+00;1.044e+00;8.088e-01;-3.086e-02;1.044e+00;-1.079e+03;-1.080e+04;1.000e+01;1.045e+00;5.000e+01;5.000e+01
27.929016000;1.044e+00;-1.199e+03;-1.200e+04;-1.148e+03;-1.149e+04;1.033e+00;1.044e+00;8.088e-01;-3.256e-02;1.044e+00;-1.079e+03;-1.080e+04;1.000e+01;1.045e+00;5.000e+01;5.000e+01
27.964016000;1.044e+00;-1.199e+03;-1.200e+04;-1.148e+03;-1.149e+04;1.033e+00;1.044e+00;8.089e-01;-3.391e-02;1.044e+00;-1.079e+03;-1.080e+04;1.000e+01;1.045e+00;5.000e+01;5.000e+01
27.998016000;1.044e+00;-1.199e+03;-1.200e+04;-1.148e+03;-1.149e+04;1.033e+00;1.044e+00;8.089e-01;-3.460e-02;1.044e+00;-1.079e+03;-1.080e+04;1.000e+01;1.045e+00;5.000e+01;5.000e+01
28.151016000;1.044e+00;-1.199e+03;-1.200e+04;-1.148e+03;-1.149e+04;1.033e+00;1.044e+00;8.088e-01;-3.253e-02;1.044e+00;-1.079e+03;-1.080e+04;1.000e+01;1.045e+00;5.000e+01;5.000e+01
28.609165000;1.044e+00;-1.199e+03;-1.200e+04;-1.148e+03;-1.149e+04;1.040e+00;1.044e+00;8.085e-01;-1.325e-02;1.044e+00;-1.079e+03;-1.080e+04;1.000e+01;1.045e+00;5.000e+01;5.000e+01
28.747080000;1.044e+00;-1.199e+03;-1.200e+04;-1.148e+03;-1.149e+04;1.042e+00;1.044e+00;8.084e-01;-8.809e-03;1.044e+00;-1.079e+03;-1.080e+04;1.000e+01;1.045e+00;5.000e+01;5.000e+01
28.926080000;1.044e+00;-1.199e+03;-1.200e+04;-1.148e+03;-1.149e+04;1.043e+00;1.044e+00;8.083e-01;-4.615e-03;1.044e+00;-1.079e+03;-1.080e+04;1.000e+01;1.045e+00;5.000e+01;5.000e+01
29.319080000;1.044e+00;-1.199e+03;-1.200e+04;-1.148e+03;-1.149e+04;1.044e+00;1.044e+00;8.082e-01;-2.339e-05;1.044e+00;-1.079e+03;-1.080e+04;1.000e+01;1.045e+00;5.000e+01;5.000e+01
29.335080000;1.044e+00;-1.199e+03;-1.200e+04;-1.148e+03;-1.149e+04;1.045e+00;1.044e+00;8.082e-01;7.234e-05;1.044e+00;-1.079e+03;-1.080e+04;1.000e+01;1.045e+00;5.000e+01;5.000e+01
29.910080000;1.044e+00;-1.199e+03;-1.200e+04;-1.148e+03;-1.149e+04;1.045e+00;1.045e+00;8.082e-01;1.480e-03;1.044e+00;-1.079e+03;-1.080e+04;1.000e+01;1.045e+00;5.000e+01;5.000e+01
41.204032000;1.044e+00;-1.199e+03;-1.200e+04;-1.148e+03;-1.149e+04;1.045e+00;1.045e+00;8.084e-01;1.494e-03;1.044e+00;-1.079e+03;-1.080e+04;1.000e+01;1.045e+00;5.000e+01;5.000e+01
41.221501000;1.044e+00;-1.199e+03;-1.200e+04;-1.148e+03;-1.149e+04;1.045e+00;1.044e+00;8.084e-01;7.872e-05;1.044e+00;-1.079e+03;-1.080e+04;1.000e+01;1.045e+00;5.000e+01;5.000e+01
41.302501000;1.044e+00;-1.199e+03;-1.200e+04;-1.148e+03;-1.149e+04;1.043e+00;1.044e+00;8.085e-01;-4.264e-03;1.044e+00;-1.079e+03;-1.080e+04;1.000e+01;1.045e+00;5.000e+01;5.000e+01
41.338501000;1.044e+00;-1.199e+03;-1.200e+04;-1.148e+03;-1.149e+04;1.042e+00;1.044e+00;8.085e-01;-5.867e-03;1.044e+00;-1.079e+03;-1.080e+04;1.000e+01;1.045e+00;5.000e+01;5.000e+01
41.418501000;1.044e+00;-1.199e+03;-1.200e+04;-1.148e+03;-1.149e+04;1.042e+00;1.044e+00;8.086e-01;-8.696e-03;1.044e+00;-1.079e+03;-1.080e+04;1.000e+01;1.045e+00;5.000e+01;5.000e+01
41.643501000;1.044e+00;-1.199e+03;-1.200e+04;-1.148e+03;-1.149e+04;1.040e+00;1.044e+00;8.087e-01;-1.202e-02;1.044e+00;-1.079e+03;-1.080e+04;1.000e+01;1.045e+00;5.000e+01;5.000e+01
41.667501000;1.044e+00;-1.199e+03;-1.200e+04;-1.148e+03;-1.149e+04;1.040e+00;1.044e+00;8.087e-01;-1.206e-02;1.044e+00;-1.079e+03;-1.080e+04;1.000e+01;1.045e+00;5.000e+01;5.000e+01
42.866448000;1.044e+00;-1.199e+03;-1.200e+04;-1.148e+03;-1.149e+04;1.044e+00;1.044e+00;8.085e-01;-8.574e-04;1.044e+00;-1.079e+03;-1.080e+04;1.000e+01;1.045e+00;5.000e+01;5.000e+01
43.121448000;1.044e+00;-1.199e+03;-1.200e+04;-1.148e+03;-1.149e+04;1.045e+00;1.044e+00;8.085e-01;6.809e-05;1.044e+00;-1.079e+03;-1.080e+04;1.000e+01;1.045e+00;5.000e+01;5.000e+01
44.468448000;1.044e+00;-1.199e+03;-1.200e+04;-1.148e+03;-1.149e+04;1.045e+00;1.045e+00;8.084e-01;1.344e-03;1.044e+00;-1.079e+03;-1.080e+04;1.000e+01;1.045e+00;5.000e+01;5.000e+01
100.000000000;1.044e+00;-1.199e+03;-1.200e+04;-1.148e+03;-1.149e+04;1.045e+00;1.045e+00;8.086e-01;1.494e-03;1.044e+00;-1.079e+03;-1.080e+04;1.000e+01;1.045e+00;5.000e+01;5.000e+01
