time;BusPDR_BUS_ActivePower;BusPDR_BUS_ReactivePower;BusPDR_BUS_Voltage;NetworkFrequencyPu;Synch_Gen_GEN_RotorSpeedPu;Synch_Gen_GEN_RotorAngle;Synch_Gen_GEN_InternalAngle;Synch_Gen_GEN_AVRSetpointPu;Synch_Gen_GEN_MagnitudeControlledByAVRPu;Synch_Gen_GEN_NetworkFrequencyPu
0.0;3074.567;0.0;1.0444448994274425;1.0;1.0;1.035952;0.880969;1.066472;1.053892;1.0
0.0;3074.567;0.0;1.0444448994274425;1.0;1.0;1.035952;0.880969;1.066472;1.053892;1.0
0.0;3074.567;0.0;1.0444448994274425;1.0;1.0;1.035952;0.880969;1.066472;1.053892;1.0
0.0;3074.567;0.0;1.0444448994274425;1.0;1.0;1.035952;0.880969;1.066472;1.053892;1.0
0.0;3074.567;0.0;1.0444448994274425;1.0;1.0;1.035952;0.880969;1.066472;1.053892;1.0
0.0;3074.567;0.0;1.0444448994274425;1.0;1.0;1.035952;0.880969;1.066472;1.053892;1.0
0.0;3074.567;0.0;1.0444448994274425;1.0;1.0;1.035952;0.880969;1.066472;1.053892;1.0
0.0;3074.567;0.0;1.0444448994274425;1.0;1.0;1.035952;0.880969;1.066472;1.053892;1.0
0.0;3074.567;0.0;1.0444448994274425;1.0;1.0;1.035952;0.880969;1.066472;1.053892;1.0
0.0;3074.567;0.0;1.0444448994274425;1.0;1.0;1.035952;0.880969;1.066472;1.053892;1.0
0.0;3074.567;0.0;1.0444448994274425;1.0;1.0;1.035952;0.880969;1.066472;1.053892;1.0
0.0;3074.567;0.0;1.0444448994274425;1.0;1.0;1.035952;0.880969;1.066472;1.053892;1.0
0.0;3074.567;0.0;1.0444448994274425;1.0;1.0;1.035952;0.880969;1.066472;1.053892;1.0
0.0;3074.567;0.0;1.0444448994274425;1.0;1.0;1.035952;0.880969;1.066472;1.053892;1.0
0.0;3074.567;0.0;1.0444448994274425;1.0;1.0;1.035952;0.880969;1.066472;1.053892;1.0
1e-06;3074.567;0.0;1.0444448994274425;1.0;1.0;1.035952;0.880969;1.066472;1.053892;1.0
1e-06;3074.567;0.0;1.0444448994274425;1.0;1.0;1.035952;0.880969;1.066472;1.053892;1.0
1e-06;3074.567;0.0;1.0444448994274425;1.0;1.0;1.035952;0.880969;1.066472;1.053892;1.0
2e-06;3074.567;0.0;1.0444448994274425;1.0;1.0;1.035952;0.880969;1.066472;1.053892;1.0
2e-06;3074.567;0.0;1.0444448994274425;1.0;1.0;1.035952;0.880969;1.066472;1.053892;1.0
2e-06;3074.567;0.0;1.0444448994274425;1.0;1.0;1.035952;0.880969;1.066472;1.053892;1.0
2e-06;3074.567;0.0;1.0444448994274425;1.0;1.0;1.035952;0.880969;1.066472;1.053892;1.0
3e-06;3074.567;0.0;1.0444448994274425;1.0;1.0;1.035952;0.880969;1.066472;1.053892;1.0
3e-06;3074.567;0.0;1.0444448994274425;1.0;1.0;1.035952;0.880969;1.066472;1.053892;1.0
3e-06;3074.567;0.0;1.0444448994274425;1.0;1.0;1.035952;0.880969;1.066472;1.053892;1.0
3e-06;3074.567;0.0;1.0444448994274425;1.0;1.0;1.035952;0.880969;1.066472;1.053892;1.0
4e-06;3074.567;0.0;1.0444448994274425;1.0;1.0;1.035952;0.880969;1.066472;1.053892;1.0
4e-06;3074.567;0.0;1.0444448994274425;1.0;1.0;1.035952;0.880969;1.066472;1.053892;1.0
4e-06;3074.567;0.0;1.0444448994274425;1.0;1.0;1.035952;0.880969;1.066472;1.053892;1.0
4e-06;3074.567;0.0;1.0444448994274425;1.0;1.0;1.035952;0.880969;1.066472;1.053892;1.0
5e-06;3074.567;0.0;1.0444448994274425;1.0;1.0;1.035952;0.880969;1.066472;1.053892;1.0
5e-06;3074.567;0.0;1.0444448994274425;1.0;1.0;1.035952;0.880969;1.066472;1.053892;1.0
5e-06;3074.567;0.0;1.0444448994274425;1.0;1.0;1.035952;0.880969;1.066472;1.053892;1.0
6e-06;3074.567;0.0;1.0444448994274425;1.0;1.0;1.035952;0.880969;1.066472;1.053892;1.0
6e-06;3074.567;0.0;1.0444448994274425;1.0;1.0;1.035952;0.880969;1.066472;1.053892;1.0
6e-06;3074.567;0.0;1.0444448994274425;1.0;1.0;1.035952;0.880969;1.066472;1.053892;1.0
6e-06;3074.567;0.0;1.0444448994274425;1.0;1.0;1.035952;0.880969;1.066472;1.053892;1.0
7e-06;3074.567;0.0;1.0444448994274425;1.0;1.0;1.035952;0.880969;1.066472;1.053892;1.0
7e-06;3074.567;0.0;1.0444448994274425;1.0;1.0;1.035952;0.880969;1.066472;1.053892;1.0
7e-06;3074.567;0.0;1.0444448994274425;1.0;1.0;1.035952;0.880969;1.066472;1.053892;1.0
7e-06;3074.567;0.0;1.0444448994274425;1.0;1.0;1.035952;0.880969;1.066472;1.053892;1.0
8e-06;3074.567;0.0;1.0444448994274425;1.0;1.0;1.035952;0.880969;1.066472;1.053892;1.0
8e-06;3074.567;0.0;1.0444448994274425;1.0;1.0;1.035952;0.880969;1.066472;1.053892;1.0
8e-06;3074.567;0.0;1.0444448994274425;1.0;1.0;1.035952;0.880969;1.066472;1.053892;1.0
8e-06;3074.567;0.0;1.0444448994274425;1.0;1.0;1.035952;0.880969;1.066472;1.053892;1.0
9e-06;3074.567;0.0;1.0444448994274425;1.0;1.0;1.035952;0.880969;1.066472;1.053892;1.0
9e-06;3074.567;0.0;1.0444448994274425;1.0;1.0;1.035952;0.880969;1.066472;1.053892;1.0
9e-06;3074.567;0.0;1.0444448994274425;1.0;1.0;1.035952;0.880969;1.066472;1.053892;1.0
9e-06;3074.567;0.0;1.0444448994274425;1.0;1.0;1.035952;0.880969;1.066472;1.053892;1.0
1e-05;3074.567;0.0;1.0444448994274425;1.0;1.0;1.035952;0.880969;1.066472;1.053892;1.0
1e-05;3074.567;0.0;1.0444448994274425;1.0;1.0;1.035952;0.880969;1.066472;1.053892;1.0
1e-05;3074.567;0.0;1.0444448994274425;1.0;1.0;1.035952;0.880969;1.066472;1.053892;1.0
1.1e-05;3074.567;0.0;1.0444448994274425;1.0;1.0;1.035952;0.880969;1.066472;1.053892;1.0
1.1e-05;3074.567;0.0;1.0444448994274425;1.0;1.0;1.035952;0.880969;1.066472;1.053892;1.0
1.1e-05;3074.567;0.0;1.0444448994274425;1.0;1.0;1.035952;0.880969;1.066472;1.053892;1.0
1.1e-05;3074.567;0.0;1.0444448994274425;1.0;1.0;1.035952;0.880969;1.066472;1.053892;1.0
1.2e-05;3074.567;0.0;1.0444448994274425;1.0;1.0;1.035952;0.880969;1.066472;1.053892;1.0
1.2e-05;3074.567;0.0;1.0444448994274425;1.0;1.0;1.035952;0.880969;1.066472;1.053892;1.0
1.2e-05;3074.567;0.0;1.0444448994274425;1.0;1.0;1.035952;0.880969;1.066472;1.053892;1.0
1.2e-05;3074.567;0.0;1.0444448994274425;1.0;1.0;1.035952;0.880969;1.066472;1.053892;1.0
1.3e-05;3074.567;0.0;1.0444448994274425;1.0;1.0;1.035952;0.880969;1.066472;1.053892;1.0
1.3e-05;3074.567;0.0;1.0444448994274425;1.0;1.0;1.035952;0.880969;1.066472;1.053892;1.0
1.3e-05;3074.567;0.0;1.0444448994274425;1.0;1.0;1.035952;0.880969;1.066472;1.053892;1.0
1.3e-05;3074.567;0.0;1.0444448994274425;1.0;1.0;1.035952;0.880969;1.066472;1.053892;1.0
1.4e-05;3074.567;0.0;1.0444448994274425;1.0;1.0;1.035952;0.880969;1.066472;1.053892;1.0
1.4e-05;3074.567;0.0;1.0444448994274425;1.0;1.0;1.035952;0.880969;1.066472;1.053892;1.0
1.4e-05;3074.567;0.0;1.0444448994274425;1.0;1.0;1.035952;0.880969;1.066472;1.053892;1.0
1.5e-05;3074.567;0.0;1.0444448994274425;1.0;1.0;1.035952;0.880969;1.066472;1.053892;1.0
1.5e-05;3074.567;0.0;1.0444448994274425;1.0;1.0;1.035952;0.880969;1.066472;1.053892;1.0
1.6e-05;3074.567;0.0;1.0444448994274425;1.0;1.0;1.035952;0.880969;1.066472;1.053892;1.0
1.6e-05;3074.567;0.0;1.0444448994274425;1.0;1.0;1.035952;0.880969;1.066472;1.053892;1.0
1.7e-05;3074.567;0.0;1.0444448994274425;1.0;1.0;1.035952;0.880969;1.066472;1.053892;1.0
1.7e-05;3074.567;0.0;1.0444448994274425;1.0;1.0;1.035952;0.880969;1.066472;1.053892;1.0
1.8e-05;3074.567;0.0;1.0444448994274425;1.0;1.0;1.035952;0.880969;1.066472;1.053892;1.0
1.8e-05;3074.567;0.0;1.0444448994274425;1.0;1.0;1.035952;0.880969;1.066472;1.053892;1.0
1.9e-05;3074.567;0.0;1.0444448994274425;1.0;1.0;1.035952;0.880969;1.066472;1.053892;1.0
1.9e-05;3074.567;0.0;1.0444448994274425;1.0;1.0;1.035952;0.880969;1.066472;1.053892;1.0
2e-05;3074.567;0.0;1.0444448994274425;1.0;1.0;1.035952;0.880969;1.066472;1.053892;1.0
2e-05;3074.567;0.0;1.0444448994274425;1.0;1.0;1.035952;0.880969;1.066472;1.053892;1.0
2.1e-05;3074.567;0.0;1.0444448994274425;1.0;1.0;1.035952;0.880969;1.066472;1.053892;1.0
2.1e-05;3074.567;0.0;1.0444448994274425;1.0;1.0;1.035952;0.880969;1.066472;1.053892;1.0
2.1e-05;3074.567;0.0;1.0444448994274425;1.0;1.0;1.035952;0.880969;1.066472;1.053892;1.0
2.2e-05;3074.567;0.0;1.0444448994274425;1.0;1.0;1.035952;0.880969;1.066472;1.053892;1.0
2.2e-05;3074.567;0.0;1.0444448994274425;1.0;1.0;1.035952;0.880969;1.066472;1.053892;1.0
2.3e-05;3074.567;0.0;1.0444448994274425;1.0;1.0;1.035952;0.880969;1.066472;1.053892;1.0
2.3e-05;3074.567;0.0;1.0444448994274425;1.0;1.0;1.035952;0.880969;1.066472;1.053892;1.0
2.4e-05;3074.567;0.0;1.0444448994274425;1.0;1.0;1.035952;0.880969;1.066472;1.053892;1.0
2.4e-05;3074.567;0.0;1.0444448994274425;1.0;1.0;1.035952;0.880969;1.066472;1.053892;1.0
2.5e-05;3074.567;0.0;1.0444448994274425;1.0;1.0;1.035952;0.880969;1.066472;1.053892;1.0
2.5e-05;3074.567;0.0;1.0444448994274425;1.0;1.0;1.035952;0.880969;1.066472;1.053892;1.0
2.6e-05;3074.567;0.0;1.0444448994274425;1.0;1.0;1.035952;0.880969;1.066472;1.053892;1.0
2.6e-05;3074.567;0.0;1.0444448994274425;1.0;1.0;1.035952;0.880969;1.066472;1.053892;1.0
2.7e-05;3074.567;0.0;1.0444448994274425;1.0;1.0;1.035952;0.880969;1.066472;1.053892;1.0
2.7e-05;3074.567;0.0;1.0444448994274425;1.0;1.0;1.035952;0.880969;1.066472;1.053892;1.0
2.8e-05;3074.567;0.0;1.0444448994274425;1.0;1.0;1.035952;0.880969;1.066472;1.053892;1.0
2.8e-05;3074.567;0.0;1.0444448994274425;1.0;1.0;1.035952;0.880969;1.066472;1.053892;1.0
2.9e-05;3074.567;0.0;1.0444448994274425;1.0;1.0;1.035952;0.880969;1.066472;1.053892;1.0
2.9e-05;3074.567;0.0;1.0444448994274425;1.0;1.0;1.035952;0.880969;1.066472;1.053892;1.0
3e-05;3074.567;0.0;1.0444448994274425;1.0;1.0;1.035952;0.880969;1.066472;1.053892;1.0
3e-05;3074.567;0.0;1.0444448994274425;1.0;1.0;1.035952;0.880969;1.066472;1.053892;1.0
3.1e-05;3074.567;0.0;1.0444448994274425;1.0;1.0;1.035952;0.880969;1.066472;1.053892;1.0
3.1e-05;3074.567;0.0;1.0444448994274425;1.0;1.0;1.035952;0.880969;1.066472;1.053892;1.0
3.2e-05;3074.567;0.0;1.0444448994274425;1.0;1.0;1.035952;0.880969;1.066472;1.053892;1.0
3.3e-05;3074.567;0.0;1.0444448994274425;1.0;1.0;1.035952;0.880969;1.066472;1.053892;1.0
3.4e-05;3074.567;0.0;1.0444448994274425;1.0;1.0;1.035952;0.880969;1.066472;1.053892;1.0
3.5e-05;3074.567;0.0;1.0444448994274425;1.0;1.0;1.035952;0.880969;1.066472;1.053892;1.0
3.5e-05;3074.567;0.0;1.0444448994274425;1.0;1.0;1.035952;0.880969;1.066472;1.053892;1.0
3.6e-05;3074.567;0.0;1.0444448994274425;1.0;1.0;1.035952;0.880969;1.066472;1.053892;1.0
3.7e-05;3074.567;0.0;1.0444448994274425;1.0;1.0;1.035952;0.880969;1.066472;1.053892;1.0
3.8e-05;3074.567;0.0;1.0444448994274425;1.0;1.0;1.035952;0.880969;1.066472;1.053892;1.0
3.9e-05;3074.567;0.0;1.0444448994274425;1.0;1.0;1.035952;0.880969;1.066472;1.053892;1.0
4e-05;3074.567;0.0;1.0444448994274425;1.0;1.0;1.035952;0.880969;1.066472;1.053892;1.0
4.1e-05;3074.567;0.0;1.0444448994274425;1.0;1.0;1.035952;0.880969;1.066472;1.053892;1.0
4.1e-05;3074.567;0.0;1.0444448994274425;1.0;1.0;1.035952;0.880969;1.066472;1.053892;1.0
4.2e-05;3074.567;0.0;1.0444448994274425;1.0;1.0;1.035952;0.880969;1.066472;1.053892;1.0
4.3e-05;3074.567;0.0;1.0444448994274425;1.0;1.0;1.035952;0.880969;1.066472;1.053892;1.0
4.4e-05;3074.567;0.0;1.0444448994274425;1.0;1.0;1.035952;0.880969;1.066472;1.053892;1.0
4.5e-05;3074.567;0.0;1.0444448994274425;1.0;1.0;1.035952;0.880969;1.066472;1.053892;1.0
4.6e-05;3074.567;0.0;1.0444448994274425;1.0;1.0;1.035952;0.880969;1.066472;1.053892;1.0
4.7e-05;3074.567;0.0;1.0444448994274425;1.0;1.0;1.035952;0.880969;1.066472;1.053892;1.0
4.7e-05;3074.567;0.0;1.0444448994274425;1.0;1.0;1.035952;0.880969;1.066472;1.053892;1.0
4.8e-05;3074.567;0.0;1.0444448994274425;1.0;1.0;1.035952;0.880969;1.066472;1.053892;1.0
4.9e-05;3074.567;0.0;1.0444448994274425;1.0;1.0;1.035952;0.880969;1.066472;1.053892;1.0
5.1e-05;3074.567;0.0;1.0444448994274425;1.0;1.0;1.035952;0.880969;1.066472;1.053892;1.0
5.2e-05;3074.567;0.0;1.0444448994274425;1.0;1.0;1.035952;0.880969;1.066472;1.053892;1.0
5.4e-05;3074.567;0.0;1.0444448994274425;1.0;1.0;1.035952;0.880969;1.066472;1.053892;1.0
5.6e-05;3074.567;0.0;1.0444448994274425;1.0;1.0;1.035952;0.880969;1.066472;1.053892;1.0
5.7e-05;3074.567;0.0;1.0444448994274425;1.0;1.0;1.035952;0.880969;1.066472;1.053892;1.0
5.9e-05;3074.567;0.0;1.0444448994274425;1.0;1.0;1.035952;0.880969;1.066472;1.053892;1.0
6e-05;3074.567;0.0;1.0444448994274425;1.0;1.0;1.035952;0.880969;1.066472;1.053892;1.0
6.2e-05;3074.567;0.0;1.0444448994274425;1.0;1.0;1.035952;0.880969;1.066472;1.053892;1.0
6.3e-05;3074.567;0.0;1.0444448994274425;1.0;1.0;1.035952;0.880969;1.066472;1.053892;1.0
6.5e-05;3074.567;0.0;1.0444448994274425;1.0;1.0;1.035952;0.880969;1.066472;1.053892;1.0
6.6e-05;3074.567;0.0;1.0444448994274425;1.0;1.0;1.035952;0.880969;1.066472;1.053892;1.0
6.8e-05;3074.567;-1e-06;1.0444448994274425;1.0;1.0;1.035952;0.880969;1.066472;1.053892;1.0
7.1e-05;3074.567;-1e-06;1.0444448994274425;1.0;1.0;1.035952;0.880969;1.066472;1.053892;1.0
7.4e-05;3074.567;-1e-06;1.0444448994274425;1.0;1.0;1.035952;0.880969;1.066472;1.053892;1.0
7.7e-05;3074.567;-1e-06;1.0444448994274425;1.0;1.0;1.035952;0.880969;1.066472;1.053892;1.0
8e-05;3074.567;-1e-06;1.0444448994274425;1.0;1.0;1.035952;0.880969;1.066472;1.053892;1.0
8.3e-05;3074.567;-1e-06;1.0444448994274425;1.0;1.0;1.035952;0.880969;1.066472;1.053892;1.0
8.6e-05;3074.567;-1e-06;1.0444448994274425;1.0;1.0;1.035952;0.880969;1.066472;1.053892;1.0
9e-05;3074.567;-1e-06;1.0444448994274425;1.0;1.0;1.035952;0.880969;1.066472;1.053892;1.0
9.3e-05;3074.567;-1e-06;1.0444448994274425;1.0;1.0;1.035952;0.880969;1.066472;1.053892;1.0
9.9e-05;3074.567;-1e-06;1.0444448994274425;1.0;1.0;1.035952;0.880969;1.066472;1.053892;1.0
0.000105;3074.567;-1e-06;1.0444448994274425;1.0;1.0;1.035952;0.880969;1.066472;1.053892;1.0
0.000111;3074.567;-1e-06;1.0444448994274425;1.0;1.0;1.035952;0.880969;1.066472;1.053892;1.0
0.000117;3074.567;-1e-06;1.0444448994274425;1.0;1.0;1.035952;0.880969;1.066472;1.053892;1.0
0.00013;3074.567;-1e-06;1.0444448994274425;1.0;1.0;1.035952;0.880969;1.066472;1.053892;1.0
0.000142;3074.567;-1e-06;1.0444448994274425;1.0;1.0;1.035952;0.880969;1.066472;1.053892;1.0
0.000167;3074.567;-1e-06;1.0444448994274425;1.0;1.0;1.035952;0.880969;1.066472;1.053892;1.0
0.000216;3074.567;-2e-06;1.0444448994274425;1.0;1.0;1.035952;0.880969;1.066472;1.053892;1.0
0.000315;3074.567;-2e-06;1.0444448994274425;1.0;1.0;1.035952;0.880969;1.066472;1.053892;1.0
0.000513;3074.566999;-4e-06;1.044443900272772;1.0;1.0;1.035952;0.880969;1.066472;1.053892;1.0
0.000711;3074.566998;-5e-06;1.044443900272772;1.0;1.0;1.035952;0.880969;1.066472;1.053892;1.0
0.000909;3074.566998;-6e-06;1.044443900272772;1.0;0.999999;1.035952;0.880969;1.066472;1.053892;1.0
0.001305;3074.566996;-9e-06;1.044443900272772;1.0;0.999999;1.035952;0.880969;1.066472;1.053892;1.0
0.001701;3074.566994;-1.1e-05;1.044443900272772;1.0;0.999999;1.035952;0.880969;1.066472;1.053892;1.0
0.002098;3074.566992;-1.4e-05;1.044443900272772;1.0;0.999999;1.035952;0.880969;1.066472;1.053892;1.0
0.00289;3074.566986;-1.9e-05;1.044443900272772;1.0;0.999998;1.035951;0.880969;1.066472;1.053892;1.0
0.003682;3074.566978;-2.3e-05;1.044443900272772;1.0;0.999998;1.035951;0.880969;1.066472;1.053891;1.0
0.004474;3074.566968;-2.7e-05;1.044443900272772;1.0;0.999997;1.03595;0.880968;1.066472;1.053891;1.0
0.005266;3074.566956;-3.2e-05;1.044443900272772;1.0;0.999997;1.035949;0.880968;1.066472;1.053891;1.0
0.006058;3074.566942;-3.6e-05;1.044443900272772;1.0;0.999996;1.035948;0.880967;1.066472;1.053891;1.0
0.00685;3074.566925;-4e-05;1.044443900272772;1.0;0.999995;1.035947;0.880967;1.066472;1.053891;1.0
0.007642;3074.566906;-4.4e-05;1.044443900272772;1.0;0.999995;1.035946;0.880966;1.066472;1.05389;1.0
0.008434;3074.566885;-4.9e-05;1.0444438591642922;1.0;0.999994;1.035945;0.880966;1.066472;1.05389;1.0
0.009226;3074.566861;-5.4e-05;1.0444438591642922;1.0;0.999994;1.035943;0.880965;1.066472;1.05389;1.0
0.010018;3074.566835;-5.9e-05;1.0444438591642922;1.0;0.999993;1.035942;0.880964;1.066472;1.05389;1.0
0.01081;3074.566806;-6.4e-05;1.0444438591642922;1.0;0.999993;1.03594;0.880963;1.066472;1.053889;1.0
0.011602;3074.566775;-6.9e-05;1.0444438180567683;1.0;0.999992;1.035938;0.880963;1.066472;1.053889;1.0
0.012394;3074.566741;-7.5e-05;1.0444438180567683;1.0;0.999992;1.035936;0.880962;1.066472;1.053889;1.0
0.013186;3074.566704;-8.2e-05;1.0444438180567683;1.0;0.999991;1.035934;0.880961;1.066472;1.053889;1.0
0.013978;3074.566664;-8.8e-05;1.0444437769502004;1.0;0.999991;1.035932;0.88096;1.066472;1.053888;1.0
0.01477;3074.566621;-9.5e-05;1.0444437769502004;1.0;0.99999;1.03593;0.880959;1.066472;1.053888;1.0
0.015562;3074.566576;-0.000103;1.0444437358445882;1.0;0.99999;1.035927;0.880958;1.066472;1.053887;1.0
0.016354;3074.566528;-0.000111;1.0444437358445882;1.0;0.999989;1.035925;0.880957;1.066472;1.053887;1.0
0.017146;3074.566477;-0.000119;1.0444436947399318;1.0;0.999989;1.035922;0.880956;1.066472;1.053887;1.0
0.01873;3074.566366;-0.000137;1.0444436536362312;1.0;0.999988;1.035916;0.880954;1.066472;1.053886;1.0
0.019522;3074.566305;-0.000147;1.0444436536362312;1.0;0.999987;1.035913;0.880952;1.066472;1.053885;1.0
0.02034;3074.566239;-0.000158;1.0444436125334866;1.0;0.999987;1.035909;0.880951;1.066472;1.053885;1.0
0.021158;3074.566169;-0.000169;1.0444436125334866;1.0;0.999986;1.035906;0.88095;1.066472;1.053884;1.0
0.021975;3074.566097;-0.000181;1.0444435714316977;1.0;0.999986;1.035902;0.880948;1.066472;1.053883;1.0
0.023611;3074.565945;-0.000207;1.0444424900759257;1.0;0.999985;1.035894;0.880946;1.066472;1.053882;1.0
0.025246;3074.565781;-0.000234;1.0444424489769648;1.0;0.999984;1.035886;0.880943;1.066472;1.053881;1.0
0.026882;3074.565605;-0.000263;1.0444423667819112;1.0;0.999982;1.035877;0.88094;1.066472;1.053879;1.0
0.028517;3074.565418;-0.000294;1.0444422845906804;1.0;0.999981;1.035868;0.880937;1.066472;1.053877;1.0
0.030153;3074.565218;-0.000328;1.0444422434964988;1.0;0.99998;1.035858;0.880933;1.066472;1.053876;1.0
0.031788;3074.565006;-0.000363;1.0444421613110033;1.0;0.999979;1.035848;0.88093;1.066472;1.053874;1.0
0.033424;3074.564783;-0.0004;1.0444410388844358;1.0;0.999978;1.035837;0.880926;1.066472;1.053872;1.0
0.035059;3074.564549;-0.000439;1.04444095670842;1.0;0.999977;1.035826;0.880922;1.066472;1.05387;1.0
0.03833;3074.564047;-0.000522;1.0444407512851075;1.0;0.999975;1.035802;0.880915;1.066472;1.053866;1.0
0.041601;3074.563504;-0.00061;1.044439546729728;1.0;0.999973;1.035775;0.880906;1.066472;1.053861;1.0
0.045483;3074.562807;-0.000721;1.044439300281735;1.0;0.999971;1.035742;0.880895;1.066472;1.053855;1.0
0.049364;3074.562058;-0.000836;1.044438013646095;1.0;0.999969;1.035705;0.880883;1.066472;1.053849;1.0
0.053246;3074.561262;-0.000955;1.04443768515551;1.0;0.999967;1.035666;0.880869;1.066472;1.053843;1.0
0.056739;3074.560507;-0.001063;1.04443639861937;1.0;0.999965;1.035628;0.880856;1.066472;1.053837;1.0
0.060233;3074.55972;-0.001171;1.0444360702431719;1.0;0.999963;1.035589;0.880842;1.066472;1.053831;1.0
0.063377;3074.558986;-0.001267;1.0444357829641802;1.0;0.999961;1.035551;0.880829;1.066472;1.053826;1.0
0.066521;3074.558231;-0.001361;1.044434496574103;1.0;0.99996;1.035513;0.880815;1.066472;1.05382;1.0
0.069665;3074.557457;-0.001453;1.044434209388509;1.0;0.999958;1.035472;0.8808;1.066472;1.053815;1.0
0.072809;3074.556665;-0.001541;1.0444338812337524;1.0;0.999957;1.03543;0.880784;1.066472;1.05381;1.0
0.075953;3074.555858;-0.001625;1.0444335941485223;1.0;0.999955;1.035387;0.880767;1.066472;1.053804;1.0
0.079097;3074.555039;-0.001705;1.0444332661084672;1.0;0.999954;1.035342;0.880749;1.066472;1.053799;1.0
0.082241;3074.554208;-0.001779;1.0444329381295863;1.0;0.999953;1.035296;0.88073;1.066472;1.053794;1.0
0.085385;3074.553368;-0.001847;1.0444326102118795;1.0;0.999951;1.035249;0.880711;1.066472;1.05379;1.0
0.088529;3074.552521;-0.001909;1.0444322823553474;1.0;0.99995;1.0352;0.88069;1.066472;1.053785;1.0
0.091673;3074.551667;-0.001964;1.0444319545599896;1.0;0.999949;1.03515;0.880668;1.066472;1.053781;1.0
0.094817;3074.55081;-0.002012;1.0444316268258063;1.0;0.999948;1.0351;0.880646;1.066472;1.053777;1.0
0.097962;3074.54995;-0.002053;1.0444312991527973;1.0;0.999947;1.035048;0.880622;1.066472;1.053773;1.0
0.101106;3074.549088;-0.002086;1.0444319297551181;1.0;0.999946;1.034995;0.880598;1.066472;1.053769;1.0
0.10425;3074.548227;-0.002111;1.0444316022124187;1.0;0.999945;1.034941;0.880573;1.066472;1.053766;1.0
0.107394;3074.547368;-0.002127;1.044432273892855;1.0;0.999944;1.034886;0.880546;1.066472;1.053763;1.0
0.110538;3074.546511;-0.002135;1.0444319464728185;1.0;0.999943;1.03483;0.880519;1.066472;1.05376;1.0
0.113682;3074.545658;-0.002135;1.0444326182765455;1.0;0.999942;1.034774;0.880491;1.066472;1.053758;1.0
0.116826;3074.54481;-0.002126;1.044433290142075;1.0;0.999942;1.034716;0.880462;1.066472;1.053756;1.0
0.11997;3074.543968;-0.002109;1.0444329629061886;1.0;0.999941;1.034658;0.880432;1.066472;1.053754;1.0
0.123114;3074.543133;-0.002083;1.0444336348950085;1.0;0.99994;1.0346;0.880402;1.066472;1.053753;1.0
0.126258;3074.542306;-0.002048;1.0444343069456306;1.0;0.99994;1.03454;0.88037;1.066472;1.053752;1.0
0.129402;3074.541487;-0.002005;1.0444349790580552;1.0;0.999939;1.03448;0.880338;1.066472;1.053751;1.0
0.132546;3074.540678;-0.001953;1.0444356512322814;1.0;0.999939;1.03442;0.880305;1.066472;1.05375;1.0
0.13569;3074.539879;-0.001893;1.0444373634957724;1.0;0.999938;1.034359;0.880271;1.066472;1.05375;1.0
0.138834;3074.539091;-0.001824;1.0444380357862308;1.0;0.999938;1.034298;0.880236;1.066472;1.05375;1.0
0.141978;3074.538314;-0.001748;1.0444387489867464;1.0;0.999937;1.034236;0.880201;1.066472;1.053751;1.0
0.145122;3074.537549;-0.001663;1.0444404614002656;1.0;0.999937;1.034174;0.880165;1.066472;1.053752;1.0
0.148267;3074.536796;-0.001571;1.0444411746958278;1.0;0.999937;1.034112;0.880129;1.066472;1.053753;1.0
0.154555;3074.53533;-0.001364;1.0444436005955517;1.0;0.999936;1.033987;0.880054;1.066472;1.053756;1.0
0.160214;3074.534057;-0.001153;1.0444460674946314;1.0;0.999936;1.033874;0.879984;1.066472;1.05376;1.0
0.165873;3074.532829;-0.00092;1.0444486161535187;1.0;0.999936;1.033761;0.879913;1.066472;1.053764;1.0
0.171533;3074.531649;-0.000666;1.0444521233110686;1.0;0.999936;1.033648;0.879841;1.066472;1.05377;1.0
0.177192;3074.530517;-0.000393;1.0444547129942972;1.0;0.999937;1.033535;0.879767;1.066472;1.053776;1.0
0.182851;3074.529433;-0.000103;1.0444582611770563;1.0;0.999937;1.033422;0.879693;1.066472;1.053783;1.0
0.188511;3074.5284;0.000203;1.044460851066233;1.0;0.999937;1.033311;0.879617;1.066472;1.053791;1.0
0.199829;3074.526482;0.000855;1.0444681109550449;1.0;0.999939;1.03309;0.879465;1.066472;1.053808;1.0
0.211148;3074.524763;0.001551;1.0444754526105435;1.0;0.99994;1.032875;0.879311;1.066472;1.053827;1.0
0.222466;3074.52324;0.00228;1.0444828352294737;1.0;0.999942;1.032666;0.879157;1.066472;1.053849;1.0
0.233785;3074.521908;0.003029;1.0444902994638103;1.0;0.999944;1.032465;0.879004;1.066472;1.053871;1.0
0.245104;3074.52076;0.00379;1.0444978452371263;1.0;0.999947;1.032272;0.878853;1.066472;1.053894;1.0
0.255291;3074.519881;0.004475;1.0445055131616108;1.0;0.999949;1.032106;0.878721;1.066472;1.053915;1.0
0.265477;3074.519139;0.005153;1.0445122226498835;1.0;0.999952;1.031949;0.878592;1.066472;1.053937;1.0
0.274645;3074.518585;0.005754;1.0445179736802044;1.0;0.999954;1.031814;0.878479;1.066472;1.053956;1.0
0.283813;3074.518133;0.00634;1.0445238060671476;1.0;0.999957;1.031687;0.87837;1.066472;1.053975;1.0
0.292982;3074.517778;0.00691;1.044528679955223;1.0;0.999959;1.031567;0.878265;1.066472;1.053994;1.0
0.30215;3074.517516;0.007458;1.0445345530263708;1.0;0.999962;1.031455;0.878165;1.066472;1.054013;1.0
0.311318;3074.517341;0.007983;1.0445394675860746;1.0;0.999965;1.03135;0.878069;1.066472;1.05403;1.0
0.320486;3074.517248;0.008483;1.044544422801156;1.0;0.999968;1.031253;0.877977;1.066472;1.054047;1.0
0.329654;3074.517232;0.008955;1.0445484194947594;1.0;0.99997;1.031164;0.877891;1.066472;1.054064;1.0
0.338822;3074.517288;0.009399;1.0445534153617995;1.0;0.999973;1.031082;0.87781;1.066472;1.054079;1.0
0.34799;3074.517411;0.009812;1.044556494185451;1.0;0.999975;1.031008;0.877735;1.066472;1.054094;1.0
0.357158;3074.517596;0.010194;1.0445605315318016;1.0;0.999978;1.030942;0.877664;1.066472;1.054108;1.0
0.366326;3074.517839;0.010544;1.0445636510160596;1.0;0.999981;1.030883;0.877599;1.066472;1.054121;1.0
0.375494;3074.518134;0.010862;1.0445667298497499;1.0;0.999983;1.030832;0.87754;1.066472;1.054133;1.0
0.384662;3074.518477;0.011147;1.0445688501740802;1.0;0.999986;1.030787;0.877485;1.066472;1.054143;1.0
0.393831;3074.518862;0.0114;1.0445710111706146;1.0;0.999988;1.030749;0.877436;1.066472;1.054153;1.0
0.402999;3074.519287;0.011622;1.0445731721818248;1.0;0.99999;1.030718;0.877392;1.066472;1.054162;1.0
0.412167;3074.519745;0.011811;1.0445753332077108;1.0;0.999992;1.030693;0.877353;1.066472;1.05417;1.0
0.421335;3074.520233;0.01197;1.044576535752168;1.0;0.999994;1.030675;0.877319;1.066472;1.054177;1.0
0.430503;3074.520747;0.012099;1.044577738320131;1.0;0.999996;1.030662;0.87729;1.066472;1.054183;1.0
0.439671;3074.521281;0.012198;1.044577941739629;1.0;0.999998;1.030655;0.877265;1.066472;1.054188;1.0
0.448839;3074.521833;0.012269;1.0445781451830207;1.0;1.0;1.030652;0.877245;1.066472;1.054192;1.0
0.458007;3074.522399;0.012313;1.0445783486503057;1.0;1.000001;1.030655;0.877229;1.066472;1.054195;1.0
0.467175;3074.522973;0.01233;1.0445785928425873;1.0;1.000003;1.030662;0.877217;1.066472;1.054197;1.0
0.476343;3074.523554;0.012323;1.0445777971912862;1.0;1.000004;1.030673;0.877209;1.066472;1.054198;1.0
0.485511;3074.524138;0.012292;1.0445780414468802;1.0;1.000006;1.030688;0.877204;1.066472;1.054199;1.0
0.49468;3074.524721;0.01224;1.0445772458487692;1.0;1.000007;1.030707;0.877203;1.066472;1.054199;1.0
0.503848;3074.5253;0.012166;1.0445764909971886;1.0;1.000008;1.030729;0.877205;1.066472;1.054198;1.0
0.513016;3074.525872;0.012074;1.044574696282176;1.0;1.000009;1.030753;0.87721;1.066472;1.054196;1.0
0.522184;3074.526435;0.011963;1.0445739414948088;1.0;1.000009;1.03078;0.877218;1.066472;1.054194;1.0
0.531352;3074.526985;0.011837;1.0445721468338125;1.0;1.00001;1.030809;0.877227;1.066472;1.054191;1.0
0.549688;3074.528038;0.011543;1.044568557585858;1.0;1.000011;1.030872;0.877253;1.066472;1.054184;1.0
0.566191;3074.528922;0.011238;1.0445658860923996;1.0;1.000012;1.030932;0.877283;1.066472;1.054176;1.0
0.582693;3074.529736;0.010903;1.04456221549317;1.0;1.000012;1.030994;0.877316;1.066472;1.054166;1.0
0.599196;3074.530472;0.010547;1.0445585041868168;1.0;1.000012;1.031057;0.877353;1.066472;1.054156;1.0
0.615698;3074.531122;0.010177;1.0445547521528011;1.0;1.000011;1.031119;0.877391;1.066472;1.054145;1.0
0.632201;3074.531683;0.009801;1.0445510001550906;1.0;1.000011;1.031179;0.87743;1.066472;1.054133;1.0
0.648704;3074.532152;0.009426;1.0445471666195836;1.0;1.00001;1.031235;0.877469;1.066472;1.054121;1.0
0.681709;3074.532812;0.008708;1.044540417179728;1.0;1.000008;1.031333;0.87754;1.066472;1.054098;1.0
0.711413;3074.533098;0.008118;1.0445345445551335;1.0;1.000006;1.031401;0.877595;1.066472;1.054079;1.0
0.741118;3074.533113;0.007604;1.0445295487175075;1.0;1.000003;1.031447;0.877638;1.066472;1.054061;1.0
0.766386;3074.532932;0.007239;1.044525511252358;1.0;1.000001;1.031469;0.877664;1.066472;1.054047;1.0
0.789126;3074.532635;0.006974;1.0445233905375217;0.999999;0.999999;1.031474;0.877677;1.066472;1.054037;0.999999
0.809593;3074.532276;0.006789;1.0445212290422823;0.999999;0.999998;1.031467;0.877681;1.066472;1.05403;0.999999
0.83006;3074.531844;0.006654;1.044520066729692;0.999999;0.999996;1.03145;0.877678;1.066472;1.054024;0.999999
0.850527;3074.531354;0.006569;1.044519903600214;0.999999;0.999995;1.031423;0.877667;1.066472;1.05402;0.999999
0.870994;3074.53082;0.006532;1.0445196997098716;0.999999;0.999993;1.031388;0.87765;1.066472;1.054017;0.999999
0.89146;3074.530256;0.006539;1.0445204542415625;0.999999;0.999992;1.031346;0.877626;1.066472;1.054015;0.999999
0.911927;3074.529675;0.006588;1.0445202504039834;0.999999;0.999991;1.031296;0.877597;1.066472;1.054015;0.999999
0.932394;3074.52909;0.006673;1.044522004168414;0.999999;0.99999;1.031242;0.877562;1.066472;1.054017;0.999999
0.952861;3074.52851;0.00679;1.0445227995529824;0.999999;0.99999;1.031183;0.877523;1.066472;1.054019;0.999999
0.973328;3074.527947;0.006934;1.044524553382064;0.999999;0.99999;1.031121;0.877481;1.066472;1.054023;0.999999
0.993795;3074.527407;0.007099;1.0445263479898435;0.999999;0.999989;1.031057;0.877436;1.066472;1.054027;0.999999
1.014261;3074.526899;0.007281;1.0445281426223039;0.999999;0.999989;1.030992;0.877389;1.066472;1.054032;0.999999
1.034728;3074.526427;0.007475;1.044529978014035;0.999999;0.999989;1.030928;0.877341;1.066472;1.054037;0.999999
1.055195;3074.525996;0.007676;1.0445317726909986;0.999999;0.999989;1.030864;0.877293;1.066472;1.054043;0.999999
1.075662;3074.525608;0.007879;1.0445346480155648;0.999999;0.99999;1.030801;0.877244;1.066472;1.054049;0.999999
1.116595;3074.524965;0.008273;1.0445384003515619;0.999999;0.999991;1.030684;0.877151;1.066472;1.054061;0.999999
1.157529;3074.524492;0.008637;1.0445421934397863;0.999999;0.999992;1.03058;0.877065;1.066472;1.054072;0.999999
1.198463;3074.524172;0.008952;1.0445450688074691;0.999999;0.999993;1.03049;0.876987;1.066472;1.054082;0.999999
1.235261;3074.523996;0.009187;1.0445469857244336;0.999999;0.999994;1.030422;0.876926;1.066472;1.054089;0.999999
1.26838;3074.523909;0.009354;1.044548943355456;0.999999;0.999995;1.03037;0.876878;1.066472;1.054095;0.999999
1.298187;3074.523873;0.009469;1.0445499425264453;0.999999;0.999995;1.030332;0.876841;1.066472;1.054099;0.999999
1.327995;3074.523862;0.009553;1.044550941697436;0.999999;0.999996;1.030299;0.876809;1.066472;1.054102;0.999999
1.357802;3074.523865;0.009608;1.044550941697436;0.999999;0.999996;1.030271;0.876782;1.066472;1.054104;0.999999
1.387609;3074.523869;0.009639;1.044550941697436;0.999999;0.999997;1.030247;0.876758;1.066472;1.054105;0.999999
1.417416;3074.523866;0.00965;1.044551940868428;0.999999;0.999997;1.030227;0.876738;1.066472;1.054105;0.999999
1.447223;3074.523846;0.009645;1.044550941697436;0.999999;0.999997;1.030208;0.87672;1.066472;1.054105;0.999999
1.47703;3074.523804;0.00963;1.0445509009875968;0.999999;0.999997;1.03019;0.876703;1.066472;1.054104;0.999999
1.506837;3074.523737;0.00961;1.0445509009875968;0.999999;0.999997;1.030173;0.876688;1.066472;1.054103;0.999999
1.536644;3074.523641;0.009587;1.0445508602787132;0.999999;0.999997;1.030154;0.876672;1.066472;1.054102;0.999999
1.596258;3074.523366;0.009552;1.0445507381577976;0.999999;0.999997;1.030113;0.876641;1.066472;1.0541;0.999999
1.649911;3074.523035;0.00954;1.044550616045484;0.999999;0.999996;1.030071;0.876609;1.066472;1.054099;0.999999
1.703564;3074.522642;0.009553;1.0445504532424463;0.999999;0.999996;1.030023;0.876574;1.066472;1.054098;0.999999
1.751851;3074.522253;0.009589;1.044551289626316;0.999999;0.999996;1.029975;0.87654;1.066472;1.054098;0.999999
1.800139;3074.521848;0.009645;1.044552166717393;0.999999;0.999995;1.029925;0.876503;1.066472;1.054099;0.999999
1.843597;3074.521482;0.00971;1.044553003128611;0.999999;0.999995;1.029877;0.876468;1.066472;1.0541;0.999999
1.887056;3074.521124;0.009783;1.044553880240268;0.999999;0.999995;1.029829;0.876432;1.066472;1.054102;0.999999
1.930515;3074.52078;0.009862;1.0445547166788345;0.999999;0.999995;1.029781;0.876397;1.066472;1.054104;0.999999
1.973973;3074.520456;0.00994;1.0445555938110713;0.999999;0.999995;1.029735;0.876361;1.066472;1.054105;0.999999
2.017432;3074.520152;0.010016;1.0445564709521453;0.999999;0.999995;1.02969;0.876327;1.066472;1.054107;0.999999
2.060891;3074.519869;0.010086;1.0445563896027825;0.999999;0.999996;1.029647;0.876294;1.066472;1.054109;0.999999
2.10435;3074.519602;0.010148;1.0445572667585057;0.999999;0.999996;1.029606;0.876262;1.066472;1.05411;0.999999
2.147808;3074.51935;0.010202;1.0445581845914567;0.999999;0.999996;1.029567;0.876232;1.066472;1.054111;0.999999
2.191267;3074.519108;0.010247;1.0445590617619476;0.999998;0.999996;1.029531;0.876204;1.066472;1.054112;0.999998
2.234726;3074.518872;0.010284;1.0445589804319333;0.999998;0.999996;1.029496;0.876177;1.066472;1.054113;0.999998
2.278184;3074.518639;0.010315;1.044559898278696;0.999998;0.999996;1.029463;0.876152;1.066472;1.054113;0.999998
2.321643;3074.518405;0.01034;1.0445598169564059;0.999998;0.999996;1.02943;0.876127;1.066472;1.054113;0.999998
2.365102;3074.518168;0.010361;1.0445596949801386;0.999998;0.999996;1.029399;0.876104;1.066472;1.054113;0.999998
2.408561;3074.517926;0.010379;1.0445606128406337;0.999998;0.999996;1.029368;0.876081;1.066472;1.054113;0.999998
2.452019;3074.517679;0.010397;1.0445605315318016;0.999998;0.999996;1.029337;0.876058;1.066472;1.054113;0.999998
2.495478;3074.517427;0.010414;1.044560409575722;0.999998;0.999996;1.029306;0.876036;1.066472;1.054113;0.999998
2.538937;3074.517171;0.010432;1.0445613274499492;0.999998;0.999996;1.029275;0.876014;1.066472;1.054113;0.999998
2.582395;3074.516911;0.010452;1.0445612055083227;0.999998;0.999996;1.029244;0.875991;1.066472;1.054113;0.999998
2.625854;3074.51665;0.010472;1.0445611242186836;0.999998;0.999996;1.029213;0.875969;1.066472;1.054113;0.999998
2.669313;3074.516387;0.010493;1.0445620014652073;0.999998;0.999996;1.029182;0.875947;1.066472;1.054113;0.999998
2.712772;3074.516125;0.010516;1.0445619201852037;0.999998;0.999996;1.029151;0.875925;1.066472;1.054113;0.999998
2.75623;3074.515864;0.010539;1.0445627974463767;0.999998;0.999996;1.02912;0.875903;1.066472;1.054113;0.999998
2.799689;3074.515606;0.010561;1.0445627161760083;0.999998;0.999996;1.02909;0.875881;1.066472;1.054113;0.999998
2.886606;3074.515097;0.010606;1.044563512191097;0.999998;0.999996;1.02903;0.875839;1.066472;1.054113;0.999998
2.964832;3074.514649;0.010643;1.0445643488555407;0.999998;0.999996;1.028977;0.875801;1.066472;1.054113;0.999998
3.043058;3074.514209;0.010676;1.0445641863609911;0.999998;0.999996;1.028927;0.875765;1.066472;1.054113;0.999998
3.121283;3074.513776;0.010705;1.0445650230564874;0.999998;0.999996;1.028877;0.87573;1.066472;1.054113;0.999998
3.199509;3074.513346;0.010732;1.0445648605926776;0.999998;0.999996;1.028828;0.875696;1.066472;1.054113;0.999998
3.277735;3074.51292;0.010755;1.0445656567095243;0.999998;0.999996;1.028781;0.875663;1.066472;1.054112;0.999998
3.355961;3074.512495;0.010777;1.0445664934555388;0.999998;0.999996;1.028734;0.875631;1.066472;1.054112;0.999998
3.434186;3074.512072;0.010799;1.0445663310417392;0.999998;0.999996;1.028688;0.875599;1.066472;1.054112;0.999998
3.512412;3074.51165;0.010819;1.0445671678188053;0.999998;0.999996;1.028642;0.875567;1.066472;1.054111;0.999998
3.590638;3074.51123;0.01084;1.044567005435745;0.999998;0.999996;1.028597;0.875536;1.066472;1.054111;0.999998
3.668863;3074.510813;0.010861;1.0445678422438631;0.999998;0.999996;1.028552;0.875505;1.066472;1.05411;0.999998
3.747089;3074.5104;0.010881;1.0445676798915426;0.999997;0.999996;1.028508;0.875475;1.066472;1.05411;0.999997
3.825315;3074.509989;0.010902;1.0445685573134968;0.999997;0.999996;1.028464;0.875445;1.066472;1.054109;0.999997
3.90354;3074.509583;0.010922;1.0445683949880928;0.999997;0.999996;1.02842;0.875415;1.066472;1.054109;0.999997
3.981766;3074.50918;0.010941;1.0445692318544522;0.999997;0.999996;1.028377;0.875386;1.066472;1.054108;0.999997
4.059992;3074.508781;0.01096;1.0445690695597873;0.999997;0.999996;1.028335;0.875357;1.066472;1.054108;0.999997
4.138217;3074.508385;0.010979;1.044569906457198;0.999997;0.999996;1.028293;0.875328;1.066472;1.054108;0.999997
4.216443;3074.507992;0.010998;1.0445697847578206;0.999997;0.999996;1.028252;0.8753;1.066472;1.054107;0.999997
4.294669;3074.507602;0.011016;1.044570621682421;0.999997;0.999995;1.02821;0.875271;1.066472;1.054107;0.999997
4.372894;3074.507215;0.011034;1.0445704594454124;0.999997;0.999995;1.028169;0.875244;1.066472;1.054106;0.999997
4.45112;3074.506831;0.011053;1.0445703377776911;0.999997;0.999995;1.028129;0.875216;1.066472;1.054106;0.999997
4.529346;3074.506449;0.011071;1.0445711747449284;0.999997;0.999995;1.028089;0.875188;1.066472;1.054105;0.999997
4.607571;3074.50607;0.01109;1.0445710125501282;0.999997;0.999995;1.028049;0.875161;1.066472;1.054105;0.999997
4.685797;3074.505694;0.011109;1.0445718900918213;0.999997;0.999995;1.028009;0.875134;1.066472;1.054105;0.999997
4.764023;3074.505321;0.011128;1.0445717279239373;0.999997;0.999995;1.027969;0.875107;1.066472;1.054104;0.999997
4.842249;3074.504951;0.011147;1.0445726054860907;0.999997;0.999995;1.02793;0.87508;1.066472;1.054104;0.999997
4.920474;3074.504584;0.011167;1.044572443345123;0.999997;0.999995;1.027891;0.875054;1.066472;1.054103;0.999997
4.9987;3074.50422;0.011186;1.0445733209277366;0.999997;0.999995;1.027853;0.875028;1.066472;1.054103;0.999997
5.076926;3074.503859;0.011206;1.044573158813685;0.999997;0.999995;1.027814;0.875001;1.066472;1.054103;0.999997
5.155151;3074.5035;0.011226;1.0445740364167588;0.999997;0.999995;1.027776;0.874975;1.066472;1.054102;0.999997
5.233377;3074.503144;0.011246;1.0445738743296236;0.999997;0.999995;1.027738;0.874949;1.066472;1.054102;0.999997
5.311603;3074.502791;0.011266;1.0445747519531572;0.999997;0.999995;1.0277;0.874923;1.066472;1.054102;0.999997
5.389828;3074.502441;0.011287;1.0445746304065593;0.999997;0.999995;1.027663;0.874898;1.066472;1.054102;0.999997
5.468054;3074.502093;0.011307;1.0445745088685632;0.999997;0.999995;1.027626;0.874872;1.066472;1.054101;0.999997
5.54628;3074.501748;0.011328;1.044575346010521;0.999997;0.999995;1.027589;0.874847;1.066472;1.054101;0.999997
5.624505;3074.501406;0.011349;1.044575224492712;0.999997;0.999995;1.027552;0.874821;1.066472;1.054101;0.999997
5.702731;3074.501066;0.01137;1.0445761021629778;0.999997;0.999995;1.027515;0.874796;1.066472;1.054101;0.999997
5.780957;3074.500729;0.011392;1.0445759806624888;0.999996;0.999995;1.027479;0.874771;1.066472;1.054101;0.999996
5.859182;3074.500395;0.011413;1.0445768178549628;0.999996;0.999995;1.027443;0.874746;1.066472;1.0541;0.999996
5.937408;3074.500063;0.011435;1.0445766963746608;0.999996;0.999995;1.027407;0.874721;1.066472;1.0541;0.999996
6.015634;3074.499734;0.011457;1.04457757408294;0.999996;0.999995;1.027371;0.874697;1.066472;1.0541;0.999996
6.093859;3074.499408;0.011478;1.0445774526199576;0.999996;0.999995;1.027335;0.874672;1.066472;1.0541;0.999996
6.172085;3074.499084;0.0115;1.0445783303457907;0.999996;0.999995;1.0273;0.874648;1.066472;1.0541;0.999996
6.250311;3074.498762;0.011523;1.0445782089001283;0.999996;0.999995;1.027265;0.874624;1.066472;1.0541;0.999996
6.328537;3074.498443;0.011545;1.044579086643515;0.999996;0.999995;1.02723;0.874599;1.066472;1.054099;0.999996
6.406762;3074.498126;0.011567;1.0445789652151722;0.999996;0.999995;1.027195;0.874575;1.066472;1.054099;0.999996
6.484988;3074.497812;0.011589;1.0445788437954313;0.999996;0.999995;1.027161;0.874552;1.066472;1.054099;0.999996
6.641439;3074.497192;0.011634;1.0445796001626684;0.999996;0.999995;1.027092;0.874504;1.066472;1.054099;0.999996
6.782245;3074.496641;0.011675;1.0445803970255234;0.999996;0.999995;1.027032;0.874462;1.066472;1.054099;0.999996
6.923052;3074.496098;0.011716;1.0445811534567335;0.999996;0.999995;1.026971;0.87442;1.066472;1.054099;0.999996
7.063858;3074.495563;0.011756;1.0445819503729712;0.999996;0.999995;1.026912;0.874379;1.066472;1.054099;0.999996
7.204664;3074.495035;0.011797;1.0445827473134905;0.999996;0.999995;1.026853;0.874338;1.066472;1.054099;0.999996
7.34547;3074.494515;0.011837;1.0445825450963653;0.999996;0.999995;1.026795;0.874297;1.066472;1.054099;0.999996
7.486277;3074.494002;0.011877;1.0445833420852546;0.999996;0.999995;1.026738;0.874257;1.066472;1.054099;0.999996
7.627083;3074.493496;0.011918;1.0445841795303048;0.999996;0.999995;1.026681;0.874218;1.066472;1.054099;0.999996
7.767889;3074.492997;0.011957;1.0445849765629411;0.999996;0.999995;1.026625;0.874179;1.066472;1.054099;0.999996
7.908695;3074.492505;0.011997;1.0445847744371923;0.999996;0.999995;1.02657;0.87414;1.066472;1.054099;0.999996
8.049502;3074.49202;0.012036;1.0445856119366186;0.999996;0.999995;1.026515;0.874102;1.066472;1.054099;0.999996
8.190308;3074.491542;0.012075;1.0445864090370887;0.999996;0.999995;1.026462;0.874064;1.066472;1.054099;0.999996
8.331114;3074.491071;0.012114;1.0445872465715824;0.999996;0.999995;1.026408;0.874027;1.066472;1.054099;0.999996
8.47192;3074.490606;0.012152;1.0445870445324315;0.999996;0.999995;1.026356;0.87399;1.066472;1.054099;0.999996
8.612727;3074.490148;0.012189;1.0445878821018366;0.999996;0.999995;1.026304;0.873954;1.066472;1.054099;0.999996
8.753533;3074.489696;0.012227;1.0445886792896044;0.999996;0.999995;1.026253;0.873918;1.066472;1.054099;0.999996
8.894339;3074.48925;0.012263;1.0445885177102034;0.999996;0.999995;1.026203;0.873883;1.066472;1.054099;0.999996
9.035145;3074.488811;0.012299;1.044589355330122;0.999996;0.999995;1.026153;0.873848;1.066472;1.054099;0.999996
9.175951;3074.488378;0.012335;1.0445901929656434;0.999996;0.999995;1.026104;0.873814;1.066472;1.054099;0.999996
9.316758;3074.487951;0.01237;1.0445900314324277;0.999996;0.999995;1.026056;0.87378;1.066472;1.054099;0.999996
9.457564;3074.48753;0.012405;1.044590869098998;0.999996;0.999995;1.026008;0.873747;1.066472;1.054099;0.999996
9.59837;3074.487115;0.012439;1.044591706781171;0.999996;0.999995;1.025961;0.873714;1.066472;1.054099;0.999996
9.739176;3074.486705;0.012472;1.0445915452941403;0.999996;0.999995;1.025915;0.873681;1.066472;1.054099;0.999996
9.879983;3074.486302;0.012505;1.0445923830073625;0.999996;0.999995;1.025869;0.873649;1.066472;1.054099;0.999996
10.020789;3074.485904;0.012538;1.0445932207361868;0.999996;0.999995;1.025824;0.873618;1.066472;1.054099;0.999996
10.161595;3074.485511;0.01257;1.0445930996541188;0.999996;0.999995;1.02578;0.873587;1.066472;1.054099;0.999996
10.443208;3074.484743;0.012632;1.0445937759962003;0.999996;0.999995;1.025693;0.873526;1.066472;1.054099;0.999996
10.696659;3074.48407;0.012686;1.0445945330897535;0.999996;0.999995;1.025617;0.873472;1.066472;1.054099;0.999996
10.95011;3074.483413;0.012739;1.044595249878631;0.999996;0.999995;1.025543;0.87342;1.066472;1.054099;0.999996
11.203561;3074.482774;0.01279;1.0445960070477007;0.999996;0.999995;1.02547;0.87337;1.066472;1.054099;0.999996
11.457012;3074.48215;0.012839;1.0445967642516416;0.999996;0.999995;1.0254;0.873321;1.066472;1.054099;0.999996
11.710464;3074.481542;0.012887;1.044597561812682;0.999995;0.999995;1.025332;0.873273;1.066472;1.054099;0.999995
11.963915;3074.480949;0.012933;1.0445983190805928;0.999995;0.999995;1.025265;0.873226;1.066472;1.054099;0.999995
12.217366;3074.48037;0.012978;1.044599076383375;0.999995;0.999995;1.0252;0.87318;1.066472;1.054099;0.999995
12.470817;3074.479807;0.013021;1.0445998740268927;0.999995;0.999995;1.025136;0.873136;1.066472;1.054099;0.999995
12.724268;3074.479257;0.013064;1.0446006716946912;0.999995;0.999995;1.025075;0.873093;1.066472;1.054099;0.999995
12.97772;3074.478722;0.013105;1.0446004701990135;0.999995;0.999995;1.025014;0.873051;1.066472;1.054099;0.999995
13.231171;3074.4782;0.013144;1.044601267915179;0.999995;0.999995;1.024956;0.87301;1.066472;1.054099;0.999995
13.484622;3074.47769;0.013183;1.0446020656556256;0.999995;0.999995;1.024899;0.87297;1.066472;1.054099;0.999995
13.738073;3074.477194;0.013221;1.0446028634203526;0.999995;0.999995;1.024843;0.872931;1.066472;1.054099;0.999995
13.991525;3074.47671;0.013257;1.044602662020828;0.999995;0.999995;1.024789;0.872893;1.066472;1.054098;0.999995
14.498427;3074.475778;0.013328;1.04460433820897;0.999995;0.999995;1.024684;0.87282;1.066472;1.054098;0.999995
15.005329;3074.474892;0.013394;1.044604975008735;0.999995;0.999995;1.024585;0.872751;1.066472;1.054098;0.999995
15.512232;3074.474049;0.013458;1.0446056521396005;0.999995;0.999995;1.02449;0.872684;1.066472;1.054098;0.999995
16.019134;3074.473248;0.013518;1.0446063293322514;0.999995;0.999995;1.0244;0.872622;1.066472;1.054098;0.999995
16.526037;3074.472487;0.013576;1.0446070468252642;0.999995;0.999995;1.024315;0.872562;1.066472;1.054098;0.999995
17.032939;3074.471764;0.013631;1.0446087635560024;0.999995;0.999995;1.024233;0.872505;1.066472;1.054098;0.999995
17.539842;3074.471076;0.013684;1.0446095213700668;0.999995;0.999995;1.024156;0.872451;1.066472;1.054098;0.999995
18.046744;3074.470422;0.013735;1.044610238998738;0.999995;0.999995;1.024082;0.872399;1.066472;1.054098;0.999995
18.553646;3074.469801;0.013783;1.044609997697227;0.999995;0.999995;1.024012;0.87235;1.066472;1.054097;0.999995
19.553646;3074.468661;0.013873;1.0446115939874494;0.999995;0.999995;1.023883;0.87226;1.066472;1.054097;0.999995
19.999996;3074.468188;0.013911;1.0446123921689805;0.999995;0.999995;1.02383;0.872222;1.066472;1.054097;0.999995
19.999996;3004.42177;0.027106;1.0450230704218926;0.999995;0.999995;1.02383;0.869534;1.066472;1.05469;0.999995
19.999996;3004.42177;0.027106;1.0450230704218926;0.999995;0.999995;1.02383;0.869534;1.066472;1.05469;0.999995
19.999996;3004.42177;0.027106;1.0450230704218926;0.999995;0.999995;1.02383;0.869534;1.066472;1.05469;0.999995
19.999996;3004.42177;0.027106;1.0450230704218926;0.999995;0.999995;1.02383;0.869534;1.066472;1.05469;0.999995
19.999996;3004.42177;0.027106;1.0450230704218926;0.999995;0.999995;1.02383;0.869534;1.066472;1.05469;0.999995
19.999996;3004.42177;0.027106;1.0450230704218926;0.999995;0.999995;1.02383;0.869534;1.066472;1.05469;0.999995
19.999996;3004.42177;0.027106;1.0450230704218926;0.999995;0.999995;1.02383;0.869534;1.066472;1.05469;0.999995
19.999996;3004.42177;0.027106;1.0450230704218926;0.999995;0.999995;1.02383;0.869534;1.066472;1.05469;0.999995
19.999997;3004.42177;0.027106;1.0450230704218926;0.999995;0.999995;1.02383;0.869534;1.066472;1.05469;0.999995
19.999998;3004.421769;0.027106;1.0450230704218926;0.999995;0.999995;1.02383;0.869534;1.066472;1.05469;0.999995
19.999999;3004.421769;0.027107;1.0450230704218926;0.999995;0.999995;1.02383;0.869534;1.066472;1.05469;0.999995
20.0;3004.421769;0.027107;1.0450230704218926;0.999995;0.999995;1.02383;0.869534;1.066472;1.05469;0.999995
20.000001;3004.421768;0.027107;1.0450230704218926;0.999995;0.999995;1.02383;0.869534;1.066472;1.05469;0.999995
20.000002;3004.421768;0.027107;1.0450231145524964;0.999995;0.999995;1.02383;0.869534;1.066472;1.05469;0.999995
20.000003;3004.421768;0.027107;1.0450231145524964;0.999995;0.999995;1.02383;0.869534;1.066472;1.05469;0.999995
20.000003;3004.421767;0.027107;1.0450231145524964;0.999995;0.999995;1.02383;0.869534;1.066472;1.05469;0.999995
20.000004;3004.421767;0.027108;1.0450231145524964;0.999995;0.999995;1.02383;0.869534;1.066472;1.05469;0.999995
20.000005;3004.421767;0.027108;1.0450231145524964;0.999995;0.999995;1.02383;0.869534;1.066472;1.05469;0.999995
20.000006;3004.421766;0.027108;1.0450231145524964;0.999995;0.999995;1.02383;0.869534;1.066472;1.05469;0.999995
20.000007;3004.421766;0.027108;1.0450231145524964;0.999995;0.999995;1.02383;0.869534;1.066472;1.05469;0.999995
20.000008;3004.421765;0.027108;1.0450231145524964;0.999995;0.999995;1.02383;0.869534;1.066472;1.05469;0.999995
20.000009;3004.421765;0.027108;1.0450231145524964;0.999995;0.999995;1.02383;0.869534;1.066472;1.05469;0.999995
20.000011;3004.421764;0.027109;1.0450231145524964;0.999995;0.999995;1.02383;0.869533;1.066472;1.054691;0.999995
20.000013;3004.421764;0.027109;1.0450231145524964;0.999995;0.999995;1.02383;0.869533;1.066472;1.054691;0.999995
20.000014;3004.421763;0.027109;1.0450231145524964;0.999995;0.999995;1.02383;0.869533;1.066472;1.054691;0.999995
20.000016;3004.421762;0.027109;1.0450231145524964;0.999995;0.999995;1.02383;0.869533;1.066472;1.054691;0.999995
20.000018;3004.421762;0.02711;1.0450231145524964;0.999995;0.999995;1.02383;0.869533;1.066472;1.054691;0.999995
20.000019;3004.421761;0.02711;1.0450231145524964;0.999995;0.999995;1.02383;0.869533;1.066472;1.054691;0.999995
20.000021;3004.421761;0.02711;1.0450231586840553;0.999995;0.999995;1.02383;0.869533;1.066472;1.054691;0.999995
20.000023;3004.42176;0.027111;1.0450231586840553;0.999995;0.999995;1.02383;0.869533;1.066472;1.054691;0.999995
20.000024;3004.421759;0.027111;1.0450231586840553;0.999995;0.999995;1.02383;0.869533;1.066472;1.054691;0.999995
20.000026;3004.421759;0.027111;1.0450231586840553;0.999995;0.999995;1.02383;0.869533;1.066472;1.054691;0.999995
20.000028;3004.421758;0.027111;1.0450231586840553;0.999995;0.999995;1.02383;0.869533;1.066472;1.054691;0.999995
20.000031;3004.421757;0.027112;1.0450231586840553;0.999995;0.999995;1.02383;0.869533;1.066472;1.054691;0.999995
20.000035;3004.421756;0.027113;1.0450231586840553;0.999995;0.999995;1.02383;0.869532;1.066472;1.054691;0.999995
20.000038;3004.421754;0.027113;1.0450231586840553;0.999995;0.999995;1.02383;0.869532;1.066472;1.054691;0.999995
20.000041;3004.421753;0.027114;1.0450232028165691;0.999995;0.999995;1.02383;0.869532;1.066472;1.054691;0.999995
20.000045;3004.421752;0.027114;1.0450232028165691;0.999995;0.999995;1.02383;0.869532;1.066472;1.054691;0.999995
20.000048;3004.42175;0.027115;1.0450232028165691;0.999995;0.999995;1.02383;0.869532;1.066472;1.054691;0.999995
20.000051;3004.421749;0.027115;1.0450232028165691;0.999995;0.999995;1.02383;0.869532;1.066472;1.054691;0.999995
20.000058;3004.421747;0.027117;1.045023246950038;0.999995;0.999995;1.02383;0.869531;1.066472;1.054691;0.999995
20.000065;3004.421744;0.027118;1.045023246950038;0.999995;0.999995;1.02383;0.869531;1.066472;1.054691;0.999995
20.000072;3004.421742;0.027119;1.045023246950038;0.999995;0.999995;1.02383;0.869531;1.066472;1.054691;0.999995
20.000078;3004.421739;0.02712;1.045023291084462;0.999995;0.999995;1.02383;0.869531;1.066472;1.054691;0.999995
20.000092;3004.421734;0.027122;1.045023291084462;0.999995;0.999995;1.02383;0.86953;1.066472;1.054691;0.999995
20.000119;3004.421724;0.027127;1.045023379356175;0.999995;0.999995;1.02383;0.869529;1.066472;1.054691;0.999995
20.000146;3004.421714;0.027131;1.045023423493464;0.999995;0.999995;1.02383;0.869528;1.066472;1.054691;0.999995
20.0002;3004.421694;0.02714;1.0450225568857352;0.999995;0.999995;1.02383;0.869526;1.066472;1.054691;0.999995
20.000308;3004.421653;0.027159;1.0450228217469701;0.999995;0.999995;1.02383;0.869521;1.066472;1.054691;0.999995
20.000416;3004.421613;0.027177;1.045023086642587;0.999996;0.999995;1.02383;0.869517;1.066472;1.054692;0.999996
20.000632;3004.421532;0.027213;1.0450225733494947;0.999996;0.999995;1.02383;0.869508;1.066472;1.054692;0.999996
20.000826;3004.42146;0.027245;1.0450230150240711;0.999996;0.999995;1.023829;0.8695;1.066472;1.054693;0.999996
20.00102;3004.421387;0.027278;1.0450224577706453;0.999996;0.999996;1.023829;0.869492;1.066472;1.054694;0.999996
20.001215;3004.421315;0.02731;1.0450229438285077;0.999997;0.999996;1.023829;0.869484;1.066472;1.054694;0.999997
20.001603;3004.421171;0.027374;1.0450228288439443;0.999997;0.999996;1.023829;0.869468;1.066472;1.054695;0.999997
20.001992;3004.421027;0.027439;1.0450227142430923;0.999998;0.999997;1.023829;0.869452;1.066472;1.054696;0.999998
20.002381;3004.420884;0.027503;1.0450226442761898;0.999998;0.999997;1.023829;0.869436;1.066472;1.054698;0.999998
20.003158;3004.420599;0.02763;1.0450224170313287;0.999999;0.999998;1.023829;0.869404;1.066472;1.0547;0.999999
20.003935;3004.420317;0.027756;1.045023190338377;1.0;0.999998;1.023828;0.869373;1.066472;1.054702;1.0
20.004713;3004.420037;0.027881;1.0450229217964553;1.000001;0.999999;1.023828;0.869342;1.066472;1.054705;1.000001
20.00549;3004.419759;0.028006;1.0450226547137627;1.000002;1.0;1.023827;0.869311;1.066472;1.054707;1.000002
20.006267;3004.419484;0.02813;1.0450223890903008;1.000003;1.000001;1.023827;0.86928;1.066472;1.054709;1.000003
20.007044;3004.419212;0.028254;1.0450231239364993;1.000004;1.000001;1.023826;0.869249;1.066472;1.054712;1.000004
20.007822;3004.418943;0.028377;1.0450228167164581;1.000005;1.000002;1.023825;0.869219;1.066472;1.054714;1.000005
20.008599;3004.418677;0.0285;1.0450225108819426;1.000006;1.000003;1.023825;0.869188;1.066472;1.054716;1.000006
20.009376;3004.418413;0.028623;1.0450232054385205;1.000007;1.000004;1.023824;0.869158;1.066472;1.054719;1.000007
20.010154;3004.418154;0.028745;1.045022857751925;1.000008;1.000005;1.023823;0.869128;1.066472;1.054721;1.000008
20.010931;3004.417897;0.028868;1.0450235103814651;1.000009;1.000005;1.023822;0.869098;1.066472;1.054723;1.000009
20.011708;3004.417644;0.02899;1.04502316532075;1.00001;1.000006;1.023821;0.869069;1.066472;1.054726;1.00001
20.012486;3004.417394;0.029112;1.045023820573005;1.000011;1.000007;1.02382;0.869039;1.066472;1.054728;1.000011
20.013263;3004.417148;0.029234;1.0450234333760176;1.000012;1.000008;1.023819;0.86901;1.066472;1.054731;1.000012
20.01404;3004.416905;0.029357;1.0450240464190288;1.000013;1.000008;1.023818;0.86898;1.066472;1.054733;1.000013
20.014818;3004.416667;0.029479;1.0450236617081932;1.000014;1.000009;1.023817;0.868951;1.066472;1.054736;1.000014
20.015595;3004.416431;0.029602;1.045024232369757;1.000015;1.00001;1.023816;0.868922;1.066472;1.054739;1.000015
20.016372;3004.4162;0.029725;1.0450248042041874;1.000016;1.000011;1.023814;0.868893;1.066472;1.054741;1.000016
20.017149;3004.415972;0.029848;1.0450243782213886;1.000017;1.000012;1.023813;0.868864;1.066472;1.054744;1.000017
20.017927;3004.415748;0.029971;1.0450249524030515;1.000018;1.000013;1.023812;0.868836;1.066472;1.054747;1.000018
20.018704;3004.415528;0.030095;1.0450254827601095;1.000019;1.000013;1.02381;0.868807;1.066472;1.05475;1.000019
20.019481;3004.415312;0.030219;1.0450260142240477;1.00002;1.000014;1.023809;0.868779;1.066472;1.054752;1.00002
20.021036;3004.414891;0.030468;1.0450260814898353;1.000022;1.000016;1.023806;0.868722;1.066472;1.054758;1.000022
20.022591;3004.414495;0.03072;1.04502706185151;1.000024;1.000018;1.023802;0.868666;1.066472;1.054764;1.000024
20.02399;3004.41415;0.030947;1.0450286836259568;1.000026;1.000019;1.023799;0.868616;1.066472;1.05477;1.000026
20.025068;3004.413893;0.031124;1.0450287212321008;1.000027;1.00002;1.023797;0.868578;1.066472;1.054774;1.000027
20.026038;3004.413667;0.031284;1.0450295332692756;1.000029;1.000021;1.023795;0.868543;1.066472;1.054778;1.000029
20.026911;3004.413469;0.031428;1.0450301201864949;1.00003;1.000022;1.023793;0.868512;1.066472;1.054782;1.00003
20.027697;3004.413295;0.031558;1.0450305721968136;1.000031;1.000023;1.023791;0.868485;1.066472;1.054785;1.000031
20.028483;3004.413125;0.031689;1.0450310251877692;1.000032;1.000024;1.023789;0.868457;1.066472;1.054789;1.000032
20.029191;3004.412975;0.031807;1.0450322964564303;1.000033;1.000025;1.023787;0.868433;1.066472;1.054792;1.000033
20.029898;3004.412829;0.031926;1.0450325695068072;1.000034;1.000026;1.023785;0.868408;1.066472;1.054795;1.000034
20.030606;3004.412685;0.032045;1.0450328433082856;1.000035;1.000026;1.023783;0.868383;1.066472;1.054798;1.000035
20.03202;3004.412406;0.032284;1.045034346605412;1.000036;1.000028;1.023779;0.868334;1.066472;1.054804;1.000036
20.033435;3004.412139;0.032524;1.0450358527959698;1.000038;1.00003;1.023776;0.868286;1.066472;1.054811;1.000038
20.03485;3004.411885;0.032766;1.045037316253348;1.00004;1.000031;1.023772;0.868237;1.066472;1.054818;1.00004
20.036264;3004.411644;0.03301;1.0450387368227074;1.000042;1.000033;1.023768;0.868189;1.066472;1.054824;1.000042
20.037679;3004.411414;0.033255;1.045040114352076;1.000044;1.000034;1.023764;0.868141;1.066472;1.054831;1.000044
20.040509;3004.410993;0.03375;1.045042877170597;1.000047;1.000038;1.023755;0.868046;1.066472;1.054846;1.000047
20.043338;3004.41062;0.03425;1.045046465587057;1.000051;1.000041;1.023746;0.867953;1.066472;1.054861;1.000051
20.046168;3004.410294;0.034757;1.045049971529113;1.000055;1.000044;1.023737;0.86786;1.066472;1.054876;1.000055
20.050197;3004.409906;0.035485;1.045056192258579;1.00006;1.000049;1.023723;0.86773;1.066472;1.054899;1.00006
20.054227;3004.409604;0.036222;1.045062199037933;1.000065;1.000054;1.023709;0.867601;1.066472;1.054923;1.000065
20.058256;3004.409384;0.036965;1.0450680363928466;1.00007;1.000058;1.023694;0.867475;1.066472;1.054947;1.00007
20.061883;3004.409251;0.037638;1.0450741438084667;1.000075;1.000063;1.02368;0.867363;1.066472;1.05497;1.000075
20.065509;3004.409176;0.038314;1.0450810287016028;1.00008;1.000067;1.023665;0.867253;1.066472;1.054994;1.00008
20.068773;3004.409155;0.038924;1.0450873638471572;1.000084;1.000071;1.023652;0.867155;1.066472;1.055015;1.000084
20.072037;3004.409174;0.039533;1.045093566925469;1.000088;1.000075;1.023638;0.867058;1.066472;1.055037;1.000088
20.075301;3004.40923;0.040142;1.0450996371638448;1.000092;1.000078;1.023624;0.866962;1.066472;1.055059;1.000092
20.078565;3004.409322;0.04075;1.0451065727135198;1.000097;1.000082;1.02361;0.866868;1.066472;1.055081;1.000097
20.081828;3004.409446;0.041355;1.045113467966517;1.000101;1.000086;1.023595;0.866775;1.066472;1.055103;1.000101
20.085092;3004.4096;0.041957;1.0451202285105765;1.000105;1.00009;1.02358;0.866683;1.066472;1.055126;1.000105
20.088356;3004.40978;0.042556;1.0451268536594014;1.000109;1.000094;1.023564;0.866592;1.066472;1.055149;1.000109
20.09162;3004.409985;0.04315;1.045134436099012;1.000113;1.000098;1.023548;0.866503;1.066472;1.055172;1.000113
20.094884;3004.410213;0.043739;1.045141882116012;1.000118;1.000101;1.023532;0.866415;1.066472;1.055194;1.000118
20.098148;3004.41046;0.044323;1.045149238453533;1.000122;1.000105;1.023515;0.866327;1.066472;1.055217;1.000122
20.101412;3004.410724;0.044902;1.045157503580202;1.000126;1.000109;1.023498;0.866241;1.066472;1.05524;1.000126
20.104675;3004.411004;0.045474;1.0451646793501013;1.00013;1.000113;1.02348;0.866156;1.066472;1.055263;1.00013
20.107939;3004.411298;0.046039;1.045172763126269;1.000134;1.000117;1.023462;0.866072;1.066472;1.055286;1.000134
20.111203;3004.411603;0.046597;1.0451807556633446;1.000139;1.00012;1.023443;0.865989;1.066472;1.055309;1.000139
20.114467;3004.411917;0.047149;1.045188704280715;1.000143;1.000124;1.023424;0.865907;1.066472;1.055332;1.000143
20.117731;3004.41224;0.047692;1.0451965133284746;1.000147;1.000128;1.023405;0.865826;1.066472;1.055355;1.000147
20.120995;3004.412569;0.048229;1.0452042778811232;1.000151;1.000131;1.023384;0.865746;1.066472;1.055377;1.000151
20.124259;3004.412902;0.048757;1.0452129966279602;1.000156;1.000135;1.023363;0.865667;1.066472;1.0554;1.000156
20.127522;3004.413239;0.049278;1.0452205759001303;1.00016;1.000138;1.023342;0.865589;1.066472;1.055422;1.00016
20.130786;3004.413577;0.04979;1.0452291088340393;1.000164;1.000142;1.02332;0.865511;1.066472;1.055444;1.000164
20.13405;3004.413916;0.050295;1.0452375484285856;1.000168;1.000146;1.023297;0.865435;1.066472;1.055466;1.000168
20.137314;3004.414255;0.050792;1.0452459424350806;1.000172;1.000149;1.023273;0.865359;1.066472;1.055488;1.000172
20.140578;3004.414591;0.05128;1.0452542907111166;1.000177;1.000153;1.023249;0.865284;1.066472;1.05551;1.000177
20.143842;3004.414925;0.051761;1.0452625449833166;1.000181;1.000156;1.023224;0.865209;1.066472;1.055531;1.000181
20.147106;3004.415255;0.052235;1.0452707049841203;1.000185;1.00016;1.023199;0.865136;1.066472;1.055553;1.000185
20.150369;3004.41558;0.0527;1.0452798657297482;1.000189;1.000163;1.023172;0.865062;1.066472;1.055574;1.000189
20.153633;3004.415899;0.053158;1.0452879330237195;1.000193;1.000167;1.023145;0.86499;1.066472;1.055595;1.000193
20.156897;3004.416212;0.053608;1.0452969042932252;1.000198;1.00017;1.023117;0.864918;1.066472;1.055616;1.000198
20.160161;3004.416517;0.054052;1.0453058771407535;1.000202;1.000173;1.023088;0.864847;1.066472;1.055636;1.000202
20.163425;3004.416815;0.054488;1.0453137559871677;1.000206;1.000177;1.023059;0.864776;1.066472;1.055657;1.000206
20.169953;3004.417384;0.05534;1.0453313702826486;1.000214;1.000183;1.022997;0.864635;1.066472;1.055697;1.000214
20.175827;3004.417864;0.056086;1.0453474089052883;1.000222;1.000189;1.022938;0.86451;1.066472;1.055733;1.000222
20.181702;3004.418311;0.056811;1.0453633055526677;1.00023;1.000195;1.022876;0.864386;1.066472;1.055769;1.00023
20.187577;3004.4187229999998;0.05752;1.0453790597147048;1.000237;1.000201;1.022811;0.864263;1.066472;1.055804;1.000237
20.193452;3004.419099;0.058211;1.0453946709071174;1.000245;1.000207;1.022742;0.86414;1.066472;1.055838;1.000245
20.199327;3004.419437;0.058888;1.0454110887708241;1.000252;1.000213;1.022671;0.864018;1.066472;1.055872;1.000252
20.205202;3004.419736;0.059552;1.0454274114375421;1.00026;1.000218;1.022596;0.863896;1.066472;1.055906;1.00026
20.216952;3004.420217;0.060848;1.045459721265243;1.000275;1.00023;1.022435;0.863651;1.066472;1.055972;1.000275
20.228702;3004.420544;0.062112;1.045493497906132;1.00029;1.000241;1.022261;0.863406;1.066472;1.056038;1.00029
20.240452;3004.420718;0.063352;1.045526888264477;1.000305;1.000252;1.022072;0.863158;1.066472;1.056103;1.000305
20.252202;3004.420745;0.064582;1.0455608895674129;1.00032;1.000263;1.021868;0.862906;1.066472;1.056167;1.00032
20.263952;3004.420632;0.065811;1.0455955985987124;1.000335;1.000274;1.02165;0.86265;1.066472;1.056232;1.000335
20.274527;3004.420419;0.066922;1.04562672444807;1.000349;1.000285;1.021441;0.862415;1.066472;1.05629;1.000349
20.285101;3004.420108;0.068045;1.0456586541410156;1.000363;1.000295;1.021221;0.862176;1.066472;1.056349;1.000363
20.294619;3004.419749;0.069071;1.0456871952821265;1.000375;1.000304;1.021013;0.861956;1.066472;1.056402;1.000375
20.304136;3004.419324;0.070112;1.0457165884358917;1.000387;1.000313;1.020796;0.861732;1.066472;1.056456;1.000387
20.313654;3004.418837;0.071174;1.0457458838212084;1.000399;1.000322;1.020571;0.861503;1.066472;1.05651;1.000399
20.323171;3004.418295;0.072256;1.0457760308077442;1.000412;1.000332;1.020337;0.86127;1.066472;1.056565;1.000412
20.332689;3004.417704;0.073361;1.0458060797016815;1.000424;1.000341;1.020095;0.861032;1.066472;1.056621;1.000424
20.342206;3004.417071;0.074491;1.045837029168981;1.000436;1.000351;1.019845;0.86079;1.066472;1.056678;1.000436
20.351723;3004.416399;0.075645;1.0458678803180637;1.000448;1.000361;1.019587;0.860542;1.066472;1.056735;1.000448
20.361241;3004.415697;0.076825;1.04589863305437;1.00046;1.000371;1.019323;0.860291;1.066472;1.056793;1.00046
20.370758;3004.414968;0.07803;1.045930335424401;1.000472;1.000381;1.019052;0.860035;1.066472;1.056852;1.000472
20.380276;3004.414219;0.07926;1.0459619886066605;1.000485;1.000391;1.018775;0.859774;1.066472;1.056912;1.000485
20.389793;3004.413453;0.080515;1.0459935431946987;1.000497;1.000401;1.018492;0.859509;1.066472;1.056973;1.000497
20.39931;3004.412677;0.081793;1.0460250978872352;1.000509;1.000412;1.018204;0.859241;1.066472;1.057034;1.000509
20.408828;3004.411895;0.083094;1.0460575526853195;1.000521;1.000422;1.017911;0.858969;1.066472;1.057096;1.000521
20.418345;3004.411111;0.084417;1.0460900075509756;1.000533;1.000433;1.017614;0.858693;1.066472;1.057159;1.000533
20.427863;3004.410329;0.085761;1.046122413080324;1.000545;1.000444;1.017313;0.858414;1.066472;1.057223;1.000545
20.43738;3004.409554;0.087124;1.046154818662133;1.000558;1.000455;1.017008;0.858132;1.066472;1.057287;1.000558
20.446897;3004.408788;0.088504;1.046187174879333;1.00057;1.000466;1.016701;0.857848;1.066472;1.057351;1.00057
20.456415;3004.408035;0.0899;1.0462194817135646;1.000582;1.000478;1.016391;0.857561;1.066472;1.057416;1.000582
20.465932;3004.407299;0.09131;1.0462527873535155;1.000594;1.000489;1.016079;0.857272;1.066472;1.057482;1.000594
20.47545;3004.406582;0.092733;1.0462850942434383;1.000606;1.000501;1.015765;0.856981;1.066472;1.057547;1.000606
20.484967;3004.405887;0.094166;1.04631740116133;1.000618;1.000512;1.01545;0.856689;1.066472;1.057614;1.000618
20.494485;3004.405216;0.095609;1.046349658665305;1.00063;1.000524;1.015134;0.856395;1.066472;1.05768;1.00063
20.513519;3004.403958;0.098511;1.0464152219558926;1.000654;1.000549;1.014502;0.855806;1.066472;1.057813;1.000654
20.530651;3004.402928;0.101136;1.046472696209987;1.000676;1.000571;1.013934;0.855275;1.066472;1.057933;1.000676
20.547782;3004.402003;0.103763;1.0465301705278258;1.000698;1.000593;1.013369;0.854744;1.066472;1.058053;1.000698
20.564913;3004.401187;0.106383;1.046586646133993;1.000719;1.000616;1.012809;0.854215;1.066472;1.058173;1.000719
20.582045;3004.400485;0.108987;1.0466431712871394;1.000741;1.000639;1.012256;0.853689;1.066472;1.058292;1.000741
20.616307;3004.399424;0.114105;1.0467522267404068;1.000784;1.000685;1.011175;0.852654;1.066472;1.058525;1.000784
20.645514;3004.398871;0.118351;1.0468421572806474;1.000821;1.000725;1.010285;0.851791;1.066472;1.05872;1.000821
20.6718;3004.398633;0.122059;1.0469210520531145;1.000854;1.000762;1.009511;0.851035;1.066472;1.05889;1.000854
20.695457;3004.398613;0.12529;1.0469889110367885;1.000883;1.000794;1.008838;0.850371;1.066472;1.059039;1.000883
20.716748;3004.398736;0.128105;1.047048680963784;1.00091;1.000824;1.008253;0.84979;1.066472;1.059169;1.00091
20.73804;3004.398976;0.130827;1.0471065031127444;1.000936;1.000853;1.007686;0.849223;1.066472;1.059295;1.000936
20.757202;3004.399277;0.133195;1.0471571853289265;1.00096;1.000879;1.007192;0.848726;1.066472;1.059405;1.00096
20.776364;3004.399645;0.135487;1.0472059197550403;1.000984;1.000906;1.006713;0.848241;1.066472;1.059512;1.000984
20.795527;3004.400068;0.137703;1.0472526568206928;1.001008;1.000932;1.006247;0.847769;1.066472;1.059616;1.001008
20.814689;3004.400532;0.139844;1.0472983456723304;1.001031;1.000957;1.005795;0.847309;1.066472;1.059716;1.001031
20.833851;3004.401026;0.141913;1.0473430855493342;1.001055;1.000983;1.005355;0.84686;1.066472;1.059814;1.001055
20.853014;3004.401537;0.143912;1.047385728774266;1.001079;1.001008;1.004927;0.846422;1.066472;1.059908;1.001079
20.872176;3004.402054;0.145846;1.047427373368197;1.001102;1.001034;1.004509;0.845994;1.066472;1.059999;1.001102
20.891338;3004.402569;0.147718;1.0474670205672347;1.001126;1.001059;1.004101;0.845577;1.066472;1.060087;1.001126
20.9105;3004.403072;0.149532;1.0475055697742135;1.001149;1.001084;1.003703;0.845169;1.066472;1.060173;1.001149
20.929663;3004.403556;0.151292;1.0475431203139085;1.001172;1.001108;1.003312;0.844769;1.066472;1.060255;1.001172
20.948825;3004.404015;0.153003;1.0475796721877528;1.001196;1.001133;1.002928;0.844378;1.066472;1.060336;1.001196
20.967987;3004.404443;0.154668;1.0476151259770927;1.001219;1.001157;1.00255;0.843994;1.066472;1.060414;1.001219
20.98715;3004.404836;0.156292;1.0476485325881004;1.001242;1.001181;1.002178;0.843617;1.066472;1.060489;1.001242
21.00224;3004.405121;0.157545;1.047674848464446;1.00126;1.0012;1.001889;0.843324;1.066472;1.060547;1.00126
21.00224;3004.405121;0.157545;1.047674848464446;1.00126;1.0012;1.001889;0.843324;1.066472;1.060547;1.00126
21.002384;3004.405123;0.157557;1.047674848464446;1.001261;1.0012;1.001886;0.843322;1.066472;1.060548;1.001261
21.002529;3004.405126;0.157569;1.047674848464446;1.001261;1.0012;1.001883;0.843319;1.066472;1.060548;1.001261
21.002817;3004.405131;0.157593;1.047675847227567;1.001261;1.001201;1.001878;0.843313;1.066472;1.06055;1.001261
21.003394;3004.405141;0.15764;1.0476768957126048;1.001262;1.001201;1.001867;0.843302;1.066472;1.060552;1.001262
21.004549;3004.405162;0.157735;1.0476788932387635;1.001263;1.001203;1.001845;0.84328;1.066472;1.060556;1.001263
21.006858;3004.405203;0.157923;1.0476829380136912;1.001266;1.001206;1.001801;0.843236;1.066472;1.060565;1.001266
21.011475;3004.405282;0.158299;1.0476900288024127;1.001272;1.001211;1.001713;0.843148;1.066472;1.060582;1.001272
21.016093;3004.405358;0.158673;1.047698118356619;1.001277;1.001217;1.001626;0.84306;1.066472;1.060599;1.001277
21.025328;3004.405503;0.159413;1.0477132489808458;1.001288;1.001228;1.001453;0.842885;1.066472;1.060633;1.001288
21.03364;3004.405625;0.160074;1.0477263820845593;1.001298;1.001239;1.001297;0.842729;1.066472;1.060664;1.001298
21.041951;3004.40574;0.160729;1.0477395151935427;1.001308;1.001249;1.001142;0.842574;1.066472;1.060694;1.001308
21.050263;3004.405848;0.16138;1.047752598573251;1.001318;1.001259;1.000988;0.84242;1.066472;1.060723;1.001318
21.066886;3004.406047;0.162669;1.0477788150750138;1.001338;1.00128;1.000681;0.842115;1.066472;1.060782;1.001338
21.083509;3004.406221;0.163941;1.0478039830870085;1.001358;1.0013;1.000377;0.841812;1.066472;1.060839;1.001358
21.100133;3004.406368;0.165196;1.0478281523441715;1.001378;1.00132;1.000075;0.841513;1.066472;1.060895;1.001378
21.133379;3004.406595;0.167656;1.047875342878627;1.001417;1.001361;0.999479;0.840925;1.066472;1.061005;1.001417
21.163301;3004.40673;0.169816;1.0479154425925787;1.001453;1.001397;0.998951;0.840408;1.066472;1.061099;1.001453
21.193223;3004.406814;0.171927;1.0479544440527937;1.001488;1.001433;0.998432;0.839901;1.066472;1.06119;1.001488
21.223145;3004.406861;0.173988;1.0479903994836977;1.001523;1.00147;0.997922;0.839406;1.066472;1.061278;1.001523
21.253067;3004.406886;0.175998;1.0480253064139244;1.001558;1.001506;0.997423;0.838922;1.066472;1.061363;1.001558
21.282989;3004.406901;0.177954;1.0480581163513787;1.001593;1.001542;0.996936;0.83845;1.066472;1.061445;1.001593
21.312911;3004.40692;0.179851;1.0480889287841941;1.001628;1.001578;0.996461;0.837992;1.066472;1.061523;1.001628
21.342833;3004.406953;0.181686;1.0481176939833619;1.001662;1.001614;0.996001;0.837548;1.066472;1.061598;1.001662
21.372755;3004.407009;0.183453;1.0481454107260118;1.001696;1.00165;0.995556;0.837118;1.066472;1.06167;1.001696
21.402677;3004.407094;0.185147;1.0481700815025203;1.00173;1.001686;0.995127;0.836704;1.066472;1.061738;1.00173
21.432599;3004.407214;0.186764;1.0481937535651509;1.001764;1.001722;0.994716;0.836306;1.066472;1.061802;1.001764
21.462521;3004.407371;0.188299;1.0482153784485324;1.001798;1.001757;0.994323;0.835926;1.066472;1.061863;1.001798
21.522364;3004.407793;0.191108;1.048253634577529;1.001865;1.001828;0.993595;0.835218;1.066472;1.061972;1.001865
21.576224;3004.408286;0.193329;1.0482819032912856;1.001925;1.001892;0.993005;0.834644;1.066472;1.062058;1.001925
21.630083;3004.408864;0.195254;1.0483041299785096;1.001984;1.001955;0.992479;0.834129;1.066472;1.062131;1.001984
21.677484;3004.409426;0.196702;1.0483204139503342;1.002035;1.002009;0.992067;0.833725;1.066472;1.062184;1.002035
21.720144;3004.409959;0.197811;1.0483307551517318;1.002081;1.002058;0.991736;0.833401;1.066472;1.062224;1.002081
21.762804;3004.410505;0.198741;1.0483389997634354;1.002127;1.002106;0.991443;0.833113;1.066472;1.062257;1.002127
21.805464;3004.411052;0.199497;1.0483432495251734;1.002172;1.002154;0.991185;0.83286;1.066472;1.062283;1.002172
21.848124;3004.411594;0.200085;1.0483465007381862;1.002216;1.002201;0.990962;0.832641;1.066472;1.062302;1.002216
21.890784;3004.412126;0.200511;1.0483456579511359;1.002261;1.002248;0.990773;0.832456;1.066472;1.062314;1.002261
21.933445;3004.412645;0.200781;1.048343816667509;1.002304;1.002294;0.990617;0.832304;1.066472;1.062321;1.002304
21.976105;3004.413152;0.2009;1.0483389298051466;1.002348;1.00234;0.990492;0.832183;1.066472;1.062321;1.002348
22.003768;3004.413476;0.2009;1.048335388663857;1.002376;1.002369;0.990428;0.832122;1.066472;1.062318;1.002376
22.003768;3004.413476;0.2009;1.048335388663857;1.002376;1.002369;0.990428;0.832122;1.066472;1.062318;1.002376
22.003925;3004.413478;0.2009;1.048335388663857;1.002376;1.002369;0.990427;0.832121;1.066472;1.062318;1.002376
22.004082;3004.41348;0.2009;1.048335388663857;1.002376;1.00237;0.990427;0.832121;1.066472;1.062318;1.002376
22.004395;3004.413483;0.2009;1.0483353391401053;1.002376;1.00237;0.990427;0.83212;1.066472;1.062318;1.002376
22.005022;3004.413491;0.200899;1.0483343403671368;1.002377;1.002371;0.990425;0.832119;1.066472;1.062318;1.002377
22.006276;3004.413505;0.200897;1.0483343403671368;1.002378;1.002372;0.990423;0.832117;1.066472;1.062317;1.002378
22.008785;3004.413534;0.200893;1.0483342413223942;1.002381;1.002375;0.990418;0.832112;1.066472;1.062317;1.002381
22.011293;3004.413563;0.200889;1.0483341918014504;1.002383;1.002377;0.990413;0.832107;1.066472;1.062316;1.002383
22.01631;3004.413618;0.200878;1.048333093989215;1.002388;1.002382;0.990403;0.832098;1.066472;1.062316;1.002388
22.021326;3004.413672;0.200865;1.0483319961805992;1.002393;1.002388;0.990394;0.832089;1.066472;1.062314;1.002393
22.026343;3004.413722;0.20085;1.0483308983756034;1.002398;1.002393;0.990385;0.832081;1.066472;1.062313;1.002398
22.031359;3004.413768;0.200831;1.0483297510616592;1.002403;1.002398;0.990376;0.832073;1.066472;1.062312;1.002403
22.037782;3004.413818;0.200803;1.0483286037559978;1.00241;1.002404;0.990365;0.832063;1.066472;1.06231;1.00241
22.044205;3004.413856;0.20077;1.0483274564586202;1.002416;1.002411;0.990354;0.832053;1.066472;1.062308;1.002416
22.050627;3004.413882;0.200731;1.0483263091695258;1.002423;1.002417;0.990343;0.832044;1.066472;1.062306;1.002423
22.05705;3004.413893;0.200686;1.0483241631146352;1.002429;1.002424;0.990332;0.832036;1.066472;1.062303;1.002429
22.063472;3004.413887;0.200635;1.0483229663443416;1.002435;1.00243;0.990321;0.832028;1.066472;1.062301;1.002435
22.069895;3004.413865;0.200578;1.0483217695888987;1.002442;1.002436;0.990309;0.83202;1.066472;1.062297;1.002442
22.076317;3004.413823;0.200515;1.0483195740736695;1.002448;1.002442;0.990298;0.832013;1.066472;1.062294;1.002448
22.08274;3004.413762;0.200447;1.0483183773477407;1.002454;1.002449;0.990286;0.832006;1.066472;1.062291;1.002454
22.089163;3004.413682;0.200373;1.0483161818616558;1.002461;1.002455;0.990274;0.831999;1.066472;1.062287;1.002461
22.095585;3004.413581;0.200294;1.04831393691203;1.002467;1.002461;0.990261;0.831992;1.066472;1.062283;1.002467
22.102008;3004.413459;0.20021;1.048312740234039;1.002473;1.002467;0.990248;0.831985;1.066472;1.062278;1.002473
22.10843;3004.413318;0.200122;1.048310495325693;1.00248;1.002473;0.990234;0.831979;1.066472;1.062274;1.00248
22.114853;3004.413156;0.200029;1.0483082504402035;1.002486;1.002479;0.990219;0.831972;1.066472;1.062269;1.002486
22.127698;3004.412773;0.199835;1.0483047100595322;1.002499;1.002491;0.990188;0.831959;1.066472;1.062259;1.002499
22.140543;3004.412314;0.199631;1.0483001710140087;1.002511;1.002502;0.990155;0.831946;1.066472;1.062248;1.002511
22.155597;3004.411687;0.199384;1.0482954343528355;1.002526;1.002516;0.990112;0.83193;1.066472;1.062235;1.002526
22.17065;3004.410972;0.199134;1.0482906979001578;1.00254;1.00253;0.990064;0.831912;1.066472;1.062222;1.00254
22.185703;3004.41018;0.198884;1.0482859122548582;1.002555;1.002544;0.990013;0.831893;1.066472;1.062208;1.002555
22.200757;3004.40932;0.198638;1.0482810774620517;1.002569;1.002557;0.989958;0.831873;1.066472;1.062195;1.002569
22.214305;3004.408498;0.198423;1.0482763416771363;1.002582;1.00257;0.989906;0.831853;1.066472;1.062182;1.002582
22.227853;3004.407639;0.198216;1.0482715567447205;1.002595;1.002582;0.989851;0.831832;1.066472;1.06217;1.002595
22.241401;3004.406751;0.198017;1.0482677708319568;1.002608;1.002594;0.989794;0.83181;1.066472;1.062158;1.002608
22.254949;3004.405841;0.197828;1.0482629863755564;1.002621;1.002607;0.989735;0.831786;1.066472;1.062147;1.002621
22.268497;3004.404917;0.197647;1.0482592009403018;1.002634;1.002619;0.989674;0.831762;1.066472;1.062135;1.002634
22.282045;3004.403984;0.197474;1.0482553664494163;1.002646;1.002632;0.989613;0.831737;1.066472;1.062124;1.002646
22.295593;3004.40305;0.197309;1.048250582722471;1.002659;1.002644;0.989551;0.831712;1.066472;1.062113;1.002659
22.309141;3004.40212;0.197151;1.048246748755273;1.002672;1.002657;0.989489;0.831686;1.066472;1.062102;1.002672
22.322689;3004.401205;0.196999;1.0482429643059858;1.002684;1.00267;0.989427;0.831661;1.066472;1.062092;1.002684
22.334882;3004.400395;0.196864;1.0482392293293548;1.002695;1.002681;0.989373;0.831639;1.066472;1.062082;1.002695
22.345856;3004.39968;0.196742;1.0482365917921395;1.002706;1.002692;0.989326;0.831619;1.066472;1.062074;1.002706
22.355733;3004.399047;0.196632;1.0482330540457117;1.002715;1.002701;0.989284;0.831602;1.066472;1.062066;1.002715
22.365609;3004.398428;0.19652;1.0482304659997248;1.002724;1.002711;0.989243;0.831586;1.066472;1.062058;1.002724
22.374498;3004.397882;0.196418;1.0482279764679057;1.002732;1.002719;0.989207;0.831573;1.066472;1.062051;1.002732
22.383387;3004.397347;0.196314;1.0482244882395182;1.00274;1.002728;0.989173;0.83156;1.066472;1.062045;1.00274
22.391387;3004.396875;0.196218;1.0482220480661528;1.002747;1.002735;0.989143;0.831549;1.066472;1.062038;1.002747
22.399387;3004.396413;0.19612;1.048219607968197;1.002754;1.002743;0.989114;0.831538;1.066472;1.062032;1.002754
22.407387;3004.395962;0.196019;1.0482171679456505;1.002762;1.002751;0.989086;0.831529;1.066472;1.062025;1.002762
22.423387;3004.395085;0.195809;1.0482123372661667;1.002776;1.002766;0.989034;0.831512;1.066472;1.062012;1.002776
22.439387;3004.394249;0.195585;1.0482065080627003;1.002791;1.002782;0.988986;0.831498;1.066472;1.061999;1.002791
22.455387;3004.393456;0.195344;1.048200679126378;1.002805;1.002797;0.988944;0.831489;1.066472;1.061985;1.002805
22.487387;3004.392003;0.194801;1.0481891692876817;1.002833;1.002828;0.988878;0.831483;1.066472;1.061955;1.002833
22.519387;3004.390721;0.194164;1.048176710588916;1.002862;1.002859;0.988837;0.831497;1.066472;1.061923;1.002862
22.551387;3004.389598;0.193424;1.048162304144258;1.002889;1.002889;0.988824;0.831532;1.066472;1.061887;1.002889
22.583387;3004.388617;0.192571;1.0481479964609004;1.002917;1.00292;0.988838;0.831589;1.066472;1.061848;1.002917
22.612186;3004.387839;0.191705;1.0481328865415873;1.002942;1.002947;0.988873;0.831659;1.066472;1.061809;1.002942
22.640986;3004.387142;0.190745;1.0481178260529682;1.002966;1.002974;0.98893;0.831747;1.066472;1.061768;1.002966
22.666906;3004.386569;0.1898;1.048102863872626;1.002988;1.002998;0.988999;0.831842;1.066472;1.061728;1.002988
22.692826;3004.386035;0.188783;1.0480879509683334;1.00301;1.003021;0.989083;0.83195;1.066472;1.061685;1.00301
22.718746;3004.385526;0.187696;1.0480720884843753;1.003031;1.003044;0.989182;0.832072;1.066472;1.061641;1.003031
22.744666;3004.385031;0.186544;1.0480551785917571;1.003053;1.003067;0.989294;0.832206;1.066472;1.061594;1.003053
22.770586;3004.384541;0.185331;1.0480383178858492;1.003074;1.00309;0.989418;0.832352;1.066472;1.061545;1.003074
22.796506;3004.384046;0.184063;1.0480204098017367;1.003095;1.003112;0.989553;0.832509;1.066472;1.061494;1.003095
22.822426;3004.383539;0.182744;1.048002550869033;1.003115;1.003134;0.989699;0.832675;1.066472;1.061441;1.003115
22.848346;3004.383015;0.181381;1.0479836445885022;1.003136;1.003155;0.989853;0.832852;1.066472;1.061387;1.003136
22.874266;3004.382471;0.179977;1.0479647874241769;1.003156;1.003177;0.990016;0.833036;1.066472;1.061331;1.003156
22.900186;3004.381904;0.178538;1.047945881751534;1.003177;1.003198;0.990186;0.833229;1.066472;1.061274;1.003177
22.952026;3004.380704;0.175572;1.0479070725331516;1.003217;1.003239;0.990546;0.833636;1.066472;1.061157;1.003217
23.003866;3004.379424;0.172504;1.047867265749341;1.003256;1.00328;0.990931;0.834068;1.066472;1.061036;1.003256
23.050521;3004.378222;0.169668;1.0478306513936306;1.00329;1.003316;0.991296;0.834478;1.066472;1.060925;1.00329
23.092512;3004.377113;0.167062;1.047797180450969;1.003321;1.003348;0.991641;0.834863;1.066472;1.060823;1.003321
23.134502;3004.375994;0.164406;1.0477637103335848;1.003351;1.003379;0.992;0.835262;1.066472;1.06072;1.003351
23.176492;3004.374882;0.161703;1.047730289645193;1.003381;1.00341;0.992374;0.835676;1.066472;1.060614;1.003381
23.214284;3004.373897;0.159226;1.047699013101091;1.003408;1.003438;0.992725;0.836062;1.066472;1.060518;1.003408
23.252075;3004.372934;0.156707;1.047667737178157;1.003434;1.003465;0.99309;0.83646;1.066472;1.060421;1.003434
23.289866;3004.371998;0.154143;1.0476355115864486;1.003459;1.003492;0.993468;0.83687;1.066472;1.060322;1.003459
23.327658;3004.371093;0.151532;1.0476042853888103;1.003485;1.003518;0.993861;0.837294;1.066472;1.060222;1.003485
23.365449;3004.370217;0.148874;1.0475711106029986;1.003509;1.003544;0.994267;0.83773;1.066472;1.06012;1.003509
23.441031;3004.368548;0.143412;1.047505809870284;1.003558;1.003595;0.995123;0.83864;1.066472;1.059912;1.003558
23.506018;3004.367188;0.138567;1.0474479385706956;1.003599;1.003638;0.995902;0.839462;1.066472;1.059728;1.003599
23.571005;3004.365878;0.133591;1.0473880709364605;1.003638;1.003679;0.996718;0.840318;1.066472;1.059539;1.003638
23.629492;3004.364728;0.129011;1.0473344392986417;1.003673;1.003715;0.997482;0.841116;1.066472;1.059367;1.003673
23.68798;3004.363592;0.124346;1.0472798581439442;1.003707;1.00375;0.99827;0.841938;1.066472;1.059191;1.003707
23.746468;3004.362464;0.119608;1.0472242790968895;1.00374;1.003784;0.999082;0.842781;1.066472;1.059013;1.00374
23.804956;3004.361337;0.114808;1.047168749240064;1.003772;1.003817;0.999914;0.843644;1.066472;1.058833;1.003772
23.863444;3004.360212;0.109956;1.0471122214266244;1.003803;1.003849;1.000764;0.844524;1.066472;1.058652;1.003803
23.942518;3004.358696;0.103331;1.0470352358278112;1.003843;1.003891;1.001939;0.845739;1.066472;1.058404;1.003843
24.021591;3004.357193;0.096645;1.0469582517068194;1.003882;1.003931;1.00314;0.846979;1.066472;1.058154;1.003882
24.100664;3004.355713;0.089912;1.0468813171749698;1.00392;1.00397;1.004366;0.848242;1.066472;1.057903;1.00392
24.179738;3004.354261;0.083144;1.0468044801991438;1.003956;1.004006;1.005614;0.849524;1.066472;1.057651;1.003956
24.258811;3004.35284;0.076354;1.0467266456401116;1.00399;1.004042;1.00688;0.850823;1.066472;1.057398;1.00399
24.337884;3004.351452;0.069551;1.0466489083570478;1.004023;1.004075;1.008162;0.852137;1.066472;1.057145;1.004023
24.416958;3004.350095;0.062747;1.0465712201756745;1.004055;1.004107;1.009458;0.853462;1.066472;1.056892;1.004055
24.496031;3004.348765;0.055955;1.0464935330545526;1.004084;1.004137;1.010763;0.854795;1.066472;1.05664;1.004084
24.575104;3004.347459;0.049188;1.0464169416752578;1.004113;1.004166;1.012076;0.856134;1.066472;1.056388;1.004113
24.654178;3004.346175;0.042457;1.0463403512361549;1.00414;1.004193;1.013392;0.857475;1.066472;1.056138;1.00414
24.733251;3004.34491;0.035774;1.046264856305515;1.004165;1.004218;1.014709;0.858817;1.066472;1.05589;1.004165
24.812324;3004.343664;0.029152;1.0461893622021778;1.00419;1.004243;1.016024;0.860156;1.066472;1.055644;1.00419
24.891398;3004.342437;0.0226;1.0461149155852811;1.004212;1.004265;1.017335;0.861489;1.066472;1.055401;1.004212
24.970471;3004.34123;0.016129;1.0460415163773378;1.004234;1.004286;1.018639;0.862815;1.066472;1.05516;1.004234
25.049544;3004.340043;0.009746;1.0459681656441557;1.004254;1.004306;1.019934;0.864131;1.066472;1.054923;1.004254
25.128618;3004.338878;0.00346;1.045896813304735;1.004273;1.004324;1.021218;0.865434;1.066472;1.054689;1.004273
25.207691;3004.337735;-0.002723;1.0458265559068578;1.00429;1.004341;1.022488;0.866724;1.066472;1.054459;1.00429
25.286764;3004.336612;-0.008794;1.0457562990912366;1.004306;1.004357;1.023744;0.867999;1.066472;1.054233;1.004306
25.365838;3004.335511;-0.014747;1.0456881358971228;1.004321;1.004371;1.024983;0.869255;1.066472;1.054012;1.004321
25.444911;3004.334429;-0.020577;1.0456219709287864;1.004335;1.004384;1.026203;0.870493;1.066472;1.053794;1.004335
25.523985;3004.333368;-0.026277;1.0455558540742813;1.004348;1.004396;1.027403;0.871709;1.066472;1.053582;1.004348
25.682131;3004.331303;-0.03726;1.0454297100910228;1.00437;1.004416;1.029733;0.874071;1.066472;1.053172;1.00437
25.824463;3004.329509;-0.046652;1.0453209288759122;1.004385;1.004429;1.031745;0.876111;1.066472;1.052821;1.004385
25.966795;3004.327776;-0.055556;1.0452172381940514;1.004398;1.00444;1.033671;0.878063;1.066472;1.052487;1.004398
26.109127;3004.326103;-0.063952;1.0451196842299928;1.004407;1.004447;1.035503;0.879921;1.066472;1.052172;1.004407
26.251459;3004.324488;-0.071827;1.0450272678739057;1.004413;1.00445;1.037237;0.881678;1.066472;1.051876;1.004413
26.393791;3004.322931;-0.079168;1.0449408929245712;1.004415;1.004451;1.038867;0.883333;1.066472;1.051599;1.004415
26.536123;3004.32143;-0.08597;1.0448596552580638;1.004416;1.004448;1.040391;0.88488;1.066472;1.051342;1.004416
26.678455;3004.319984;-0.092228;1.0447845061762737;1.004413;1.004443;1.041806;0.886318;1.066472;1.051104;1.004413
26.820787;3004.31859;-0.097939;1.044715492932406;1.004408;1.004436;1.04311;0.887643;1.066472;1.050887;1.004408
26.963119;3004.317248;-0.103107;1.044651521800452;1.0044;1.004426;1.044301;0.888857;1.066472;1.050688;1.0044
27.105451;3004.315957;-0.107735;1.0445936862771092;1.004391;1.004414;1.045378;0.889957;1.066472;1.05051;1.004391
27.247784;3004.314714;-0.111828;1.0445418916027256;1.004379;1.004399;1.046343;0.890943;1.066472;1.050351;1.004379
27.390116;3004.313519;-0.115396;1.044496185047126;1.004365;1.004383;1.047195;0.891818;1.066472;1.050211;1.004365
27.532448;3004.312369;-0.11845;1.0444555676609706;1.00435;1.004365;1.047936;0.892581;1.066472;1.05009;1.00435
27.67478;3004.311264;-0.121;1.044420039383102;1.004333;1.004346;1.048567;0.893234;1.066472;1.049987;1.004333
27.817112;3004.310202;-0.12306;1.0443905517712233;1.004315;1.004325;1.049091;0.89378;1.066472;1.049902;1.004315
27.959444;3004.30918;-0.124645;1.0443661531867068;1.004295;1.004303;1.049509;0.894221;1.066472;1.049834;1.004295
28.101776;3004.308198;-0.125772;1.0443458447071066;1.004274;1.00428;1.049824;0.89456;1.066472;1.049783;1.004274
28.244108;3004.307255;-0.126458;1.0443315295604167;1.004252;1.004255;1.05004;0.894799;1.066472;1.049748;1.004252
28.38644;3004.306347;-0.12672;1.044321304479134;1.004228;1.00423;1.050161;0.894943;1.066472;1.049729;1.004228
28.528772;3004.305475;-0.126577;1.0443161210782872;1.004204;1.004204;1.050189;0.894995;1.066472;1.049725;1.004204
28.671104;3004.304637;-0.126049;1.0443140288246633;1.00418;1.004177;1.050128;0.894959;1.066472;1.049734;1.00418
28.813436;3004.30383;-0.125156;1.0443169309922156;1.004154;1.00415;1.049984;0.894838;1.066472;1.049757;1.004154
28.955768;3004.303054;-0.123918;1.0443239231770955;1.004129;1.004123;1.049759;0.894638;1.066472;1.049793;1.004129
29.0981;3004.302307;-0.122356;1.0443339120128199;1.004102;1.004095;1.049458;0.894362;1.066472;1.04984;1.004102
29.240432;3004.301588;-0.12049;1.044347943622718;1.004076;1.004067;1.049085;0.894014;1.066472;1.049899;1.004076
29.382764;3004.300894;-0.11834;1.0443650191240608;1.004049;1.004038;1.048645;0.8936;1.066472;1.049968;1.004049
29.525096;3004.300226;-0.115928;1.0443841396363696;1.004022;1.00401;1.048143;0.893123;1.066472;1.050047;1.004022
29.667428;3004.299581;-0.113274;1.0444072556862098;1.003995;1.003982;1.047582;0.892588;1.066472;1.050135;1.003995
29.80976;3004.298959;-0.110398;1.0444324167532335;1.003968;1.003954;1.046967;0.892;1.066472;1.050232;1.003968
29.952092;3004.298357;-0.107321;1.0444605744770838;1.003941;1.003926;1.046303;0.891362;1.066472;1.050335;1.003941
30.094424;3004.297776;-0.104061;1.044489778343953;1.003915;1.003899;1.045594;0.890679;1.066472;1.050446;1.003915
30.236756;3004.297212;-0.100638;1.044521978871675;1.003889;1.003871;1.044844;0.889956;1.066472;1.050563;1.003889
30.379088;3004.296666;-0.097071;1.0445552255543984;1.003862;1.003844;1.044058;0.889196;1.066472;1.050685;1.003862
30.52142;3004.296137;-0.093378;1.0445904700206678;1.003837;1.003818;1.043239;0.888403;1.066472;1.050812;1.003837
30.663752;3004.295622;-0.089576;1.0446267133871312;1.003812;1.003792;1.042391;0.887582;1.066472;1.050943;1.003812
30.806084;3004.295121;-0.085683;1.0446639556532042;1.003787;1.003767;1.041519;0.886737;1.066472;1.051077;1.003787
30.948416;3004.294634;-0.081716;1.0447032429781198;1.003762;1.003742;1.040626;0.88587;1.066472;1.051215;1.003762
31.090748;3004.294158;-0.077689;1.0447425303284057;1.003739;1.003718;1.039715;0.884987;1.066472;1.051355;1.003739
31.23308;3004.293694;-0.073618;1.0447827692975225;1.003716;1.003695;1.038791;0.884089;1.066472;1.051497;1.003716
31.375412;3004.29324;-0.069517;1.0448230555744835;1.003693;1.003672;1.037857;0.883181;1.066472;1.05164;1.003693
31.517744;3004.292796;-0.065401;1.0448643407572105;1.003671;1.00365;1.036915;0.882266;1.066472;1.051784;1.003671
31.660076;3004.29236;-0.061282;1.0449056259643739;1.00365;1.003629;1.035969;0.881346;1.066472;1.051928;1.00365
31.802408;3004.291932;-0.057173;1.044947862770196;1.00363;1.003609;1.035022;0.880425;1.066472;1.052072;1.00363
31.94474;3004.291511;-0.053084;1.0449891480211648;1.00361;1.003589;1.034076;0.879505;1.066472;1.052216;1.00361
32.087072;3004.291096;-0.049028;1.0450303859816708;1.003591;1.00357;1.033133;0.878588;1.066472;1.052358;1.003591
32.229404;3004.290688;-0.045014;1.0450716712766641;1.003573;1.003552;1.032198;0.877678;1.066472;1.0525;1.003573
32.371736;3004.290284;-0.041051;1.0451119103928537;1.003556;1.003535;1.031271;0.876777;1.066472;1.052639;1.003556
32.6564;3004.28949;-0.033325;1.0451923413429702;1.003523;1.003503;1.029453;0.875009;1.066472;1.052912;1.003523
32.912598;3004.288789;-0.026628;1.0452617373371131;1.003497;1.003477;1.027865;0.873466;1.066472;1.053149;1.003497
33.168796;3004.288096;-0.020214;1.045329088274597;1.003473;1.003454;1.026334;0.871978;1.066472;1.053376;1.003473
33.424993;3004.287411;-0.014114;1.045393395261803;1.003451;1.003433;1.024866;0.870552;1.066472;1.053592;1.003451
33.681191;3004.286731;-0.008353;1.0454546582865274;1.003432;1.003415;1.023468;0.869196;1.066472;1.053797;1.003432
33.937389;3004.286055;-0.002951;1.0455118311071376;1.003415;1.003399;1.022145;0.867914;1.066472;1.053989;1.003415
34.193586;3004.285381;0.002078;1.0455660072984392;1.003401;1.003386;1.020902;0.866709;1.066472;1.054168;1.003401
34.449784;3004.284709;0.006724;1.045617139504226;1.003389;1.003375;1.01974;0.865586;1.066472;1.054334;1.003389
34.705982;3004.284038;0.010982;1.0456632299646;1.003379;1.003366;1.018663;0.864546;1.066472;1.054486;1.003379
34.962179;3004.283368;0.014851;1.0457062764337794;1.003371;1.003359;1.01767;0.863589;1.066472;1.054624;1.003371
35.218377;3004.282697;0.018333;1.045745280033814;1.003365;1.003354;1.016762;0.862716;1.066472;1.054749;1.003365
35.474575;3004.282026;0.021434;1.0457801934120765;1.00336;1.003351;1.015938;0.861927;1.066472;1.05486;1.00336
35.730772;3004.281356;0.024164;1.045811111283964;1.003358;1.003349;1.015198;0.861218;1.066472;1.054958;1.003358
35.98697;3004.280685;0.026534;1.045837986299025;1.003357;1.003349;1.014538;0.86059;1.066472;1.055043;1.003357
36.243167;3004.280015;0.028557;1.0458618173434768;1.003357;1.00335;1.013956;0.860039;1.066472;1.055116;1.003357
36.499365;3004.279347;0.030249;1.045882651767874;1.003358;1.003352;1.013449;0.859562;1.066472;1.055177;1.003358
36.755563;3004.27868;0.031627;1.0458993960190435;1.00336;1.003355;1.013015;0.859156;1.066472;1.055227;1.00336
37.01176;3004.278015;0.032709;1.045913143664425;1.003364;1.00336;1.012649;0.858817;1.066472;1.055266;1.003364
37.267958;3004.277353;0.033514;1.0459248935812744;1.003368;1.003365;1.012347;0.858542;1.066472;1.055295;1.003368
37.524156;3004.276694;0.034062;1.0459325533713921;1.003373;1.00337;1.012106;0.858326;1.066472;1.055315;1.003373
37.780353;3004.27604;0.034374;1.0459382627641078;1.003379;1.003377;1.011921;0.858165;1.066472;1.055326;1.003379
38.036551;3004.275391;0.034469;1.0459419271283659;1.003385;1.003383;1.011787;0.858056;1.066472;1.05533;1.003385
38.292749;3004.274748;0.034367;1.0459425476019226;1.003391;1.00339;1.011702;0.857992;1.066472;1.055327;1.003391
38.548946;3004.274111;0.03409;1.0459421692560253;1.003398;1.003398;1.011659;0.857971;1.066472;1.055317;1.003398
38.805144;3004.273482;0.033657;1.0459387943264176;1.003405;1.003405;1.011655;0.857989;1.066472;1.055301;1.003405
39.061342;3004.27286;0.033086;1.0459344205737757;1.003412;1.003413;1.011686;0.85804;1.066472;1.055281;1.003412
39.317539;3004.272247;0.032397;1.0459290479970427;1.003419;1.00342;1.011747;0.85812;1.066472;1.055256;1.003419
39.573737;3004.271644;0.031608;1.045922629335937;1.003426;1.003427;1.011835;0.858227;1.066472;1.055227;1.003426
39.829935;3004.271051;0.030736;1.0459152591151926;1.003433;1.003435;1.011946;0.858356;1.066472;1.055196;1.003433
40.086132;3004.270468;0.029797;1.0459058439400748;1.00344;1.003442;1.012076;0.858503;1.066472;1.055162;1.00344
40.34233;3004.269896;0.028805;1.0458974749544048;1.003447;1.003449;1.012221;0.858665;1.066472;1.055126;1.003447
40.598527;3004.269335;0.027776;1.0458871082559533;1.003453;1.003455;1.012379;0.858839;1.066472;1.055088;1.003453
40.854725;3004.268786;0.026723;1.0458767416115535;1.003459;1.003461;1.012547;0.859022;1.066472;1.05505;1.003459
41.110923;3004.268249;0.025658;1.0458663278072393;1.003465;1.003467;1.012721;0.859211;1.066472;1.055011;1.003465
41.36712;3004.267725;0.024591;1.0458560084849156;1.003471;1.003473;1.012898;0.859404;1.066472;1.054972;1.003471
41.623318;3004.267214;0.023533;1.045845642002681;1.003476;1.003478;1.013078;0.859597;1.066472;1.054933;1.003476
42.135713;3004.266229;0.021488;1.0458249563865838;1.003485;1.003487;1.01343;0.859977;1.066472;1.054858;1.003485
42.596869;3004.265387;0.019753;1.0458074091428116;1.003492;1.003494;1.013734;0.860304;1.066472;1.054794;1.003492
43.058025;3004.264588;0.018155;1.045790860905755;1.003498;1.0035;1.014017;0.860608;1.066472;1.054735;1.003498
43.519181;3004.26383;0.016715;1.045775405987825;1.003503;1.003505;1.014272;0.860883;1.066472;1.054681;1.003503
43.980336;3004.263113;0.015448;1.0457619489281489;1.003507;1.003508;1.014495;0.861126;1.066472;1.054633;1.003507
44.441492;3004.262435;0.014362;1.0457505368681386;1.003509;1.003511;1.014684;0.861334;1.066472;1.054592;1.003509
44.902648;3004.261797;0.013459;1.0457411697858128;1.003511;1.003512;1.014836;0.861505;1.066472;1.054558;1.003511
45.363804;3004.261195;0.012735;1.0457328487725723;1.003512;1.003513;1.014953;0.861639;1.066472;1.05453;1.003512
45.824959;3004.260628;0.012181;1.0457265255797041;1.003512;1.003512;1.015035;0.861738;1.066472;1.054508;1.003512
46.286115;3004.260094;0.011787;1.0457222473223948;1.003512;1.003512;1.015085;0.861804;1.066472;1.054492;1.003512
46.747271;3004.259592;0.011537;1.0457190150958335;1.003511;1.003511;1.015104;0.861839;1.066472;1.054481;1.003511
47.208427;3004.259118;0.011416;1.045716828886769;1.003509;1.003509;1.015097;0.861846;1.066472;1.054474;1.003509
47.669582;3004.258672;0.011407;1.045716640472456;1.003508;1.003507;1.015065;0.861829;1.066472;1.054472;1.003508
48.130738;3004.258251;0.011493;1.0457174509636913;1.003506;1.003505;1.015014;0.861792;1.066472;1.054474;1.003506
48.591894;3004.257854;0.011655;1.0457183085649788;1.003504;1.003503;1.014946;0.861737;1.066472;1.054478;1.003504
49.05305;3004.257478;0.011878;1.045720165065683;1.003502;1.003501;1.014865;0.861669;1.066472;1.054485;1.003502
49.514205;3004.257122;0.012147;1.0457230204662227;1.0035;1.003499;1.014775;0.861591;1.066472;1.054493;1.0035
49.975361;3004.256784;0.012445;1.045725922962609;1.003498;1.003497;1.014678;0.861506;1.066472;1.054502;1.003498
50.436517;3004.256463;0.012762;1.0457288254633705;1.003496;1.003496;1.014577;0.861417;1.066472;1.054513;1.003496
50.897673;3004.256157;0.013085;1.045732679777198;1.003495;1.003494;1.014475;0.861327;1.066472;1.054523;1.003495
51.819984;3004.255586;0.013706;1.0457385318830899;1.003492;1.003491;1.014279;0.861151;1.066472;1.054544;1.003492
52.650065;3004.255114;0.014212;1.0457443369241834;1.00349;1.00349;1.014115;0.861005;1.066472;1.05456;1.00349
53.480145;3004.254678;0.014641;1.045749190162249;1.003489;1.003489;1.013971;0.860877;1.066472;1.054575;1.003489
54.310225;3004.254272;0.014983;1.0457530445186378;1.003488;1.003488;1.013848;0.860769;1.066472;1.054586;1.003488
55.140306;3004.253896;0.015234;1.045755899992919;1.003488;1.003488;1.013748;0.860682;1.066472;1.054594;1.003488
55.970386;3004.253546;0.0154;1.0457577565846692;1.003488;1.003488;1.01367;0.860617;1.066472;1.054599;1.003488
56.800467;3004.253221;0.015492;1.0457585672343306;1.003488;1.003488;1.013612;0.860569;1.066472;1.054602;1.003488
57.630547;3004.252918;0.015523;1.0457594720111312;1.003489;1.003489;1.01357;0.860538;1.066472;1.054602;1.003489
58.460627;3004.252638;0.015509;1.0457593308452953;1.003489;1.003489;1.013541;0.860519;1.066472;1.054601;1.003489
59.290708;3004.252378;0.015464;1.0457591896880467;1.00349;1.00349;1.013522;0.860508;1.066472;1.054599;1.00349
60.120788;3004.252138;0.015401;1.0457590955879847;1.00349;1.00349;1.01351;0.860504;1.066472;1.054596;1.00349
60.950868;3004.251916;0.015331;1.045757955552335;1.003491;1.003491;1.013502;0.860504;1.066472;1.054593;1.003491
61.950868;3004.251672;0.01525;1.0457568625689244;1.003491;1.003491;1.013495;0.860504;1.066472;1.054589;1.003491
62.950868;3004.251452;0.015181;1.0457567214400298;1.003491;1.003491;1.013488;0.860505;1.066472;1.054586;1.003491
63.950868;3004.251254;0.01513;1.0457566273588708;1.003492;1.003492;1.01348;0.860503;1.066472;1.054584;1.003492
64.950868;3004.251076;0.015099;1.0457555343884153;1.003492;1.003492;1.013469;0.860498;1.066472;1.054582;1.003492
65.950868;3004.250915;0.015086;1.04575548735113;1.003492;1.003492;1.013456;0.86049;1.066472;1.054581;1.003492
66.950868;3004.250771;0.015089;1.0457554403147993;1.003492;1.003491;1.013442;0.86048;1.066472;1.054581;1.003492
67.950868;3004.250641;0.015103;1.0457563451382927;1.003491;1.003491;1.013426;0.860469;1.066472;1.054581;1.003491
68.950868;3004.250524;0.015124;1.0457562981048691;1.003491;1.003491;1.013409;0.860456;1.066472;1.054581;1.003491
69.950868;3004.250418;0.015149;1.0457562510723997;1.003491;1.003491;1.013393;0.860444;1.066472;1.054582;1.003491
70.950868;3004.250323;0.015173;1.0457562040408845;1.003491;1.003491;1.013378;0.860432;1.066472;1.054583;1.003491
71.950868;3004.250236;0.015196;1.045757202934314;1.003491;1.003491;1.013363;0.86042;1.066472;1.054583;1.003491
72.950868;3004.250158;0.015216;1.0457571559037977;1.003491;1.003491;1.013351;0.860411;1.066472;1.054584;1.003491
73.950868;3004.250087;0.015231;1.0457571088742357;1.003491;1.003491;1.01334;0.860402;1.066472;1.054584;1.003491
74.950868;3004.250023;0.015242;1.0457571088742357;1.003491;1.003491;1.013331;0.860395;1.066472;1.054584;1.003491
75.950868;3004.249965;0.01525;1.045758060739194;1.003491;1.003491;1.013323;0.860389;1.066472;1.054584;1.003491
76.950868;3004.249912;0.015255;1.045758060739194;1.003491;1.003491;1.013316;0.860384;1.066472;1.054584;1.003491
77.950868;3004.249864;0.015257;1.0457580137115852;1.003491;1.003491;1.01331;0.86038;1.066472;1.054584;1.003491
78.950868;3004.249821;0.015258;1.0457580137115852;1.003491;1.003491;1.013306;0.860377;1.066472;1.054584;1.003491
79.950868;3004.249782;0.015258;1.0457579666849304;1.003491;1.003491;1.013301;0.860374;1.066472;1.054584;1.003491
80.950868;3004.249746;0.015258;1.0457579666849304;1.003491;1.003491;1.013298;0.860371;1.066472;1.054584;1.003491
81.950868;3004.249714;0.015258;1.0457579666849304;1.003491;1.003491;1.013294;0.860369;1.066472;1.054584;1.003491
82.950868;3004.249685;0.015258;1.0457579196592297;1.003491;1.003491;1.013291;0.860367;1.066472;1.054584;1.003491
83.950868;3004.249659;0.015259;1.0457579196592297;1.003491;1.003491;1.013289;0.860365;1.066472;1.054584;1.003491
84.950868;3004.249635;0.01526;1.0457579196592297;1.003491;1.003491;1.013286;0.860363;1.066472;1.054584;1.003491
85.950868;3004.249614;0.015261;1.0457579196592297;1.003491;1.003491;1.013284;0.860362;1.066472;1.054584;1.003491
86.950868;3004.249594;0.015262;1.0457579196592297;1.003491;1.003491;1.013281;0.86036;1.066472;1.054584;1.003491
87.950868;3004.249577;0.015264;1.0457578726344832;1.003491;1.003491;1.013279;0.860358;1.066472;1.054584;1.003491
88.950868;3004.249561;0.015266;1.0457578726344832;1.003491;1.003491;1.013277;0.860357;1.066472;1.054584;1.003491
89.950868;3004.249547;0.015267;1.0457578726344832;1.003491;1.003491;1.013275;0.860356;1.066472;1.054584;1.003491
90.950868;3004.249534;0.015269;1.0457578726344832;1.003491;1.003491;1.013274;0.860354;1.066472;1.054584;1.003491
91.950868;3004.249522;0.01527;1.0457578726344832;1.003491;1.003491;1.013272;0.860353;1.066472;1.054584;1.003491
92.950868;3004.249511;0.015271;1.0457578726344832;1.003491;1.003491;1.013271;0.860352;1.066472;1.054584;1.003491
93.950868;3004.249502;0.015272;1.0457578726344832;1.003491;1.003491;1.013269;0.860351;1.066472;1.054584;1.003491
94.950868;3004.249493;0.015273;1.0457578726344832;1.003491;1.003491;1.013268;0.860351;1.066472;1.054584;1.003491
95.950868;3004.249485;0.015273;1.0457578726344832;1.003491;1.003491;1.013267;0.86035;1.066472;1.054584;1.003491
96.950868;3004.249478;0.015274;1.0457578256106907;1.003491;1.003491;1.013267;0.860349;1.066472;1.054584;1.003491
97.950868;3004.249472;0.015274;1.0457578256106907;1.003491;1.003491;1.013266;0.860349;1.066472;1.054584;1.003491
98.950868;3004.249466;0.015275;1.0457578256106907;1.003491;1.003491;1.013265;0.860348;1.066472;1.054584;1.003491
99.950868;3004.249461;0.015275;1.0457578256106907;1.003491;1.003491;1.013265;0.860348;1.066472;1.054584;1.003491
100.0;3004.24946;0.015275;1.0457578256106907;1.003491;1.003491;1.013264;0.860348;1.066472;1.054584;1.003491
