time;BusPDR_BUS_Voltage;BusPDR_BUS_ActivePower;BusPDR_BUS_ActiveCurrent;BusPDR_BUS_ReactivePower;BusPDR_BUS_ReactiveCurrent;StepUp_Xfmr_XFMR_Tap;Bess_GEN_ActivePowerSetpointPu;Bess_GEN_ReactivePowerSetpointPu;Bess_GEN_AVRSetpointPu;Bess_GEN_InjectedActivePower;Bess_GEN_InjectedReactivePower;Bess_GEN_InjectedActiveCurrent;Bess_GEN_InjectedReactiveCurrent;Bess_GEN_ActivePowerPu;Bess_GEN_ReactivePowerPu;Bess_GEN_MagnitudeControlledByAVRPu;Bess_GEN_InjectedCurrent
0.0;1.0444448220734306;0.750000701258;0.7180855181694515;0.399999680942;0.382978279453692;10.0;0.750181;0.416192;0.416192;0.750181;0.416192;0.711647;-0.394814;0.750181;0.416191;1.054148;0.8138301709847086
0.0;1.044443880792549;0.749999896035;0.7180853943688025;0.399999562895;0.3829785115802208;10.0;0.750181;0.416192;0.416192;0.750181;0.416192;0.711647;-0.394813;0.750181;0.416191;1.054148;0.8138296858544791
9e-06;1.0444407193254197;0.7499971174800001;0.7180849076474212;0.39999046386;0.3829709589629411;10.0;0.750181;0.416192;0.416192;0.750178;0.416183;0.711647;-0.394806;0.750178;0.416182;1.054144;0.81382628996918
1.8e-05;1.044437895483499;0.749994851376;0.7180846794426267;0.399983505828;0.382965332412452;10.0;0.750181;0.416192;0.416192;0.750176;0.416174;0.711647;-0.394799;0.750176;0.416173;1.054141;0.8138228941299206
3.6e-05;1.044431572549394;0.7499902773989999;0.718084647296059;0.399965660611;0.3829505648079061;10.0;0.750181;0.416192;0.416192;0.750171;0.416157;0.711647;-0.394784;0.750171;0.416156;1.054134;0.8138156174865411
7.2e-05;1.044418323027703;0.7499788705479999;0.7180828352128659;0.3999312884179999;0.3829225125605076;10.0;0.750181;0.416192;0.416192;0.75016;0.416122;0.711647;-0.394756;0.75016;0.416121;1.05412;0.8138020349845532
0.000144;1.0443933689204463;0.749959751649;0.718081686428369;0.399862682268;0.3828659719290676;10.0;0.750181;0.416192;0.416192;0.75014;0.416052;0.711647;-0.394698;0.75014;0.416051;1.054093;0.81377390214543
0.000288;1.0443419157881195;0.749919433744;0.718078459177872;0.3997270310799999;0.3827549436032578;10.0;0.750181;0.416192;0.416192;0.7501;0.415914;0.711647;-0.394584;0.7501;0.415913;1.05404;0.8137186157788207
0.000576;1.0442421710513323;0.749842007257;0.7180729030528108;0.3994605757549999;0.3825363376704344;10.0;0.750181;0.416192;0.416192;0.750023;0.415643;0.711647;-0.394362;0.750023;0.415643;1.053934;0.8136109879131427
0.001151;1.044049946020304;0.749694789347;0.7180641043128988;0.398948773776;0.3821165599372977;10.0;0.750181;0.416192;0.416192;0.749875;0.415124;0.711647;-0.393938;0.749875;0.415123;1.053732;0.8134055571810412
0.001727;1.043868484625338;0.749557239093;0.7180571596258398;0.3984666660909999;0.3817211382083408;10.0;0.750181;0.416192;0.416192;0.749738;0.414634;0.711648;-0.393541;0.749738;0.414633;1.053541;0.8132142365852925
0.002878;1.0435368397066775;0.7493105750219999;0.7180489911909769;0.397585365346;0.3809979199754512;10.0;0.750181;0.416192;0.416192;0.749491;0.413739;0.711651;-0.392819;0.749491;0.413739;1.053192;0.8128677091396853
0.003913;1.043272455877658;0.749119470522;0.7180477796586698;0.39688472955;0.3804228965444303;10.0;0.750181;0.416192;0.416192;0.749299;0.413028;0.711657;-0.392248;0.749299;0.413027;1.052913;0.8125971813592513
0.004949;1.0430378050181115;0.748953797988;0.7180504813773217;0.396264716631;0.3799140498307433;10.0;0.750181;0.416192;0.416192;0.749134;0.412399;0.711666;-0.391743;0.749134;0.412398;1.052666;0.8123614180923414
0.005985;1.0428303291068015;0.748812598527;0.7180579406128016;0.395719117411;0.3794664446995312;10.0;0.750181;0.416192;0.416192;0.748992;0.411844;0.711679;-0.391298;0.748992;0.411843;1.052448;0.8121583120580617
0.007021;1.0426481456124113;0.7486937774539999;0.7180694471136724;0.3952397008509999;0.3790729427892009;10.0;0.750181;0.416192;0.416192;0.748873;0.411357;0.711695;-0.390908;0.748873;0.411357;1.052256;0.8119845056951518
0.008057;1.042487151832578;0.748594026182;0.7180846544401568;0.394819536474;0.3787284435879623;10.0;0.750181;0.416192;0.416192;0.748775;0.410931;0.711715;-0.390567;0.748775;0.410931;1.052087;0.8118379288466386
0.009093;1.0423470098930587;0.748514233609;0.7181046489362454;0.394452516559;0.3784272538945255;10.0;0.750181;0.416192;0.416192;0.748694;0.41056;0.711739;-0.390269;0.748694;0.410559;1.051939;0.8117156500166791
0.010129;1.0422230137705657;0.748451156609;0.7181295622145643;0.394132779625;0.3781654928143472;10.0;0.750181;0.416192;0.416192;0.748631;0.410237;0.711766;-0.390011;0.748631;0.410236;1.051809;0.8116153145899847
0.011165;1.042116104689396;0.748402729021;0.7181567635825591;0.393856060061;0.3779387520149583;10.0;0.750181;0.416192;0.416192;0.748582;0.409957;0.711796;-0.389787;0.748582;0.409956;1.051696;0.8115340109847522
0.012201;1.0420221800566434;0.748367256288;0.7181874537903977;0.393617156554;0.3777435491177388;10.0;0.750181;0.416192;0.416192;0.748548;0.409715;0.711829;-0.389593;0.748548;0.409715;1.051598;0.811469796659124
0.013237;1.0419409019637342;0.7483449251359999;0.7182220447681847;0.393411954772;0.3775760736818575;10.0;0.750181;0.416192;0.416192;0.748525;0.409507;0.711866;-0.389427;0.748525;0.409507;1.051513;0.811422571959272
0.014273;1.0418700500988596;0.748333058183;0.718259497057232;0.393233453415;0.3774304227074071;10.0;0.750181;0.416192;0.416192;0.748513;0.409329;0.711904;-0.389285;0.748513;0.409328;1.051438;0.8113877719321385
0.015309;1.041809359299963;0.74833062607;0.718299004889758;0.39308313756;0.3773081265310666;10.0;0.750181;0.416192;0.416192;0.74851;0.409177;0.711945;-0.389164;0.74851;0.409176;1.051374;0.8113657017159402
0.016345;1.041755933324116;0.748335805756;0.7183408145976686;0.392953738232;0.377203263895155;10.0;0.750181;0.416192;0.416192;0.748516;0.409048;0.711988;-0.389062;0.748516;0.409047;1.051319;0.8113545168346571
0.018416;1.041670272658772;0.748367605722;0.7184304144648934;0.392750440902;0.3770391180498403;10.0;0.750181;0.416192;0.416192;0.748547;0.408844;0.712078;-0.388902;0.748547;0.408843;1.051229;0.8113567918542371
0.020281;1.0416126565307278;0.748413239951;0.7185139651084123;0.392620044173;0.37693478637317;10.0;0.750181;0.416192;0.416192;0.748593;0.408714;0.712163;-0.388801;0.748593;0.408713;1.051168;0.811382989820467
0.022146;1.041568629831947;0.748472738742;0.7186014606284398;0.392526717094;0.3768611168304219;10.0;0.750181;0.416192;0.416192;0.748652;0.408622;0.71225;-0.388731;0.748652;0.408622;1.051123;0.8114258147612757
0.02401;1.0415359721109012;0.7485404853309999;0.7186890375124715;0.3924624102;0.3768111910763762;10.0;0.750181;0.416192;0.416192;0.74872;0.408561;0.712337;-0.388685;0.74872;0.40856;1.051089;0.8114801481207042
0.025875;1.0415102424959632;0.748613288184;0.71877669334289;0.392419459264;0.3767792607815097;10.0;0.750181;0.416192;0.416192;0.748793;0.408521;0.712424;-0.388657;0.748793;0.40852;1.051063;0.8115431100225051
0.02774;1.041492720134423;0.7486912882989999;0.7188636788573692;0.392394151188;0.3767613000092353;10.0;0.750181;0.416192;0.416192;0.748871;0.408497;0.71251;-0.388643;0.748871;0.408497;1.051044;0.8116119032819812
0.029604;1.0414786257590696;0.748769720803;0.718948716069202;0.3923796290569999;0.3767524549733497;10.0;0.750181;0.416192;0.416192;0.748949;0.408486;0.712593;-0.388638;0.748949;0.408485;1.05103;0.8116823754973371
0.031469;1.0414682974651703;0.748847571146;0.719030596484425;0.3923730500719999;0.3767498742179639;10.0;0.750181;0.416192;0.416192;0.749027;0.408483;0.712674;-0.38864;0.749027;0.408482;1.05102;0.81175444555358
0.033334;1.0414595146600756;0.7489236946919999;0.7191097533315474;0.392372406268;0.3767524332389121;10.0;0.750181;0.416192;0.416192;0.749103;0.408485;0.712752;-0.388646;0.749103;0.408484;1.051012;0.8118257983212901
0.037063;1.0414481281177668;0.749068087544;0.7192562618532025;0.392379009752;0.3767628930892177;10.0;0.750181;0.416192;0.416192;0.749248;0.408496;0.712896;-0.388663;0.749248;0.408496;1.051;0.8119603650332939
0.040792;1.0414390824056874;0.7491992544180001;0.7193884568719817;0.392390680896;0.3767773723159989;10.0;0.750181;0.416192;0.416192;0.749379;0.408512;0.713026;-0.388683;0.749379;0.408512;1.050992;0.8120840788766888
0.044522;1.04143109624401;0.7493153238320001;0.719505425307978;0.39240053852;0.3767897270738491;10.0;0.750181;0.416192;0.416192;0.749496;0.408527;0.713141;-0.388702;0.749496;0.408526;1.050984;0.8121941459312546
0.048251;1.041423565798278;0.749416085004;0.7196073812959602;0.392407309328;0.3767989531014786;10.0;0.750181;0.416192;0.416192;0.749597;0.408538;0.713241;-0.388716;0.749597;0.408537;1.050977;0.8122886511191696
0.05198;1.0414164898454412;0.749503849941;0.7196965452815477;0.392410713141;0.3768047817249739;10.0;0.750181;0.416192;0.416192;0.749684;0.408544;0.713328;-0.388726;0.749684;0.408543;1.05097;0.8123698287479661
0.05571;1.0414079855897014;0.7495777140909999;0.7197733496027963;0.392408564163;0.3768057952242388;10.0;0.750181;0.416192;0.416192;0.749758;0.408545;0.713403;-0.388732;0.749758;0.408545;1.050962;0.8124385565893585
0.059439;1.041400009468984;0.749640109508;0.7198387773111755;0.392404089836;0.3768043847398169;10.0;0.750181;0.416192;0.416192;0.74982;0.408542;0.713467;-0.388733;0.74982;0.408542;1.050953;0.8124952340647912
0.063168;1.041390942501902;0.749691432185;0.7198943274692738;0.39239591992;0.3767998202262867;10.0;0.750181;0.416192;0.416192;0.749872;0.408536;0.713522;-0.388732;0.749872;0.408536;1.050945;0.812543052587369
0.070627;1.0413741266509362;0.749774125491;0.7199853600187638;0.392374129281;0.3767849798063227;10.0;0.750181;0.416192;0.416192;0.749954;0.408518;0.713611;-0.388722;0.749954;0.408517;1.050927;0.8126164240310432
0.078085;1.041356670627312;0.749831062374;0.7200521046475868;0.392346866208;0.3767651154254869;10.0;0.750181;0.416192;0.416192;0.750011;0.408492;0.713677;-0.388706;0.750011;0.408492;1.05091;0.8126667304405909
0.085544;1.041340606580287;0.7498711819580001;0.7201017392575724;0.392316880082;0.3767421318278848;10.0;0.750181;0.416192;0.416192;0.750051;0.408464;0.713726;-0.388685;0.750051;0.408463;1.050893;0.812699718408343
0.093003;1.0413249930401172;0.749898577433;0.7201388446883366;0.392285821919;0.3767179550485323;10.0;0.750181;0.416192;0.416192;0.750079;0.408433;0.713763;-0.388662;0.750079;0.408433;1.050877;0.812721213217054
0.100461;1.041309905646249;0.749917442909;0.7201673957414172;0.392253488081;0.3766923621432017;10.0;0.750181;0.416192;0.416192;0.750098;0.408402;0.713792;-0.388638;0.750098;0.408401;1.050861;0.8127352055300668
0.10792;1.0412956831625684;0.7499319396380001;0.720191153928869;0.392221114964;0.3766664179119294;10.0;0.750181;0.416192;0.416192;0.750111;0.40837;0.713815;-0.388614;0.750111;0.408369;1.050846;0.8127439296734242
0.115379;1.0412811218619111;0.7499405896119999;0.7202095321492373;0.3921891123159999;0.3766409513069131;10.0;0.750181;0.416192;0.416192;0.750121;0.408337;0.713834;-0.388588;0.750121;0.408337;1.050831;0.8127481856639238
0.130296;1.0412540677726068;0.749953039635;0.7202402015477914;0.3921239528669999;0.3765881594160875;10.0;0.750181;0.416192;0.416192;0.750133;0.408273;0.713865;-0.388537;0.750133;0.408272;1.050802;0.8127510311245381
0.145213;1.0412269377325962;0.749958003618;0.7202637354457316;0.3920589194659999;0.3765355133048689;10.0;0.750181;0.416192;0.416192;0.750138;0.408207;0.71389;-0.388486;0.750138;0.408207;1.050774;0.8127486107622701
0.16013;1.0412000706338815;0.7499613282119999;0.720285514152361;0.3919936429639999;0.376482535892794;10.0;0.750181;0.416192;0.416192;0.750141;0.408142;0.713911;-0.388434;0.750141;0.408142;1.050746;0.8127422028398672
0.175048;1.041173203721648;0.749961361592;0.7203041327910492;0.39192829104;0.3764294832397357;10.0;0.750181;0.416192;0.416192;0.750142;0.408077;0.713931;-0.388382;0.750142;0.408077;1.050718;0.8127349203061228
0.204882;1.0411210128976365;0.749963070485;0.720341882638322;0.391800304913;0.3763254223661722;10.0;0.750181;0.416192;0.416192;0.750143;0.407948;0.71397;-0.388279;0.750143;0.407947;1.050663;0.8127199657575788
0.234717;1.0410684836364033;0.749962225692;0.7203774175089973;0.3916727814719999;0.3762219177972858;10.0;0.750181;0.416192;0.416192;0.750143;0.40782;0.714007;-0.388177;0.750143;0.407819;1.050609;0.8127037463787157
0.264551;1.0410181755973331;0.749962530322;0.7204125229529961;0.391547276656;0.3761195393455366;10.0;0.750181;0.416192;0.416192;0.750143;0.407693;0.714044;-0.388076;0.750143;0.407693;1.050555;0.8126880186836767
0.294386;1.040966588307713;0.7499627669889999;0.7204484518645362;0.3914222038309999;0.3760180280784327;10.0;0.750181;0.416192;0.416192;0.750143;0.407568;0.71408;-0.387976;0.750143;0.407568;1.050502;0.8126719036462378
0.32422;1.0409168830699214;0.7499629302;0.7204830110817051;0.39129896944;0.3759175932337292;10.0;0.750181;0.416192;0.416192;0.750143;0.407444;0.714116;-0.387877;0.750143;0.407444;1.050449;0.8126562794841371
0.383889;1.040817474296046;0.74996415984;0.7205530060371405;0.39105618538;0.3757202343710551;10.0;0.750181;0.416192;0.416192;0.750144;0.407201;0.714187;-0.387683;0.750144;0.4072;1.050346;0.8126261006502313
0.443558;1.0407212291300685;0.749964604187;0.720620069232075;0.390820108311;0.3755281408429458;10.0;0.750181;0.416192;0.416192;0.750145;0.406962;0.714257;-0.387493;0.750145;0.406961;1.050244;0.8125970016545717
0.562897;1.0405343122165651;0.7499665283940001;0.7207513674358396;0.390360154492;0.3751535628464262;10.0;0.750181;0.416192;0.416192;0.750146;0.406501;0.714392;-0.387126;0.750146;0.4065;1.050048;0.8125407494642961
0.682235;1.040354928497962;0.749967145475;0.7208762364953502;0.389922786575;0.3747978462869019;10.0;0.750181;0.416192;0.416192;0.750148;0.406061;0.714521;-0.386776;0.750148;0.40606;1.049861;0.8124874975142694
0.920911;1.04002116193566;0.749969949198;0.7211102779891284;0.3891047421419999;0.3741315623018752;10.0;0.750181;0.416192;0.416192;0.750151;0.405239;0.714762;-0.386122;0.750151;0.405239;1.049511;0.8123884018916075
1.159587;1.0397189813237997;0.74997387653;0.7213236364840738;0.3883640870149999;0.3735279378284734;10.0;0.750181;0.416192;0.416192;0.750153;0.404495;0.714981;-0.385529;0.750153;0.404494;1.049194;0.8122994769184577
1.398263;1.0394458982886026;0.7499762000519999;0.7215153778439065;0.3876955574189999;0.3729829114312942;10.0;0.750181;0.416192;0.416192;0.750156;0.403823;0.715179;-0.384994;0.750156;0.403822;1.048907;0.8122200330433866
1.63694;1.0391996866420814;0.749978770627;0.7216887959718042;0.387094803097;0.3724931868944282;10.0;0.750181;0.416192;0.416192;0.750159;0.403219;0.715357;-0.384513;0.750159;0.403218;1.04865;0.8121489300725576
1.875616;1.0389797411022987;0.749980477803;0.7218432161221096;0.386556821148;0.3720542430768526;10.0;0.750181;0.416192;0.416192;0.750161;0.402679;0.715516;-0.384082;0.750161;0.402678;1.048419;0.812085050336478
2.114292;1.0387838367908888;0.7499831735379999;0.7219819436687812;0.386077302616;0.3716627934919619;10.0;0.750181;0.416192;0.416192;0.750163;0.402198;0.715659;-0.383699;0.750163;0.402198;1.048214;0.8120300036833614
2.352968;1.0386098294475168;0.74998528511;0.7221049366622602;0.38565453886;0.3713180136809864;10.0;0.750181;0.416192;0.416192;0.750165;0.401773;0.715785;-0.383359;0.750165;0.401772;1.048032;0.811980473352654
2.591645;1.038456776242998;0.7499865218049999;0.7222125551709083;0.385280820385;0.3710128617763909;10.0;0.750181;0.416192;0.416192;0.750167;0.401398;0.715896;-0.38306;0.750167;0.401397;1.047872;0.8119372182724475
2.830321;1.038323394395022;0.7499888365480001;0.722307559086618;0.384953941016;0.3707457070639279;10.0;0.750181;0.416192;0.416192;0.750169;0.401069;0.715994;-0.382798;0.750169;0.401068;1.047731;0.8119000657962776
3.068997;1.0382062611605654;0.7499906671519999;0.7223908150135968;0.384669371577;0.3705134383865061;10.0;0.750181;0.416192;0.416192;0.75017;0.400783;0.716079;-0.382569;0.75017;0.400782;1.047609;0.8118670913406948
3.307673;1.0381053751907847;0.7499924477;0.7224627341537125;0.3844228217;0.3703119460578364;10.0;0.750181;0.416192;0.416192;0.750172;0.400536;0.716153;-0.382372;0.750172;0.400535;1.047503;0.8118395566816143
3.54635;1.038018854808043;0.7499932717710001;0.7225237463626745;0.384212108482;0.3701398165383528;10.0;0.750181;0.416192;0.416192;0.750173;0.400323;0.716216;-0.382202;0.750173;0.400323;1.047412;0.8118150820599479
3.785026;1.0379451591124649;0.749994521116;0.7225762503264737;0.384032310413;0.3699928720139527;10.0;0.750181;0.416192;0.416192;0.750174;0.400143;0.71627;-0.382058;0.750174;0.400142;1.047335;0.8117949422508125
4.023702;1.03788300672571;0.74999486826;0.7226198554171024;0.3838811757299999;0.3698694103693438;10.0;0.750181;0.416192;0.416192;0.750175;0.399991;0.716315;-0.381937;0.750175;0.39999;1.04727;0.8117777104565018
4.262379;1.0378314568565552;0.7499972252210001;0.722658019532994;0.383754418466;0.3697656454048308;10.0;0.750181;0.416192;0.416192;0.750176;0.399864;0.716353;-0.381836;0.750176;0.399864;1.047215;0.8117637288675812
4.501055;1.0377883695556622;0.7499963978209999;0.7226872258571535;0.383651300007;0.3696816338106231;10.0;0.750181;0.416192;0.416192;0.750177;0.39976;0.716385;-0.381753;0.750177;0.39976;1.047171;0.811752931152084
4.739731;1.0377540036660904;0.749997734985;0.7227124466255691;0.383567462095;0.3696130882077689;10.0;0.750181;0.416192;0.416192;0.750178;0.399677;0.71641;-0.381686;0.750178;0.399676;1.047135;0.8117434882375096
4.978407;1.037727159710586;0.749998178051;0.722731568729654;0.38350164979;0.3695592297082749;10.0;0.750181;0.416192;0.416192;0.750179;0.399611;0.71643;-0.381633;0.750179;0.39961;1.047107;0.8117362204491063
5.217084;1.0377065567649653;0.7499987053389999;0.7227464261930749;0.3834513553249999;0.3695181001076102;10.0;0.750181;0.416192;0.416192;0.750179;0.39956;0.716445;-0.381593;0.750179;0.399559;1.047085;0.811730654634898
5.45576;1.037691254524196;0.749999218086;0.7227575782450734;0.3834145240079999;0.3694880556585242;10.0;0.750181;0.416192;0.416192;0.75018;0.399523;0.716457;-0.381563;0.75018;0.399522;1.047069;0.811727143699162
5.694436;1.03768125292211;0.750000423022;0.7227657056634675;0.38338920318;0.3694672155831824;10.0;0.750181;0.416192;0.416192;0.75018;0.399498;0.716464;-0.381543;0.75018;0.399497;1.047058;0.8117239211363676
5.933112;1.0376750121401208;0.7500003393820001;0.7227699719155664;0.383373690326;0.3694544880051826;10.0;0.750181;0.416192;0.416192;0.75018;0.399482;0.716469;-0.381531;0.75018;0.399482;1.047052;0.8117226939799084
6.171789;1.0376725321651334;0.750001271852;0.722772597909189;0.383367716336;0.369449613873938;10.0;0.750181;0.416192;0.416192;0.750181;0.399476;0.716472;-0.381525;0.750181;0.399475;1.047049;0.8117225218071751
6.649141;1.0376744125639794;0.750001115355;0.7227711373376065;0.383372796765;0.3694538403599333;10.0;0.750181;0.416192;0.416192;0.750181;0.399481;0.716471;-0.38153;0.750181;0.39948;1.047051;0.811723989260512
7.078758;1.0376834739442466;0.7500011409740001;0.7227648505601012;0.383395442554;0.3694724375793608;10.0;0.750181;0.416192;0.416192;0.750181;0.399503;0.716464;-0.381547;0.750181;0.399502;1.04706;0.8117258013054655
7.508376;1.0376968957417188;0.750001760282;0.722756098972348;0.383427545934;0.369498595888095;10.0;0.750181;0.416192;0.416192;0.750182;0.399536;0.716455;-0.381574;0.750182;0.399536;1.047075;0.8117305491978234
7.937993;1.0377131382034246;0.750001968288;0.7227449867180692;0.383467759384;0.3695315644243372;10.0;0.750181;0.416192;0.416192;0.750182;0.399576;0.716443;-0.381606;0.750182;0.399576;1.047092;0.8117350007761155
8.36761;1.0377312611442329;0.750002726896;0.7227330957236704;0.383511103972;0.3695668795301872;10.0;0.750181;0.416192;0.416192;0.750182;0.39962;0.71643;-0.381641;0.750182;0.399619;1.04711;0.8117399816326655
8.797227;1.0377493841578516;0.7500018030800001;0.7227195838700856;0.38355604828;0.3696037349048983;10.0;0.750181;0.416192;0.416192;0.750182;0.399665;0.716417;-0.381677;0.750182;0.399664;1.04713;0.8117454343684355
9.226845;1.037767507244277;0.750002208578;0.7227073533739571;0.383600372154;0.3696399911119067;10.0;0.750181;0.416192;0.416192;0.750182;0.399709;0.716404;-0.381712;0.750182;0.399708;1.047148;0.8117504186386355
9.656462;1.037784690186264;0.750001540008;0.7226947430428831;0.383642291454;0.3696742639218767;10.0;0.750181;0.416192;0.416192;0.750182;0.399751;0.716392;-0.381745;0.750182;0.39975;1.047166;0.8117553465724757
10.086079;1.0377999927558297;0.7500016503179999;0.7226841930557405;0.383680459824;0.3697055911564949;10.0;0.750181;0.416192;0.416192;0.750182;0.39979;0.716381;-0.381777;0.750182;0.399789;1.047183;0.8117606881895675
10.515696;1.0378143551599197;0.7500006864959999;0.7226732630619955;0.3837162230079999;0.3697349348659491;10.0;0.750181;0.416192;0.416192;0.750182;0.399825;0.71637;-0.381805;0.750182;0.399825;1.047198;0.8117641498150802
11.374931;1.037838719540758;0.7500015303869999;0.7226571106528714;0.3837750960009999;0.3697829814740578;10.0;0.750181;0.416192;0.416192;0.750181;0.399885;0.716352;-0.381853;0.750181;0.399885;1.047224;0.8117708429803326
12.234165;1.037857442682761;0.75000116111;0.7226437179766421;0.38382032326;0.3698198880453771;10.0;0.750181;0.416192;0.416192;0.750181;0.39993;0.716339;-0.381889;0.750181;0.39993;1.047243;0.8117763061595232
13.0934;1.037871205598267;0.7500016802960001;0.7226346354446471;0.383853244932;0.3698467043516569;10.0;0.750181;0.416192;0.416192;0.750181;0.399963;0.716329;-0.381915;0.750181;0.399962;1.047257;0.8117797136329534
13.952634;1.0378802673839598;0.750001084501;0.7226277520348501;0.383874571368;0.3698640232707951;10.0;0.750181;0.416192;0.416192;0.750181;0.399985;0.716323;-0.381932;0.750181;0.399984;1.047266;0.8117824172479964
14.811869;1.037885568252107;0.7500010704810001;0.7226240477975518;0.383888038029;0.3698751093297328;10.0;0.750181;0.416192;0.416192;0.750181;0.399998;0.716319;-0.381943;0.750181;0.399997;1.047272;0.8117840630426296
15.671103;1.037888388953745;0.750001012631;0.7226220281614741;0.383895174117;0.3698809796918432;10.0;0.750181;0.416192;0.416192;0.750181;0.400006;0.716317;-0.381949;0.750181;0.400005;1.047275;0.8117851212543871
16.530338;1.0378899288941963;0.7500013113899999;0.7226212438433401;0.38389847557;0.3698836118190478;10.0;0.750181;0.416192;0.416192;0.750181;0.400009;0.716316;-0.381951;0.750181;0.400008;1.047277;0.8117851798702659
17.389572;1.0378899288941963;0.7500013113899999;0.7226212438433401;0.38389847557;0.3698836118190478;10.0;0.750181;0.416192;0.416192;0.750181;0.40001;0.716316;-0.381952;0.750181;0.400009;1.047277;0.8117856503782264
18.389572;1.0378889886596736;0.7500005060010001;0.7226211224858915;0.383898373865;0.3698838489083164;10.0;0.750181;0.416192;0.416192;0.750181;0.400009;0.716316;-0.381951;0.750181;0.400008;1.047277;0.8117851798702659
19.389572;1.0378893291878477;0.7500011111580001;0.7226214684612654;0.383897227536;0.3698826230696496;10.0;0.750181;0.416192;0.416192;0.750181;0.400007;0.716316;-0.38195;0.750181;0.400006;1.047276;0.8117847093632645
19.999996;1.037888388953745;0.7500006592;0.7226216876325658;0.383896149975;0.36988191992589;10.0;0.750181;0.416192;0.416192;0.750181;0.400006;0.716317;-0.381949;0.750181;0.400005;1.047275;0.8117851212543871
19.999996;1.037888388953745;0.7500006592;0.7226216876325658;0.383896149975;0.36988191992589;10.0;0.712681;0.416192;0.416192;0.750181;0.400006;0.716317;-0.381949;0.750181;0.400005;1.047275;0.8117851212543871
19.999996;1.037888388953745;0.7500006592;0.7226216876325658;0.383896149975;0.36988191992589;10.0;0.712681;0.416192;0.416192;0.750181;0.400006;0.716317;-0.381949;0.750181;0.400005;1.047275;0.8117851212543871
19.999996;1.037888388953745;0.7500006592;0.7226216876325658;0.383896149975;0.36988191992589;10.0;0.712681;0.416192;0.416192;0.750181;0.400006;0.716317;-0.381949;0.750181;0.400005;1.047275;0.8117851212543871
19.999997;1.037888388953745;0.7500006592;0.7226216876325658;0.383896149975;0.36988191992589;10.0;0.712681;0.416192;0.416192;0.750181;0.400006;0.716317;-0.381949;0.750181;0.400005;1.047275;0.8117851212543871
19.999998;1.037888388953745;0.7500006592;0.7226216876325658;0.383896149975;0.36988191992589;10.0;0.712681;0.416192;0.416192;0.750181;0.400006;0.716317;-0.381949;0.750181;0.400005;1.047275;0.8117851212543871
20.0;1.037888388953745;0.7500006592;0.7226216876325658;0.383896149975;0.36988191992589;10.0;0.712681;0.416192;0.416192;0.750181;0.400006;0.716317;-0.381949;0.750181;0.400005;1.047275;0.8117851212543871
20.000004;1.037888388953745;0.7500006592;0.7226216876325658;0.383896149975;0.36988191992589;10.0;0.712681;0.416192;0.416192;0.750181;0.400006;0.716317;-0.381949;0.750181;0.400005;1.047275;0.8117851212543871
20.000012;1.037888388953745;0.7500006592;0.7226216876325658;0.383896149975;0.36988191992589;10.0;0.712681;0.416192;0.416192;0.750181;0.400006;0.716317;-0.381949;0.750181;0.400005;1.047275;0.8117851212543871
20.000027;1.037888388953745;0.7500006592;0.7226216876325658;0.383896149975;0.36988191992589;10.0;0.712681;0.416192;0.416192;0.750181;0.400006;0.716317;-0.381949;0.750181;0.400005;1.047275;0.8117851212543871
20.000058;1.037888388953745;0.7500006592;0.7226216876325658;0.383896149975;0.36988191992589;10.0;0.712681;0.416192;0.416192;0.750181;0.400006;0.716317;-0.381949;0.750181;0.400005;1.047275;0.8117851212543871
20.000121;1.037888388953745;0.7500006592;0.7226216876325658;0.383896149975;0.36988191992589;10.0;0.712681;0.416192;0.416192;0.750181;0.400006;0.716317;-0.381949;0.750181;0.400005;1.047275;0.8117851212543871
20.000245;1.037888388953745;0.7500006592;0.7226216876325658;0.383896149975;0.36988191992589;10.0;0.712681;0.416192;0.416192;0.750181;0.400006;0.716317;-0.381949;0.750181;0.400005;1.047275;0.8117851212543871
20.000495;1.0378880484252624;0.7500007609020001;0.7226220227123148;0.383895344586;0.3698812652949092;10.0;0.712681;0.416192;0.416192;0.750181;0.400006;0.716316;-0.381949;0.750181;0.400005;1.047275;0.8117842388572225
20.000994;1.0378880484252624;0.7499988091859999;0.7226201422436043;0.383894637726;0.3698805842387961;10.0;0.712681;0.416192;0.416192;0.750179;0.400005;0.716315;-0.381949;0.750179;0.400005;1.047275;0.8117833564603305
20.001992;1.0378888259813766;0.7499886271199999;0.7226097905147477;0.383893053873;0.3698787811016364;10.0;0.712681;0.416192;0.416192;0.750168;0.400003;0.716303;-0.381949;0.750168;0.400002;1.047276;0.8117727677188982
20.00299;1.0378903812219284;0.749962676883;0.7225837048417911;0.3838900713629999;0.3698753532247198;10.0;0.712681;0.416192;0.416192;0.750142;0.399999;0.716275;-0.381949;0.750142;0.399998;1.047277;0.8117480608082781
20.003988;1.0378938327025555;0.749915907616;0.7225362402080237;0.383885705224;0.3698699164869358;10.0;0.712681;0.416192;0.416192;0.750096;0.399993;0.716225;-0.38195;0.750096;0.399993;1.04728;0.8117044124094681
20.004986;1.0378994407036743;0.749843658179;0.7224627249732609;0.383881917111;0.369864268209583;10.0;0.712681;0.416192;0.416192;0.750023;0.399986;0.716146;-0.38195;0.750023;0.399986;1.047286;0.811634705896686
20.005984;1.0379084066910722;0.749740828206;0.7223574097412203;0.383878116442;0.3698574112775822;10.0;0.712681;0.416192;0.416192;0.74992;0.399979;0.716036;-0.381951;0.74992;0.399978;1.047295;0.8115381196820024
20.006981;1.037920993164701;0.7496031111120001;0.7222159644602643;0.383875299798;0.3698502124208265;10.0;0.712681;0.416192;0.416192;0.749784;0.399971;0.71589;-0.381953;0.749784;0.39997;1.047307;0.811410245380843
20.007979;1.0379387448688868;0.74942956254;0.7220364074901824;0.38387413308;0.3698427628583142;10.0;0.712681;0.416192;0.416192;0.74961;0.399964;0.715704;-0.381954;0.74961;0.399963;1.047325;0.8112466170850884
20.008977;1.0379619278629637;0.7492168534939999;0.7218153512013158;0.3838759831989999;0.3698362848330608;10.0;0.712681;0.416192;0.416192;0.749396;0.399957;0.715476;-0.381955;0.749396;0.399957;1.047347;0.8110459472810403
20.009975;1.037990210278498;0.748961808938;0.721549973710301;0.3838800022059999;0.369830079710485;10.0;0.712681;0.416192;0.416192;0.749141;0.399952;0.715205;-0.381957;0.749141;0.399951;1.047375;0.8108078328889035
20.010973;1.0380236022620104;0.748663104822;0.7212389999519759;0.383886862533;0.3698247917450552;10.0;0.712681;0.416192;0.416192;0.748842;0.399948;0.714888;-0.381958;0.748842;0.399947;1.047408;0.8105286955487757
20.011971;1.0380623768545896;0.748320075202;0.7208816077791669;0.383896717933;0.3698204717680234;10.0;0.712681;0.416192;0.416192;0.7485;0.399945;0.714524;-0.381959;0.7485;0.399944;1.047447;0.8102081363803996
20.012969;1.0381074896045206;0.7479315787209999;0.7204760453138945;0.383909037843;0.3698162682452611;10.0;0.712681;0.416192;0.416192;0.748111;0.399943;0.714113;-0.381959;0.748111;0.399942;1.047492;0.8098456979264629
20.013967;1.0381592969347238;0.747498495784;0.7200229271086519;0.383925059978;0.3698132464946177;10.0;0.712681;0.416192;0.416192;0.747677;0.399943;0.713655;-0.381958;0.747677;0.399942;1.047543;0.8094413955247162
20.014965;1.038216537557556;0.7470191588890001;0.7195215370450475;0.383943616593;0.3698107309061383;10.0;0.712681;0.416192;0.416192;0.747197;0.399944;0.713148;-0.381957;0.747197;0.399943;1.047599;0.8089939553253782
20.015963;1.0382792324037884;0.746492250028;0.7189706070685309;0.3839654341;0.3698094136112657;10.0;0.712681;0.416192;0.416192;0.746671;0.399946;0.712593;-0.381954;0.746671;0.399945;1.047662;0.808503334417985
20.016961;1.0383480069808002;0.745920015675;0.7183718855915255;0.383989302865;0.3698079066781511;10.0;0.712681;0.416192;0.416192;0.746098;0.399949;0.711991;-0.38195;0.746098;0.399948;1.04773;0.8079709070139841
20.017746;1.0384057515961669;0.745437468174;0.7178672373762993;0.384010373908;0.369807633786432;10.0;0.712681;0.416192;0.416192;0.745615;0.399952;0.711483;-0.381946;0.745615;0.399951;1.047788;0.8075213967474792
20.017746;1.0384057515961669;0.745437468174;0.7178672373762993;0.384010373908;0.369807633786432;10.0;0.712681;0.416192;0.416192;0.745615;0.399952;0.711483;-0.381946;0.745615;0.399951;1.047788;0.8075213967474792
20.017749;1.0384054134262783;0.7454352678199999;0.7178653521849365;0.38400984819;0.3698072479446514;10.0;0.712681;0.416192;0.416192;0.745613;0.399952;0.711481;-0.381946;0.745613;0.399951;1.047788;0.807519634607729
20.017753;1.038406016342837;0.74543351694;0.7178632492571094;0.384010404966;0.3698075694114779;10.0;0.712681;0.416192;0.416192;0.745611;0.399952;0.711479;-0.381946;0.745611;0.399951;1.047788;0.8075178724690866
20.017759;1.0384062810942547;0.74542858848;0.7178583200541508;0.384010084892;0.3698071668897618;10.0;0.712681;0.416192;0.416192;0.745607;0.399952;0.711474;-0.381946;0.745607;0.399951;1.047789;0.8075134671273292
20.017772;1.038407751699206;0.745421135495;0.7178501260947106;0.384011229626;0.3698077455581591;10.0;0.712681;0.416192;0.416192;0.745599;0.399952;0.711466;-0.381946;0.745599;0.399951;1.04779;0.8075064185949237
20.017799;1.038409751884101;0.745403825616;0.7178320737681171;0.384011734604;0.3698075195338308;10.0;0.712681;0.416192;0.416192;0.745582;0.399952;0.711448;-0.381946;0.745582;0.399952;1.047792;0.8074905594618429
20.017851;1.0384134143629886;0.745369937376;0.7177969073456594;0.384013273626;0.3698076973144378;10.0;0.712681;0.416192;0.416192;0.745548;0.399952;0.711413;-0.381945;0.745548;0.399952;1.047796;0.807459249494363
20.017957;1.038421681515751;0.745302962042;0.7177266955309571;0.384016462226;0.3698078237980002;10.0;0.712681;0.416192;0.416192;0.745481;0.399953;0.711342;-0.381945;0.745481;0.399952;1.047804;0.8073966955524403
20.018168;1.038438220237487;0.745166081637;0.7175834509120659;0.3840218074409999;0.369807081400736;10.0;0.712681;0.416192;0.416192;0.745344;0.399954;0.711198;-0.381943;0.745344;0.399953;1.04782;0.8072688836149948
20.018379;1.038454426888826;0.7450276302290001;0.7174389274463179;0.384027984722;0.3698072585356824;10.0;0.712681;0.416192;0.416192;0.745206;0.399955;0.711053;-0.381942;0.745206;0.399954;1.047836;0.8071406693835964
20.01859;1.0384721840593518;0.744887253762;0.7172914837740396;0.384034504584;0.3698072134034659;10.0;0.712681;0.416192;0.416192;0.745065;0.399956;0.710905;-0.38194;0.745065;0.399955;1.047853;0.8070093448188812
20.018801;1.0384886684836767;0.744744857683;0.7171429792974252;0.38404077579;0.3698073820591105;10.0;0.712681;0.416192;0.416192;0.744923;0.399957;0.710756;-0.381939;0.744923;0.399956;1.04787;0.8068776185128698
20.019012;1.038506704025545;0.744600536431;0.7169915548399625;0.384047392559;0.369807331113342;10.0;0.712681;0.416192;0.416192;0.744778;0.399958;0.710605;-0.381937;0.744778;0.399958;1.047888;0.8067436631260266
20.019223;1.038523467267351;0.7444541963829999;0.7168390699363487;0.384053762636;0.3698074956809152;10.0;0.712681;0.416192;0.416192;0.744632;0.39996;0.710451;-0.381935;0.744632;0.399959;1.047905;0.8066070713959803
20.019434;1.038541782241331;0.744306908623;0.7166846065804618;0.3840608319319999;0.3698077809668267;10.0;0.712681;0.416192;0.416192;0.744484;0.399961;0.710297;-0.381934;0.744484;0.39996;1.047923;0.8064709595298517
20.019645;1.0385601042024482;0.7441573183970001;0.71652792687282;0.384068211457;0.3698083624653975;10.0;0.712681;0.416192;0.416192;0.744335;0.399962;0.71014;-0.381932;0.744335;0.399962;1.047941;0.8063317383211452
20.019856;1.0385777582949671;0.744005638445;0.7163697012599555;0.384074303515;0.3698079421087686;10.0;0.712681;0.416192;0.416192;0.744184;0.399964;0.709982;-0.38193;0.744184;0.399963;1.047959;0.8061916429881918
20.020277;1.0386155753333377;0.743699480547;0.7160488425260847;0.384088623771;0.3698082648603926;10.0;0.712681;0.416192;0.416192;0.743877;0.399967;0.70966;-0.381925;0.743877;0.399966;1.047996;0.8059057148482073
20.020699;1.0386533523697885;0.7433878157020001;0.7157227327152881;0.38410393831;0.3698095591119304;10.0;0.712681;0.416192;0.416192;0.743564;0.399971;0.709333;-0.381921;0.743564;0.39997;1.048034;0.8056158855993344
20.021121;1.0386923695035986;0.7430693811840001;0.7153892750161632;0.384120459938;0.3698115738749241;10.0;0.712681;0.416192;0.416192;0.743247;0.399975;0.709001;-0.381916;0.743247;0.399974;1.048072;0.8053212086223731
20.021543;1.0387313497151225;0.742747120214;0.7150521840105264;0.384136385071;0.3698130273783992;10.0;0.712681;0.416192;0.416192;0.742924;0.399979;0.708665;-0.38191;0.742924;0.399979;1.048111;0.8050225651029913
20.021965;1.0387715729384397;0.742420746027;0.7147103033700344;0.384152275821;0.3698140051467946;10.0;0.712681;0.416192;0.416192;0.742598;0.399984;0.708324;-0.381904;0.742598;0.399983;1.048151;0.8047195500247275
20.022387;1.0388111571373306;0.7420902708370001;0.7143649408637377;0.384169600533;0.3698165907186274;10.0;0.712681;0.416192;0.416192;0.742267;0.399989;0.70798;-0.381898;0.742267;0.399988;1.048191;0.8044139250435686
20.023231;1.0388937939038811;0.741421909866;0.7136647790338004;0.384204486198;0.3698207540101512;10.0;0.712681;0.416192;0.416192;0.741598;0.399999;0.707283;-0.381884;0.741598;0.399999;1.048273;0.8037938986736587
20.024075;1.0389771136964472;0.740743415655;0.7129545067836974;0.38424045676;0.3698257177128366;10.0;0.712681;0.416192;0.416192;0.740919;0.40001;0.706577;-0.381868;0.740919;0.40001;1.048356;0.8031651301899255
20.024918;1.0390611214611003;0.7400584248759999;0.7122376245156292;0.384276626144;0.3698306270988565;10.0;0.712681;0.416192;0.416192;0.740234;0.400021;0.705866;-0.381851;0.740234;0.40002;1.048439;0.8025316169204799
20.025762;1.0391446078024944;0.739369461505;0.7115173922410698;0.384311512965;0.3698344870188119;10.0;0.712681;0.416192;0.416192;0.739545;0.400032;0.705152;-0.381831;0.739545;0.400031;1.048523;0.8018941673718546
20.026606;1.039227909489059;0.7386787230799999;0.7107956939331763;0.38434563614;0.369837677212658;10.0;0.712681;0.416192;0.416192;0.738854;0.400041;0.704438;-0.381809;0.738854;0.400041;1.048606;0.8012558944088961
20.02745;1.039310753690637;0.7379898076910001;0.7100761779577154;0.384379905161;0.369841170021623;10.0;0.712681;0.416192;0.416192;0.738165;0.40005;0.703726;-0.381786;0.738165;0.40005;1.048688;0.800619031045353
20.028294;1.039393138917609;0.737302429527;0.7093585688806868;0.384412006364;0.3698427399321824;10.0;0.712681;0.416192;0.416192;0.737477;0.400058;0.703017;-0.38176;0.737477;0.400057;1.04877;0.7999834997604638
20.029137;1.0394738454261367;0.736620371423;0.7086473360193294;0.384443064689;0.3698439036062479;10.0;0.712681;0.416192;0.416192;0.736795;0.400064;0.702314;-0.381733;0.736795;0.400063;1.04885;0.7993528869560678
20.029981;1.0395534784824685;0.7359435559399999;0.7079419877602875;0.38447203473;0.369843440177074;10.0;0.712681;0.416192;0.416192;0.736118;0.400069;0.701619;-0.381704;0.736118;0.400068;1.048929;0.7987284674887957
20.030825;1.0396308150593652;0.735273807629;0.7072451075692809;0.3844993313349999;0.3698421841344172;10.0;0.712681;0.416192;0.416192;0.735448;0.400072;0.700932;-0.381673;0.735448;0.400071;1.049006;0.7981102352137831
20.031669;1.0397071251429413;0.734613472966;0.7065580827533559;0.3845242148989999;0.3698389725338611;10.0;0.712681;0.416192;0.416192;0.734787;0.400073;0.700254;-0.381641;0.734787;0.400072;1.049082;0.7974995406876422
20.032513;1.0397811270882926;0.7339621614749999;0.7058814036472464;0.384548059585;0.3698355832461136;10.0;0.712681;0.416192;0.416192;0.734135;0.400072;0.699587;-0.381607;0.734135;0.400072;1.049155;0.7968976552970902
20.0342;1.0399228990675222;0.732690654743;0.7045624780452366;0.384587218379;0.3698228192915567;10.0;0.712681;0.416192;0.416192;0.732863;0.400066;0.698288;-0.381536;0.732863;0.400066;1.049296;0.7957234759889895
20.035719;1.040043239036243;0.731584896588;0.7034177706553083;0.384615234221;0.3698069655040535;10.0;0.712681;0.416192;0.416192;0.731757;0.400055;0.697163;-0.381469;0.731757;0.400054;1.049415;0.7947042509827161
20.037238;1.0401567377799368;0.7305193824449999;0.7023166373985014;0.3846369222369999;0.3697874640104255;10.0;0.712681;0.416192;0.416192;0.730691;0.400038;0.69608;-0.381398;0.730691;0.400037;1.049527;0.79372022829458
20.038757;1.0402633522031812;0.7294950721510001;0.7012599940255486;0.384652417853;0.3697644611226012;10.0;0.712681;0.416192;0.416192;0.729667;0.400017;0.695042;-0.381325;0.729667;0.400016;1.049633;0.7927749601173085
20.040276;1.0403630410126072;0.7285142526680001;0.7002500319109008;0.384661223684;0.3697374940478481;10.0;0.712681;0.416192;0.416192;0.728685;0.399991;0.694049;-0.38125;0.728685;0.39999;1.049731;0.7918684088287649
20.041795;1.040456093659891;0.727576443377;0.6992860609982006;0.3846649089849999;0.3697079687734915;10.0;0.712681;0.416192;0.416192;0.727747;0.399961;0.693102;-0.381174;0.727747;0.399961;1.049823;0.7910018967613162
20.043314;1.0405424710803497;0.726681283468;0.6983677299721546;0.384664268386;0.3696766629685187;10.0;0.712681;0.416192;0.416192;0.726852;0.399928;0.692202;-0.381098;0.726852;0.399928;1.049908;0.7901767488404098
20.044832;1.0406227527327083;0.7258293153090001;0.6974951425989381;0.384659447007;0.3696435100970761;10.0;0.712681;0.416192;0.416192;0.726;0.399893;0.691346;-0.381022;0.726;0.399892;1.049987;0.7893903066291099
20.046351;1.040698177508253;0.7250215227199999;0.6966683889616497;0.384650197918;0.3696078327329918;10.0;0.712681;0.416192;0.416192;0.725191;0.399855;0.690534;-0.380946;0.725191;0.399855;1.05006;0.7886425426465402
20.04787;1.0407671133644645;0.7242550043229999;0.6958857510223562;0.384638279188;0.3695718996583093;10.0;0.712681;0.416192;0.416192;0.724424;0.399816;0.689766;-0.380871;0.724424;0.399816;1.050128;0.7879339143589391
20.049389;1.0408317483724254;0.723528233158;0.6951442769586911;0.384623550406;0.3695347984988404;10.0;0.712681;0.416192;0.416192;0.723697;0.399776;0.689039;-0.380797;0.723697;0.399775;1.050191;0.7872617726842832
20.050908;1.040890783137213;0.7228408420660001;0.6944444640842913;0.384607290042;0.3694982185189549;10.0;0.712681;0.416192;0.416192;0.72301;0.399735;0.688353;-0.380725;0.72301;0.399734;1.050249;0.7866265811895755
20.052427;1.0409454303972905;0.7221909888200001;0.6937837159670959;0.38458901915;0.3694612684962904;10.0;0.712681;0.416192;0.416192;0.72236;0.399693;0.687706;-0.380655;0.72236;0.399693;1.050303;0.7860265717270633
20.053946;1.040995994702189;0.721578540002;0.6931616871479234;0.3845694095859999;0.3694244853420581;10.0;0.712681;0.416192;0.416192;0.721747;0.399652;0.687096;-0.380587;0.721747;0.399651;1.050352;0.7854599784743969
20.056983;1.041087242201152;0.720456000156;0.6920226960353033;0.384528084136;0.3693524121215809;10.0;0.712681;0.416192;0.416192;0.720624;0.39957;0.68598;-0.380457;0.720624;0.39957;1.05044;0.7844208623239186
20.059717;1.0411572250625745;0.71955482804;0.6911106322071138;0.38448864969;0.3692897099829393;10.0;0.712681;0.416192;0.416192;0.719722;0.399499;0.685086;-0.380349;0.719722;0.399499;1.050508;0.7835867464403669
20.062451;1.0412177758768817;0.7187483913830001;0.6902959285128342;0.384449091441;0.3692302420761389;10.0;0.712681;0.416192;0.416192;0.718916;0.399432;0.684288;-0.380249;0.718916;0.399431;1.050567;0.7828405769663451
20.065185;1.0412710180721445;0.7180279994759999;0.6895687933439164;0.384411782384;0.3691755323179139;10.0;0.712681;0.416192;0.416192;0.718196;0.399368;0.683577;-0.380157;0.718196;0.399367;1.050618;0.7821744431889858
20.067919;1.0413168452094683;0.717387341544;0.6889232079979388;0.384374651646;0.3691236278509259;10.0;0.712681;0.416192;0.416192;0.717554;0.399309;0.682944;-0.380073;0.717554;0.399308;1.050662;0.7815804452933812
20.070653;1.0413570820587912;0.7168178629130001;0.6883497267775158;0.384339423421;0.3690755361851005;10.0;0.712681;0.416192;0.416192;0.716984;0.399254;0.682382;-0.379997;0.716984;0.399253;1.050701;0.781052439937934
20.073387;1.041391993330561;0.716311651761;0.6878405598934026;0.384308074515;0.3690330605345954;10.0;0.712681;0.416192;0.416192;0.716478;0.399204;0.681883;-0.379928;0.716478;0.399203;1.050734;0.7805829301701389
20.076121;1.0414224505746936;0.7158625365569999;0.6873891917367075;0.3842774835839999;0.3689928936830026;10.0;0.712681;0.416192;0.416192;0.716028;0.399158;0.681441;-0.379866;0.716028;0.399157;1.050763;0.7801666581167129
20.078855;1.0414481096823789;0.715464024507;0.6869896040477738;0.384250026207;0.3689574378546701;10.0;0.712681;0.416192;0.416192;0.715631;0.399116;0.68105;-0.379811;0.715631;0.399116;1.050789;0.7797983702348962
20.081589;1.0414714477147229;0.715112435827;0.6866366210961953;0.384224978954;0.3689251201241246;10.0;0.712681;0.416192;0.416192;0.715278;0.399079;0.680704;-0.379761;0.715278;0.399078;1.050811;0.7794718421707099
20.084323;1.0414921288315149;0.7148019540120001;0.6863248739229173;0.384202787352;0.3688964867963525;10.0;0.712681;0.416192;0.416192;0.714967;0.399045;0.680398;-0.379717;0.714967;0.399045;1.05083;0.7791831867365978
20.087057;1.0415088521419296;0.714525826865;0.6860487315067288;0.384182254645;0.368870849109832;10.0;0.712681;0.416192;0.416192;0.714692;0.399015;0.680128;-0.379678;0.714692;0.399015;1.050847;0.7789284178074389
20.089791;1.0415244492511926;0.7142827268940001;0.6858050499030877;0.384164690644;0.3688484614261302;10.0;0.712681;0.416192;0.416192;0.714449;0.398988;0.679889;-0.379643;0.714449;0.398987;1.050861;0.7787026773872041
20.092525;1.041537624470667;0.714068547832;0.6855907372476399;0.384147621668;0.368827407327923;10.0;0.712681;0.416192;0.416192;0.714234;0.398964;0.679678;-0.379612;0.714234;0.398963;1.050874;0.778503342464244
20.095259;1.0415502663289948;0.713879872307;0.6854012671160957;0.384132896741;0.3688087931606978;10.0;0.712681;0.416192;0.416192;0.714045;0.398942;0.679493;-0.379585;0.714045;0.398942;1.050885;0.7783286640449522
20.097993;1.041559833216508;0.713713112131;0.6852348654104072;0.3841190202569999;0.3687920828040932;10.0;0.712681;0.416192;0.416192;0.713878;0.398923;0.679329;-0.379561;0.713878;0.398922;1.050895;0.7781737871208462
20.100727;1.0415685182459191;0.7135658753299999;0.6850877909901686;0.384106444787;0.3687769340742599;10.0;0.712681;0.416192;0.416192;0.713731;0.398906;0.679184;-0.379539;0.713731;0.398905;1.050903;0.7780364762509532
20.103461;1.0415763191552505;0.7134358531300001;0.6849578278705665;0.38409547509;0.3687636402885129;10.0;0.712681;0.416192;0.416192;0.713601;0.39889;0.679057;-0.379521;0.713601;0.39889;1.050911;0.7779168327591325
20.108928;1.0415895457141455;0.713219725966;0.6847416325372149;0.384077976499;0.3687421576756172;10.0;0.712681;0.416192;0.416192;0.713385;0.398864;0.678844;-0.379489;0.713385;0.398864;1.050923;0.7777152933156195
20.114396;1.041598821682321;0.713051137145;0.6845736787540977;0.384062807665;0.3687243108096909;10.0;0.712681;0.416192;0.416192;0.713216;0.398843;0.678679;-0.379464;0.713216;0.398843;1.050932;0.7775590732137334
20.119864;1.0416066413085123;0.712921458737;0.6844440410262712;0.3840509397029999;0.3687101487952671;10.0;0.712681;0.416192;0.416192;0.713086;0.398826;0.678551;-0.379445;0.713086;0.398826;1.050939;0.7774380796089165
20.125332;1.0416113925423434;0.71282111725;0.6843445860458199;0.384039450788;0.368697437007332;10.0;0.712681;0.416192;0.416192;0.712986;0.398813;0.678452;-0.379431;0.712986;0.398812;1.050944;0.7773448398651657
20.1308;1.0416152705125823;0.712743420808;0.6842674459421632;0.384031743066;0.3686886645555962;10.0;0.712681;0.416192;0.416192;0.712908;0.398801;0.678376;-0.379419;0.712908;0.398801;1.050947;0.7772726516075296
20.136268;1.041618256044411;0.7126845909;0.6842090053283529;0.38402396493;0.3686801404464118;10.0;0.712681;0.416192;0.416192;0.712849;0.398792;0.678318;-0.37941;0.712849;0.398792;1.05095;0.7772176382609958
20.141736;1.0416197052667542;0.712637944428;0.6841632707452444;0.384018822996;0.3686746910165783;10.0;0.712681;0.416192;0.416192;0.712803;0.398784;0.678273;-0.379403;0.712803;0.398784;1.050951;0.7771749474461978
20.147204;1.041620868532308;0.71260363452;0.6841295677227468;0.384013384464;0.3686690580662929;10.0;0.712681;0.416192;0.416192;0.712768;0.398778;0.678238;-0.379398;0.712768;0.398777;1.050952;0.7771419606789998
20.152672;1.0416214240980262;0.712576840276;0.684103479239632;0.384008501248;0.3686641733396809;10.0;0.712681;0.416192;0.416192;0.712742;0.398772;0.678212;-0.379393;0.712742;0.398772;1.050953;0.7771168286641333
20.15814;1.0416219972638825;0.712557135932;0.6840841858214733;0.384004186964;0.3686598285872386;10.0;0.712681;0.416192;0.416192;0.712721;0.398767;0.678192;-0.37939;0.712721;0.398767;1.050953;0.7770979095094774
20.163608;1.041621319561001;0.7125402556920001;0.6840684251665525;0.384000513888;0.368656542139364;10.0;0.712681;0.416192;0.416192;0.712706;0.398763;0.678176;-0.379387;0.712706;0.398762;1.050953;0.7770824813010521
20.169075;1.0416216062280008;0.712529258856;0.6840576794833059;0.383996868562;0.3686529410162281;10.0;0.712681;0.416192;0.416192;0.712694;0.398759;0.678165;-0.379385;0.712694;0.398759;1.050952;0.7770719049418786
20.174543;1.0416212674220893;0.712520660404;0.684049647111583;0.38399387849;0.3686501903329482;10.0;0.712681;0.416192;0.416192;0.712685;0.398756;0.678156;-0.379383;0.712685;0.398755;1.050952;0.7770630740326039
20.180011;1.0416199816987;0.712513603219;0.6840437162668626;0.383990442551;0.36864734672695;10.0;0.712681;0.416192;0.416192;0.712679;0.398752;0.678149;-0.379381;0.712679;0.398752;1.050951;0.7770559885632438
20.185479;1.0416202857764434;0.712509361348;0.684039444198115;0.383988351609;0.3686452317149026;10.0;0.712681;0.416192;0.416192;0.712674;0.398749;0.678144;-0.37938;0.712674;0.398749;1.05095;0.7770511367574208
20.190947;1.041618695989084;0.712504908163;0.6840362129698822;0.3839853507170001;0.3686429133766471;10.0;0.712681;0.416192;0.416192;0.71267;0.398747;0.678141;-0.379379;0.71267;0.398746;1.05095;0.7770480303829358
20.201883;1.0416171062040984;0.712500138244;0.6840326776511196;0.383980042352;0.368638379750996;10.0;0.712681;0.416192;0.416192;0.712665;0.398741;0.678136;-0.379377;0.712665;0.398741;1.050948;0.777042690349121
20.211725;1.0416158378447402;0.712498532946;0.6840319694257593;0.3839755182869999;0.3686344853218659;10.0;0.712681;0.416192;0.416192;0.712663;0.398737;0.678134;-0.379376;0.712663;0.398736;1.050946;0.7770404566893541
20.221567;1.041613943973966;0.7124973533610001;0.6840320806792196;0.383970979705;0.3686307983167676;10.0;0.712681;0.416192;0.416192;0.712662;0.398733;0.678133;-0.379374;0.712662;0.398732;1.050944;0.7770386075125225
20.23141;1.0416129970387271;0.71249759154;0.6840329311995992;0.38396789148;0.3686281685919901;10.0;0.712681;0.416192;0.416192;0.712662;0.398729;0.678133;-0.379373;0.712662;0.398728;1.050943;0.7770381192824455
20.241252;1.0416114245941237;0.7124982554379999;0.6840346012099794;0.383964788746;0.3686257463003696;10.0;0.712681;0.416192;0.416192;0.712663;0.398725;0.678133;-0.379372;0.712663;0.398724;1.050941;0.7770376310533487
20.251094;1.0416095307249258;0.712498396999;0.6840359808373918;0.3839595986699999;0.368621433794655;10.0;0.712681;0.416192;0.416192;0.712663;0.398721;0.678134;-0.37937;0.712663;0.398721;1.05094;0.7770375273151227
20.260936;1.0416079582837297;0.7124990609040001;0.6840376508624162;0.383956495972;0.3686190115181626;10.0;0.712681;0.416192;0.416192;0.712664;0.398718;0.678135;-0.379369;0.712664;0.398717;1.050938;0.777037911807397
20.270779;1.0416060644159095;0.712499853998;0.6840396560071307;0.383952627068;0.3686159673842769;10.0;0.712681;0.416192;0.416192;0.712665;0.398714;0.678136;-0.379368;0.712665;0.398714;1.050936;0.7770382963020548
20.280621;1.041605438911491;0.712501284132;0.6840414397956536;0.383949653586;0.3686133340348519;10.0;0.712681;0.416192;0.416192;0.712666;0.398711;0.678137;-0.379367;0.712666;0.39871;1.050935;0.7770386807990963
20.290463;1.0416038664756386;0.712501948046;0.6840431098406106;0.3839465509369999;0.3686109117817678;10.0;0.712681;0.416192;0.416192;0.712667;0.398708;0.678138;-0.379365;0.712667;0.398707;1.050933;0.7770385770790277
20.310147;1.041601347109824;0.7125038364780001;0.6840465773734021;0.38394069496;0.3686061812663134;10.0;0.712681;0.416192;0.416192;0.712668;0.398701;0.67814;-0.379363;0.712668;0.398701;1.050931;0.7770393460880858
20.329832;1.041598827747516;0.712504738589;0.6840490979908355;0.383934504223;0.3686011293362033;10.0;0.712681;0.416192;0.416192;0.712669;0.398695;0.678142;-0.37936;0.712669;0.398695;1.050928;0.7770396268942787
20.349516;1.0415963083887154;0.7125053059009999;0.6840512971894085;0.38392929985;0.3685970243538158;10.0;0.712681;0.416192;0.416192;0.712671;0.39869;0.678143;-0.379357;0.712671;0.398689;1.050925;0.7770390349898775
20.369201;1.0415934675956833;0.712506988687;0.6840547784268313;0.383923664091;0.3685926189391466;10.0;0.712681;0.416192;0.416192;0.712672;0.398684;0.678145;-0.379355;0.712672;0.398684;1.050923;0.7770398040319427
20.388885;1.0415918951724807;0.712508322235;0.6840570913975991;0.383918588939;0.3685883028836603;10.0;0.712681;0.416192;0.416192;0.712673;0.398679;0.678147;-0.379352;0.712673;0.398678;1.050921;0.7770400848817262
20.40857;1.0415893758218735;0.712508889557;0.6840592906343632;0.383913384674;0.368584197943715;10.0;0.712681;0.416192;0.416192;0.712674;0.398674;0.678148;-0.379349;0.712674;0.398674;1.050919;0.7770394930149948
20.428254;1.041587481962509;0.712509031134;0.6840606703447748;0.383908194846;0.3685798855057846;10.0;0.712681;0.416192;0.416192;0.712674;0.39867;0.67815;-0.379347;0.712674;0.398669;1.050917;0.777040262090067
20.467623;1.0415840156876448;0.7125108229660001;0.6840646671172336;0.38390023741;0.3685734723535983;10.0;0.712681;0.416192;0.416192;0.712676;0.398661;0.678152;-0.379342;0.712676;0.39866;1.050913;0.7770395666039149
20.506992;1.0415805494175665;0.712511628498;0.6840677169868657;0.383891945239;0.3685667377848651;10.0;0.712681;0.416192;0.416192;0.712677;0.398653;0.678154;-0.379337;0.712677;0.398653;1.05091;0.7770388711544617
20.546361;1.0415780300798398;0.712512530654;0.6840702377328215;0.383885754847;0.3685616859810052;10.0;0.712681;0.416192;0.416192;0.712677;0.398646;0.678157;-0.379332;0.712677;0.398646;1.050907;0.7770390484866253
20.625099;1.0415736168917684;0.712513574405;0.6840741382555953;0.383874374825;0.3685523217941579;10.0;0.712681;0.416192;0.416192;0.712679;0.398635;0.67816;-0.379325;0.712679;0.398634;1.050902;0.7770382495250797
20.703837;1.0415701506360482;0.712514714782;0.6840775096587529;0.38386509659;0.3685446403735627;10.0;0.712681;0.416192;0.416192;0.712679;0.398626;0.678163;-0.379318;0.712679;0.398625;1.050898;0.777037450637355
20.861313;1.041565737459715;0.712515423745;0.6840810888065125;0.3838547030749999;0.3685362231779888;10.0;0.712681;0.416192;0.416192;0.71268;0.398615;0.678166;-0.379311;0.71268;0.398615;1.050893;0.7770366518234516
21.018788;1.0415638436092145;0.712515881991;0.6840827726143014;0.3838518208889999;0.3685341261068368;10.0;0.712681;0.416192;0.416192;0.712681;0.398613;0.678167;-0.379309;0.712681;0.398613;1.050892;0.7770365482845707
21.176264;1.041566684385114;0.712516506642;0.6840815065649224;0.3838571395379999;0.3685382273575781;10.0;0.712681;0.416192;0.416192;0.712681;0.398618;0.678166;-0.379314;0.712681;0.398618;1.050894;0.7770381162800188
21.33374;1.0415714190135978;0.712517306363;0.684079164766039;0.383869955235;0.3685488563026599;10.0;0.712681;0.416192;0.416192;0.712682;0.39863;0.678163;-0.379323;0.712682;0.39863;1.050899;0.7770398914457353
21.648692;1.0415868738770664;0.7125175329669999;0.6840692320889357;0.383909083291;0.3685809536577465;10.0;0.712681;0.416192;0.416192;0.712682;0.39867;0.678153;-0.379355;0.712682;0.398669;1.050916;0.7770467858719963
21.963643;1.0416099042395863;0.712517211551;0.6840537985006622;0.383965678867;0.3686271389165689;10.0;0.712681;0.416192;0.416192;0.712683;0.398727;0.678138;-0.3794;0.712683;0.398726;1.05094;0.7770556653445105
22.278595;1.041637026520275;0.712517948675;0.6840366946778568;0.384033562133;0.3686827103448064;10.0;0.712681;0.416192;0.416192;0.712683;0.398796;0.67812;-0.379456;0.712683;0.398795;1.050969;0.7770673010338294
22.593546;1.0416692050838403;0.7125180537939999;0.6840156647778137;0.384112391502;0.3687469972495578;10.0;0.712681;0.416192;0.416192;0.712683;0.398874;0.678099;-0.379518;0.712683;0.398874;1.051002;0.7770792534387982
22.908498;1.0417026349328296;0.712518276614;0.6839939275568254;0.38419488485;0.3688143544676485;10.0;0.712681;0.416192;0.416192;0.712683;0.398958;0.678076;-0.379585;0.712683;0.398957;1.051037;0.7770919083358158
23.223449;1.041737333378237;0.7125184673420001;0.683971328003944;0.384280253032;0.3688840178030506;10.0;0.712681;0.416192;0.416192;0.712683;0.399044;0.678053;-0.379654;0.712683;0.399043;1.051073;0.7771055465797423
23.538401;1.0417720320693968;0.712518323883;0.6839484090081006;0.384366614193;0.3689546295742711;10.0;0.712681;0.416192;0.416192;0.712683;0.39913;0.678029;-0.379723;0.712683;0.39913;1.05111;0.7771183189000245
23.853352;1.0418057840466235;0.7125180843729999;0.6839260208418202;0.384450879131;0.3690235598785991;10.0;0.712681;0.416192;0.416192;0.712683;0.399215;0.678006;-0.379791;0.712683;0.399215;1.051145;0.7771314816149195
24.168304;1.041838589295386;0.712517748791;0.6839041633818617;0.384533047372;0.3690908086175484;10.0;0.712681;0.416192;0.416192;0.712683;0.399297;0.677984;-0.379856;0.712683;0.399297;1.05118;0.7771440567822674
24.483255;1.041870447801453;0.712517986674;0.6838834791576534;0.384611145216;0.3691544817569242;10.0;0.712681;0.416192;0.416192;0.712683;0.399376;0.677962;-0.379919;0.712683;0.399375;1.051213;0.7771556600868323
24.798207;1.0419004125774207;0.7125183665179999;0.6838641754209447;0.384684055454;0.3692138430988625;10.0;0.712681;0.416192;0.416192;0.712683;0.39945;0.677942;-0.379978;0.712683;0.399449;1.051244;0.777167057876233
25.42811;1.0419530881589631;0.712517554608;0.6838288236824117;0.384815802316;0.3693216198398478;10.0;0.712681;0.416192;0.416192;0.712682;0.399582;0.677906;-0.380084;0.712682;0.399582;1.0513;0.7771874882497787
25.995023;1.0419931490585723;0.712517455932;0.6838024382173247;0.384916033289;0.3694036123335041;10.0;0.712681;0.416192;0.416192;0.712682;0.399683;0.677878;-0.380165;0.712682;0.399683;1.051342;0.7772026827726471
26.561935;1.0420278496014397;0.712516999906;0.683779229296537;0.385000134467;0.3694720199793671;10.0;0.712681;0.416192;0.416192;0.712682;0.399768;0.677855;-0.380232;0.712682;0.399767;1.051378;0.7772153979747184
27.128848;1.0420549744178569;0.712516757486;0.6837611978044124;0.385067745232;0.369527284726142;10.0;0.712681;0.416192;0.416192;0.712682;0.399836;0.677836;-0.380287;0.712682;0.399836;1.051407;0.7772257363629951
27.695761;1.0420770598784908;0.712516344022;0.683746309610809;0.385122294571;0.3695717998205492;10.0;0.712681;0.416192;0.416192;0.712682;0.399891;0.677821;-0.38033;0.712682;0.39989;1.05143;0.7772336951914786
28.262674;1.0420931421883552;0.7125164676279999;0.6837358761729714;0.3851637902979999;0.369605915925299;10.0;0.712681;0.416192;0.416192;0.712681;0.399932;0.67781;-0.380364;0.712681;0.399932;1.051447;0.7772407404376073
28.829587;1.0421060789981988;0.712515961091;0.6837269021364489;0.385195107888;0.3696313798095268;10.0;0.712681;0.416192;0.416192;0.712681;0.399964;0.677801;-0.380389;0.712681;0.399963;1.051461;0.777245126663397
29.396499;1.0421152278169628;0.712516389308;0.6837213105508391;0.3852173573279999;0.3696494850525872;10.0;0.712681;0.416192;0.416192;0.712681;0.399986;0.677795;-0.380407;0.712681;0.399986;1.05147;0.7772487038741203
29.963412;1.0421215356348796;0.712515540478;0.6837163575589313;0.38523295972;0.3696622193737787;10.0;0.712681;0.416192;0.416192;0.712681;0.400002;0.677791;-0.380419;0.712681;0.400001;1.051477;0.77725108892944
30.530325;1.042125002443085;0.7125153883690001;0.6837139370983604;0.385242584289;0.3696702251513631;10.0;0.712681;0.416192;0.416192;0.712681;0.400012;0.677788;-0.380427;0.712681;0.400011;1.051481;0.7772523883996754
31.530325;1.042128790469297;0.712515440555;0.683711501947985;0.38525198826;0.3696779052486509;10.0;0.712681;0.416192;0.416192;0.712681;0.400021;0.677785;-0.380434;0.712681;0.40002;1.051485;0.7772531985016208
32.530325;1.0421297374760976;0.712515872034;0.6837112946797014;0.385253105634;0.3696786415163939;10.0;0.712681;0.416192;0.416192;0.712681;0.400021;0.677785;-0.380435;0.712681;0.400021;1.051485;0.777253687961659
33.530325;1.0421278434625951;0.712515678568;0.6837123516444785;0.385248897084;0.3696752749681499;10.0;0.712681;0.416192;0.416192;0.712681;0.400018;0.677786;-0.380432;0.712681;0.400017;1.051483;0.7772530916117348
34.530325;1.0421259494494894;0.712515485102;0.6837134086128375;0.38524468855;0.3696719084228814;10.0;0.712681;0.416192;0.416192;0.712681;0.400013;0.677787;-0.380428;0.712681;0.400013;1.051481;0.7772520058211493
35.530325;1.0421240554367797;0.7125156263820001;0.6837147867998953;0.385239493134;0.3696675948743326;10.0;0.712681;0.416192;0.416192;0.712681;0.400009;0.677788;-0.380425;0.712681;0.400009;1.05148;0.777251409499526
36.530325;1.042123429646412;0.7125157339400001;0.6837153005779303;0.38523716821;0.369665585909252;10.0;0.712681;0.416192;0.416192;0.712681;0.400006;0.677789;-0.380422;0.712681;0.400005;1.051478;0.7772508131903112
37.530325;1.0421224826405964;0.712515637209;0.683715829067983;0.385235063963;0.3696639026411434;10.0;0.712681;0.416192;0.416192;0.712681;0.400004;0.67779;-0.380421;0.712681;0.400003;1.051477;0.777251195779717
38.530325;1.0421215356348796;0.712515540478;0.6837163575589313;0.38523295972;0.3696622193737787;10.0;0.712681;0.416192;0.416192;0.712681;0.400002;0.67779;-0.380419;0.712681;0.400001;1.051477;0.7772502168935047
39.530325;1.0421215356348796;0.712515875225;0.6837166787757842;0.385231972825;0.3696612723681117;10.0;0.712681;0.416192;0.416192;0.712681;0.400001;0.677791;-0.380418;0.712681;0.4;1.051476;0.7772505994883504
40.530325;1.0421205886292622;0.712515109;0.6837165648336304;0.3852318423750001;0.369661483112726;10.0;0.712681;0.416192;0.416192;0.712681;0.4;0.677791;-0.380418;0.712681;0.4;1.051476;0.7772505994883504
41.530325;1.0421205886292622;0.712515443747;0.6837168860507752;0.385230855481;0.3696605361071579;10.0;0.712681;0.416192;0.416192;0.712681;0.4;0.677791;-0.380418;0.712681;0.399999;1.051476;0.7772505994883504
42.530325;1.0421205886292622;0.712515443747;0.6837168860507752;0.385230855481;0.3696605361071579;10.0;0.712681;0.416192;0.416192;0.712681;0.4;0.677791;-0.380418;0.712681;0.399999;1.051476;0.7772505994883504
43.530325;1.0421205886292622;0.712515443747;0.6837168860507752;0.385230855481;0.3696605361071579;10.0;0.712681;0.416192;0.416192;0.712681;0.4;0.677791;-0.380418;0.712681;0.399999;1.051476;0.7772505994883504
44.530325;1.0421205886292622;0.712515443747;0.6837168860507752;0.385230855481;0.3696605361071579;10.0;0.712681;0.416192;0.416192;0.712681;0.4;0.677791;-0.380418;0.712681;0.399999;1.051476;0.7772505994883504
45.530325;1.0421205886292622;0.712515443747;0.6837168860507752;0.385230855481;0.3696605361071579;10.0;0.712681;0.416192;0.416192;0.712681;0.4;0.677791;-0.380418;0.712681;0.399999;1.051476;0.7772505994883504
46.530325;1.0421205886292622;0.712515443747;0.6837168860507752;0.385230855481;0.3696605361071579;10.0;0.712681;0.416192;0.416192;0.712681;0.4;0.677791;-0.380418;0.712681;0.399999;1.051476;0.7772505994883504
47.530325;1.0421205886292622;0.712515443747;0.6837168860507752;0.385230855481;0.3696605361071579;10.0;0.712681;0.416192;0.416192;0.712681;0.4;0.677791;-0.380418;0.712681;0.399999;1.051476;0.7772505994883504
48.530325;1.0421205886292622;0.712515443747;0.6837168860507752;0.385230855481;0.3696605361071579;10.0;0.712681;0.416192;0.416192;0.712681;0.4;0.677791;-0.380418;0.712681;0.399999;1.051476;0.7772505994883504
49.530325;1.0421205886292622;0.712515443747;0.6837168860507752;0.385230855481;0.3696605361071579;10.0;0.712681;0.416192;0.416192;0.712681;0.4;0.677791;-0.380418;0.712681;0.399999;1.051476;0.7772505994883504
50.530325;1.0421205886292622;0.712515443747;0.6837168860507752;0.385230855481;0.3696605361071579;10.0;0.712681;0.416192;0.416192;0.712681;0.4;0.677791;-0.380418;0.712681;0.399999;1.051476;0.7772505994883504
51.530325;1.0421205886292622;0.712515443747;0.6837168860507752;0.385230855481;0.3696605361071579;10.0;0.712681;0.416192;0.416192;0.712681;0.4;0.677791;-0.380418;0.712681;0.399999;1.051476;0.7772505994883504
52.530325;1.0421205886292622;0.712515443747;0.6837168860507752;0.385230855481;0.3696605361071579;10.0;0.712681;0.416192;0.416192;0.712681;0.4;0.677791;-0.380418;0.712681;0.399999;1.051476;0.7772505994883504
53.530325;1.0421205886292622;0.712515443747;0.6837168860507752;0.385230855481;0.3696605361071579;10.0;0.712681;0.416192;0.416192;0.712681;0.4;0.677791;-0.380418;0.712681;0.399999;1.051476;0.7772505994883504
54.530325;1.0421205886292622;0.712515443747;0.6837168860507752;0.385230855481;0.3696605361071579;10.0;0.712681;0.416192;0.416192;0.712681;0.4;0.677791;-0.380418;0.712681;0.4;1.051476;0.7772505994883504
55.530325;1.0421205886292622;0.712515443747;0.6837168860507752;0.385230855481;0.3696605361071579;10.0;0.712681;0.416192;0.416192;0.712681;0.4;0.677791;-0.380418;0.712681;0.399999;1.051476;0.7772505994883504
56.530325;1.0421205886292622;0.712516430641;0.6837178330563433;0.385231190228;0.3696608573243027;10.0;0.712681;0.416192;0.416192;0.712681;0.4;0.677791;-0.380418;0.712681;0.4;1.051476;0.7772505994883504
57.530325;1.0421205886292622;0.712515443747;0.6837168860507752;0.385230855481;0.3696605361071579;10.0;0.712681;0.416192;0.416192;0.71268;0.4;0.677791;-0.380418;0.71268;0.399999;1.051476;0.7772505994883504
58.530325;1.0421205886292622;0.712516430641;0.6837178330563433;0.385231190228;0.3696608573243027;10.0;0.712681;0.416192;0.416192;0.712681;0.4;0.677791;-0.380418;0.712681;0.4;1.051476;0.7772505994883504
59.530325;1.0421205886292622;0.712515443747;0.6837168860507752;0.385230855481;0.3696605361071579;10.0;0.712681;0.416192;0.416192;0.71268;0.399999;0.677791;-0.380418;0.71268;0.399999;1.051476;0.7772505994883504
60.530325;1.0421205886292622;0.712515443747;0.6837168860507752;0.385230855481;0.3696605361071579;10.0;0.712681;0.416192;0.416192;0.712681;0.4;0.677791;-0.380418;0.712681;0.399999;1.051476;0.7772505994883504
61.530325;1.0421205886292622;0.712515443747;0.6837168860507752;0.385230855481;0.3696605361071579;10.0;0.712681;0.416192;0.416192;0.712681;0.4;0.677791;-0.380418;0.712681;0.399999;1.051476;0.7772505994883504
62.530325;1.0421205886292622;0.712515443747;0.6837168860507752;0.385230855481;0.3696605361071579;10.0;0.712681;0.416192;0.416192;0.712681;0.4;0.677791;-0.380418;0.712681;0.399999;1.051476;0.7772505994883504
63.530325;1.0421205886292622;0.712515443747;0.6837168860507752;0.385230855481;0.3696605361071579;10.0;0.712681;0.416192;0.416192;0.712681;0.4;0.677791;-0.380418;0.712681;0.399999;1.051476;0.7772505994883504
64.530325;1.0421205886292622;0.712515443747;0.6837168860507752;0.385230855481;0.3696605361071579;10.0;0.712681;0.416192;0.416192;0.712681;0.4;0.677791;-0.380418;0.712681;0.399999;1.051476;0.7772505994883504
65.530325;1.0421205886292622;0.712515443747;0.6837168860507752;0.385230855481;0.3696605361071579;10.0;0.712681;0.416192;0.416192;0.712681;0.4;0.677791;-0.380418;0.712681;0.399999;1.051476;0.7772505994883504
66.530325;1.0421205886292622;0.712515443747;0.6837168860507752;0.385230855481;0.3696605361071579;10.0;0.712681;0.416192;0.416192;0.712681;0.4;0.677791;-0.380418;0.712681;0.399999;1.051476;0.7772505994883504
67.530325;1.0421205886292622;0.712515443747;0.6837168860507752;0.385230855481;0.3696605361071579;10.0;0.712681;0.416192;0.416192;0.712681;0.4;0.677791;-0.380418;0.712681;0.399999;1.051476;0.7772505994883504
68.530325;1.0421205886292622;0.712515443747;0.6837168860507752;0.385230855481;0.3696605361071579;10.0;0.712681;0.416192;0.416192;0.712681;0.4;0.677791;-0.380418;0.712681;0.399999;1.051476;0.7772505994883504
69.530325;1.0421205886292622;0.712515443747;0.6837168860507752;0.385230855481;0.3696605361071579;10.0;0.712681;0.416192;0.416192;0.712681;0.4;0.677791;-0.380418;0.712681;0.399999;1.051476;0.7772505994883504
70.530325;1.0421205886292622;0.712515443747;0.6837168860507752;0.385230855481;0.3696605361071579;10.0;0.712681;0.416192;0.416192;0.712681;0.4;0.677791;-0.380418;0.712681;0.399999;1.051476;0.7772505994883504
71.530325;1.0421205886292622;0.712515443747;0.6837168860507752;0.385230855481;0.3696605361071579;10.0;0.712681;0.416192;0.416192;0.712681;0.4;0.677791;-0.380418;0.712681;0.399999;1.051476;0.7772505994883504
72.530325;1.0421205886292622;0.712515443747;0.6837168860507752;0.385230855481;0.3696605361071579;10.0;0.712681;0.416192;0.416192;0.712681;0.4;0.677791;-0.380418;0.712681;0.399999;1.051476;0.7772505994883504
73.530325;1.0421205886292622;0.712515443747;0.6837168860507752;0.385230855481;0.3696605361071579;10.0;0.712681;0.416192;0.416192;0.712681;0.4;0.677791;-0.380418;0.712681;0.399999;1.051476;0.7772505994883504
74.530325;1.0421205886292622;0.712515443747;0.6837168860507752;0.385230855481;0.3696605361071579;10.0;0.712681;0.416192;0.416192;0.712681;0.4;0.677791;-0.380418;0.712681;0.399999;1.051476;0.7772505994883504
75.530325;1.0421205886292622;0.712515443747;0.6837168860507752;0.385230855481;0.3696605361071579;10.0;0.712681;0.416192;0.416192;0.712681;0.4;0.677791;-0.380418;0.712681;0.399999;1.051476;0.7772505994883504
76.530325;1.0421205886292622;0.712515443747;0.6837168860507752;0.385230855481;0.3696605361071579;10.0;0.712681;0.416192;0.416192;0.712681;0.4;0.677791;-0.380418;0.712681;0.399999;1.051476;0.7772505994883504
77.530325;1.0421205886292622;0.712515443747;0.6837168860507752;0.385230855481;0.3696605361071579;10.0;0.712681;0.416192;0.416192;0.712681;0.4;0.677791;-0.380418;0.712681;0.399999;1.051476;0.7772505994883504
78.530325;1.0421205886292622;0.712515443747;0.6837168860507752;0.385230855481;0.3696605361071579;10.0;0.712681;0.416192;0.416192;0.712681;0.4;0.677791;-0.380418;0.712681;0.399999;1.051476;0.7772505994883504
79.530325;1.0421205886292622;0.712515443747;0.6837168860507752;0.385230855481;0.3696605361071579;10.0;0.712681;0.416192;0.416192;0.712681;0.4;0.677791;-0.380418;0.712681;0.399999;1.051476;0.7772505994883504
80.530325;1.0421205886292622;0.712515443747;0.6837168860507752;0.385230855481;0.3696605361071579;10.0;0.712681;0.416192;0.416192;0.712681;0.4;0.677791;-0.380418;0.712681;0.399999;1.051476;0.7772505994883504
81.530325;1.0421205886292622;0.712515443747;0.6837168860507752;0.385230855481;0.3696605361071579;10.0;0.712681;0.416192;0.416192;0.712681;0.4;0.677791;-0.380418;0.712681;0.399999;1.051476;0.7772505994883504
82.530325;1.0421205886292622;0.712515443747;0.6837168860507752;0.385230855481;0.3696605361071579;10.0;0.712681;0.416192;0.416192;0.712681;0.4;0.677791;-0.380418;0.712681;0.399999;1.051476;0.7772505994883504
83.530325;1.0421205886292622;0.712515443747;0.6837168860507752;0.385230855481;0.3696605361071579;10.0;0.712681;0.416192;0.416192;0.712681;0.4;0.677791;-0.380418;0.712681;0.399999;1.051476;0.7772505994883504
84.530325;1.0421205886292622;0.712515443747;0.6837168860507752;0.385230855481;0.3696605361071579;10.0;0.712681;0.416192;0.416192;0.712681;0.4;0.677791;-0.380418;0.712681;0.399999;1.051476;0.7772505994883504
85.530325;1.0421205886292622;0.712515443747;0.6837168860507752;0.385230855481;0.3696605361071579;10.0;0.712681;0.416192;0.416192;0.712681;0.4;0.677791;-0.380418;0.712681;0.399999;1.051476;0.7772505994883504
86.530325;1.0421205886292622;0.712515443747;0.6837168860507752;0.385230855481;0.3696605361071579;10.0;0.712681;0.416192;0.416192;0.712681;0.4;0.677791;-0.380418;0.712681;0.399999;1.051476;0.7772505994883504
87.530325;1.0421205886292622;0.712515443747;0.6837168860507752;0.385230855481;0.3696605361071579;10.0;0.712681;0.416192;0.416192;0.712681;0.4;0.677791;-0.380418;0.712681;0.399999;1.051476;0.7772505994883504
88.530325;1.0421205886292622;0.712515443747;0.6837168860507752;0.385230855481;0.3696605361071579;10.0;0.712681;0.416192;0.416192;0.712681;0.4;0.677791;-0.380418;0.712681;0.399999;1.051476;0.7772505994883504
89.530325;1.0421205886292622;0.712515443747;0.6837168860507752;0.385230855481;0.3696605361071579;10.0;0.712681;0.416192;0.416192;0.712681;0.4;0.677791;-0.380418;0.712681;0.399999;1.051476;0.7772505994883504
90.530325;1.0421205886292622;0.712515443747;0.6837168860507752;0.385230855481;0.3696605361071579;10.0;0.712681;0.416192;0.416192;0.712681;0.4;0.677791;-0.380418;0.712681;0.399999;1.051476;0.7772505994883504
91.530325;1.0421205886292622;0.712515443747;0.6837168860507752;0.385230855481;0.3696605361071579;10.0;0.712681;0.416192;0.416192;0.712681;0.4;0.677791;-0.380418;0.712681;0.399999;1.051476;0.7772505994883504
92.530325;1.0421205886292622;0.712515443747;0.6837168860507752;0.385230855481;0.3696605361071579;10.0;0.712681;0.416192;0.416192;0.712681;0.4;0.677791;-0.380418;0.712681;0.399999;1.051476;0.7772505994883504
93.530325;1.0421205886292622;0.712515443747;0.6837168860507752;0.385230855481;0.3696605361071579;10.0;0.712681;0.416192;0.416192;0.712681;0.4;0.677791;-0.380418;0.712681;0.399999;1.051476;0.7772505994883504
94.530325;1.0421205886292622;0.712515443747;0.6837168860507752;0.385230855481;0.3696605361071579;10.0;0.712681;0.416192;0.416192;0.712681;0.4;0.677791;-0.380418;0.712681;0.399999;1.051476;0.7772505994883504
95.530325;1.0421205886292622;0.712515443747;0.6837168860507752;0.385230855481;0.3696605361071579;10.0;0.712681;0.416192;0.416192;0.712681;0.4;0.677791;-0.380418;0.712681;0.399999;1.051476;0.7772505994883504
96.530325;1.0421205886292622;0.712515443747;0.6837168860507752;0.385230855481;0.3696605361071579;10.0;0.712681;0.416192;0.416192;0.712681;0.4;0.677791;-0.380418;0.712681;0.399999;1.051476;0.7772505994883504
97.530325;1.0421205886292622;0.712515443747;0.6837168860507752;0.385230855481;0.3696605361071579;10.0;0.712681;0.416192;0.416192;0.712681;0.4;0.677791;-0.380418;0.712681;0.399999;1.051476;0.7772505994883504
98.530325;1.0421205886292622;0.712515443747;0.6837168860507752;0.385230855481;0.3696605361071579;10.0;0.712681;0.416192;0.416192;0.712681;0.4;0.677791;-0.380418;0.712681;0.399999;1.051476;0.7772505994883504
99.530325;1.0421205886292622;0.712515443747;0.6837168860507752;0.385230855481;0.3696605361071579;10.0;0.712681;0.416192;0.416192;0.712681;0.4;0.677791;-0.380418;0.712681;0.399999;1.051476;0.7772505994883504
100.0;1.0421205886292622;0.712515443747;0.6837168860507752;0.385230855481;0.3696605361071579;10.0;0.712681;0.416192;0.416192;0.712681;0.4;0.677791;-0.380418;0.712681;0.399999;1.051476;0.7772505994883504
