time;BusPDR_BUS_Voltage;BusPDR_BUS_ActivePower;BusPDR_BUS_ActiveCurrent;BusPDR_BUS_ReactivePower;BusPDR_BUS_ReactiveCurrent;StepUp_Xfmr_XFMR_Tap;Bess_GEN_InjectedActiveCurrent;Bess_GEN_InjectedReactiveCurrent;Bess_GEN_AVRSetpointPu;Bess_GEN_MagnitudeControlledByAVRPu;Bess_GEN_NetworkFrequencyPu;Bess_GEN_InjectedCurrent;NetworkFrequencyPu
0.0;1.0444445953912538;0.7500003744420001;0.7180853611110376;1.8345999999667842e-07;1.7565316610016393e-07;10.0;0.727473;-0.017174;1.044912;1.0449117948784004;1.0;0.7276756915034335;1.0
0.0;1.0444445953912538;0.7500003744420001;0.7180853611110376;1.8345999999667842e-07;1.7565316610016393e-07;10.0;0.727473;-0.017174;1.044912;1.0449117948784004;1.0;0.7276756915034335;1.0
0.008816;1.0444445953912538;0.7500003744420001;0.7180853611110376;1.8345999999667842e-07;1.7565316610016393e-07;10.0;0.727473;-0.017174;1.044912;1.0449117948784004;1.0;0.7276756915034335;1.0
0.017632;1.0444445953912538;0.7500003744420001;0.7180853611110376;1.8345999999667842e-07;1.7565316610016393e-07;10.0;0.727473;-0.017174;1.044912;1.0449117948784004;1.0;0.7276756915034335;1.0
0.035264;1.0444445953912538;0.7500003744420001;0.7180853611110376;1.8345999999667842e-07;1.7565316610016393e-07;10.0;0.727473;-0.017174;1.044912;1.0449117948784004;1.0;0.7276756915034335;1.0
0.070529;1.0444445953912538;0.7500003744420001;0.7180853611110376;1.8345999999667842e-07;1.7565316610016393e-07;10.0;0.727473;-0.017174;1.044912;1.0449117948784004;1.0;0.7276756915034335;1.0
0.141057;1.0444445953912538;0.7500003744420001;0.7180853611110376;1.8345999999667842e-07;1.7565316610016393e-07;10.0;0.727473;-0.017174;1.044912;1.0449117948784004;1.0;0.7276756915034335;1.0
0.282114;1.0444445953912538;0.7500003744420001;0.7180853611110376;1.8345999999667842e-07;1.7565316610016393e-07;10.0;0.727473;-0.017174;1.044912;1.0449117948784004;1.0;0.7276756915034335;1.0
0.564229;1.0444445953912538;0.7500003744420001;0.7180853611110376;1.8345999999667842e-07;1.7565316610016393e-07;10.0;0.727473;-0.017174;1.044912;1.0449117948784004;1.0;0.7276756915034335;1.0
1.128457;1.0444445953912538;0.7500003744420001;0.7180853611110376;1.8345999999667842e-07;1.7565316610016393e-07;10.0;0.727473;-0.017174;1.044912;1.0449117948784004;1.0;0.7276756915034335;1.0
2.128457;1.0444445953912538;0.7500003744420001;0.7180853611110376;1.8345999999667842e-07;1.7565316610016393e-07;10.0;0.727473;-0.017174;1.044912;1.0449117948784004;1.0;0.7276756915034335;1.0
3.128457;1.0444445953912538;0.7500003744420001;0.7180853611110376;1.8345999999667842e-07;1.7565316610016393e-07;10.0;0.727473;-0.017174;1.044912;1.0449117948784004;1.0;0.7276756915034335;1.0
4.128457;1.0444445953912538;0.7500003744420001;0.7180853611110376;1.8345999999667842e-07;1.7565316610016393e-07;10.0;0.727473;-0.017174;1.044912;1.0449117948784004;1.0;0.7276756915034335;1.0
5.128457;1.0444445953912538;0.7500003744420001;0.7180853611110376;1.8345999999667842e-07;1.7565316610016393e-07;10.0;0.727473;-0.017174;1.044912;1.0449117948784004;1.0;0.7276756915034335;1.0
6.128457;1.0444445953912538;0.7500003744420001;0.7180853611110376;1.8345999999667842e-07;1.7565316610016393e-07;10.0;0.727473;-0.017174;1.044912;1.0449117948784004;1.0;0.7276756915034335;1.0
7.128457;1.0444445953912538;0.7500003744420001;0.7180853611110376;1.8345999999667842e-07;1.7565316610016393e-07;10.0;0.727473;-0.017174;1.044912;1.0449117948784004;1.0;0.7276756915034335;1.0
8.128457;1.0444445953912538;0.7500003744420001;0.7180853611110376;1.8345999999667842e-07;1.7565316610016393e-07;10.0;0.727473;-0.017174;1.044912;1.0449117948784004;1.0;0.7276756915034335;1.0
9.128457;1.0444445953912538;0.7500003744420001;0.7180853611110376;1.8345999999667842e-07;1.7565316610016393e-07;10.0;0.727473;-0.017174;1.044912;1.0449117948784004;1.0;0.7276756915034335;1.0
10.128457;1.0444445953912538;0.7500003744420001;0.7180853611110376;1.8345999999667842e-07;1.7565316610016393e-07;10.0;0.727473;-0.017174;1.044912;1.0449117948784004;1.0;0.7276756915034335;1.0
11.128457;1.0444445953912538;0.7500003744420001;0.7180853611110376;1.8345999999667842e-07;1.7565316610016393e-07;10.0;0.727473;-0.017174;1.044912;1.0449117948784004;1.0;0.7276756915034335;1.0
12.128457;1.0444445953912538;0.7500003744420001;0.7180853611110376;1.8345999999667842e-07;1.7565316610016393e-07;10.0;0.727473;-0.017174;1.044912;1.0449117948784004;1.0;0.7276756915034335;1.0
13.128457;1.0444445953912538;0.7500003744420001;0.7180853611110376;1.8345999999667842e-07;1.7565316610016393e-07;10.0;0.727473;-0.017174;1.044912;1.0449117948784004;1.0;0.7276756915034335;1.0
14.128457;1.0444445953912538;0.7500003744420001;0.7180853611110376;1.8345999999667842e-07;1.7565316610016393e-07;10.0;0.727473;-0.017174;1.044912;1.0449117948784004;1.0;0.7276756915034335;1.0
15.128457;1.0444445953912538;0.7500003744420001;0.7180853611110376;1.8345999999667842e-07;1.7565316610016393e-07;10.0;0.727473;-0.017174;1.044912;1.0449117948784004;1.0;0.7276756915034335;1.0
16.128457;1.0444445953912538;0.7500003744420001;0.7180853611110376;1.8345999999667842e-07;1.7565316610016393e-07;10.0;0.727473;-0.017174;1.044912;1.0449117948784004;1.0;0.7276756915034335;1.0
17.128457;1.0444445953912538;0.7500003744420001;0.7180853611110376;1.8345999999667842e-07;1.7565316610016393e-07;10.0;0.727473;-0.017174;1.044912;1.0449117948784004;1.0;0.7276756915034335;1.0
18.128457;1.0444445953912538;0.7500003744420001;0.7180853611110376;1.8345999999667842e-07;1.7565316610016393e-07;10.0;0.727473;-0.017174;1.044912;1.0449117948784004;1.0;0.7276756915034335;1.0
19.128457;1.0444445953912538;0.7500003744420001;0.7180853611110376;1.8345999999667842e-07;1.7565316610016393e-07;10.0;0.727473;-0.017174;1.044912;1.0449117948784004;1.0;0.7276756915034335;1.0
19.999996;1.0444445953912538;0.7500003744420001;0.7180853611110376;1.8345999999667842e-07;1.7565316610016393e-07;10.0;0.727473;-0.017174;1.044912;1.0449117948784004;1.0;0.7276756915034335;1.0
19.999996;1.0444445953912538;0.7500003744420001;0.7180853611110376;1.8345999999667842e-07;1.7565316610016393e-07;10.0;0.727473;-0.017174;1.0658;1.0449117948784004;1.0;0.7276756915034335;1.0
20.000044;1.0444445953912538;0.7500003744420001;0.7180853611110376;1.8345999999667842e-07;1.7565316610016393e-07;10.0;0.727473;-0.017174;1.0658;1.0449117948784004;1.0;0.7276756915034335;1.0
20.000093;1.0444445953912538;0.7500003744420001;0.7180853611110376;1.8345999999667842e-07;1.7565316610016393e-07;10.0;0.727473;-0.017174;1.0658;1.0449117948784004;1.0;0.7276756915034335;1.0
20.000189;1.0444445953912538;0.7500003744420001;0.7180853611110376;1.8345999999667842e-07;1.7565316610016393e-07;10.0;0.727473;-0.017174;1.0658;1.0449117948784004;1.0;0.7276756915034335;1.0
20.000382;1.0444445953912538;0.7500003744420001;0.7180853611110376;1.8345999999667842e-07;1.7565316610016393e-07;10.0;0.727473;-0.017174;1.0658;1.0449117948784004;1.0;0.7276756915034335;1.0
20.000769;1.0444445953912538;0.7500003744420001;0.7180853611110376;1.8345999999667842e-07;1.7565316610016393e-07;10.0;0.727473;-0.017174;1.0658;1.0449117948784004;1.0;0.7276756915034335;1.0
20.001541;1.0444445953912538;0.7500003744420001;0.7180853611110376;1.8345999999667842e-07;1.7565316610016393e-07;10.0;0.727473;-0.017174;1.0658;1.0449117948784004;1.0;0.7276756915034335;1.0
20.003087;1.0444445953912538;0.7500002961640001;0.7180852861640272;2.270881999998766e-06;2.174248409172995e-06;10.0;0.727473;-0.017176;1.0658;1.0449117948784004;1.0;0.7276757387085269;1.0
20.006178;1.0444445953912538;0.7500000613300001;0.7180850613229959;8.533147999997787e-06;8.170034138384554e-06;10.0;0.727473;-0.017182;1.0658;1.0449117948784004;1.0;0.72767588035677;1.0
20.009269;1.0444455946888762;0.750001470372;0.7180857233596869;1.793879400000492e-05;1.717542214857884e-05;10.0;0.727473;-0.017191;1.0658;1.0449127933933051;1.0;0.727676092921844;1.0
20.015451;1.0444465939864995;0.750002292331;0.7180858232955227;4.3000153000002514e-05;4.11702745239249e-05;10.0;0.727472;-0.017215;1.0658;1.0449147904231235;1.0;0.7276756605858136;1.0
20.021633;1.0444485925817508;0.750003636181;0.7180857358686095;7.32532909999981e-05;7.013585112784231e-05;10.0;0.727472;-0.017244;1.0658;1.0449168419324095;1.0;0.7276763472313773;1.0
20.027815;1.0444495918793786;0.7500041058940001;0.7180854985489971;0.0001077082189999;0.0001031243822942;10.0;0.727472;-0.017276;1.0658;1.0449198374770192;1.0;0.7276771062497432;1.0
20.033997;1.0444515904746374;0.750005254056;0.7180852237633818;0.000143180158;0.0001370864473813;10.0;0.727471;-0.017311;1.0658;1.0449228330216542;1.0;0.7276769383194716;1.0
20.040178;1.0444536265435629;0.7500063506800001;0.7180848738703847;0.00018145726;0.0001737341471066;10.0;0.72747;-0.017347;1.0658;1.0449248300514251;1.0;0.7276767959121686;1.0
20.052542;1.044457623733965;0.7500083338360001;0.7180840244668805;0.0002607516199999;0.0002496526561487;10.0;0.727467;-0.017422;1.0658;1.0449308211408066;1.0;0.7276755885509696;1.0
20.064906;1.044462620221997;0.75000991259;0.7180821008516206;0.000342068322;0.0003275065238115;10.0;0.727464;-0.0175;1.0658;1.0449378107452136;1.0;0.7276744610717075;1.0
20.089634;1.0444716139005406;0.7500109956780001;0.7180769546020612;0.000513041256;0.0004911969355338;10.0;0.727456;-0.017664;1.0658;1.044950791439482;1.0;0.7276704259704388;1.0
20.114361;1.044480607579193;0.750011687384;0.7180714337265796;0.0006944546119999;0.0006648803309135;10.0;0.727447;-0.017837;1.0658;1.0449637721342304;1.0;0.727665648754976;1.0
20.139089;1.044490600555601;0.750011739824;0.7180646139132728;0.0008841559459999;0.0008464948804036;10.0;0.727438;-0.018018;1.0658;1.0449787498595366;1.0;0.7276611107981518;1.0
20.163817;1.0445005935321434;0.7500115182839999;0.7180575319231919;0.001081167289;0.0010351045233434;10.0;0.727427;-0.018206;1.0658;1.0449937275854817;1.0;0.7276547936796678;1.0
20.188544;1.0445115858064955;0.7500118186360001;0.7180502627521319;0.0012833756179999;0.0012286849044465;10.0;0.727417;-0.018399;1.0658;1.0450087053120658;1.0;0.7276496513364107;1.0
20.213272;1.04452257808101;0.7500129670769999;0.7180438056733237;0.0014908462999999;0.0014272992573688;10.0;0.727406;-0.018598;1.0658;1.0450246815544595;1.0;0.7276437139424761;1.0
20.238;1.0445335703556875;0.75001287604;0.7180361620973116;0.0017035012199999;0.0016308726386074;10.0;0.727395;-0.0188;1.0658;1.0450406577975806;1.0;0.7276379085953397;1.0
20.287455;1.0445565542032655;0.7500119763359999;0.7180195014984811;0.002139198746;0.002047949187042;10.0;0.727371;-0.019216;1.0658;1.0450736088013133;1.0;0.7276247840040909;1.0
20.33691;1.044579538051555;0.750010606906;0.7180023919528312;0.002587441652;0.0024770173622454;10.0;0.727347;-0.019645;1.0658;1.0451075038540292;1.0;0.7276122486833216;1.0
20.386365;1.0446035211983542;0.7500094462;0.7179847961259023;0.0030492506499999;0.0029190507097869;10.0;0.727322;-0.020084;1.0658;1.0451424518968693;1.0;0.7275992432239055;1.0
20.435821;1.0446285036437597;0.75000969467;0.71796786326804;0.0035204915649999;0.003370089512894;10.0;0.727296;-0.020534;1.0658;1.0451773999431866;1.0;0.7275858140260846;1.0
20.485276;1.0446534860900047;0.75000854696;0.7179495947188952;0.0040011112199999;0.0038300845909925;10.0;0.72727;-0.020993;1.0658;1.0452143450245026;1.0;0.7275729234578483;1.0
20.584187;1.0447054121162576;0.7500066859389999;0.7179121283766616;0.004987757093;0.0047743191862061;10.0;0.727216;-0.021935;1.0658;1.0452891792556738;1.0;0.7275467372485426;1.0
20.683097;1.0447583749106777;0.7500053960830001;0.7178745000700495;0.006007601779;0.0057502307933292;10.0;0.727161;-0.022908;1.0658;1.0453660649982857;1.0;0.7275217497676616;1.0
20.782008;1.0448133363051026;0.75000336218;0.7178347903103207;0.0070577489759999;0.0067550333928155;10.0;0.727105;-0.02391;1.0658;1.0454449477906524;1.0;0.7274980200144877;1.0
20.880918;1.0448692970017828;0.7500030380189999;0.7177960345577273;0.008137301896;0.007787865831018;10.0;0.727047;-0.024939;1.0658;1.0455267717050578;1.0;0.7274746001957731;1.0
20.979829;1.044927256299213;0.7500021654960002;0.7177553853387462;0.009241956113;0.0088445928243196;10.0;0.726989;-0.025993;1.0658;1.045610647122532;1.0;0.727453532653461;1.0
21.078739;1.0449862148995075;0.7500021544950001;0.7177148787241417;0.0103707731449999;0.0099243157442008;10.0;0.726929;-0.02707;1.0658;1.0456955210772398;1.0;0.7274328532180823;1.0
21.17765;1.0450471721013364;0.750002717602;0.7176735535238342;0.011522660997;0.0110259721327514;10.0;0.726868;-0.028169;1.0658;1.045783336173416;1.0;0.7274136251026646;1.0
21.276561;1.0451081293081592;0.7500014144150001;0.7176304473982861;0.012696576273;0.0121485767041204;10.0;0.726806;-0.029289;1.0658;1.0458712057275503;1.0;0.7273959081250045;1.0
21.375471;1.0451700858185715;0.7500021347810001;0.7175885963035409;0.013891582207;0.013291216803359;10.0;0.726744;-0.030427;1.0658;1.0459620708577342;1.0;0.7273806732825666;1.0
21.474382;1.0452340409315035;0.750001614352;0.7175441910441465;0.015102294468;0.0144487204555077;10.0;0.72668;-0.031582;1.0658;1.0460528815949028;1.0;0.7273659636826567;1.0
21.573292;1.0452979960499302;0.7500014729969999;0.7175001538615549;0.0163309519529999;0.0156232500346436;10.0;0.726615;-0.032754;1.0658;1.0461457438139297;1.0;0.7273528598562049;1.0
21.672203;1.045362950472705;0.7500015012779999;0.7174555984970147;0.0175743748379999;0.0168117445046746;10.0;0.72655;-0.033939;1.0658;1.046239604576313;1.0;0.7273422565897022;1.0
21.771113;1.045427904901146;0.7500009816129999;0.7174105245295884;0.0188325782829999;0.0180142295749995;10.0;0.726484;-0.035137;1.0658;1.046335408001182;1.0;0.7273332187003423;1.0
21.870024;1.045494857933314;0.750001466583;0.7173650457407016;0.020102415456;0.0192276559788515;10.0;0.726417;-0.036348;1.0658;1.0464312658579158;1.0;0.7273258107567749;1.0
21.968935;1.0455618109714988;0.750000515334;0.7173181991384385;0.021382824724;0.0204510383791961;10.0;0.72635;-0.037568;1.0658;1.046528122260458;1.0;0.7273208900643512;1.0
22.067845;1.0456287640156998;0.7500012623530001;0.7172729826909573;0.022673925514;0.0216844890790127;10.0;0.726282;-0.038797;1.0658;1.0466249243047865;1.0;0.7273175033869321;1.0
22.265666;1.0457646687209317;0.7500003132239998;0.7171788602700842;0.0252763567429999;0.0241702148667112;10.0;0.726146;-0.041276;1.0658;1.04682157844114;1.0;0.7273181707423513;1.0
22.443705;1.0458875825565577;0.7500010884240002;0.7170953178263237;0.027640205868;0.0264275112631479;10.0;0.726022;-0.043526;1.0658;1.0469993151678754;1.0;0.7273255510154994;1.0
22.621744;1.046011495712165;0.7500001386440001;0.7170094609078566;0.030013942514;0.0286937023512971;10.0;0.725898;-0.045787;1.0658;1.047178994673308;1.0;0.7273406050627175;1.0
22.799783;1.0461354088883523;0.7499999991849999;0.7169243988997249;0.032394553925;0.0309659281673901;10.0;0.725773;-0.048053;1.0658;1.0473586742897585;1.0;0.7273620407596205;1.0
22.977822;1.0462603213851704;0.750000577307;0.7168393582144598;0.034775736431;0.0332381298613709;10.0;0.725649;-0.050319;1.0658;1.047538408350739;1.0;0.7273915540903675;1.0
23.155862;1.0463832353024394;0.7499999551010001;0.7167545597041464;0.037151196929;0.0355043885219186;10.0;0.725525;-0.052579;1.0658;1.0477170896554089;1.0;0.7274277124677062;1.0
23.333901;1.046507148540324;0.749999396091;0.7166691571453715;0.039516730145;0.0377605926534933;10.0;0.725401;-0.054828;1.0658;1.047895771069814;1.0;0.7274700821236567;1.0
23.51194;1.0466290631976547;0.7500001196930001;0.7165863686238602;0.041866141631;0.0400009354824247;10.0;0.725278;-0.057063;1.0658;1.048072509848913;1.0;0.7275193215667883;1.0
23.689979;1.0467509778748716;0.7500005020220001;0.7165032733426833;0.044197233416;0.0422232549576689;10.0;0.725157;-0.059279;1.0658;1.0482481958963727;1.0;0.7275758891620859;1.0
23.868018;1.0468708939702165;0.749999342386;0.7164200922060764;0.046503686854;0.0444216064481806;10.0;0.725037;-0.061472;1.0658;1.0484219392839889;1.0;0.727638274249644;1.0
24.046057;1.0469898107837534;0.749999489664;0.7163388620779098;0.048784531892;0.04659503978886;10.0;0.724918;-0.063638;1.0658;1.0485936314287818;1.0;0.7277059170901388;1.0
24.224096;1.04710672901381;0.7499993759520001;0.7162587682521794;0.05103446012;0.0487385466122116;10.0;0.724801;-0.065776;1.0658;1.0487623280958371;1.0;0.7277794801840733;1.0
24.402135;1.047221648659442;0.7499990403889999;0.7161798472645027;0.0532524016299999;0.0508511275508569;10.0;0.724685;-0.067882;1.0658;1.0489300805911708;1.0;0.7278573453287397;1.0
24.580174;1.047335569021219;0.74999939625;0.7161022870166697;0.05543312614;0.0529277604806305;10.0;0.724572;-0.069954;1.0658;1.0490937848076312;1.0;0.7279410314716432;1.0
24.758213;1.0474464914953892;0.7499989692360001;0.7160260455550932;0.05757760546;0.0549694957475099;10.0;0.72446;-0.071989;1.0658;1.049255492061395;1.0;0.728027958062738;1.0
24.936252;1.0475564146841925;0.7499983042379998;0.7159502760184064;0.0596816434559999;0.0569722476225705;10.0;0.724351;-0.073987;1.0658;1.049413259522196;1.0;0.7281198028964739;1.0
25.114291;1.0476633399833173;0.749998098778;0.7158770094885089;0.061744188281;0.0589351425449163;10.0;0.724244;-0.075944;1.0658;1.0495689757733886;1.0;0.7282148465061666;1.0
25.29233;1.0477682666935473;0.7499980237200001;0.7158052477450728;0.06376520433;0.0608581175408418;10.0;0.724139;-0.077861;1.0658;1.0497207522050804;1.0;0.7283128631584094;1.0
25.470369;1.0478711948140382;0.7499982356199999;0.7157351393298861;0.065740478881;0.0627371753382978;10.0;0.724037;-0.079736;1.0658;1.0498684803769471;1.0;0.7284143100358477;1.0
25.648408;1.0479711250416206;0.7499978994819999;0.715666569011826;0.067673090961;0.0645753392855288;10.0;0.723937;-0.081568;1.0658;1.0500142657626133;1.0;0.7285177544802873;1.0
25.826447;1.0480690566775646;0.7499978894410002;0.7155996875039264;0.069558861943;0.0663685865924764;10.0;0.723839;-0.083357;1.0658;1.0501560028957604;1.0;0.7286228704686671;1.0
26.004486;1.048164989721084;0.749998166358;0.7155344566102844;0.0713988152489999;0.0681179165009119;10.0;0.723743;-0.085101;1.0658;1.0502938001578417;1.0;0.7287291062184905;1.0
26.182525;1.0482579248686843;0.749998012654;0.7154708730181578;0.073192884628;0.0698233544355688;10.0;0.723651;-0.086802;1.0658;1.0504285477042214;1.0;0.7288383613703384;1.0
26.360564;1.0483488614220935;0.749998145908;0.7154089382904669;0.074941087149;0.071484874841512;10.0;0.72356;-0.088458;1.0658;1.0505603538873909;1.0;0.7289471114998672;1.0
26.538603;1.0484368000776203;0.749998974525;0.715349723006169;0.07664129819;0.0731005418584371;10.0;0.723472;-0.090071;1.0658;1.050688111830052;1.0;0.7290572815801238;1.0
26.716642;1.048522740137285;0.7499979164100001;0.7152900816550737;0.078297612705;0.074674215167473;10.0;0.723387;-0.091639;1.0658;1.0508119298547196;1.0;0.7291683331645719;1.0
26.894681;1.048606681600399;0.749998232098;0.7152331233988912;0.079906984185;0.0762030087993;10.0;0.723304;-0.093164;1.0658;1.0509326981767195;1.0;0.7292792382290886;1.0
27.07272;1.048687625162994;0.7499980780259999;0.7151777707965518;0.081471397932;0.0776889094303341;10.0;0.723223;-0.094646;1.0658;1.0510505250923954;1.0;0.72938972644602;1.0
27.250759;1.0487665701274995;0.749998132634;0.7151239884990058;0.082991930521;0.079132890849973;10.0;0.723144;-0.096085;1.0658;1.0511643579122152;1.0;0.7294995352712708;1.0
27.428798;1.0488435164932852;0.7499984350610001;0.715071813160988;0.084467515203;0.08053395370685;10.0;0.723068;-0.097482;1.0658;1.0512751410382537;1.0;0.729609534578599;1.0
27.606837;1.0489174649561328;0.7499982285890001;0.715021203904128;0.085899126653;0.0818931226934927;10.0;0.722994;-0.098839;1.0658;1.0513829827294143;1.0;0.7297187622344653;1.0
27.784876;1.0489894148188534;0.74999811338;0.7149720509901568;0.087289944542;0.0832133702293591;10.0;0.722923;-0.100154;1.0658;1.0514867761983504;1.0;0.7298277109325185;1.0
27.962915;1.0490593660808714;0.749998167712;0.7149244284562091;0.08863785585;0.0844926976641348;10.0;0.722853;-0.10143;1.0658;1.051587628214121;1.0;0.7299345891989227;1.0
28.140954;1.0491273187416292;0.749998313307;0.7148782611118942;0.0899449410689999;0.0857331035635255;10.0;0.722786;-0.102668;1.0658;1.0516864831878368;1.0;0.7300413139131238;1.0
28.318994;1.0491932728005835;0.7499985110259999;0.7148335111071088;0.091212233248;0.0869355871912232;10.0;0.72272;-0.103868;1.0658;1.0517812899467265;1.0;0.7301457113645193;1.0
28.497033;1.049256228953157;0.749997925873;0.7147900628822312;0.092442801835;0.0881031718317557;10.0;0.722657;-0.105031;1.0658;1.0518731552283287;1.0;0.7302497179800893;1.0
28.675072;1.04931818580686;0.7499980712840001;0.714747996774018;0.093634657537;0.0892338080131536;10.0;0.722596;-0.106158;1.0658;1.0519630234613764;1.0;0.7303523123671205;1.0
28.853111;1.0493781440572316;0.749997141893;0.7147062726056702;0.094788735974;0.0903284831219339;10.0;0.722536;-0.107251;1.0658;1.0520488434863655;1.0;0.730452632480026;1.0
29.03115;1.0494361037037938;0.749998127088;0.714667738646515;0.095909336325;0.0913913062324666;10.0;0.722479;-0.10831;1.0658;1.0521327205486009;1.0;0.7305525043013678;1.0
29.209189;1.0494920647460846;0.7499979592029999;0.7146294711475073;0.096994231691;0.0924201668113297;10.0;0.722423;-0.109337;1.0658;1.052214600556845;1.0;0.730650101278307;1.0
29.387228;1.0495470264880942;0.749998247909;0.7145923231459014;0.098047711283;0.093419073951435;10.0;0.722369;-0.110332;1.0658;1.052293430900811;1.0;0.7307462777086176;1.0
29.565267;1.0495999896250952;0.7499983539049999;0.7145563655854175;0.099067601731;0.0943860544114389;10.0;0.722316;-0.111297;1.0658;1.052369319726207;1.0;0.7308402192442613;1.0
29.743306;1.0496509541566663;0.749998159774;0.7145214862178447;0.100057038896;0.0953241060752333;10.0;0.722265;-0.112232;1.0658;1.0524442100301563;1.0;0.7309327958499331;1.0
29.921345;1.0497009193870417;0.7499973341240002;0.7144866888007976;0.101016043088;0.0962331662498561;10.0;0.722216;-0.113139;1.0658;1.052516104736645;1.0;0.7310242020460062;1.0
30.099384;1.0497488860113164;0.749998228011;0.7144548929799149;0.101946752271;0.0971153707610612;10.0;0.722168;-0.114019;1.0658;1.0525859483258362;1.0;0.7311135018483793;1.0
30.277423;1.0497958533338756;0.7499972847570001;0.7144220301263393;0.102851170096;0.0979725436801562;10.0;0.722122;-0.114873;1.0658;1.0526528503737596;1.0;0.7312017430319762;1.0
30.455462;1.0498408220497046;0.7499980220909999;0.7143921310153543;0.103728325803;0.0988038601894726;10.0;0.722077;-0.115702;1.0658;1.0527187538958351;1.0;0.7312880053255351;1.0
30.633501;1.04988479146333;0.749997971255;0.7143621636900297;0.104579215531;0.0996101823565207;10.0;0.722033;-0.116506;1.0658;1.0527826603530284;1.0;0.7313722042332482;1.0
30.81154;1.049927761574576;0.749998142176;0.7143330899749029;0.105404921893;0.1003925467547636;10.0;0.721991;-0.117287;1.0658;1.05284451570258;1.0;0.7314555656019031;1.0
30.989579;1.049969732383272;0.7499984174369999;0.7143047978484268;0.1062085871609999;0.1011539512857409;10.0;0.72195;-0.118046;1.0658;1.0529044280299138;1.0;0.7315371901796928;1.0
31.167618;1.0500097045842005;0.7499970693179999;0.714276321488853;0.106989042782;0.1018933847133986;10.0;0.72191;-0.118784;1.0658;1.052963341828195;1.0;0.7316171722670266;1.0
31.345657;1.050048677482144;0.7499978849599999;0.7142505876569265;0.107748573642;0.1026129320979333;10.0;0.721871;-0.119501;1.0658;1.0530202585577355;1.0;0.7316954486956988;1.0
31.523696;1.0500876503821004;0.749998434102;0.7142246019454609;0.108487134441;0.1033124562521274;10.0;0.721833;-0.120198;1.0658;1.0530751782175858;1.0;0.7317721223803213;1.0
31.879774;1.050160599661785;0.7499981362750001;0.7141747048180485;0.109905261827;0.1046556706301837;10.0;0.72176;-0.121538;1.0658;1.0531809693803815;1.0;0.7319214322890129;1.0
32.200244;1.0502235558951245;0.74999720613;0.7141310075555902;0.1111191516339999;0.1058052364282489;10.0;0.721698;-0.122685;1.0658;1.0532718365037583;1.0;0.732051646012083;1.0
32.520715;1.050283514217471;0.7499982574640001;0.7140912404235893;0.112278447253;0.1069029892720488;10.0;0.721638;-0.12378;1.0658;1.053358709489317;1.0;0.7321768170626546;1.0
32.841185;1.0503404746281086;0.7499979461;0.714052218510907;0.113388260062;0.1079538138356013;10.0;0.721582;-0.124827;1.0658;1.053441534324995;1.0;0.7322993668254807;1.0
33.161655;1.0503954364319184;0.749997960833;0.7140148698481243;0.1144507932949999;0.1089597206208141;10.0;0.721527;-0.12583;1.0658;1.0535214175710903;1.0;0.7324168216452979;1.0
33.482125;1.0504483996284637;0.7499981842460002;0.7139790821817326;0.115469182636;0.1099237075108503;10.0;0.721475;-0.126792;1.0658;1.0535973066712918;1.0;0.7325314920800334;1.0
33.802596;1.0504993642173233;0.7499984206440001;0.7139446687840578;0.116448664461;0.1108507710023797;10.0;0.721425;-0.127716;1.0658;1.0536711447088225;1.0;0.732642755564402;1.0
34.123066;1.0505473308923303;0.749996863491;0.7139105887346892;0.117390153148;0.1117418984333521;10.0;0.721377;-0.128605;1.0658;1.0537410425963296;1.0;0.732750996010241;1.0
34.443536;1.0505942982645586;0.7499979799820001;0.713879735708538;0.118297074336;0.1126001488218725;10.0;0.72133;-0.12946;1.0658;1.0538089434143176;1.0;0.732855279369672;1.0
34.764007;1.0506392670279363;0.749996814035;0.7138480709526512;0.1191702273919999;0.1134263977484017;10.0;0.721286;-0.130285;1.0658;1.053874847161654;1.0;0.7329581673062932;1.0
35.084477;1.0506832364880485;0.749998126221;0.7138194464088904;0.120014046951;0.1142247661170952;10.0;0.721242;-0.131081;1.0658;1.0539377013135074;1.0;0.7330567857437785;1.0
35.404947;1.050725207338722;0.7499969992349999;0.7137898605617288;0.1208282820339999;0.1149951302110987;10.0;0.721201;-0.13185;1.0658;1.05399861237717;1.0;0.7331543527123057;1.0
35.725417;1.050766178885674;0.7499971831;0.7137622034003451;0.12161628108;0.1157405743768539;10.0;0.72116;-0.132593;1.0658;1.054057526366564;1.0;0.7332480134640667;1.0
36.045888;1.0508051518226391;0.749997921221;0.7137364333626609;0.122378999053;0.1164621232021289;10.0;0.721121;-0.133313;1.0658;1.0541144432807097;1.0;0.7333402025049492;1.0
36.366358;1.0508441247616127;0.749997420248;0.7137094860935148;0.1231185926119999;0.1171616129460968;10.0;0.721084;-0.134009;1.0658;1.0541693631186593;1.0;0.7334306696184718;1.0
36.686828;1.0508810990901871;0.7499984845440001;0.7136853876174194;0.1238339832329999;0.117838243870035;10.0;0.721047;-0.134684;1.0658;1.05422323045596;1.0;0.7335179316587973;1.0
37.007298;1.0509160748080697;0.7499968352990001;0.7136600659914477;0.124527108113;0.1184938655884035;10.0;0.721012;-0.135338;1.0658;1.0542751546844875;1.0;0.7336038974732891;1.0
37.327769;1.0509510505275683;0.749997018986;0.7136364901195996;0.125199313682;0.1191295385443032;10.0;0.720977;-0.135972;1.0658;1.0543250818343457;1.0;0.7336867310460236;1.0
37.648239;1.0509850269423444;0.749998318131;0.7136146556844752;0.125850504753;0.119745288017223;10.0;0.720944;-0.136587;1.0658;1.0543740104479056;1.0;0.7337685327846923;1.0
37.968709;1.0510180040522616;0.7499975036880001;0.7135914901517774;0.126482660596;0.1203430008889844;10.0;0.720912;-0.137183;1.0658;1.0544209419814272;1.0;0.7338482726238442;1.0
38.289179;1.0510489825507658;0.749997008847;0.7135699870303381;0.127095800782;0.1209228141523473;10.0;0.72088;-0.137762;1.0658;1.05446682102473;1.0;0.733925297999735;1.0
38.60965;1.0510799610505377;0.7499971402300001;0.7135490809665802;0.127692171374;0.1214866386058523;10.0;0.72085;-0.138323;1.0658;1.0545107569418153;1.0;0.7340013452501295;1.0
38.93012;1.0511099402450723;0.749997258537;0.7135288420563634;0.128269574741;0.1220325009114586;10.0;0.720821;-0.138867;1.0658;1.054554692864244;1.0;0.7340755803934634;1.0
39.25059;1.0511389201342514;0.7499973246289999;0.7135092329501131;0.128829058032;0.1225614003670856;10.0;0.720792;-0.139394;1.0658;1.0545956331604074;1.0;0.7341469842613262;1.0
39.57106;1.0511669007179592;0.7499972993669999;0.7134902163060338;0.129371668616;0.1230743362710884;10.0;0.720764;-0.139906;1.0658;1.0546365734612089;1.0;0.7342168838510865;1.0
39.891531;1.051193881996085;0.7499982332159999;0.7134727913292715;0.1298974427459999;0.1235713458485327;10.0;0.720737;-0.140402;1.0658;1.0546755166784711;1.0;0.7342850568907145;1.0
40.212001;1.051219863968523;0.7499969356420001;0.7134539227699158;0.130407310706;0.1240533166997925;10.0;0.720711;-0.140883;1.0658;1.0547144598999296;1.0;0.7343516631764375;1.0
40.532471;1.051245845941852;0.749997275618;0.7134366128658025;0.130901485166;0.1245203352491921;10.0;0.720686;-0.141349;1.0658;1.054751352099631;1.0;0.734416673555959;1.0
40.852942;1.051270828609355;0.7499974459620001;0.7134198206128423;0.131380878034;0.124973388834344;10.0;0.720662;-0.1418;1.0658;1.054786301153461;1.0;0.7344800598001283;1.0
41.493882;1.0513177960264917;0.749997356032;0.7133878631814782;0.132293208252;0.125835602471497;10.0;0.720615;-0.142661;1.0658;1.0548552007266212;1.0;0.734600666448105;1.0
42.070728;1.051357768298689;0.7499973702650001;0.7133607539502453;0.133067286909;0.1265670839378777;10.0;0.720576;-0.143389;1.0658;1.0549131163200125;1.0;0.7347041425614803;1.0
42.647575;1.0513947426523496;0.7499969147410002;0.7133352339664414;0.1337959436;0.1272556711311619;10.0;0.720539;-0.144076;1.0658;1.054967037742886;1.0;0.734802248429467;1.0
43.224421;1.0514307177008857;0.749997346338;0.7133112374517496;0.134481471266;0.1279033121269886;10.0;0.720504;-0.144722;1.0658;1.055017909615756;1.0;0.7348948709169223;1.0
43.801268;1.0514636948302114;0.7499971516219999;0.7132886806359093;0.135125761262;0.1285120560285439;10.0;0.720471;-0.14533;1.0658;1.0550668383306336;1.0;0.7349824968943138;1.0
44.378114;1.051494673346946;0.749996930754;0.7132674560934602;0.135732058978;0.129084875481071;10.0;0.72044;-0.145901;1.0658;1.0551117728705333;1.0;0.735065232071957;1.0
44.954961;1.0515246525578943;0.749997362173;0.713247530952877;0.136301511402;0.129622744526663;10.0;0.720411;-0.146438;1.0658;1.0551537117794734;1.0;0.7351435892157395;1.0
45.531807;1.0515516338487618;0.749996932445;0.713228821394107;0.136836008435;0.1301277122590447;10.0;0.720384;-0.146941;1.0658;1.0551936536020294;1.0;0.7352174949883877;1.0
46.108654;1.0515776158334675;0.7499969984479998;0.7132112619700082;0.137337852476;0.1306017267847107;10.0;0.720358;-0.147414;1.0658;1.0552315983375404;1.0;0.7352867029669449;1.0
46.6855;1.0516025985119093;0.7499963918910001;0.7131937415828917;0.137810153165;0.1310477487978928;10.0;0.720334;-0.147857;1.0658;1.0552665474395555;1.0;0.7353521360579569;1.0
47.262347;1.051624583269619;0.749996908518;0.7131793231631914;0.138250713022;0.1314639418110244;10.0;0.720312;-0.148273;1.0658;1.0552994455456708;1.0;0.7354143457079145;1.0
47.839193;1.0516465680279663;0.7499973527460001;0.7131648365024242;0.138664979138;0.1318551149727257;10.0;0.72029;-0.148663;1.0658;1.0553304004718145;1.0;0.7354715301553147;1.0
48.41604;1.0516665541724717;0.749997340293;0.7131512714913265;0.139052777824;0.13222135597287;10.0;0.720271;-0.149028;1.0658;1.0553593583083445;1.0;0.7355267896038865;1.0
48.992886;1.0516845417029763;0.7499967928810001;0.7131385535690596;0.13941620729;0.1325646634153674;10.0;0.720252;-0.14937;1.0658;1.055386319054781;1.0;0.7355775556690131;1.0
49.569733;1.0517025292339084;0.7499960555530001;0.7131256555019599;0.139756488573;0.1328859489144737;10.0;0.720235;-0.149691;1.0658;1.0554122812569504;1.0;0.7356261623311123;1.0
50.146579;1.051719517457958;0.7499963952450001;0.7131144595070052;0.140076745181;0.1331883100539679;10.0;0.720219;-0.149992;1.0658;1.0554362463682965;1.0;0.735671807278898;1.0
50.723426;1.0517345070677295;0.7499971335690001;0.7131049980094472;0.140375817388;0.1334707727517398;10.0;0.720203;-0.150275;1.0658;1.055458214388424;1.0;0.735713896045195;1.0
51.300272;1.0517494966777974;0.7499974862650001;0.713095170127532;0.140656991589;0.1337362100322356;10.0;0.720189;-0.150539;1.0658;1.055479183863424;1.0;0.7357541615526207;1.0
51.877118;1.051762487673429;0.749997069168;0.7130859656604079;0.140920091446;0.1339847095685309;10.0;0.720176;-0.150787;1.0658;1.0554991547931245;1.0;0.735792219546388;1.0
52.453965;1.0517754786692834;0.7499972391560001;0.7130773196052298;0.141167432072;0.1342182195106948;10.0;0.720163;-0.15102;1.0658;1.0555171286307956;1.0;0.7358272806637438;1.0
53.030811;1.0517874703579615;0.749997239512;0.7130691899730929;0.141399956132;0.1344377643934819;10.0;0.720151;-0.151239;1.0658;1.0555351024693589;1.0;0.7358605152622336;1.0
53.607658;1.0517984627394164;0.749996019166;0.7130605774157819;0.1416176233229999;0.1346433070021379;10.0;0.72014;-0.151444;1.0658;1.055551079215497;1.0;0.7358919110412888;1.0
54.184504;1.0518094551210309;0.749996358686;0.7130534480693544;0.141821670132;0.1348358958378832;10.0;0.72013;-0.151636;1.0658;1.0555660035227543;1.0;0.7359216625402463;1.0
54.761351;1.051819448195364;0.749996411158;0.7130467234132148;0.142014050784;0.1350175175289423;10.0;0.72012;-0.151817;1.0658;1.0555799831774946;1.0;0.7359491938231877;1.0
55.338197;1.0518284419623762;0.749996215721;0.7130404406271296;0.1421937133029999;0.135187172765277;10.0;0.720111;-0.151987;1.0658;1.055593962832774;1.0;0.735975475467763;1.0
55.915044;1.0518374357294955;0.749997462783;0.7130355293571042;0.142362906931;0.1353468721449955;10.0;0.720102;-0.152146;1.0658;1.0556069439417306;1.0;0.7359995215487575;1.0
56.49189;1.051845430189246;0.749997332557;0.7130299861853864;0.142521444249;0.135496566471138;10.0;0.720094;-0.152295;1.0658;1.0556179279573648;1.0;0.7360225104308971;1.0
57.068737;1.0518524253415968;0.7499967978649998;0.713024735976088;0.142671465954;0.1356382915670574;10.0;0.720087;-0.152436;1.0658;1.055629910520254;1.0;0.7360448503080501;1.0
57.645583;1.0518604198015058;0.7499973330019999;0.713019825523552;0.142812138614;0.1357709976775718;10.0;0.720079;-0.152568;1.0658;1.0556398959896316;1.0;0.7360643727725178;1.0
58.22243;1.0518664156464923;0.7499967852339998;0.7130152404124822;0.142943134602;0.1358947604712192;10.0;0.720073;-0.152691;1.0658;1.0556498814592838;1.0;0.7360840079841431;1.0
59.22243;1.0518774080290914;0.7499969290699998;0.7130079259666516;0.143152464074;0.1360923459153149;10.0;0.720062;-0.152889;1.0658;1.055664859664278;1.0;0.7361143458492029;1.0
60.22243;1.0518874011043196;0.7499960869489999;0.7130003517121887;0.143340625917;0.1362699332328864;10.0;0.720052;-0.153066;1.0658;1.0556798378698913;1.0;0.7361413472017451;1.0
61.22243;1.0518963948721376;0.749996322041;0.7129944790163153;0.143508748443;0.1364285961455777;10.0;0.720044;-0.153224;1.0658;1.0556918204348271;1.0;0.7361663915936396;1.0
62.22243;1.0519033900249586;0.7499957873419999;0.7129892292905384;0.143658783928;0.1365703212769296;10.0;0.720036;-0.153365;1.0658;1.0557028044530334;1.0;0.7361879274485557;1.0
63.22243;1.051910385177844;0.749995800589;0.7129845005401292;0.143794104853;0.1366980561074022;10.0;0.720029;-0.153492;1.0658;1.0557127899244187;1.0;0.7362075487965334;1.0
64.22243;1.051917380330794;0.7499963617819998;0.7129802927546935;0.143914710924;0.1368118006366084;10.0;0.720023;-0.153606;1.0658;1.0557217768489005;1.0;0.736225457156298;1.0
65.22243;1.0519223768686548;0.7499959183499999;0.7129764846172162;0.144023534851;0.1369146032236018;10.0;0.720018;-0.153709;1.0658;1.0557307637736053;1.0;0.7362420641371967;1.0
66.22243;1.0519273734065486;0.7499959054469999;0.7129730857922467;0.1441207966189999;0.1370064134297418;10.0;0.720013;-0.1538;1.0658;1.055737753604085;1.0;0.7362561783570988;1.0
67.22243;1.0519323699444751;0.7499962447949999;0.7129700218604239;0.144208598471;0.1370892298699885;10.0;0.720008;-0.153882;1.0658;1.0557437448874607;1.0;0.7362684225117901;1.0
68.22243;1.0519363671748398;0.7499962188169998;0.7129672879655702;0.144286829731;0.1371630777615452;10.0;0.720004;-0.153956;1.0658;1.0557497361709356;1.0;0.7362799806812623;1.0
69.22243;1.0519393650976276;0.7499957883739998;0.7129648468896254;0.1443565412799999;0.1372289564110025;10.0;0.720001;-0.154022;1.0658;1.05575472890724;1.0;0.7362908504694324;1.0
70.22243;1.0519433623280297;0.749997400696;0.7129636704358298;0.144419044532;0.1372878518976438;10.0;0.719998;-0.154081;1.0658;1.0557597216436134;1.0;0.7363002611469046;1.0
71.22243;1.0519463602508448;0.7499974399239999;0.7129616758644968;0.144476142302;0.1373417388578145;10.0;0.719995;-0.154135;1.0658;1.0557637158327613;1.0;0.7363086297538554;1.0
72.22243;1.0519483588660616;0.749996996408;0.7129598996821979;0.144526822302;0.1373896551897199;10.0;0.719992;-0.154182;1.0658;1.0557677100219536;1.0;0.7363155364298651;1.0
73.22243;1.0519513567888965;0.749997466165;0.7129583143980943;0.144572357195;0.1374325497676148;10.0;0.71999;-0.154225;1.0658;1.05577170421119;1.0;0.7363225860483977;1.0
74.22243;1.0519533554041265;0.749997414039;0.7129569102908324;0.144612525367;0.1374704730243904;10.0;0.719988;-0.154263;1.0658;1.0557746998531456;1.0;0.7363285905850729;1.0
75.22243;1.0519553540193611;0.7499974793299998;0.7129556178067574;0.14464954001;0.1375053983587004;10.0;0.719986;-0.154298;1.0658;1.0557766969477969;1.0;0.7363339683866282;1.0
76.22243;1.0519563533269811;0.749996983599;0.7129544692866904;0.144682238962;0.1375363516788687;10.0;0.719984;-0.154328;1.0658;1.0557796925897942;1.0;0.7363382998595143;1.0
77.22243;1.051958351942224;0.7499973620020001;0.7129534744576957;0.144710844002;0.1375632825527943;10.0;0.719983;-0.154356;1.0658;1.0557816896844725;1.0;0.7363431910631075;1.0
78.22243;1.0519593512498475;0.749997101105;0.7129525491777965;0.144737235719;0.1375882400275596;10.0;0.719981;-0.154381;1.0658;1.055783686779162;1.0;0.7363464765461976;1.0
79.22243;1.0519603505574722;0.7499969576249998;0.7129517355169794;0.14476047379;0.1376101995795622;10.0;0.71998;-0.154403;1.0658;1.0557856838738626;1.0;0.7363501115698972;1.0
80.22243;1.0519613498650984;0.749996892423;0.7129509962691865;0.144781609439;0.1376301605164168;10.0;0.719979;-0.154423;1.0658;1.0557866824212172;1.0;0.736353327805341;1.0
81.22243;1.051962349172726;0.7499969054989999;0.712950331434205;0.14480064266;0.1376481228381156;10.0;0.719978;-0.154441;1.0658;1.055788679515934;1.0;0.7363561250950521;1.0
82.22243;1.0519633484803546;0.7499969968529999;0.712949741011824;0.144817573447;0.1376640865446506;10.0;0.719977;-0.154457;1.0658;1.055789678063297;1.0;0.7363585032971373;1.0
83.22243;1.0519643477879848;0.749997127346;0.7129491877961971;0.14483345303;0.1376790509436447;10.0;0.719977;-0.154471;1.0658;1.0557906766106624;1.0;0.7363614400347156;1.0
84.22243;1.051965347095616;0.7499973361169999;0.7129487089928168;0.144847230169;0.137692016727462;10.0;0.719976;-0.154484;1.0658;1.0557916751580303;1.0;0.7363631894873616;1.0
85.22243;1.051965347095616;0.7499969055879999;0.7129482997312369;0.144858793776;0.1377030091114145;10.0;0.719975;-0.154495;1.0658;1.0557926737054013;1.0;0.7363645195485725;1.0
86.22243;1.0519663464032487;0.7499971926369998;0.7129478953402797;0.144870468476;0.1377139762800615;10.0;0.719975;-0.154506;1.0658;1.055793672252775;1.0;0.7363668275126196;1.0
87.22243;1.0519663464032487;0.7499968403859999;0.7129475604902143;0.144879929618;0.1377229700487618;10.0;0.719974;-0.154515;1.0658;1.055794670800151;1.0;0.7363677382266283;1.0
88.22243;1.051967345710883;0.7499972448519999;0.7129472677169253;0.144888450632;0.1377309392945933;10.0;0.719974;-0.154523;1.0658;1.055794670800151;1.0;0.7363694169403018;1.0
89.22243;1.051967345710883;0.7499969317399999;0.7129469700727054;0.144896860544;0.1377389337556707;10.0;0.719973;-0.154531;1.0658;1.0557956693475306;1.0;0.7363701180045262;1.0
90.22243;1.0519683450185182;0.7499973753449999;0.7129467145057462;0.1449043303419999;0.1377459036939454;10.0;0.719973;-0.154538;1.0658;1.0557956693475306;1.0;0.7363715870217971;1.0
91.22243;1.0519683450185182;0.7499971405109999;0.7129464912727933;0.144910637782;0.1377518995397614;10.0;0.719973;-0.154543;1.0658;1.0557966678949122;1.0;0.7363726363587935;1.0
92.22243;1.0519683450185182;0.7499969448159999;0.7129463052453326;0.144915893982;0.1377568960779414;10.0;0.719972;-0.154549;1.0658;1.0557966678949122;1.0;0.7363729178785705;1.0
93.22243;1.0519693443261549;0.749997466699;0.7129461240901609;0.144921261323;0.1377618674010222;10.0;0.719972;-0.154554;1.0658;1.055797666442297;1.0;0.7363739672883608;1.0
94.22243;1.0519693443261549;0.749997310143;0.7129459752683337;0.144925466287;0.1377658646315714;10.0;0.719972;-0.154558;1.0658;1.055797666442297;1.0;0.7363748068395605;1.0
95.22243;1.0519693443261549;0.749997153587;0.7129458264465065;0.144929671251;0.1377698618621206;10.0;0.719972;-0.154562;1.0658;1.055797666442297;1.0;0.7363756464115309;1.0
96.22243;1.0519693443261549;0.749996997031;0.7129456776246792;0.144933876215;0.1377738590926699;10.0;0.719971;-0.154565;1.0658;1.0557986649896844;1.0;0.7363752983811991;1.0
97.22243;1.0519693443261549;0.749996879614;0.7129455660083088;0.144937029938;0.1377768570155818;10.0;0.719971;-0.154568;1.0658;1.0557986649896844;1.0;0.7363759280863273;1.0
98.22243;1.0519703436337928;0.749997479775;0.7129454592648533;0.14494029482;0.137779829723466;10.0;0.719971;-0.154571;1.0658;1.0557986649896844;1.0;0.7363765578031392;1.0
99.22243;1.0519703436337928;0.7499974014969999;0.7129453848540103;0.144942397304;0.1377818283387432;10.0;0.719971;-0.154574;1.0658;1.0557986649896844;1.0;0.7363771875316345;1.0
100.0;1.0519703436337928;0.7499973232189999;0.7129453104431674;0.144944499788;0.1377838269540205;10.0;0.719971;-0.154576;1.0658;1.0557986649896844;1.0;0.7363776073571222;1.0
