time;BusPDR_BUS_Voltage;BusPDR_BUS_ActivePower;BusPDR_BUS_ReactivePower;BusPDR_BUS_ActiveCurrent;BusPDR_BUS_ReactiveCurrent;Measurements_BUS_Voltage;Measurements_BUS_ActivePower;Measurements_BUS_ReactivePower;StepUp_Xfmr_XFMR_Tap;Wind_Turbine_GEN_ActivePowerSetpointPu;Wind_Turbine_GEN_AVRSetpointPu;Wind_Turbine_GEN_InjectedActiveCurrent;Wind_Turbine_GEN_InjectedReactiveCurrent
0.000000000;1.044e+00;8.333e-01;-1.598e-08;7.979e-01;-3.611e-10;1.044e+00;7.500e-01;-1.276e-08;1.000e+01;8.335e-01;1.045e+00;7.977e-01;-1.490e-02
0.000781000;1.044e+00;8.333e-01;-1.557e-05;7.978e-01;-1.489e-05;1.044e+00;7.499e-01;-1.401e-05;1.000e+01;8.335e-01;1.045e+00;7.947e-01;-1.490e-02
0.000896000;1.044e+00;8.332e-01;-2.001e-05;7.978e-01;-1.915e-05;1.044e+00;7.499e-01;-1.801e-05;1.000e+01;8.335e-01;1.045e+00;7.942e-01;-1.490e-02
0.001126000;1.044e+00;8.332e-01;-3.223e-05;7.977e-01;-3.085e-05;1.044e+00;7.499e-01;-2.901e-05;1.000e+01;8.335e-01;1.045e+00;7.934e-01;-1.490e-02
0.001818000;1.044e+00;8.329e-01;-8.668e-05;7.974e-01;-8.298e-05;1.044e+00;7.496e-01;-7.801e-05;1.000e+01;8.335e-01;1.045e+00;7.908e-01;-1.490e-02
0.001933000;1.044e+00;8.328e-01;-9.890e-05;7.974e-01;-9.468e-05;1.044e+00;7.495e-01;-8.901e-05;1.000e+01;8.335e-01;1.045e+00;7.904e-01;-1.490e-02
0.002048000;1.044e+00;8.327e-01;-1.111e-04;7.973e-01;-1.064e-04;1.044e+00;7.495e-01;-1.000e-04;1.000e+01;8.335e-01;1.045e+00;7.900e-01;-1.490e-02
0.002509000;1.044e+00;8.324e-01;-1.689e-04;7.970e-01;-1.617e-04;1.044e+00;7.492e-01;-1.520e-04;1.000e+01;8.335e-01;1.045e+00;7.883e-01;-1.490e-02
0.003085000;1.044e+00;8.319e-01;-2.567e-04;7.965e-01;-2.457e-04;1.044e+00;7.487e-01;-2.310e-04;1.000e+01;8.335e-01;1.045e+00;7.863e-01;-1.490e-02
0.003546000;1.044e+00;8.313e-01;-3.400e-04;7.959e-01;-3.255e-04;1.044e+00;7.482e-01;-3.060e-04;1.000e+01;8.335e-01;1.045e+00;7.847e-01;-1.490e-02
0.003776000;1.044e+00;8.311e-01;-3.856e-04;7.957e-01;-3.691e-04;1.044e+00;7.480e-01;-3.470e-04;1.000e+01;8.335e-01;1.045e+00;7.840e-01;-1.490e-02
0.004237000;1.044e+00;8.304e-01;-4.833e-04;7.950e-01;-4.627e-04;1.044e+00;7.474e-01;-4.350e-04;1.000e+01;8.335e-01;1.045e+00;7.825e-01;-1.490e-02
0.004352000;1.045e+00;8.302e-01;-5.100e-04;7.949e-01;-4.883e-04;1.045e+00;7.472e-01;-4.590e-04;1.000e+01;8.335e-01;1.045e+00;7.821e-01;-1.490e-02
0.004467000;1.045e+00;8.301e-01;-5.367e-04;7.947e-01;-5.138e-04;1.045e+00;7.471e-01;-4.830e-04;1.000e+01;8.335e-01;1.045e+00;7.817e-01;-1.490e-02
0.005435000;1.045e+00;8.284e-01;-7.789e-04;7.931e-01;-7.457e-04;1.045e+00;7.456e-01;-7.010e-04;1.000e+01;8.335e-01;1.045e+00;7.787e-01;-1.489e-02
0.006057000;1.045e+00;8.272e-01;-9.500e-04;7.919e-01;-9.095e-04;1.045e+00;7.444e-01;-8.550e-04;1.000e+01;8.335e-01;1.045e+00;7.768e-01;-1.489e-02
0.007094000;1.045e+00;8.248e-01;-1.254e-03;7.896e-01;-1.201e-03;1.045e+00;7.424e-01;-1.129e-03;1.000e+01;8.335e-01;1.045e+00;7.739e-01;-1.489e-02
0.007301000;1.045e+00;8.244e-01;-1.317e-03;7.891e-01;-1.260e-03;1.045e+00;7.419e-01;-1.185e-03;1.000e+01;8.335e-01;1.045e+00;7.733e-01;-1.489e-02
0.007716000;1.045e+00;8.233e-01;-1.443e-03;7.881e-01;-1.382e-03;1.045e+00;7.410e-01;-1.299e-03;1.000e+01;8.335e-01;1.045e+00;7.721e-01;-1.489e-02
0.008131000;1.045e+00;8.223e-01;-1.571e-03;7.871e-01;-1.504e-03;1.045e+00;7.401e-01;-1.414e-03;1.000e+01;8.335e-01;1.045e+00;7.710e-01;-1.489e-02
0.008753000;1.045e+00;8.206e-01;-1.763e-03;7.855e-01;-1.688e-03;1.045e+00;7.386e-01;-1.587e-03;1.000e+01;8.335e-01;1.045e+00;7.694e-01;-1.489e-02
0.009375000;1.045e+00;8.190e-01;-1.954e-03;7.838e-01;-1.871e-03;1.045e+00;7.371e-01;-1.759e-03;1.000e+01;8.335e-01;1.045e+00;7.678e-01;-1.489e-02
0.011448000;1.045e+00;8.131e-01;-2.554e-03;7.780e-01;-2.444e-03;1.045e+00;7.318e-01;-2.299e-03;1.000e+01;8.335e-01;1.045e+00;7.629e-01;-1.488e-02
0.011656000;1.045e+00;8.125e-01;-2.610e-03;7.774e-01;-2.497e-03;1.045e+00;7.312e-01;-2.349e-03;1.000e+01;8.335e-01;1.045e+00;7.624e-01;-1.488e-02
0.014144000;1.045e+00;8.054e-01;-3.190e-03;7.703e-01;-3.051e-03;1.045e+00;7.248e-01;-2.871e-03;1.000e+01;8.335e-01;1.045e+00;7.572e-01;-1.485e-02
0.014351000;1.046e+00;8.048e-01;-3.231e-03;7.697e-01;-3.090e-03;1.046e+00;7.243e-01;-2.908e-03;1.000e+01;8.335e-01;1.045e+00;7.568e-01;-1.485e-02
0.014766000;1.046e+00;8.036e-01;-3.308e-03;7.686e-01;-3.164e-03;1.046e+00;7.233e-01;-2.977e-03;1.000e+01;8.335e-01;1.045e+00;7.560e-01;-1.484e-02
0.014973000;1.046e+00;8.031e-01;-3.344e-03;7.680e-01;-3.199e-03;1.046e+00;7.228e-01;-3.010e-03;1.000e+01;8.335e-01;1.045e+00;7.556e-01;-1.484e-02
0.015803000;1.046e+00;8.009e-01;-3.477e-03;7.658e-01;-3.325e-03;1.046e+00;7.208e-01;-3.129e-03;1.000e+01;8.335e-01;1.045e+00;7.540e-01;-1.483e-02
0.017171000;1.046e+00;7.974e-01;-3.650e-03;7.623e-01;-3.490e-03;1.046e+00;7.176e-01;-3.285e-03;1.000e+01;8.335e-01;1.045e+00;7.516e-01;-1.480e-02
0.017918000;1.046e+00;7.955e-01;-3.720e-03;7.605e-01;-3.556e-03;1.046e+00;7.160e-01;-3.348e-03;1.000e+01;8.335e-01;1.045e+00;7.504e-01;-1.478e-02
0.018291000;1.046e+00;7.947e-01;-3.750e-03;7.596e-01;-3.585e-03;1.046e+00;7.152e-01;-3.375e-03;1.000e+01;8.335e-01;1.045e+00;7.498e-01;-1.477e-02
0.019411000;1.046e+00;7.921e-01;-3.816e-03;7.571e-01;-3.647e-03;1.046e+00;7.129e-01;-3.434e-03;1.000e+01;8.335e-01;1.045e+00;7.480e-01;-1.474e-02
0.020157000;1.046e+00;7.905e-01;-3.842e-03;7.555e-01;-3.672e-03;1.046e+00;7.115e-01;-3.458e-03;1.000e+01;8.335e-01;1.045e+00;7.469e-01;-1.472e-02
0.020531000;1.046e+00;7.898e-01;-3.850e-03;7.547e-01;-3.679e-03;1.046e+00;7.108e-01;-3.465e-03;1.000e+01;8.335e-01;1.045e+00;7.463e-01;-1.471e-02
0.020904000;1.047e+00;7.890e-01;-3.856e-03;7.539e-01;-3.684e-03;1.047e+00;7.101e-01;-3.470e-03;1.000e+01;8.335e-01;1.045e+00;7.458e-01;-1.469e-02
0.021277000;1.047e+00;7.883e-01;-3.857e-03;7.532e-01;-3.685e-03;1.047e+00;7.094e-01;-3.471e-03;1.000e+01;8.335e-01;1.045e+00;7.452e-01;-1.468e-02
0.021650000;1.047e+00;7.876e-01;-3.856e-03;7.524e-01;-3.684e-03;1.047e+00;7.088e-01;-3.470e-03;1.000e+01;8.335e-01;1.045e+00;7.447e-01;-1.467e-02
0.023143000;1.047e+00;7.848e-01;-3.826e-03;7.497e-01;-3.654e-03;1.047e+00;7.064e-01;-3.443e-03;1.000e+01;8.335e-01;1.045e+00;7.427e-01;-1.460e-02
0.023890000;1.047e+00;7.836e-01;-3.796e-03;7.484e-01;-3.625e-03;1.047e+00;7.052e-01;-3.416e-03;1.000e+01;8.335e-01;1.045e+00;7.418e-01;-1.457e-02
0.024263000;1.047e+00;7.830e-01;-3.778e-03;7.478e-01;-3.608e-03;1.047e+00;7.047e-01;-3.400e-03;1.000e+01;8.335e-01;1.045e+00;7.413e-01;-1.456e-02
0.025383000;1.047e+00;7.813e-01;-3.713e-03;7.460e-01;-3.546e-03;1.047e+00;7.031e-01;-3.342e-03;1.000e+01;8.335e-01;1.045e+00;7.400e-01;-1.450e-02
0.025756000;1.047e+00;7.807e-01;-3.689e-03;7.455e-01;-3.522e-03;1.047e+00;7.026e-01;-3.320e-03;1.000e+01;8.335e-01;1.045e+00;7.396e-01;-1.448e-02
0.026503000;1.047e+00;7.796e-01;-3.636e-03;7.444e-01;-3.471e-03;1.047e+00;7.017e-01;-3.272e-03;1.000e+01;8.335e-01;1.045e+00;7.387e-01;-1.444e-02
0.027249000;1.047e+00;7.786e-01;-3.578e-03;7.433e-01;-3.416e-03;1.047e+00;7.008e-01;-3.220e-03;1.000e+01;8.335e-01;1.045e+00;7.379e-01;-1.440e-02
0.027622000;1.048e+00;7.781e-01;-3.547e-03;7.428e-01;-3.386e-03;1.048e+00;7.003e-01;-3.192e-03;1.000e+01;8.335e-01;1.045e+00;7.375e-01;-1.438e-02
0.029115000;1.048e+00;7.763e-01;-3.416e-03;7.409e-01;-3.260e-03;1.048e+00;6.987e-01;-3.074e-03;1.000e+01;8.335e-01;1.045e+00;7.360e-01;-1.428e-02
0.029862000;1.048e+00;7.754e-01;-3.347e-03;7.401e-01;-3.194e-03;1.048e+00;6.979e-01;-3.012e-03;1.000e+01;8.335e-01;1.045e+00;7.353e-01;-1.423e-02
0.030235000;1.048e+00;7.750e-01;-3.311e-03;7.396e-01;-3.160e-03;1.048e+00;6.975e-01;-2.980e-03;1.000e+01;8.335e-01;1.045e+00;7.350e-01;-1.421e-02
0.031728000;1.048e+00;7.734e-01;-3.166e-03;7.380e-01;-3.020e-03;1.048e+00;6.961e-01;-2.849e-03;1.000e+01;8.335e-01;1.045e+00;7.336e-01;-1.410e-02
0.032475000;1.048e+00;7.727e-01;-3.092e-03;7.372e-01;-2.950e-03;1.048e+00;6.954e-01;-2.783e-03;1.000e+01;8.335e-01;1.045e+00;7.330e-01;-1.405e-02
0.033893000;1.048e+00;7.714e-01;-2.953e-03;7.358e-01;-2.817e-03;1.048e+00;6.942e-01;-2.658e-03;1.000e+01;8.335e-01;1.045e+00;7.318e-01;-1.394e-02
0.035237000;1.048e+00;7.702e-01;-2.822e-03;7.346e-01;-2.692e-03;1.048e+00;6.932e-01;-2.540e-03;1.000e+01;8.335e-01;1.045e+00;7.308e-01;-1.384e-02
0.035909000;1.049e+00;7.696e-01;-2.759e-03;7.340e-01;-2.631e-03;1.049e+00;6.927e-01;-2.483e-03;1.000e+01;8.335e-01;1.045e+00;7.303e-01;-1.378e-02
0.037252000;1.049e+00;7.685e-01;-2.633e-03;7.329e-01;-2.511e-03;1.049e+00;6.917e-01;-2.370e-03;1.000e+01;8.335e-01;1.045e+00;7.294e-01;-1.367e-02
0.037924000;1.049e+00;7.680e-01;-2.572e-03;7.323e-01;-2.453e-03;1.049e+00;6.912e-01;-2.315e-03;1.000e+01;8.335e-01;1.045e+00;7.289e-01;-1.361e-02
0.041283000;1.049e+00;7.656e-01;-2.288e-03;7.299e-01;-2.181e-03;1.049e+00;6.891e-01;-2.059e-03;1.000e+01;8.335e-01;1.045e+00;7.269e-01;-1.331e-02
0.042627000;1.049e+00;7.648e-01;-2.186e-03;7.290e-01;-2.083e-03;1.049e+00;6.883e-01;-1.967e-03;1.000e+01;8.335e-01;1.045e+00;7.261e-01;-1.319e-02
0.043299000;1.049e+00;7.644e-01;-2.137e-03;7.286e-01;-2.037e-03;1.049e+00;6.879e-01;-1.923e-03;1.000e+01;8.335e-01;1.045e+00;7.258e-01;-1.313e-02
0.043971000;1.049e+00;7.640e-01;-2.089e-03;7.281e-01;-1.991e-03;1.049e+00;6.876e-01;-1.880e-03;1.000e+01;8.335e-01;1.045e+00;7.254e-01;-1.307e-02
0.045986000;1.049e+00;7.628e-01;-1.958e-03;7.270e-01;-1.866e-03;1.049e+00;6.866e-01;-1.762e-03;1.000e+01;8.335e-01;1.045e+00;7.245e-01;-1.288e-02
0.046658000;1.049e+00;7.625e-01;-1.918e-03;7.266e-01;-1.828e-03;1.049e+00;6.862e-01;-1.726e-03;1.000e+01;8.335e-01;1.045e+00;7.241e-01;-1.282e-02
0.048002000;1.049e+00;7.618e-01;-1.842e-03;7.259e-01;-1.755e-03;1.049e+00;6.856e-01;-1.658e-03;1.000e+01;8.335e-01;1.045e+00;7.236e-01;-1.269e-02
0.048674000;1.050e+00;7.615e-01;-1.808e-03;7.255e-01;-1.722e-03;1.050e+00;6.853e-01;-1.627e-03;1.000e+01;8.335e-01;1.045e+00;7.233e-01;-1.263e-02
0.049345000;1.050e+00;7.611e-01;-1.774e-03;7.252e-01;-1.691e-03;1.050e+00;6.850e-01;-1.597e-03;1.000e+01;8.335e-01;1.045e+00;7.230e-01;-1.256e-02
0.050017000;1.050e+00;7.608e-01;-1.742e-03;7.249e-01;-1.660e-03;1.050e+00;6.847e-01;-1.568e-03;1.000e+01;8.335e-01;1.045e+00;7.227e-01;-1.250e-02
0.051689000;1.050e+00;7.601e-01;-1.671e-03;7.241e-01;-1.592e-03;1.050e+00;6.841e-01;-1.504e-03;1.000e+01;8.335e-01;1.045e+00;7.221e-01;-1.234e-02
0.052689000;1.050e+00;7.596e-01;-1.633e-03;7.237e-01;-1.556e-03;1.050e+00;6.837e-01;-1.470e-03;1.000e+01;8.335e-01;1.045e+00;7.218e-01;-1.225e-02
0.053689000;1.050e+00;7.592e-01;-1.599e-03;7.233e-01;-1.523e-03;1.050e+00;6.833e-01;-1.439e-03;1.000e+01;8.335e-01;1.045e+00;7.214e-01;-1.216e-02
0.055689000;1.050e+00;7.585e-01;-1.540e-03;7.225e-01;-1.467e-03;1.050e+00;6.826e-01;-1.386e-03;1.000e+01;8.335e-01;1.045e+00;7.208e-01;-1.198e-02
0.058689000;1.050e+00;7.574e-01;-1.477e-03;7.214e-01;-1.406e-03;1.050e+00;6.817e-01;-1.329e-03;1.000e+01;8.335e-01;1.045e+00;7.199e-01;-1.171e-02
0.060689000;1.050e+00;7.568e-01;-1.449e-03;7.208e-01;-1.380e-03;1.050e+00;6.811e-01;-1.304e-03;1.000e+01;8.335e-01;1.045e+00;7.194e-01;-1.154e-02
0.061689000;1.050e+00;7.565e-01;-1.440e-03;7.205e-01;-1.371e-03;1.050e+00;6.809e-01;-1.296e-03;1.000e+01;8.335e-01;1.045e+00;7.191e-01;-1.146e-02
0.063689000;1.050e+00;7.560e-01;-1.429e-03;7.199e-01;-1.361e-03;1.050e+00;6.804e-01;-1.286e-03;1.000e+01;8.335e-01;1.045e+00;7.187e-01;-1.130e-02
0.065361000;1.050e+00;7.556e-01;-1.427e-03;7.195e-01;-1.359e-03;1.050e+00;6.800e-01;-1.284e-03;1.000e+01;8.335e-01;1.045e+00;7.183e-01;-1.117e-02
0.065377000;1.050e+00;7.555e-01;-1.427e-03;7.195e-01;-1.359e-03;1.050e+00;6.800e-01;-1.284e-03;1.000e+01;8.335e-01;1.045e+00;7.183e-01;-1.117e-02
0.065409000;1.050e+00;7.555e-01;-1.427e-03;7.195e-01;-1.359e-03;1.050e+00;6.800e-01;-1.284e-03;1.000e+01;8.335e-01;1.045e+00;7.183e-01;-1.116e-02
0.065473000;1.050e+00;7.555e-01;-1.427e-03;7.195e-01;-1.359e-03;1.050e+00;6.800e-01;-1.284e-03;1.000e+01;8.335e-01;1.045e+00;7.183e-01;-1.116e-02
0.065601000;1.050e+00;7.555e-01;-1.428e-03;7.194e-01;-1.360e-03;1.050e+00;6.799e-01;-1.285e-03;1.000e+01;8.335e-01;1.045e+00;7.183e-01;-1.115e-02
0.067369000;1.050e+00;7.551e-01;-1.433e-03;7.190e-01;-1.365e-03;1.050e+00;6.796e-01;-1.290e-03;1.000e+01;8.335e-01;1.045e+00;7.179e-01;-1.102e-02
0.072369000;1.050e+00;7.540e-01;-1.481e-03;7.180e-01;-1.410e-03;1.050e+00;6.786e-01;-1.333e-03;1.000e+01;8.335e-01;1.045e+00;7.171e-01;-1.067e-02
0.074369000;1.050e+00;7.537e-01;-1.511e-03;7.176e-01;-1.439e-03;1.050e+00;6.783e-01;-1.360e-03;1.000e+01;8.335e-01;1.045e+00;7.168e-01;-1.054e-02
0.078369000;1.050e+00;7.530e-01;-1.584e-03;7.170e-01;-1.509e-03;1.050e+00;6.777e-01;-1.426e-03;1.000e+01;8.335e-01;1.045e+00;7.163e-01;-1.031e-02
0.084369000;1.050e+00;7.523e-01;-1.719e-03;7.163e-01;-1.637e-03;1.050e+00;6.770e-01;-1.547e-03;1.000e+01;8.335e-01;1.045e+00;7.157e-01;-1.001e-02
0.085369000;1.050e+00;7.521e-01;-1.743e-03;7.162e-01;-1.660e-03;1.050e+00;6.769e-01;-1.569e-03;1.000e+01;8.335e-01;1.045e+00;7.156e-01;-9.970e-03
0.087369000;1.050e+00;7.519e-01;-1.792e-03;7.160e-01;-1.707e-03;1.050e+00;6.767e-01;-1.613e-03;1.000e+01;8.335e-01;1.045e+00;7.155e-01;-9.887e-03
0.091369000;1.050e+00;7.516e-01;-1.892e-03;7.156e-01;-1.802e-03;1.050e+00;6.764e-01;-1.703e-03;1.000e+01;8.335e-01;1.045e+00;7.152e-01;-9.739e-03
0.095369000;1.050e+00;7.512e-01;-1.991e-03;7.154e-01;-1.896e-03;1.050e+00;6.761e-01;-1.792e-03;1.000e+01;8.335e-01;1.045e+00;7.150e-01;-9.614e-03
0.098369000;1.050e+00;7.510e-01;-2.063e-03;7.152e-01;-1.965e-03;1.050e+00;6.759e-01;-1.857e-03;1.000e+01;8.335e-01;1.045e+00;7.148e-01;-9.533e-03
0.104369000;1.050e+00;7.507e-01;-2.200e-03;7.149e-01;-2.095e-03;1.050e+00;6.756e-01;-1.980e-03;1.000e+01;8.335e-01;1.045e+00;7.146e-01;-9.400e-03
0.105369000;1.050e+00;7.507e-01;-2.221e-03;7.148e-01;-2.115e-03;1.050e+00;6.756e-01;-1.999e-03;1.000e+01;8.335e-01;1.045e+00;7.146e-01;-9.382e-03
0.107369000;1.050e+00;7.506e-01;-2.262e-03;7.148e-01;-2.154e-03;1.050e+00;6.755e-01;-2.036e-03;1.000e+01;8.335e-01;1.045e+00;7.145e-01;-9.347e-03
0.108369000;1.050e+00;7.505e-01;-2.283e-03;7.147e-01;-2.174e-03;1.050e+00;6.755e-01;-2.055e-03;1.000e+01;8.335e-01;1.045e+00;7.145e-01;-9.332e-03
0.114369000;1.050e+00;7.503e-01;-2.394e-03;7.146e-01;-2.280e-03;1.050e+00;6.753e-01;-2.155e-03;1.000e+01;8.335e-01;1.045e+00;7.144e-01;-9.251e-03
0.116369000;1.050e+00;7.503e-01;-2.428e-03;7.145e-01;-2.312e-03;1.050e+00;6.753e-01;-2.185e-03;1.000e+01;8.335e-01;1.045e+00;7.143e-01;-9.230e-03
0.119369000;1.050e+00;7.502e-01;-2.474e-03;7.144e-01;-2.356e-03;1.050e+00;6.752e-01;-2.227e-03;1.000e+01;8.335e-01;1.045e+00;7.143e-01;-9.202e-03
0.122369000;1.050e+00;7.502e-01;-2.518e-03;7.144e-01;-2.398e-03;1.050e+00;6.751e-01;-2.266e-03;1.000e+01;8.335e-01;1.045e+00;7.143e-01;-9.178e-03
0.129369000;1.050e+00;7.500e-01;-2.603e-03;7.143e-01;-2.479e-03;1.050e+00;6.750e-01;-2.343e-03;1.000e+01;8.335e-01;1.045e+00;7.142e-01;-9.137e-03
0.137369000;1.050e+00;7.500e-01;-2.679e-03;7.143e-01;-2.551e-03;1.050e+00;6.750e-01;-2.411e-03;1.000e+01;8.335e-01;1.045e+00;7.141e-01;-9.106e-03
0.138369000;1.050e+00;7.500e-01;-2.687e-03;7.142e-01;-2.559e-03;1.050e+00;6.750e-01;-2.418e-03;1.000e+01;8.335e-01;1.045e+00;7.141e-01;-9.103e-03
0.139369000;1.050e+00;7.499e-01;-2.694e-03;7.142e-01;-2.566e-03;1.050e+00;6.750e-01;-2.425e-03;1.000e+01;8.335e-01;1.045e+00;7.141e-01;-9.100e-03
0.140369000;1.050e+00;7.499e-01;-2.702e-03;7.142e-01;-2.574e-03;1.050e+00;6.749e-01;-2.432e-03;1.000e+01;8.335e-01;1.045e+00;7.141e-01;-9.097e-03
0.141369000;1.050e+00;7.499e-01;-2.710e-03;7.142e-01;-2.581e-03;1.050e+00;6.749e-01;-2.439e-03;1.000e+01;8.335e-01;1.045e+00;7.141e-01;-9.094e-03
0.193369000;1.050e+00;7.499e-01;-2.911e-03;7.142e-01;-2.773e-03;1.050e+00;6.749e-01;-2.620e-03;1.000e+01;8.335e-01;1.045e+00;7.141e-01;-8.995e-03
0.194369000;1.050e+00;7.498e-01;-2.914e-03;7.142e-01;-2.776e-03;1.050e+00;6.749e-01;-2.623e-03;1.000e+01;8.335e-01;1.045e+00;7.141e-01;-8.993e-03
0.295369000;1.050e+00;7.498e-01;-3.201e-03;7.143e-01;-3.049e-03;1.050e+00;6.749e-01;-2.881e-03;1.000e+01;8.335e-01;1.045e+00;7.142e-01;-8.749e-03
0.297369000;1.050e+00;7.498e-01;-3.207e-03;7.143e-01;-3.055e-03;1.050e+00;6.749e-01;-2.886e-03;1.000e+01;8.335e-01;1.045e+00;7.142e-01;-8.744e-03
0.556597000;1.050e+00;7.498e-01;-3.896e-03;7.145e-01;-3.712e-03;1.050e+00;6.749e-01;-3.506e-03;1.000e+01;8.335e-01;1.045e+00;7.144e-01;-8.124e-03
0.557597000;1.049e+00;7.498e-01;-3.898e-03;7.145e-01;-3.714e-03;1.049e+00;6.749e-01;-3.508e-03;1.000e+01;8.335e-01;1.045e+00;7.144e-01;-8.122e-03
1.174597000;1.049e+00;7.498e-01;-5.350e-03;7.149e-01;-5.101e-03;1.049e+00;6.749e-01;-4.815e-03;1.000e+01;8.335e-01;1.045e+00;7.149e-01;-6.768e-03
1.177597000;1.049e+00;7.498e-01;-5.357e-03;7.149e-01;-5.107e-03;1.049e+00;6.749e-01;-4.821e-03;1.000e+01;8.335e-01;1.045e+00;7.149e-01;-6.762e-03
1.301597000;1.049e+00;7.498e-01;-5.623e-03;7.150e-01;-5.362e-03;1.049e+00;6.749e-01;-5.061e-03;1.000e+01;8.335e-01;1.045e+00;7.150e-01;-6.511e-03
1.305597000;1.049e+00;7.498e-01;-5.632e-03;7.150e-01;-5.370e-03;1.049e+00;6.749e-01;-5.069e-03;1.000e+01;8.335e-01;1.045e+00;7.150e-01;-6.503e-03
1.458597000;1.049e+00;7.498e-01;-5.951e-03;7.151e-01;-5.675e-03;1.049e+00;6.749e-01;-5.356e-03;1.000e+01;8.335e-01;1.045e+00;7.150e-01;-6.204e-03
1.637597000;1.049e+00;7.498e-01;-6.311e-03;7.152e-01;-6.019e-03;1.049e+00;6.749e-01;-5.680e-03;1.000e+01;8.335e-01;1.045e+00;7.152e-01;-5.867e-03
1.638597000;1.048e+00;7.498e-01;-6.313e-03;7.152e-01;-6.021e-03;1.048e+00;6.749e-01;-5.682e-03;1.000e+01;8.335e-01;1.045e+00;7.152e-01;-5.865e-03
2.134597000;1.048e+00;7.498e-01;-7.239e-03;7.154e-01;-6.907e-03;1.048e+00;6.749e-01;-6.515e-03;1.000e+01;8.335e-01;1.045e+00;7.154e-01;-4.998e-03
2.172597000;1.048e+00;7.498e-01;-7.306e-03;7.154e-01;-6.970e-03;1.048e+00;6.749e-01;-6.575e-03;1.000e+01;8.335e-01;1.045e+00;7.155e-01;-4.936e-03
2.425597000;1.048e+00;7.498e-01;-7.734e-03;7.156e-01;-7.381e-03;1.048e+00;6.749e-01;-6.961e-03;1.000e+01;8.335e-01;1.045e+00;7.156e-01;-4.532e-03
2.983597000;1.048e+00;7.498e-01;-8.601e-03;7.158e-01;-8.211e-03;1.048e+00;6.749e-01;-7.741e-03;1.000e+01;8.335e-01;1.045e+00;7.158e-01;-3.720e-03
2.993597000;1.048e+00;7.498e-01;-8.616e-03;7.158e-01;-8.225e-03;1.048e+00;6.749e-01;-7.754e-03;1.000e+01;8.335e-01;1.045e+00;7.158e-01;-3.706e-03
2.997597000;1.048e+00;7.498e-01;-8.621e-03;7.158e-01;-8.230e-03;1.048e+00;6.749e-01;-7.759e-03;1.000e+01;8.335e-01;1.045e+00;7.159e-01;-3.701e-03
3.073597000;1.048e+00;7.498e-01;-8.730e-03;7.158e-01;-8.334e-03;1.048e+00;6.749e-01;-7.857e-03;1.000e+01;8.335e-01;1.045e+00;7.159e-01;-3.598e-03
3.074597000;1.047e+00;7.498e-01;-8.732e-03;7.158e-01;-8.336e-03;1.047e+00;6.749e-01;-7.859e-03;1.000e+01;8.335e-01;1.045e+00;7.159e-01;-3.597e-03
3.092597000;1.047e+00;7.498e-01;-8.758e-03;7.159e-01;-8.361e-03;1.047e+00;6.749e-01;-7.882e-03;1.000e+01;8.335e-01;1.045e+00;7.159e-01;-3.573e-03
3.106597000;1.047e+00;7.498e-01;-8.778e-03;7.159e-01;-8.380e-03;1.047e+00;6.749e-01;-7.900e-03;1.000e+01;8.335e-01;1.045e+00;7.159e-01;-3.554e-03
3.671597000;1.047e+00;7.498e-01;-9.529e-03;7.161e-01;-9.100e-03;1.047e+00;6.749e-01;-8.576e-03;1.000e+01;8.335e-01;1.045e+00;7.161e-01;-2.848e-03
3.899597000;1.047e+00;7.498e-01;-9.807e-03;7.161e-01;-9.366e-03;1.047e+00;6.749e-01;-8.826e-03;1.000e+01;8.335e-01;1.045e+00;7.162e-01;-2.588e-03
4.079597000;1.047e+00;7.498e-01;-1.002e-02;7.162e-01;-9.566e-03;1.047e+00;6.749e-01;-9.014e-03;1.000e+01;8.335e-01;1.045e+00;7.163e-01;-2.391e-03
5.069597000;1.047e+00;7.499e-01;-1.103e-02;7.165e-01;-1.054e-02;1.047e+00;6.749e-01;-9.923e-03;1.000e+01;8.335e-01;1.045e+00;7.166e-01;-1.441e-03
5.193597000;1.047e+00;7.499e-01;-1.114e-02;7.165e-01;-1.064e-02;1.047e+00;6.749e-01;-1.002e-02;1.000e+01;8.335e-01;1.045e+00;7.166e-01;-1.337e-03
5.194597000;1.046e+00;7.499e-01;-1.114e-02;7.165e-01;-1.064e-02;1.046e+00;6.749e-01;-1.002e-02;1.000e+01;8.335e-01;1.045e+00;7.166e-01;-1.336e-03
5.908597000;1.046e+00;7.499e-01;-1.172e-02;7.167e-01;-1.121e-02;1.046e+00;6.749e-01;-1.055e-02;1.000e+01;8.335e-01;1.045e+00;7.168e-01;-7.860e-04
5.914597000;1.046e+00;7.499e-01;-1.173e-02;7.167e-01;-1.121e-02;1.046e+00;6.749e-01;-1.056e-02;1.000e+01;8.335e-01;1.045e+00;7.168e-01;-7.810e-04
5.951597000;1.046e+00;7.499e-01;-1.176e-02;7.167e-01;-1.124e-02;1.046e+00;6.749e-01;-1.058e-02;1.000e+01;8.335e-01;1.045e+00;7.168e-01;-7.550e-04
6.255597000;1.046e+00;7.499e-01;-1.197e-02;7.168e-01;-1.145e-02;1.046e+00;6.749e-01;-1.078e-02;1.000e+01;8.335e-01;1.045e+00;7.169e-01;-5.480e-04
6.671597000;1.046e+00;7.499e-01;-1.225e-02;7.169e-01;-1.171e-02;1.046e+00;6.749e-01;-1.103e-02;1.000e+01;8.335e-01;1.045e+00;7.169e-01;-2.870e-04
6.687597000;1.046e+00;7.499e-01;-1.226e-02;7.169e-01;-1.172e-02;1.046e+00;6.749e-01;-1.104e-02;1.000e+01;8.335e-01;1.045e+00;7.170e-01;-2.780e-04
7.572597000;1.046e+00;7.499e-01;-1.277e-02;7.170e-01;-1.221e-02;1.046e+00;6.749e-01;-1.149e-02;1.000e+01;8.335e-01;1.045e+00;7.171e-01;2.020e-04
8.332597000;1.046e+00;7.499e-01;-1.314e-02;7.171e-01;-1.256e-02;1.046e+00;6.749e-01;-1.182e-02;1.000e+01;8.335e-01;1.045e+00;7.172e-01;5.440e-04
8.340597000;1.046e+00;7.499e-01;-1.314e-02;7.171e-01;-1.257e-02;1.046e+00;6.749e-01;-1.183e-02;1.000e+01;8.335e-01;1.045e+00;7.172e-01;5.470e-04
8.365597000;1.046e+00;7.499e-01;-1.315e-02;7.171e-01;-1.258e-02;1.046e+00;6.749e-01;-1.184e-02;1.000e+01;8.335e-01;1.045e+00;7.172e-01;5.570e-04
9.380597000;1.046e+00;7.499e-01;-1.354e-02;7.172e-01;-1.295e-02;1.046e+00;6.749e-01;-1.219e-02;1.000e+01;8.335e-01;1.045e+00;7.173e-01;9.300e-04
9.381597000;1.045e+00;7.499e-01;-1.355e-02;7.172e-01;-1.296e-02;1.045e+00;6.749e-01;-1.219e-02;1.000e+01;8.335e-01;1.045e+00;7.173e-01;9.300e-04
10.648597000;1.045e+00;7.499e-01;-1.393e-02;7.173e-01;-1.332e-02;1.045e+00;6.749e-01;-1.253e-02;1.000e+01;8.335e-01;1.045e+00;7.175e-01;1.291e-03
10.891597000;1.045e+00;7.499e-01;-1.399e-02;7.174e-01;-1.338e-02;1.045e+00;6.749e-01;-1.259e-02;1.000e+01;8.335e-01;1.045e+00;7.175e-01;1.349e-03
11.204597000;1.045e+00;7.499e-01;-1.406e-02;7.174e-01;-1.346e-02;1.045e+00;6.749e-01;-1.266e-02;1.000e+01;8.335e-01;1.045e+00;7.175e-01;1.419e-03
11.287597000;1.045e+00;7.499e-01;-1.408e-02;7.174e-01;-1.347e-02;1.045e+00;6.749e-01;-1.268e-02;1.000e+01;8.335e-01;1.045e+00;7.175e-01;1.437e-03
11.296597000;1.045e+00;7.499e-01;-1.409e-02;7.174e-01;-1.348e-02;1.045e+00;6.749e-01;-1.268e-02;1.000e+01;8.335e-01;1.045e+00;7.175e-01;1.439e-03
12.022597000;1.045e+00;7.499e-01;-1.424e-02;7.174e-01;-1.362e-02;1.045e+00;6.749e-01;-1.281e-02;1.000e+01;8.335e-01;1.045e+00;7.176e-01;1.582e-03
14.555597000;1.045e+00;7.499e-01;-1.461e-02;7.175e-01;-1.398e-02;1.045e+00;6.749e-01;-1.315e-02;1.000e+01;8.335e-01;1.045e+00;7.177e-01;1.932e-03
15.015597000;1.045e+00;7.499e-01;-1.466e-02;7.175e-01;-1.402e-02;1.045e+00;6.749e-01;-1.319e-02;1.000e+01;8.335e-01;1.045e+00;7.177e-01;1.976e-03
15.027597000;1.045e+00;7.499e-01;-1.466e-02;7.175e-01;-1.403e-02;1.045e+00;6.749e-01;-1.319e-02;1.000e+01;8.335e-01;1.045e+00;7.177e-01;1.978e-03
15.072597000;1.045e+00;7.499e-01;-1.466e-02;7.175e-01;-1.403e-02;1.045e+00;6.749e-01;-1.320e-02;1.000e+01;8.335e-01;1.045e+00;7.177e-01;1.982e-03
19.999996000;1.045e+00;7.499e-01;-1.495e-02;7.176e-01;-1.431e-02;1.045e+00;6.749e-01;-1.345e-02;1.000e+01;8.335e-01;1.045e+00;7.178e-01;2.255e-03
19.999996000;1.045e+00;7.499e-01;-1.495e-02;7.176e-01;-1.431e-02;1.045e+00;6.749e-01;-1.345e-02;1.000e+01;8.335e-01;1.097e+00;7.178e-01;2.255e-03
20.000124000;1.045e+00;7.499e-01;-1.495e-02;7.176e-01;-1.431e-02;1.045e+00;6.749e-01;-1.345e-02;1.000e+01;8.335e-01;1.097e+00;7.178e-01;1.922e-03
20.000252000;1.045e+00;7.499e-01;-1.495e-02;7.176e-01;-1.430e-02;1.045e+00;6.749e-01;-1.345e-02;1.000e+01;8.335e-01;1.097e+00;7.178e-01;1.590e-03
20.001532000;1.045e+00;7.499e-01;-1.479e-02;7.176e-01;-1.416e-02;1.045e+00;6.749e-01;-1.332e-02;1.000e+01;8.335e-01;1.097e+00;7.178e-01;-1.608e-03
20.002044000;1.045e+00;7.500e-01;-1.468e-02;7.176e-01;-1.405e-02;1.045e+00;6.750e-01;-1.321e-02;1.000e+01;8.335e-01;1.097e+00;7.178e-01;-2.832e-03
20.003580000;1.045e+00;7.501e-01;-1.416e-02;7.177e-01;-1.354e-02;1.045e+00;6.751e-01;-1.274e-02;1.000e+01;8.335e-01;1.097e+00;7.178e-01;-6.323e-03
20.004092000;1.045e+00;7.502e-01;-1.393e-02;7.177e-01;-1.333e-02;1.045e+00;6.752e-01;-1.254e-02;1.000e+01;8.335e-01;1.097e+00;7.178e-01;-7.429e-03
20.004604000;1.045e+00;7.503e-01;-1.368e-02;7.177e-01;-1.309e-02;1.045e+00;6.753e-01;-1.231e-02;1.000e+01;8.335e-01;1.097e+00;7.178e-01;-8.507e-03
20.005116000;1.046e+00;7.504e-01;-1.341e-02;7.177e-01;-1.282e-02;1.046e+00;6.753e-01;-1.207e-02;1.000e+01;8.335e-01;1.097e+00;7.178e-01;-9.557e-03
20.006140000;1.046e+00;7.506e-01;-1.280e-02;7.177e-01;-1.224e-02;1.046e+00;6.755e-01;-1.152e-02;1.000e+01;8.335e-01;1.097e+00;7.178e-01;-1.158e-02
20.007164000;1.046e+00;7.508e-01;-1.212e-02;7.178e-01;-1.159e-02;1.046e+00;6.757e-01;-1.091e-02;1.000e+01;8.335e-01;1.097e+00;7.178e-01;-1.350e-02
20.008188000;1.046e+00;7.510e-01;-1.138e-02;7.178e-01;-1.088e-02;1.046e+00;6.759e-01;-1.024e-02;1.000e+01;8.335e-01;1.097e+00;7.177e-01;-1.532e-02
20.008700000;1.046e+00;7.511e-01;-1.098e-02;7.178e-01;-1.050e-02;1.046e+00;6.760e-01;-9.886e-03;1.000e+01;8.335e-01;1.097e+00;7.177e-01;-1.619e-02
20.009212000;1.047e+00;7.513e-01;-1.058e-02;7.178e-01;-1.011e-02;1.047e+00;6.761e-01;-9.520e-03;1.000e+01;8.335e-01;1.097e+00;7.177e-01;-1.704e-02
20.009724000;1.047e+00;7.514e-01;-1.016e-02;7.178e-01;-9.704e-03;1.047e+00;6.762e-01;-9.142e-03;1.000e+01;8.335e-01;1.097e+00;7.177e-01;-1.787e-02
20.011260000;1.047e+00;7.518e-01;-8.837e-03;7.178e-01;-8.437e-03;1.047e+00;6.766e-01;-7.953e-03;1.000e+01;8.335e-01;1.097e+00;7.177e-01;-2.022e-02
20.011772000;1.047e+00;7.519e-01;-8.377e-03;7.178e-01;-7.997e-03;1.047e+00;6.767e-01;-7.539e-03;1.000e+01;8.335e-01;1.097e+00;7.177e-01;-2.096e-02
20.012284000;1.048e+00;7.520e-01;-7.910e-03;7.178e-01;-7.550e-03;1.048e+00;6.768e-01;-7.119e-03;1.000e+01;8.335e-01;1.097e+00;7.177e-01;-2.168e-02
20.012796000;1.048e+00;7.522e-01;-7.436e-03;7.178e-01;-7.096e-03;1.048e+00;6.769e-01;-6.692e-03;1.000e+01;8.335e-01;1.097e+00;7.176e-01;-2.238e-02
20.013820000;1.048e+00;7.524e-01;-6.468e-03;7.178e-01;-6.170e-03;1.048e+00;6.772e-01;-5.821e-03;1.000e+01;8.335e-01;1.097e+00;7.176e-01;-2.372e-02
20.014332000;1.048e+00;7.526e-01;-5.976e-03;7.178e-01;-5.699e-03;1.048e+00;6.773e-01;-5.378e-03;1.000e+01;8.335e-01;1.097e+00;7.176e-01;-2.437e-02
20.014844000;1.049e+00;7.527e-01;-5.480e-03;7.178e-01;-5.226e-03;1.049e+00;6.774e-01;-4.932e-03;1.000e+01;8.335e-01;1.097e+00;7.176e-01;-2.499e-02
20.016380000;1.049e+00;7.531e-01;-3.969e-03;7.178e-01;-3.783e-03;1.049e+00;6.778e-01;-3.572e-03;1.000e+01;8.335e-01;1.097e+00;7.175e-01;-2.675e-02
20.016892000;1.049e+00;7.532e-01;-3.461e-03;7.178e-01;-3.298e-03;1.049e+00;6.779e-01;-3.115e-03;1.000e+01;8.335e-01;1.097e+00;7.175e-01;-2.730e-02
20.017404000;1.050e+00;7.534e-01;-2.951e-03;7.178e-01;-2.812e-03;1.050e+00;6.780e-01;-2.656e-03;1.000e+01;8.335e-01;1.097e+00;7.174e-01;-2.783e-02
20.017916000;1.050e+00;7.535e-01;-2.439e-03;7.177e-01;-2.323e-03;1.050e+00;6.782e-01;-2.195e-03;1.000e+01;8.335e-01;1.097e+00;7.174e-01;-2.835e-02
20.018940000;1.050e+00;7.538e-01;-1.414e-03;7.177e-01;-1.347e-03;1.050e+00;6.784e-01;-1.273e-03;1.000e+01;8.335e-01;1.097e+00;7.173e-01;-2.934e-02
20.019452000;1.050e+00;7.539e-01;-9.022e-04;7.177e-01;-8.589e-04;1.050e+00;6.785e-01;-8.120e-04;1.000e+01;8.335e-01;1.097e+00;7.173e-01;-2.981e-02
20.019964000;1.051e+00;7.540e-01;-3.911e-04;7.177e-01;-3.723e-04;1.051e+00;6.786e-01;-3.520e-04;1.000e+01;8.335e-01;1.097e+00;7.173e-01;-3.026e-02
20.021500000;1.051e+00;7.544e-01;1.137e-03;7.176e-01;1.081e-03;1.051e+00;6.790e-01;1.023e-03;1.000e+01;8.335e-01;1.097e+00;7.171e-01;-3.154e-02
20.022012000;1.051e+00;7.545e-01;1.642e-03;7.176e-01;1.562e-03;1.051e+00;6.791e-01;1.478e-03;1.000e+01;8.335e-01;1.097e+00;7.171e-01;-3.193e-02
20.022524000;1.052e+00;7.546e-01;2.144e-03;7.176e-01;2.039e-03;1.052e+00;6.792e-01;1.930e-03;1.000e+01;8.335e-01;1.097e+00;7.170e-01;-3.232e-02
20.024572000;1.052e+00;7.551e-01;4.127e-03;7.175e-01;3.921e-03;1.052e+00;6.796e-01;3.714e-03;1.000e+01;8.335e-01;1.097e+00;7.168e-01;-3.371e-02
20.025084000;1.053e+00;7.552e-01;4.613e-03;7.174e-01;4.383e-03;1.053e+00;6.797e-01;4.152e-03;1.000e+01;8.335e-01;1.097e+00;7.168e-01;-3.403e-02
20.025596000;1.053e+00;7.553e-01;5.097e-03;7.174e-01;4.841e-03;1.053e+00;6.797e-01;4.587e-03;1.000e+01;8.335e-01;1.097e+00;7.167e-01;-3.434e-02
20.026108000;1.053e+00;7.554e-01;5.574e-03;7.174e-01;5.294e-03;1.053e+00;6.798e-01;5.017e-03;1.000e+01;8.335e-01;1.097e+00;7.167e-01;-3.463e-02
20.026299000;1.053e+00;7.554e-01;5.752e-03;7.173e-01;5.462e-03;1.053e+00;6.799e-01;5.177e-03;1.000e+01;8.335e-01;1.097e+00;7.166e-01;-3.474e-02
20.026555000;1.053e+00;7.555e-01;5.989e-03;7.173e-01;5.687e-03;1.053e+00;6.799e-01;5.390e-03;1.000e+01;8.335e-01;1.097e+00;7.166e-01;-3.488e-02
20.027323000;1.053e+00;7.556e-01;6.692e-03;7.173e-01;6.353e-03;1.053e+00;6.800e-01;6.023e-03;1.000e+01;8.335e-01;1.097e+00;7.165e-01;-3.528e-02
20.027835000;1.054e+00;7.557e-01;7.154e-03;7.172e-01;6.790e-03;1.054e+00;6.801e-01;6.439e-03;1.000e+01;8.335e-01;1.097e+00;7.165e-01;-3.554e-02
20.029735000;1.054e+00;7.560e-01;8.824e-03;7.170e-01;8.370e-03;1.054e+00;6.804e-01;7.942e-03;1.000e+01;8.335e-01;1.097e+00;7.162e-01;-3.639e-02
20.030635000;1.055e+00;7.561e-01;9.590e-03;7.170e-01;9.094e-03;1.055e+00;6.805e-01;8.631e-03;1.000e+01;8.335e-01;1.097e+00;7.161e-01;-3.675e-02
20.033335000;1.055e+00;7.564e-01;1.177e-02;7.167e-01;1.116e-02;1.055e+00;6.808e-01;1.060e-02;1.000e+01;8.335e-01;1.097e+00;7.157e-01;-3.766e-02
20.034235000;1.056e+00;7.565e-01;1.246e-02;7.165e-01;1.181e-02;1.056e+00;6.808e-01;1.122e-02;1.000e+01;8.335e-01;1.097e+00;7.155e-01;-3.791e-02
20.035135000;1.056e+00;7.566e-01;1.314e-02;7.164e-01;1.244e-02;1.056e+00;6.809e-01;1.182e-02;1.000e+01;8.335e-01;1.097e+00;7.154e-01;-3.814e-02
20.036035000;1.056e+00;7.566e-01;1.379e-02;7.163e-01;1.305e-02;1.056e+00;6.810e-01;1.241e-02;1.000e+01;8.335e-01;1.097e+00;7.152e-01;-3.835e-02
20.036935000;1.057e+00;7.567e-01;1.442e-02;7.162e-01;1.365e-02;1.057e+00;6.810e-01;1.298e-02;1.000e+01;8.335e-01;1.097e+00;7.151e-01;-3.853e-02
20.037835000;1.057e+00;7.567e-01;1.503e-02;7.161e-01;1.422e-02;1.057e+00;6.810e-01;1.353e-02;1.000e+01;8.335e-01;1.097e+00;7.149e-01;-3.869e-02
20.038735000;1.057e+00;7.567e-01;1.562e-02;7.159e-01;1.478e-02;1.057e+00;6.811e-01;1.406e-02;1.000e+01;8.335e-01;1.097e+00;7.148e-01;-3.884e-02
20.039635000;1.057e+00;7.568e-01;1.619e-02;7.158e-01;1.531e-02;1.057e+00;6.811e-01;1.457e-02;1.000e+01;8.335e-01;1.097e+00;7.146e-01;-3.896e-02
20.040535000;1.057e+00;7.568e-01;1.674e-02;7.157e-01;1.583e-02;1.057e+00;6.811e-01;1.507e-02;1.000e+01;8.335e-01;1.097e+00;7.145e-01;-3.907e-02
20.041435000;1.058e+00;7.568e-01;1.727e-02;7.155e-01;1.633e-02;1.058e+00;6.811e-01;1.555e-02;1.000e+01;8.335e-01;1.097e+00;7.143e-01;-3.916e-02
20.043235000;1.058e+00;7.568e-01;1.828e-02;7.152e-01;1.727e-02;1.058e+00;6.811e-01;1.645e-02;1.000e+01;8.335e-01;1.097e+00;7.140e-01;-3.930e-02
20.044135000;1.058e+00;7.567e-01;1.875e-02;7.151e-01;1.772e-02;1.058e+00;6.811e-01;1.688e-02;1.000e+01;8.335e-01;1.097e+00;7.138e-01;-3.935e-02
20.045035000;1.058e+00;7.567e-01;1.920e-02;7.149e-01;1.814e-02;1.058e+00;6.810e-01;1.728e-02;1.000e+01;8.335e-01;1.097e+00;7.137e-01;-3.939e-02
20.045935000;1.059e+00;7.567e-01;1.964e-02;7.148e-01;1.855e-02;1.059e+00;6.810e-01;1.767e-02;1.000e+01;8.335e-01;1.097e+00;7.135e-01;-3.941e-02
20.046835000;1.059e+00;7.566e-01;2.006e-02;7.146e-01;1.894e-02;1.059e+00;6.810e-01;1.805e-02;1.000e+01;8.335e-01;1.097e+00;7.133e-01;-3.942e-02
20.047735000;1.059e+00;7.566e-01;2.045e-02;7.145e-01;1.932e-02;1.059e+00;6.809e-01;1.841e-02;1.000e+01;8.335e-01;1.097e+00;7.132e-01;-3.942e-02
20.050435000;1.059e+00;7.564e-01;2.155e-02;7.140e-01;2.034e-02;1.059e+00;6.808e-01;1.939e-02;1.000e+01;8.335e-01;1.097e+00;7.127e-01;-3.938e-02
20.051335000;1.060e+00;7.563e-01;2.188e-02;7.138e-01;2.065e-02;1.060e+00;6.807e-01;1.969e-02;1.000e+01;8.335e-01;1.097e+00;7.125e-01;-3.934e-02
20.052235000;1.060e+00;7.563e-01;2.219e-02;7.137e-01;2.094e-02;1.060e+00;6.806e-01;1.997e-02;1.000e+01;8.335e-01;1.097e+00;7.123e-01;-3.930e-02
20.053135000;1.060e+00;7.562e-01;2.249e-02;7.135e-01;2.122e-02;1.060e+00;6.806e-01;2.024e-02;1.000e+01;8.335e-01;1.097e+00;7.122e-01;-3.926e-02
20.054935000;1.060e+00;7.560e-01;2.304e-02;7.132e-01;2.173e-02;1.060e+00;6.804e-01;2.073e-02;1.000e+01;8.335e-01;1.097e+00;7.119e-01;-3.915e-02
20.055835000;1.060e+00;7.559e-01;2.329e-02;7.130e-01;2.197e-02;1.060e+00;6.803e-01;2.096e-02;1.000e+01;8.335e-01;1.097e+00;7.117e-01;-3.909e-02
20.058535000;1.060e+00;7.556e-01;2.397e-02;7.125e-01;2.260e-02;1.060e+00;6.801e-01;2.157e-02;1.000e+01;8.335e-01;1.097e+00;7.112e-01;-3.888e-02
20.059435000;1.061e+00;7.555e-01;2.417e-02;7.124e-01;2.279e-02;1.061e+00;6.800e-01;2.175e-02;1.000e+01;8.335e-01;1.097e+00;7.111e-01;-3.881e-02
20.062135000;1.061e+00;7.552e-01;2.470e-02;7.119e-01;2.328e-02;1.061e+00;6.797e-01;2.223e-02;1.000e+01;8.335e-01;1.097e+00;7.106e-01;-3.856e-02
20.063935000;1.061e+00;7.550e-01;2.500e-02;7.116e-01;2.356e-02;1.061e+00;6.795e-01;2.250e-02;1.000e+01;8.335e-01;1.097e+00;7.104e-01;-3.839e-02
20.064835000;1.061e+00;7.549e-01;2.513e-02;7.115e-01;2.369e-02;1.061e+00;6.794e-01;2.262e-02;1.000e+01;8.335e-01;1.097e+00;7.102e-01;-3.831e-02
20.066735000;1.061e+00;7.546e-01;2.538e-02;7.112e-01;2.392e-02;1.061e+00;6.792e-01;2.284e-02;1.000e+01;8.335e-01;1.097e+00;7.099e-01;-3.812e-02
20.067735000;1.061e+00;7.545e-01;2.550e-02;7.110e-01;2.403e-02;1.061e+00;6.790e-01;2.295e-02;1.000e+01;8.335e-01;1.097e+00;7.098e-01;-3.803e-02
20.068735000;1.061e+00;7.544e-01;2.560e-02;7.109e-01;2.413e-02;1.061e+00;6.789e-01;2.304e-02;1.000e+01;8.335e-01;1.097e+00;7.097e-01;-3.793e-02
20.072735000;1.061e+00;7.539e-01;2.593e-02;7.103e-01;2.443e-02;1.061e+00;6.785e-01;2.334e-02;1.000e+01;8.335e-01;1.097e+00;7.091e-01;-3.755e-02
20.073735000;1.061e+00;7.537e-01;2.600e-02;7.101e-01;2.449e-02;1.061e+00;6.784e-01;2.340e-02;1.000e+01;8.335e-01;1.097e+00;7.090e-01;-3.746e-02
20.074735000;1.061e+00;7.536e-01;2.605e-02;7.100e-01;2.454e-02;1.061e+00;6.783e-01;2.345e-02;1.000e+01;8.335e-01;1.097e+00;7.089e-01;-3.737e-02
20.075735000;1.061e+00;7.535e-01;2.610e-02;7.099e-01;2.459e-02;1.061e+00;6.781e-01;2.349e-02;1.000e+01;8.335e-01;1.097e+00;7.088e-01;-3.728e-02
20.076735000;1.061e+00;7.534e-01;2.614e-02;7.097e-01;2.463e-02;1.061e+00;6.780e-01;2.353e-02;1.000e+01;8.335e-01;1.097e+00;7.087e-01;-3.719e-02
20.077735000;1.062e+00;7.533e-01;2.618e-02;7.096e-01;2.466e-02;1.062e+00;6.779e-01;2.356e-02;1.000e+01;8.335e-01;1.097e+00;7.085e-01;-3.711e-02
20.078735000;1.062e+00;7.531e-01;2.621e-02;7.095e-01;2.469e-02;1.062e+00;6.778e-01;2.358e-02;1.000e+01;8.335e-01;1.097e+00;7.084e-01;-3.703e-02
20.079735000;1.062e+00;7.530e-01;2.623e-02;7.094e-01;2.471e-02;1.062e+00;6.777e-01;2.361e-02;1.000e+01;8.335e-01;1.097e+00;7.083e-01;-3.695e-02
20.080735000;1.062e+00;7.529e-01;2.625e-02;7.092e-01;2.473e-02;1.062e+00;6.776e-01;2.363e-02;1.000e+01;8.335e-01;1.097e+00;7.082e-01;-3.687e-02
20.083735000;1.062e+00;7.526e-01;2.629e-02;7.089e-01;2.476e-02;1.062e+00;6.773e-01;2.366e-02;1.000e+01;8.335e-01;1.097e+00;7.079e-01;-3.665e-02
20.086735000;1.062e+00;7.523e-01;2.629e-02;7.086e-01;2.476e-02;1.062e+00;6.770e-01;2.366e-02;1.000e+01;8.335e-01;1.097e+00;7.077e-01;-3.646e-02
20.087735000;1.062e+00;7.522e-01;2.628e-02;7.085e-01;2.476e-02;1.062e+00;6.770e-01;2.366e-02;1.000e+01;8.335e-01;1.097e+00;7.076e-01;-3.639e-02
20.088735000;1.062e+00;7.521e-01;2.628e-02;7.084e-01;2.475e-02;1.062e+00;6.769e-01;2.365e-02;1.000e+01;8.335e-01;1.097e+00;7.075e-01;-3.634e-02
20.090735000;1.062e+00;7.519e-01;2.626e-02;7.082e-01;2.473e-02;1.062e+00;6.767e-01;2.363e-02;1.000e+01;8.335e-01;1.097e+00;7.074e-01;-3.623e-02
20.092735000;1.062e+00;7.517e-01;2.623e-02;7.081e-01;2.471e-02;1.062e+00;6.766e-01;2.361e-02;1.000e+01;8.335e-01;1.097e+00;7.072e-01;-3.613e-02
20.095735000;1.062e+00;7.515e-01;2.618e-02;7.079e-01;2.466e-02;1.062e+00;6.763e-01;2.356e-02;1.000e+01;8.335e-01;1.097e+00;7.071e-01;-3.601e-02
20.097735000;1.062e+00;7.513e-01;2.615e-02;7.077e-01;2.463e-02;1.062e+00;6.762e-01;2.353e-02;1.000e+01;8.335e-01;1.097e+00;7.070e-01;-3.594e-02
20.104735000;1.062e+00;7.509e-01;2.601e-02;7.073e-01;2.450e-02;1.062e+00;6.758e-01;2.341e-02;1.000e+01;8.335e-01;1.097e+00;7.066e-01;-3.576e-02
20.106735000;1.062e+00;7.508e-01;2.597e-02;7.072e-01;2.447e-02;1.062e+00;6.757e-01;2.338e-02;1.000e+01;8.335e-01;1.097e+00;7.066e-01;-3.572e-02
20.108735000;1.062e+00;7.507e-01;2.594e-02;7.072e-01;2.444e-02;1.062e+00;6.756e-01;2.335e-02;1.000e+01;8.335e-01;1.097e+00;7.065e-01;-3.570e-02
20.110735000;1.062e+00;7.506e-01;2.591e-02;7.071e-01;2.440e-02;1.062e+00;6.756e-01;2.332e-02;1.000e+01;8.335e-01;1.097e+00;7.064e-01;-3.568e-02
20.114735000;1.062e+00;7.505e-01;2.585e-02;7.070e-01;2.435e-02;1.062e+00;6.754e-01;2.327e-02;1.000e+01;8.335e-01;1.097e+00;7.063e-01;-3.566e-02
20.119735000;1.062e+00;7.503e-01;2.580e-02;7.068e-01;2.430e-02;1.062e+00;6.753e-01;2.322e-02;1.000e+01;8.335e-01;1.097e+00;7.062e-01;-3.567e-02
20.122735000;1.062e+00;7.503e-01;2.577e-02;7.068e-01;2.428e-02;1.062e+00;6.752e-01;2.320e-02;1.000e+01;8.335e-01;1.097e+00;7.062e-01;-3.568e-02
20.123735000;1.062e+00;7.502e-01;2.577e-02;7.067e-01;2.427e-02;1.062e+00;6.752e-01;2.319e-02;1.000e+01;8.335e-01;1.097e+00;7.062e-01;-3.569e-02
20.124735000;1.062e+00;7.502e-01;2.576e-02;7.067e-01;2.427e-02;1.062e+00;6.752e-01;2.319e-02;1.000e+01;8.335e-01;1.097e+00;7.062e-01;-3.570e-02
20.125735000;1.062e+00;7.502e-01;2.576e-02;7.067e-01;2.427e-02;1.062e+00;6.752e-01;2.318e-02;1.000e+01;8.335e-01;1.097e+00;7.061e-01;-3.571e-02
20.127735000;1.062e+00;7.502e-01;2.575e-02;7.067e-01;2.426e-02;1.062e+00;6.752e-01;2.318e-02;1.000e+01;8.335e-01;1.097e+00;7.061e-01;-3.573e-02
20.128735000;1.062e+00;7.502e-01;2.575e-02;7.067e-01;2.426e-02;1.062e+00;6.751e-01;2.318e-02;1.000e+01;8.335e-01;1.097e+00;7.061e-01;-3.574e-02
20.129735000;1.062e+00;7.501e-01;2.575e-02;7.066e-01;2.426e-02;1.062e+00;6.751e-01;2.318e-02;1.000e+01;8.335e-01;1.097e+00;7.061e-01;-3.576e-02
20.135735000;1.062e+00;7.501e-01;2.577e-02;7.066e-01;2.427e-02;1.062e+00;6.751e-01;2.319e-02;1.000e+01;8.335e-01;1.097e+00;7.060e-01;-3.584e-02
20.138735000;1.062e+00;7.501e-01;2.578e-02;7.066e-01;2.429e-02;1.062e+00;6.751e-01;2.320e-02;1.000e+01;8.335e-01;1.097e+00;7.060e-01;-3.589e-02
20.139735000;1.062e+00;7.500e-01;2.579e-02;7.065e-01;2.429e-02;1.062e+00;6.750e-01;2.321e-02;1.000e+01;8.335e-01;1.097e+00;7.060e-01;-3.591e-02
20.151735000;1.062e+00;7.500e-01;2.592e-02;7.065e-01;2.441e-02;1.062e+00;6.750e-01;2.332e-02;1.000e+01;8.335e-01;1.097e+00;7.060e-01;-3.613e-02
20.152735000;1.062e+00;7.500e-01;2.593e-02;7.065e-01;2.442e-02;1.062e+00;6.750e-01;2.334e-02;1.000e+01;8.335e-01;1.097e+00;7.060e-01;-3.615e-02
20.153735000;1.062e+00;7.500e-01;2.594e-02;7.065e-01;2.444e-02;1.062e+00;6.750e-01;2.335e-02;1.000e+01;8.335e-01;1.097e+00;7.059e-01;-3.617e-02
20.246735000;1.062e+00;7.501e-01;2.762e-02;7.061e-01;2.600e-02;1.062e+00;6.751e-01;2.486e-02;1.000e+01;8.335e-01;1.097e+00;7.055e-01;-3.778e-02
20.247735000;1.062e+00;7.501e-01;2.764e-02;7.061e-01;2.602e-02;1.062e+00;6.750e-01;2.487e-02;1.000e+01;8.335e-01;1.097e+00;7.055e-01;-3.780e-02
20.272735000;1.062e+00;7.501e-01;2.808e-02;7.059e-01;2.643e-02;1.062e+00;6.750e-01;2.527e-02;1.000e+01;8.335e-01;1.097e+00;7.054e-01;-3.820e-02
20.273735000;1.063e+00;7.501e-01;2.810e-02;7.059e-01;2.644e-02;1.063e+00;6.750e-01;2.529e-02;1.000e+01;8.335e-01;1.097e+00;7.054e-01;-3.821e-02
20.292735000;1.063e+00;7.501e-01;2.843e-02;7.058e-01;2.676e-02;1.063e+00;6.750e-01;2.559e-02;1.000e+01;8.335e-01;1.097e+00;7.053e-01;-3.852e-02
20.293735000;1.063e+00;7.500e-01;2.845e-02;7.058e-01;2.677e-02;1.063e+00;6.750e-01;2.560e-02;1.000e+01;8.335e-01;1.097e+00;7.053e-01;-3.854e-02
20.416735000;1.063e+00;7.500e-01;3.058e-02;7.053e-01;2.876e-02;1.063e+00;6.750e-01;2.752e-02;1.000e+01;8.335e-01;1.097e+00;7.047e-01;-4.049e-02
20.417735000;1.064e+00;7.500e-01;3.060e-02;7.053e-01;2.877e-02;1.064e+00;6.750e-01;2.754e-02;1.000e+01;8.335e-01;1.097e+00;7.047e-01;-4.050e-02
20.423735000;1.064e+00;7.500e-01;3.070e-02;7.052e-01;2.887e-02;1.064e+00;6.750e-01;2.763e-02;1.000e+01;8.335e-01;1.097e+00;7.046e-01;-4.060e-02
20.507735000;1.064e+00;7.500e-01;3.213e-02;7.048e-01;3.019e-02;1.064e+00;6.750e-01;2.891e-02;1.000e+01;8.335e-01;1.097e+00;7.042e-01;-4.189e-02
20.529735000;1.064e+00;7.500e-01;3.249e-02;7.047e-01;3.053e-02;1.064e+00;6.750e-01;2.925e-02;1.000e+01;8.335e-01;1.097e+00;7.041e-01;-4.223e-02
20.535735000;1.064e+00;7.500e-01;3.259e-02;7.047e-01;3.063e-02;1.064e+00;6.750e-01;2.933e-02;1.000e+01;8.335e-01;1.097e+00;7.041e-01;-4.232e-02
20.564735000;1.064e+00;7.500e-01;3.308e-02;7.046e-01;3.107e-02;1.064e+00;6.750e-01;2.977e-02;1.000e+01;8.335e-01;1.097e+00;7.040e-01;-4.276e-02
20.565735000;1.065e+00;7.500e-01;3.309e-02;7.046e-01;3.109e-02;1.065e+00;6.750e-01;2.978e-02;1.000e+01;8.335e-01;1.097e+00;7.040e-01;-4.278e-02
20.717735000;1.065e+00;7.500e-01;3.558e-02;7.039e-01;3.339e-02;1.065e+00;6.750e-01;3.202e-02;1.000e+01;8.335e-01;1.097e+00;7.033e-01;-4.504e-02
20.718735000;1.066e+00;7.500e-01;3.559e-02;7.039e-01;3.341e-02;1.066e+00;6.750e-01;3.204e-02;1.000e+01;8.335e-01;1.097e+00;7.033e-01;-4.505e-02
20.759735000;1.066e+00;7.500e-01;3.625e-02;7.037e-01;3.401e-02;1.066e+00;6.750e-01;3.263e-02;1.000e+01;8.335e-01;1.097e+00;7.031e-01;-4.565e-02
20.790735000;1.066e+00;7.500e-01;3.674e-02;7.036e-01;3.447e-02;1.066e+00;6.750e-01;3.307e-02;1.000e+01;8.335e-01;1.097e+00;7.029e-01;-4.609e-02
20.813735000;1.066e+00;7.500e-01;3.711e-02;7.035e-01;3.481e-02;1.066e+00;6.750e-01;3.340e-02;1.000e+01;8.335e-01;1.097e+00;7.028e-01;-4.643e-02
20.876735000;1.066e+00;7.500e-01;3.809e-02;7.033e-01;3.572e-02;1.066e+00;6.750e-01;3.428e-02;1.000e+01;8.335e-01;1.097e+00;7.026e-01;-4.732e-02
20.877735000;1.067e+00;7.500e-01;3.811e-02;7.033e-01;3.573e-02;1.067e+00;6.750e-01;3.430e-02;1.000e+01;8.335e-01;1.097e+00;7.026e-01;-4.733e-02
20.924735000;1.067e+00;7.500e-01;3.884e-02;7.031e-01;3.641e-02;1.067e+00;6.750e-01;3.495e-02;1.000e+01;8.335e-01;1.097e+00;7.024e-01;-4.799e-02
20.950735000;1.067e+00;7.500e-01;3.924e-02;7.030e-01;3.677e-02;1.067e+00;6.750e-01;3.531e-02;1.000e+01;8.335e-01;1.097e+00;7.023e-01;-4.836e-02
20.956735000;1.067e+00;7.500e-01;3.933e-02;7.029e-01;3.686e-02;1.067e+00;6.750e-01;3.540e-02;1.000e+01;8.335e-01;1.097e+00;7.022e-01;-4.844e-02
21.040735000;1.067e+00;7.500e-01;4.060e-02;7.026e-01;3.803e-02;1.067e+00;6.750e-01;3.654e-02;1.000e+01;8.335e-01;1.097e+00;7.019e-01;-4.959e-02
21.041735000;1.068e+00;7.500e-01;4.062e-02;7.026e-01;3.805e-02;1.068e+00;6.750e-01;3.655e-02;1.000e+01;8.335e-01;1.097e+00;7.019e-01;-4.961e-02
21.167735000;1.068e+00;7.500e-01;4.248e-02;7.021e-01;3.977e-02;1.068e+00;6.750e-01;3.823e-02;1.000e+01;8.335e-01;1.097e+00;7.014e-01;-5.130e-02
21.211735000;1.068e+00;7.500e-01;4.312e-02;7.019e-01;4.036e-02;1.068e+00;6.750e-01;3.881e-02;1.000e+01;8.335e-01;1.097e+00;7.012e-01;-5.187e-02
21.212735000;1.069e+00;7.500e-01;4.314e-02;7.019e-01;4.037e-02;1.069e+00;6.750e-01;3.882e-02;1.000e+01;8.335e-01;1.097e+00;7.012e-01;-5.189e-02
21.313735000;1.069e+00;7.500e-01;4.459e-02;7.016e-01;4.171e-02;1.069e+00;6.750e-01;4.013e-02;1.000e+01;8.335e-01;1.097e+00;7.008e-01;-5.319e-02
21.345735000;1.069e+00;7.500e-01;4.504e-02;7.014e-01;4.212e-02;1.069e+00;6.750e-01;4.054e-02;1.000e+01;8.335e-01;1.097e+00;7.006e-01;-5.360e-02
21.354735000;1.069e+00;7.500e-01;4.517e-02;7.014e-01;4.224e-02;1.069e+00;6.750e-01;4.065e-02;1.000e+01;8.335e-01;1.097e+00;7.006e-01;-5.372e-02
21.389735000;1.069e+00;7.500e-01;4.566e-02;7.013e-01;4.269e-02;1.069e+00;6.750e-01;4.109e-02;1.000e+01;8.335e-01;1.097e+00;7.005e-01;-5.416e-02
21.390735000;1.070e+00;7.500e-01;4.567e-02;7.013e-01;4.270e-02;1.070e+00;6.750e-01;4.110e-02;1.000e+01;8.335e-01;1.097e+00;7.005e-01;-5.417e-02
21.502735000;1.070e+00;7.500e-01;4.721e-02;7.009e-01;4.412e-02;1.070e+00;6.750e-01;4.249e-02;1.000e+01;8.335e-01;1.097e+00;7.000e-01;-5.556e-02
21.506735000;1.070e+00;7.500e-01;4.727e-02;7.008e-01;4.417e-02;1.070e+00;6.750e-01;4.254e-02;1.000e+01;8.335e-01;1.097e+00;7.000e-01;-5.561e-02
21.573735000;1.070e+00;7.500e-01;4.817e-02;7.006e-01;4.500e-02;1.070e+00;6.750e-01;4.336e-02;1.000e+01;8.335e-01;1.097e+00;6.998e-01;-5.643e-02
21.574735000;1.071e+00;7.500e-01;4.819e-02;7.006e-01;4.501e-02;1.071e+00;6.750e-01;4.337e-02;1.000e+01;8.335e-01;1.097e+00;6.998e-01;-5.644e-02
21.576735000;1.071e+00;7.500e-01;4.821e-02;7.006e-01;4.504e-02;1.071e+00;6.750e-01;4.339e-02;1.000e+01;8.335e-01;1.097e+00;6.998e-01;-5.647e-02
21.727735000;1.071e+00;7.500e-01;5.021e-02;7.001e-01;4.687e-02;1.071e+00;6.750e-01;4.519e-02;1.000e+01;8.335e-01;1.097e+00;6.992e-01;-5.826e-02
21.766735000;1.071e+00;7.500e-01;5.071e-02;7.000e-01;4.733e-02;1.071e+00;6.750e-01;4.564e-02;1.000e+01;8.335e-01;1.097e+00;6.991e-01;-5.871e-02
21.767735000;1.072e+00;7.500e-01;5.072e-02;6.999e-01;4.734e-02;1.072e+00;6.750e-01;4.565e-02;1.000e+01;8.335e-01;1.097e+00;6.991e-01;-5.872e-02
21.795735000;1.072e+00;7.500e-01;5.108e-02;6.999e-01;4.767e-02;1.072e+00;6.750e-01;4.598e-02;1.000e+01;8.335e-01;1.097e+00;6.990e-01;-5.905e-02
21.803735000;1.072e+00;7.500e-01;5.119e-02;6.998e-01;4.776e-02;1.072e+00;6.750e-01;4.607e-02;1.000e+01;8.335e-01;1.097e+00;6.990e-01;-5.914e-02
21.946735000;1.072e+00;7.500e-01;5.298e-02;6.994e-01;4.941e-02;1.072e+00;6.750e-01;4.769e-02;1.000e+01;8.335e-01;1.097e+00;6.985e-01;-6.076e-02
21.968735000;1.072e+00;7.500e-01;5.326e-02;6.993e-01;4.966e-02;1.072e+00;6.750e-01;4.793e-02;1.000e+01;8.335e-01;1.097e+00;6.984e-01;-6.100e-02
21.969735000;1.073e+00;7.500e-01;5.327e-02;6.993e-01;4.967e-02;1.073e+00;6.750e-01;4.794e-02;1.000e+01;8.335e-01;1.097e+00;6.984e-01;-6.101e-02
22.081735000;1.073e+00;7.500e-01;5.463e-02;6.989e-01;5.092e-02;1.073e+00;6.750e-01;4.917e-02;1.000e+01;8.335e-01;1.097e+00;6.980e-01;-6.223e-02
22.179735000;1.073e+00;7.500e-01;5.580e-02;6.986e-01;5.198e-02;1.073e+00;6.750e-01;5.022e-02;1.000e+01;8.335e-01;1.097e+00;6.977e-01;-6.328e-02
22.180735000;1.074e+00;7.500e-01;5.581e-02;6.986e-01;5.199e-02;1.074e+00;6.750e-01;5.023e-02;1.000e+01;8.335e-01;1.097e+00;6.977e-01;-6.329e-02
22.181735000;1.074e+00;7.500e-01;5.583e-02;6.986e-01;5.200e-02;1.074e+00;6.750e-01;5.024e-02;1.000e+01;8.335e-01;1.097e+00;6.977e-01;-6.330e-02
22.184735000;1.074e+00;7.500e-01;5.586e-02;6.986e-01;5.204e-02;1.074e+00;6.750e-01;5.028e-02;1.000e+01;8.335e-01;1.097e+00;6.977e-01;-6.333e-02
22.229735000;1.074e+00;7.500e-01;5.639e-02;6.985e-01;5.252e-02;1.074e+00;6.750e-01;5.075e-02;1.000e+01;8.335e-01;1.097e+00;6.975e-01;-6.381e-02
22.275735000;1.074e+00;7.500e-01;5.692e-02;6.983e-01;5.300e-02;1.074e+00;6.750e-01;5.123e-02;1.000e+01;8.335e-01;1.097e+00;6.974e-01;-6.428e-02
22.364735000;1.074e+00;7.500e-01;5.794e-02;6.981e-01;5.393e-02;1.074e+00;6.750e-01;5.215e-02;1.000e+01;8.335e-01;1.097e+00;6.971e-01;-6.520e-02
22.400735000;1.074e+00;7.500e-01;5.835e-02;6.980e-01;5.430e-02;1.074e+00;6.750e-01;5.251e-02;1.000e+01;8.335e-01;1.097e+00;6.970e-01;-6.556e-02
22.401735000;1.075e+00;7.500e-01;5.836e-02;6.980e-01;5.431e-02;1.075e+00;6.750e-01;5.252e-02;1.000e+01;8.335e-01;1.097e+00;6.970e-01;-6.557e-02
22.414735000;1.075e+00;7.500e-01;5.850e-02;6.979e-01;5.445e-02;1.075e+00;6.750e-01;5.265e-02;1.000e+01;8.335e-01;1.097e+00;6.970e-01;-6.570e-02
22.548735000;1.075e+00;7.500e-01;5.999e-02;6.976e-01;5.579e-02;1.075e+00;6.750e-01;5.399e-02;1.000e+01;8.335e-01;1.097e+00;6.966e-01;-6.702e-02
22.558735000;1.075e+00;7.500e-01;6.009e-02;6.975e-01;5.589e-02;1.075e+00;6.750e-01;5.409e-02;1.000e+01;8.335e-01;1.097e+00;6.965e-01;-6.712e-02
22.633735000;1.075e+00;7.500e-01;6.090e-02;6.973e-01;5.663e-02;1.075e+00;6.750e-01;5.481e-02;1.000e+01;8.335e-01;1.097e+00;6.963e-01;-6.784e-02
22.634735000;1.076e+00;7.500e-01;6.091e-02;6.973e-01;5.664e-02;1.076e+00;6.750e-01;5.482e-02;1.000e+01;8.335e-01;1.097e+00;6.963e-01;-6.785e-02
22.790735000;1.076e+00;7.500e-01;6.255e-02;6.969e-01;5.813e-02;1.076e+00;6.750e-01;5.630e-02;1.000e+01;8.335e-01;1.097e+00;6.959e-01;-6.932e-02
22.811735000;1.076e+00;7.500e-01;6.277e-02;6.969e-01;5.833e-02;1.076e+00;6.750e-01;5.649e-02;1.000e+01;8.335e-01;1.097e+00;6.958e-01;-6.951e-02
22.871735000;1.076e+00;7.500e-01;6.339e-02;6.967e-01;5.888e-02;1.076e+00;6.750e-01;5.705e-02;1.000e+01;8.335e-01;1.097e+00;6.957e-01;-7.006e-02
22.879735000;1.076e+00;7.500e-01;6.347e-02;6.967e-01;5.896e-02;1.076e+00;6.750e-01;5.712e-02;1.000e+01;8.335e-01;1.097e+00;6.956e-01;-7.013e-02
22.880735000;1.077e+00;7.500e-01;6.348e-02;6.967e-01;5.897e-02;1.077e+00;6.750e-01;5.713e-02;1.000e+01;8.335e-01;1.097e+00;6.956e-01;-7.014e-02
22.907735000;1.077e+00;7.500e-01;6.375e-02;6.966e-01;5.921e-02;1.077e+00;6.750e-01;5.738e-02;1.000e+01;8.335e-01;1.097e+00;6.956e-01;-7.038e-02
22.989735000;1.077e+00;7.500e-01;6.457e-02;6.964e-01;5.996e-02;1.077e+00;6.750e-01;5.811e-02;1.000e+01;8.335e-01;1.097e+00;6.953e-01;-7.111e-02
23.047735000;1.077e+00;7.500e-01;6.514e-02;6.962e-01;6.047e-02;1.077e+00;6.750e-01;5.863e-02;1.000e+01;8.335e-01;1.097e+00;6.952e-01;-7.162e-02
23.139735000;1.077e+00;7.500e-01;6.603e-02;6.960e-01;6.128e-02;1.077e+00;6.750e-01;5.943e-02;1.000e+01;8.335e-01;1.097e+00;6.950e-01;-7.241e-02
23.140735000;1.078e+00;7.500e-01;6.604e-02;6.960e-01;6.129e-02;1.078e+00;6.750e-01;5.944e-02;1.000e+01;8.335e-01;1.097e+00;6.950e-01;-7.242e-02
23.196735000;1.078e+00;7.500e-01;6.658e-02;6.959e-01;6.178e-02;1.078e+00;6.750e-01;5.992e-02;1.000e+01;8.335e-01;1.097e+00;6.948e-01;-7.290e-02
23.221735000;1.078e+00;7.500e-01;6.681e-02;6.958e-01;6.199e-02;1.078e+00;6.750e-01;6.013e-02;1.000e+01;8.335e-01;1.097e+00;6.948e-01;-7.311e-02
23.330735000;1.078e+00;7.500e-01;6.783e-02;6.956e-01;6.291e-02;1.078e+00;6.750e-01;6.105e-02;1.000e+01;8.335e-01;1.097e+00;6.945e-01;-7.401e-02
23.333735000;1.078e+00;7.500e-01;6.786e-02;6.956e-01;6.293e-02;1.078e+00;6.750e-01;6.107e-02;1.000e+01;8.335e-01;1.097e+00;6.945e-01;-7.403e-02
23.415735000;1.078e+00;7.500e-01;6.860e-02;6.954e-01;6.361e-02;1.078e+00;6.750e-01;6.174e-02;1.000e+01;8.335e-01;1.097e+00;6.943e-01;-7.470e-02
23.416735000;1.079e+00;7.500e-01;6.861e-02;6.954e-01;6.362e-02;1.079e+00;6.750e-01;6.175e-02;1.000e+01;8.335e-01;1.097e+00;6.943e-01;-7.470e-02
23.626735000;1.079e+00;7.500e-01;7.047e-02;6.949e-01;6.530e-02;1.079e+00;6.750e-01;6.342e-02;1.000e+01;8.335e-01;1.097e+00;6.938e-01;-7.635e-02
23.683735000;1.079e+00;7.500e-01;7.096e-02;6.948e-01;6.574e-02;1.079e+00;6.750e-01;6.386e-02;1.000e+01;8.335e-01;1.097e+00;6.937e-01;-7.679e-02
23.710735000;1.079e+00;7.500e-01;7.119e-02;6.947e-01;6.594e-02;1.079e+00;6.750e-01;6.407e-02;1.000e+01;8.335e-01;1.097e+00;6.936e-01;-7.699e-02
23.711735000;1.080e+00;7.500e-01;7.120e-02;6.947e-01;6.595e-02;1.080e+00;6.750e-01;6.408e-02;1.000e+01;8.335e-01;1.097e+00;6.936e-01;-7.700e-02
23.762735000;1.080e+00;7.500e-01;7.163e-02;6.946e-01;6.634e-02;1.080e+00;6.750e-01;6.446e-02;1.000e+01;8.335e-01;1.097e+00;6.935e-01;-7.738e-02
23.765735000;1.080e+00;7.500e-01;7.165e-02;6.946e-01;6.636e-02;1.080e+00;6.750e-01;6.449e-02;1.000e+01;8.335e-01;1.097e+00;6.935e-01;-7.740e-02
23.819735000;1.080e+00;7.500e-01;7.210e-02;6.945e-01;6.677e-02;1.080e+00;6.750e-01;6.489e-02;1.000e+01;8.335e-01;1.097e+00;6.933e-01;-7.780e-02
23.847735000;1.080e+00;7.500e-01;7.233e-02;6.944e-01;6.698e-02;1.080e+00;6.750e-01;6.510e-02;1.000e+01;8.335e-01;1.097e+00;6.933e-01;-7.800e-02
23.848735000;1.080e+00;7.499e-01;7.234e-02;6.944e-01;6.698e-02;1.080e+00;6.750e-01;6.511e-02;1.000e+01;8.335e-01;1.097e+00;6.933e-01;-7.801e-02
23.888735000;1.080e+00;7.499e-01;7.267e-02;6.943e-01;6.728e-02;1.080e+00;6.750e-01;6.540e-02;1.000e+01;8.335e-01;1.097e+00;6.932e-01;-7.830e-02
24.024735000;1.080e+00;7.499e-01;7.376e-02;6.941e-01;6.827e-02;1.080e+00;6.750e-01;6.638e-02;1.000e+01;8.335e-01;1.097e+00;6.929e-01;-7.927e-02
24.025735000;1.081e+00;7.499e-01;7.377e-02;6.941e-01;6.827e-02;1.081e+00;6.750e-01;6.639e-02;1.000e+01;8.335e-01;1.097e+00;6.929e-01;-7.928e-02
24.066735000;1.081e+00;7.499e-01;7.409e-02;6.940e-01;6.857e-02;1.081e+00;6.750e-01;6.668e-02;1.000e+01;8.335e-01;1.097e+00;6.928e-01;-7.956e-02
24.120735000;1.081e+00;7.499e-01;7.451e-02;6.939e-01;6.894e-02;1.081e+00;6.750e-01;6.706e-02;1.000e+01;8.335e-01;1.097e+00;6.927e-01;-7.994e-02
24.165735000;1.081e+00;7.499e-01;7.486e-02;6.938e-01;6.926e-02;1.081e+00;6.750e-01;6.738e-02;1.000e+01;8.335e-01;1.097e+00;6.926e-01;-8.024e-02
24.166735000;1.081e+00;7.499e-01;7.487e-02;6.938e-01;6.926e-02;1.081e+00;6.749e-01;6.738e-02;1.000e+01;8.335e-01;1.097e+00;6.926e-01;-8.025e-02
24.223735000;1.081e+00;7.499e-01;7.531e-02;6.937e-01;6.966e-02;1.081e+00;6.749e-01;6.778e-02;1.000e+01;8.335e-01;1.097e+00;6.925e-01;-8.063e-02
24.363735000;1.081e+00;7.499e-01;7.635e-02;6.934e-01;7.060e-02;1.081e+00;6.749e-01;6.872e-02;1.000e+01;8.335e-01;1.097e+00;6.922e-01;-8.156e-02
24.364735000;1.082e+00;7.499e-01;7.636e-02;6.934e-01;7.060e-02;1.082e+00;6.749e-01;6.872e-02;1.000e+01;8.335e-01;1.097e+00;6.922e-01;-8.156e-02
24.549735000;1.082e+00;7.499e-01;7.769e-02;6.931e-01;7.181e-02;1.082e+00;6.749e-01;6.993e-02;1.000e+01;8.335e-01;1.097e+00;6.919e-01;-8.274e-02
24.604735000;1.082e+00;7.499e-01;7.808e-02;6.930e-01;7.215e-02;1.082e+00;6.749e-01;7.027e-02;1.000e+01;8.335e-01;1.097e+00;6.918e-01;-8.309e-02
24.691735000;1.082e+00;7.499e-01;7.868e-02;6.928e-01;7.269e-02;1.082e+00;6.749e-01;7.082e-02;1.000e+01;8.335e-01;1.097e+00;6.916e-01;-8.362e-02
24.725735000;1.082e+00;7.499e-01;7.892e-02;6.928e-01;7.290e-02;1.082e+00;6.749e-01;7.102e-02;1.000e+01;8.335e-01;1.097e+00;6.916e-01;-8.382e-02
24.729735000;1.082e+00;7.499e-01;7.894e-02;6.928e-01;7.293e-02;1.082e+00;6.749e-01;7.105e-02;1.000e+01;8.335e-01;1.097e+00;6.916e-01;-8.385e-02
24.730735000;1.083e+00;7.499e-01;7.895e-02;6.928e-01;7.293e-02;1.083e+00;6.749e-01;7.105e-02;1.000e+01;8.335e-01;1.097e+00;6.915e-01;-8.385e-02
24.808735000;1.083e+00;7.499e-01;7.947e-02;6.926e-01;7.340e-02;1.083e+00;6.749e-01;7.153e-02;1.000e+01;8.335e-01;1.097e+00;6.914e-01;-8.431e-02
25.046735000;1.083e+00;7.499e-01;8.103e-02;6.923e-01;7.480e-02;1.083e+00;6.749e-01;7.292e-02;1.000e+01;8.335e-01;1.097e+00;6.910e-01;-8.568e-02
25.090735000;1.083e+00;7.499e-01;8.130e-02;6.922e-01;7.504e-02;1.083e+00;6.749e-01;7.317e-02;1.000e+01;8.335e-01;1.097e+00;6.909e-01;-8.593e-02
25.128735000;1.083e+00;7.499e-01;8.154e-02;6.921e-01;7.526e-02;1.083e+00;6.749e-01;7.339e-02;1.000e+01;8.335e-01;1.097e+00;6.909e-01;-8.614e-02
25.129735000;1.084e+00;7.499e-01;8.155e-02;6.921e-01;7.526e-02;1.084e+00;6.749e-01;7.339e-02;1.000e+01;8.335e-01;1.097e+00;6.909e-01;-8.614e-02
25.194735000;1.084e+00;7.499e-01;8.195e-02;6.920e-01;7.562e-02;1.084e+00;6.749e-01;7.376e-02;1.000e+01;8.335e-01;1.097e+00;6.908e-01;-8.649e-02
25.203735000;1.084e+00;7.499e-01;8.201e-02;6.920e-01;7.567e-02;1.084e+00;6.749e-01;7.380e-02;1.000e+01;8.335e-01;1.097e+00;6.908e-01;-8.654e-02
25.566735000;1.084e+00;7.499e-01;8.415e-02;6.915e-01;7.759e-02;1.084e+00;6.749e-01;7.573e-02;1.000e+01;8.335e-01;1.097e+00;6.902e-01;-8.843e-02
25.567735000;1.085e+00;7.499e-01;8.415e-02;6.915e-01;7.760e-02;1.085e+00;6.749e-01;7.574e-02;1.000e+01;8.335e-01;1.097e+00;6.902e-01;-8.843e-02
25.588735000;1.085e+00;7.499e-01;8.427e-02;6.915e-01;7.770e-02;1.085e+00;6.749e-01;7.584e-02;1.000e+01;8.335e-01;1.097e+00;6.902e-01;-8.854e-02
25.706735000;1.085e+00;7.499e-01;8.493e-02;6.913e-01;7.829e-02;1.085e+00;6.749e-01;7.644e-02;1.000e+01;8.335e-01;1.097e+00;6.900e-01;-8.911e-02
25.711735000;1.085e+00;7.499e-01;8.496e-02;6.913e-01;7.831e-02;1.085e+00;6.749e-01;7.646e-02;1.000e+01;8.335e-01;1.097e+00;6.900e-01;-8.914e-02
25.737735000;1.085e+00;7.499e-01;8.510e-02;6.913e-01;7.844e-02;1.085e+00;6.749e-01;7.659e-02;1.000e+01;8.335e-01;1.097e+00;6.899e-01;-8.926e-02
25.743735000;1.085e+00;7.499e-01;8.513e-02;6.912e-01;7.847e-02;1.085e+00;6.749e-01;7.662e-02;1.000e+01;8.335e-01;1.097e+00;6.899e-01;-8.929e-02
26.051735000;1.085e+00;7.499e-01;8.675e-02;6.909e-01;7.992e-02;1.085e+00;6.749e-01;7.808e-02;1.000e+01;8.335e-01;1.097e+00;6.895e-01;-9.072e-02
26.052735000;1.086e+00;7.499e-01;8.676e-02;6.908e-01;7.993e-02;1.086e+00;6.749e-01;7.808e-02;1.000e+01;8.335e-01;1.097e+00;6.895e-01;-9.072e-02
26.054735000;1.086e+00;7.499e-01;8.677e-02;6.908e-01;7.994e-02;1.086e+00;6.749e-01;7.809e-02;1.000e+01;8.335e-01;1.097e+00;6.895e-01;-9.073e-02
26.123735000;1.086e+00;7.499e-01;8.712e-02;6.908e-01;8.025e-02;1.086e+00;6.749e-01;7.841e-02;1.000e+01;8.335e-01;1.097e+00;6.894e-01;-9.104e-02
26.212735000;1.086e+00;7.499e-01;8.756e-02;6.907e-01;8.064e-02;1.086e+00;6.749e-01;7.881e-02;1.000e+01;8.335e-01;1.097e+00;6.893e-01;-9.142e-02
26.223735000;1.086e+00;7.499e-01;8.762e-02;6.906e-01;8.069e-02;1.086e+00;6.749e-01;7.885e-02;1.000e+01;8.335e-01;1.097e+00;6.893e-01;-9.147e-02
26.594735000;1.086e+00;7.499e-01;8.936e-02;6.902e-01;8.225e-02;1.086e+00;6.749e-01;8.043e-02;1.000e+01;8.335e-01;1.097e+00;6.888e-01;-9.300e-02
26.595735000;1.087e+00;7.499e-01;8.937e-02;6.902e-01;8.225e-02;1.087e+00;6.749e-01;8.043e-02;1.000e+01;8.335e-01;1.097e+00;6.888e-01;-9.301e-02
26.615735000;1.087e+00;7.499e-01;8.946e-02;6.902e-01;8.234e-02;1.087e+00;6.749e-01;8.051e-02;1.000e+01;8.335e-01;1.097e+00;6.888e-01;-9.309e-02
26.712735000;1.087e+00;7.499e-01;8.989e-02;6.901e-01;8.272e-02;1.087e+00;6.749e-01;8.090e-02;1.000e+01;8.335e-01;1.097e+00;6.887e-01;-9.347e-02
26.758735000;1.087e+00;7.499e-01;9.009e-02;6.900e-01;8.290e-02;1.087e+00;6.749e-01;8.109e-02;1.000e+01;8.335e-01;1.097e+00;6.887e-01;-9.364e-02
26.795735000;1.087e+00;7.499e-01;9.026e-02;6.900e-01;8.304e-02;1.087e+00;6.749e-01;8.123e-02;1.000e+01;8.335e-01;1.097e+00;6.886e-01;-9.378e-02
26.858735000;1.087e+00;7.499e-01;9.053e-02;6.899e-01;8.329e-02;1.087e+00;6.749e-01;8.147e-02;1.000e+01;8.335e-01;1.097e+00;6.885e-01;-9.402e-02
26.931735000;1.087e+00;7.499e-01;9.084e-02;6.898e-01;8.356e-02;1.087e+00;6.749e-01;8.175e-02;1.000e+01;8.335e-01;1.097e+00;6.885e-01;-9.429e-02
27.199735000;1.087e+00;7.499e-01;9.193e-02;6.896e-01;8.454e-02;1.087e+00;6.749e-01;8.274e-02;1.000e+01;8.335e-01;1.097e+00;6.882e-01;-9.525e-02
27.213735000;1.087e+00;7.499e-01;9.199e-02;6.896e-01;8.458e-02;1.087e+00;6.749e-01;8.279e-02;1.000e+01;8.335e-01;1.097e+00;6.882e-01;-9.530e-02
27.214735000;1.088e+00;7.499e-01;9.199e-02;6.896e-01;8.459e-02;1.088e+00;6.749e-01;8.279e-02;1.000e+01;8.335e-01;1.097e+00;6.882e-01;-9.530e-02
27.265735000;1.088e+00;7.499e-01;9.219e-02;6.895e-01;8.477e-02;1.088e+00;6.749e-01;8.297e-02;1.000e+01;8.335e-01;1.097e+00;6.881e-01;-9.548e-02
27.329735000;1.088e+00;7.499e-01;9.244e-02;6.895e-01;8.499e-02;1.088e+00;6.749e-01;8.320e-02;1.000e+01;8.335e-01;1.097e+00;6.881e-01;-9.569e-02
27.362735000;1.088e+00;7.499e-01;9.257e-02;6.894e-01;8.510e-02;1.088e+00;6.749e-01;8.331e-02;1.000e+01;8.335e-01;1.097e+00;6.880e-01;-9.580e-02
27.798735000;1.088e+00;7.499e-01;9.416e-02;6.890e-01;8.652e-02;1.088e+00;6.749e-01;8.474e-02;1.000e+01;8.335e-01;1.097e+00;6.876e-01;-9.719e-02
27.892735000;1.088e+00;7.499e-01;9.448e-02;6.890e-01;8.680e-02;1.088e+00;6.749e-01;8.503e-02;1.000e+01;8.335e-01;1.097e+00;6.875e-01;-9.748e-02
27.926735000;1.088e+00;7.499e-01;9.460e-02;6.889e-01;8.690e-02;1.088e+00;6.749e-01;8.514e-02;1.000e+01;8.335e-01;1.097e+00;6.875e-01;-9.757e-02
27.930735000;1.088e+00;7.499e-01;9.461e-02;6.889e-01;8.692e-02;1.088e+00;6.749e-01;8.515e-02;1.000e+01;8.335e-01;1.097e+00;6.875e-01;-9.759e-02
27.931735000;1.089e+00;7.499e-01;9.461e-02;6.889e-01;8.692e-02;1.089e+00;6.749e-01;8.515e-02;1.000e+01;8.335e-01;1.097e+00;6.875e-01;-9.759e-02
27.962735000;1.089e+00;7.499e-01;9.472e-02;6.889e-01;8.701e-02;1.089e+00;6.749e-01;8.525e-02;1.000e+01;8.335e-01;1.097e+00;6.875e-01;-9.768e-02
28.115735000;1.089e+00;7.499e-01;9.522e-02;6.888e-01;8.746e-02;1.089e+00;6.749e-01;8.570e-02;1.000e+01;8.335e-01;1.097e+00;6.873e-01;-9.812e-02
28.158735000;1.089e+00;7.499e-01;9.536e-02;6.887e-01;8.758e-02;1.089e+00;6.749e-01;8.582e-02;1.000e+01;8.335e-01;1.097e+00;6.873e-01;-9.824e-02
28.407735000;1.089e+00;7.499e-01;9.614e-02;6.886e-01;8.828e-02;1.089e+00;6.749e-01;8.653e-02;1.000e+01;8.335e-01;1.097e+00;6.871e-01;-9.892e-02
28.469735000;1.089e+00;7.499e-01;9.633e-02;6.885e-01;8.844e-02;1.089e+00;6.749e-01;8.669e-02;1.000e+01;8.335e-01;1.097e+00;6.871e-01;-9.909e-02
28.536735000;1.089e+00;7.499e-01;9.653e-02;6.885e-01;8.862e-02;1.089e+00;6.749e-01;8.687e-02;1.000e+01;8.335e-01;1.097e+00;6.870e-01;-9.926e-02
28.582735000;1.089e+00;7.499e-01;9.666e-02;6.884e-01;8.874e-02;1.089e+00;6.749e-01;8.700e-02;1.000e+01;8.335e-01;1.097e+00;6.870e-01;-9.938e-02
28.784735000;1.089e+00;7.499e-01;9.724e-02;6.883e-01;8.925e-02;1.089e+00;6.749e-01;8.751e-02;1.000e+01;8.335e-01;1.097e+00;6.868e-01;-9.988e-02
28.785735000;1.090e+00;7.499e-01;9.724e-02;6.883e-01;8.925e-02;1.090e+00;6.749e-01;8.752e-02;1.000e+01;8.335e-01;1.097e+00;6.868e-01;-9.988e-02
29.067735000;1.090e+00;7.499e-01;9.801e-02;6.881e-01;8.993e-02;1.090e+00;6.749e-01;8.821e-02;1.000e+01;8.335e-01;1.097e+00;6.866e-01;-1.006e-01
29.362735000;1.090e+00;7.499e-01;9.876e-02;6.879e-01;9.060e-02;1.090e+00;6.749e-01;8.888e-02;1.000e+01;8.335e-01;1.097e+00;6.864e-01;-1.012e-01
29.493735000;1.090e+00;7.499e-01;9.908e-02;6.878e-01;9.088e-02;1.090e+00;6.749e-01;8.917e-02;1.000e+01;8.335e-01;1.097e+00;6.864e-01;-1.015e-01
29.703735000;1.090e+00;7.499e-01;9.957e-02;6.877e-01;9.132e-02;1.090e+00;6.749e-01;8.961e-02;1.000e+01;8.335e-01;1.097e+00;6.862e-01;-1.019e-01
29.826735000;1.090e+00;7.499e-01;9.985e-02;6.877e-01;9.156e-02;1.090e+00;6.749e-01;8.986e-02;1.000e+01;8.335e-01;1.097e+00;6.862e-01;-1.022e-01
29.837735000;1.090e+00;7.499e-01;9.987e-02;6.877e-01;9.158e-02;1.090e+00;6.749e-01;8.988e-02;1.000e+01;8.335e-01;1.097e+00;6.862e-01;-1.022e-01
29.838735000;1.091e+00;7.499e-01;9.987e-02;6.877e-01;9.158e-02;1.091e+00;6.749e-01;8.989e-02;1.000e+01;8.335e-01;1.097e+00;6.862e-01;-1.022e-01
29.898735000;1.091e+00;7.499e-01;1.000e-01;6.876e-01;9.170e-02;1.091e+00;6.749e-01;9.001e-02;1.000e+01;8.335e-01;1.097e+00;6.861e-01;-1.023e-01
29.919735000;1.091e+00;7.499e-01;1.001e-01;6.876e-01;9.174e-02;1.091e+00;6.749e-01;9.005e-02;1.000e+01;8.335e-01;1.097e+00;6.861e-01;-1.023e-01
30.867735000;1.091e+00;7.499e-01;1.019e-01;6.872e-01;9.339e-02;1.091e+00;6.749e-01;9.173e-02;1.000e+01;8.335e-01;1.097e+00;6.856e-01;-1.040e-01
31.159735000;1.091e+00;7.499e-01;1.024e-01;6.870e-01;9.384e-02;1.091e+00;6.749e-01;9.218e-02;1.000e+01;8.335e-01;1.097e+00;6.855e-01;-1.044e-01
31.217735000;1.091e+00;7.499e-01;1.025e-01;6.870e-01;9.392e-02;1.091e+00;6.749e-01;9.226e-02;1.000e+01;8.335e-01;1.097e+00;6.855e-01;-1.045e-01
31.218735000;1.092e+00;7.499e-01;1.025e-01;6.870e-01;9.392e-02;1.092e+00;6.749e-01;9.226e-02;1.000e+01;8.335e-01;1.097e+00;6.855e-01;-1.045e-01
31.347735000;1.092e+00;7.499e-01;1.027e-01;6.870e-01;9.411e-02;1.092e+00;6.749e-01;9.245e-02;1.000e+01;8.335e-01;1.097e+00;6.854e-01;-1.047e-01
31.364735000;1.092e+00;7.499e-01;1.028e-01;6.870e-01;9.413e-02;1.092e+00;6.749e-01;9.248e-02;1.000e+01;8.335e-01;1.097e+00;6.854e-01;-1.047e-01
31.392735000;1.092e+00;7.499e-01;1.028e-01;6.870e-01;9.417e-02;1.092e+00;6.749e-01;9.252e-02;1.000e+01;8.335e-01;1.097e+00;6.854e-01;-1.047e-01
32.466735000;1.092e+00;7.499e-01;1.043e-01;6.866e-01;9.550e-02;1.092e+00;6.749e-01;9.387e-02;1.000e+01;8.335e-01;1.097e+00;6.850e-01;-1.060e-01
32.611735000;1.092e+00;7.499e-01;1.045e-01;6.865e-01;9.566e-02;1.092e+00;6.749e-01;9.403e-02;1.000e+01;8.335e-01;1.097e+00;6.850e-01;-1.062e-01
32.813735000;1.092e+00;7.499e-01;1.047e-01;6.865e-01;9.587e-02;1.092e+00;6.749e-01;9.424e-02;1.000e+01;8.335e-01;1.097e+00;6.849e-01;-1.064e-01
32.987735000;1.092e+00;7.499e-01;1.049e-01;6.864e-01;9.604e-02;1.092e+00;6.749e-01;9.442e-02;1.000e+01;8.335e-01;1.097e+00;6.849e-01;-1.066e-01
33.010735000;1.092e+00;7.499e-01;1.049e-01;6.864e-01;9.606e-02;1.092e+00;6.749e-01;9.445e-02;1.000e+01;8.335e-01;1.097e+00;6.849e-01;-1.066e-01
33.021735000;1.092e+00;7.499e-01;1.050e-01;6.864e-01;9.607e-02;1.092e+00;6.749e-01;9.445e-02;1.000e+01;8.335e-01;1.097e+00;6.849e-01;-1.066e-01
33.211735000;1.092e+00;7.499e-01;1.052e-01;6.864e-01;9.625e-02;1.092e+00;6.749e-01;9.464e-02;1.000e+01;8.335e-01;1.097e+00;6.848e-01;-1.068e-01
33.212735000;1.093e+00;7.499e-01;1.052e-01;6.864e-01;9.625e-02;1.093e+00;6.749e-01;9.464e-02;1.000e+01;8.335e-01;1.097e+00;6.848e-01;-1.068e-01
35.031735000;1.093e+00;7.499e-01;1.067e-01;6.860e-01;9.765e-02;1.093e+00;6.749e-01;9.606e-02;1.000e+01;8.335e-01;1.097e+00;6.844e-01;-1.081e-01
35.068735000;1.093e+00;7.499e-01;1.068e-01;6.860e-01;9.767e-02;1.093e+00;6.749e-01;9.609e-02;1.000e+01;8.335e-01;1.097e+00;6.844e-01;-1.082e-01
35.196735000;1.093e+00;7.499e-01;1.069e-01;6.860e-01;9.775e-02;1.093e+00;6.749e-01;9.617e-02;1.000e+01;8.335e-01;1.097e+00;6.844e-01;-1.082e-01
36.884735000;1.093e+00;7.499e-01;1.078e-01;6.858e-01;9.859e-02;1.093e+00;6.749e-01;9.703e-02;1.000e+01;8.335e-01;1.097e+00;6.842e-01;-1.091e-01
36.885735000;1.094e+00;7.499e-01;1.078e-01;6.858e-01;9.859e-02;1.094e+00;6.749e-01;9.703e-02;1.000e+01;8.335e-01;1.097e+00;6.842e-01;-1.091e-01
36.931735000;1.094e+00;7.499e-01;1.078e-01;6.857e-01;9.861e-02;1.094e+00;6.749e-01;9.705e-02;1.000e+01;8.335e-01;1.097e+00;6.842e-01;-1.091e-01
37.057735000;1.094e+00;7.499e-01;1.079e-01;6.857e-01;9.866e-02;1.094e+00;6.749e-01;9.710e-02;1.000e+01;8.335e-01;1.097e+00;6.841e-01;-1.091e-01
37.665735000;1.094e+00;7.499e-01;1.081e-01;6.857e-01;9.889e-02;1.094e+00;6.749e-01;9.733e-02;1.000e+01;8.335e-01;1.097e+00;6.841e-01;-1.093e-01
37.674735000;1.094e+00;7.499e-01;1.081e-01;6.857e-01;9.889e-02;1.094e+00;6.749e-01;9.733e-02;1.000e+01;8.335e-01;1.097e+00;6.841e-01;-1.094e-01
37.682735000;1.094e+00;7.499e-01;1.082e-01;6.857e-01;9.889e-02;1.094e+00;6.749e-01;9.734e-02;1.000e+01;8.335e-01;1.097e+00;6.841e-01;-1.094e-01
37.797735000;1.094e+00;7.499e-01;1.082e-01;6.857e-01;9.893e-02;1.094e+00;6.749e-01;9.738e-02;1.000e+01;8.335e-01;1.097e+00;6.841e-01;-1.094e-01
40.430735000;1.094e+00;7.499e-01;1.090e-01;6.855e-01;9.960e-02;1.094e+00;6.749e-01;9.806e-02;1.000e+01;8.335e-01;1.097e+00;6.839e-01;-1.101e-01
40.841735000;1.094e+00;7.499e-01;1.090e-01;6.855e-01;9.968e-02;1.094e+00;6.749e-01;9.814e-02;1.000e+01;8.335e-01;1.097e+00;6.839e-01;-1.101e-01
40.893735000;1.094e+00;7.499e-01;1.091e-01;6.855e-01;9.968e-02;1.094e+00;6.749e-01;9.815e-02;1.000e+01;8.335e-01;1.097e+00;6.839e-01;-1.101e-01
40.945735000;1.094e+00;7.499e-01;1.091e-01;6.855e-01;9.969e-02;1.094e+00;6.749e-01;9.816e-02;1.000e+01;8.335e-01;1.097e+00;6.839e-01;-1.101e-01
43.996735000;1.094e+00;7.499e-01;1.095e-01;6.854e-01;1.001e-01;1.094e+00;6.749e-01;9.853e-02;1.000e+01;8.335e-01;1.097e+00;6.837e-01;-1.105e-01
44.272735000;1.094e+00;7.499e-01;1.095e-01;6.853e-01;1.001e-01;1.094e+00;6.749e-01;9.856e-02;1.000e+01;8.335e-01;1.097e+00;6.837e-01;-1.105e-01
44.571735000;1.094e+00;7.499e-01;1.095e-01;6.853e-01;1.001e-01;1.094e+00;6.749e-01;9.858e-02;1.000e+01;8.335e-01;1.097e+00;6.837e-01;-1.106e-01
44.742735000;1.094e+00;7.499e-01;1.096e-01;6.853e-01;1.001e-01;1.094e+00;6.749e-01;9.860e-02;1.000e+01;8.335e-01;1.097e+00;6.837e-01;-1.106e-01
45.138735000;1.094e+00;7.499e-01;1.096e-01;6.853e-01;1.002e-01;1.094e+00;6.749e-01;9.862e-02;1.000e+01;8.335e-01;1.097e+00;6.837e-01;-1.106e-01
45.168735000;1.094e+00;7.499e-01;1.096e-01;6.853e-01;1.002e-01;1.094e+00;6.749e-01;9.863e-02;1.000e+01;8.335e-01;1.097e+00;6.837e-01;-1.106e-01
50.160735000;1.094e+00;7.499e-01;1.098e-01;6.853e-01;1.004e-01;1.094e+00;6.749e-01;9.883e-02;1.000e+01;8.335e-01;1.097e+00;6.837e-01;-1.108e-01
52.237735000;1.094e+00;7.499e-01;1.099e-01;6.853e-01;1.004e-01;1.094e+00;6.749e-01;9.886e-02;1.000e+01;8.335e-01;1.097e+00;6.837e-01;-1.108e-01
54.937735000;1.094e+00;7.499e-01;1.099e-01;6.853e-01;1.004e-01;1.094e+00;6.749e-01;9.889e-02;1.000e+01;8.335e-01;1.097e+00;6.837e-01;-1.109e-01
56.746735000;1.094e+00;7.499e-01;1.099e-01;6.853e-01;1.004e-01;1.094e+00;6.749e-01;9.891e-02;1.000e+01;8.335e-01;1.097e+00;6.836e-01;-1.109e-01
100.000000000;1.094e+00;7.499e-01;1.099e-01;6.853e-01;1.004e-01;1.094e+00;6.749e-01;9.893e-02;1.000e+01;8.335e-01;1.097e+00;6.836e-01;-1.109e-01
