time;BusPDR_BUS_Voltage;BusPDR_BUS_ActivePower;BusPDR_BUS_ReactivePower;BusPDR_BUS_ActiveCurrent;BusPDR_BUS_ReactiveCurrent;Wind_Turbine_GEN_MagnitudeControlledByAVRPu;Measurements_BUS_Voltage;Measurements_BUS_ActivePower;Measurements_BUS_ReactivePower;StepUp_Xfmr_XFMR_Tap;Wind_Turbine_GEN_InjectedActiveCurrent;Wind_Turbine_GEN_InjectedReactiveCurrent;Wind_Turbine_GEN_AVRSetpointPu;Wind_Turbine_GEN_NetworkFrequencyPu;NetworkFrequencyPu
0.000000000;1.044e+00;8.333e-01;2.243e-08;7.979e-01;1.475e-08;1.051e+00;1.044e+00;7.500e-01;6.519e-09;1.000e+01;8.083e-01;-2.061e-02;1.051e+00;5.000e+01;5.000e+01
0.000768000;1.044e+00;8.332e-01;-1.998e-05;7.978e-01;-1.913e-05;1.051e+00;1.044e+00;7.499e-01;-1.800e-05;1.000e+01;8.049e-01;-2.061e-02;1.051e+00;5.000e+01;5.000e+01
0.001024000;1.044e+00;8.332e-01;-3.665e-05;7.977e-01;-3.509e-05;1.051e+00;1.044e+00;7.498e-01;-3.300e-05;1.000e+01;8.037e-01;-2.061e-02;1.051e+00;4.999e+01;4.999e+01
0.001280000;1.044e+00;8.331e-01;-5.776e-05;7.976e-01;-5.530e-05;1.051e+00;1.044e+00;7.498e-01;-5.200e-05;1.000e+01;8.027e-01;-2.061e-02;1.051e+00;4.999e+01;4.999e+01
0.001536000;1.044e+00;8.329e-01;-8.332e-05;7.975e-01;-7.977e-05;1.051e+00;1.044e+00;7.496e-01;-7.500e-05;1.000e+01;8.016e-01;-2.061e-02;1.051e+00;4.999e+01;4.999e+01
0.001792000;1.044e+00;8.328e-01;-1.144e-04;7.973e-01;-1.096e-04;1.051e+00;1.044e+00;7.495e-01;-1.030e-04;1.000e+01;8.005e-01;-2.061e-02;1.051e+00;4.998e+01;4.998e+01
0.002048000;1.044e+00;8.326e-01;-1.500e-04;7.971e-01;-1.436e-04;1.051e+00;1.044e+00;7.493e-01;-1.350e-04;1.000e+01;7.995e-01;-2.062e-02;1.051e+00;4.998e+01;4.998e+01
0.002304000;1.044e+00;8.324e-01;-1.900e-04;7.969e-01;-1.819e-04;1.051e+00;1.044e+00;7.491e-01;-1.710e-04;1.000e+01;7.984e-01;-2.062e-02;1.051e+00;4.997e+01;4.997e+01
0.002560000;1.044e+00;8.321e-01;-2.344e-04;7.967e-01;-2.245e-04;1.051e+00;1.044e+00;7.489e-01;-2.110e-04;1.000e+01;7.974e-01;-2.062e-02;1.051e+00;4.997e+01;4.997e+01
0.002816000;1.044e+00;8.318e-01;-2.844e-04;7.964e-01;-2.723e-04;1.051e+00;1.044e+00;7.486e-01;-2.560e-04;1.000e+01;7.964e-01;-2.063e-02;1.051e+00;4.996e+01;4.996e+01
0.003072000;1.044e+00;8.315e-01;-3.378e-04;7.961e-01;-3.234e-04;1.051e+00;1.044e+00;7.484e-01;-3.040e-04;1.000e+01;7.954e-01;-2.063e-02;1.051e+00;4.996e+01;4.996e+01
0.003328000;1.044e+00;8.312e-01;-3.956e-04;7.958e-01;-3.787e-04;1.051e+00;1.044e+00;7.481e-01;-3.560e-04;1.000e+01;7.944e-01;-2.064e-02;1.051e+00;4.995e+01;4.995e+01
0.003840000;1.045e+00;8.304e-01;-5.222e-04;7.950e-01;-5.000e-04;1.051e+00;1.045e+00;7.474e-01;-4.700e-04;1.000e+01;7.924e-01;-2.065e-02;1.051e+00;4.994e+01;4.994e+01
0.004301000;1.045e+00;8.296e-01;-6.478e-04;7.942e-01;-6.202e-04;1.051e+00;1.045e+00;7.467e-01;-5.830e-04;1.000e+01;7.907e-01;-2.066e-02;1.051e+00;4.993e+01;4.993e+01
0.005222000;1.045e+00;8.278e-01;-9.278e-04;7.924e-01;-8.882e-04;1.051e+00;1.045e+00;7.450e-01;-8.350e-04;1.000e+01;7.875e-01;-2.071e-02;1.051e+00;4.991e+01;4.991e+01
0.005683000;1.045e+00;8.267e-01;-1.079e-03;7.914e-01;-1.033e-03;1.051e+00;1.045e+00;7.441e-01;-9.710e-04;1.000e+01;7.859e-01;-2.073e-02;1.051e+00;4.990e+01;4.990e+01
0.007526000;1.045e+00;8.219e-01;-1.719e-03;7.867e-01;-1.645e-03;1.051e+00;1.045e+00;7.397e-01;-1.547e-03;1.000e+01;7.799e-01;-2.087e-02;1.051e+00;4.986e+01;4.986e+01
0.007987000;1.045e+00;8.206e-01;-1.880e-03;7.854e-01;-1.799e-03;1.051e+00;1.045e+00;7.385e-01;-1.692e-03;1.000e+01;7.784e-01;-2.091e-02;1.051e+00;4.986e+01;4.986e+01
0.008448000;1.045e+00;8.192e-01;-2.040e-03;7.840e-01;-1.952e-03;1.051e+00;1.045e+00;7.373e-01;-1.836e-03;1.000e+01;7.771e-01;-2.096e-02;1.051e+00;4.985e+01;4.985e+01
0.008909000;1.045e+00;8.178e-01;-2.198e-03;7.826e-01;-2.103e-03;1.051e+00;1.045e+00;7.361e-01;-1.978e-03;1.000e+01;7.757e-01;-2.101e-02;1.051e+00;4.985e+01;4.985e+01
0.009370000;1.045e+00;8.164e-01;-2.351e-03;7.812e-01;-2.250e-03;1.051e+00;1.045e+00;7.348e-01;-2.116e-03;1.000e+01;7.744e-01;-2.107e-02;1.051e+00;4.984e+01;4.984e+01
0.009830000;1.045e+00;8.150e-01;-2.499e-03;7.798e-01;-2.391e-03;1.051e+00;1.045e+00;7.335e-01;-2.249e-03;1.000e+01;7.731e-01;-2.113e-02;1.051e+00;4.984e+01;4.984e+01
0.010291000;1.045e+00;8.135e-01;-2.641e-03;7.783e-01;-2.527e-03;1.051e+00;1.045e+00;7.321e-01;-2.377e-03;1.000e+01;7.718e-01;-2.119e-02;1.051e+00;4.983e+01;4.983e+01
0.011213000;1.045e+00;8.105e-01;-2.904e-03;7.754e-01;-2.778e-03;1.051e+00;1.045e+00;7.295e-01;-2.614e-03;1.000e+01;7.694e-01;-2.131e-02;1.051e+00;4.983e+01;4.983e+01
0.011674000;1.045e+00;8.091e-01;-3.024e-03;7.739e-01;-2.893e-03;1.051e+00;1.045e+00;7.282e-01;-2.722e-03;1.000e+01;7.682e-01;-2.138e-02;1.051e+00;4.983e+01;4.983e+01
0.012134000;1.046e+00;8.076e-01;-3.137e-03;7.724e-01;-3.000e-03;1.051e+00;1.046e+00;7.268e-01;-2.823e-03;1.000e+01;7.670e-01;-2.145e-02;1.051e+00;4.983e+01;4.983e+01
0.012595000;1.046e+00;8.061e-01;-3.239e-03;7.710e-01;-3.098e-03;1.051e+00;1.046e+00;7.255e-01;-2.915e-03;1.000e+01;7.659e-01;-2.152e-02;1.051e+00;4.983e+01;4.983e+01
0.013978000;1.046e+00;8.018e-01;-3.492e-03;7.666e-01;-3.339e-03;1.051e+00;1.046e+00;7.216e-01;-3.143e-03;1.000e+01;7.627e-01;-2.174e-02;1.051e+00;4.983e+01;4.983e+01
0.014899000;1.046e+00;7.990e-01;-3.612e-03;7.639e-01;-3.453e-03;1.051e+00;1.046e+00;7.191e-01;-3.251e-03;1.000e+01;7.606e-01;-2.188e-02;1.051e+00;4.983e+01;4.983e+01
0.015360000;1.046e+00;7.977e-01;-3.659e-03;7.625e-01;-3.498e-03;1.052e+00;1.046e+00;7.179e-01;-3.293e-03;1.000e+01;7.597e-01;-2.196e-02;1.051e+00;4.984e+01;4.984e+01
0.015821000;1.046e+00;7.963e-01;-3.696e-03;7.612e-01;-3.532e-03;1.052e+00;1.046e+00;7.167e-01;-3.326e-03;1.000e+01;7.587e-01;-2.203e-02;1.051e+00;4.984e+01;4.984e+01
0.016282000;1.046e+00;7.950e-01;-3.723e-03;7.598e-01;-3.559e-03;1.052e+00;1.046e+00;7.155e-01;-3.351e-03;1.000e+01;7.577e-01;-2.210e-02;1.051e+00;4.984e+01;4.984e+01
0.016742000;1.046e+00;7.938e-01;-3.741e-03;7.586e-01;-3.575e-03;1.052e+00;1.046e+00;7.144e-01;-3.367e-03;1.000e+01;7.568e-01;-2.217e-02;1.051e+00;4.984e+01;4.984e+01
0.017203000;1.047e+00;7.925e-01;-3.751e-03;7.573e-01;-3.584e-03;1.052e+00;1.047e+00;7.133e-01;-3.376e-03;1.000e+01;7.559e-01;-2.224e-02;1.051e+00;4.985e+01;4.985e+01
0.017664000;1.047e+00;7.913e-01;-3.752e-03;7.561e-01;-3.585e-03;1.052e+00;1.047e+00;7.122e-01;-3.377e-03;1.000e+01;7.550e-01;-2.231e-02;1.051e+00;4.985e+01;4.985e+01
0.018125000;1.047e+00;7.901e-01;-3.744e-03;7.549e-01;-3.577e-03;1.052e+00;1.047e+00;7.111e-01;-3.370e-03;1.000e+01;7.542e-01;-2.237e-02;1.051e+00;4.985e+01;4.985e+01
0.018586000;1.047e+00;7.890e-01;-3.730e-03;7.537e-01;-3.563e-03;1.052e+00;1.047e+00;7.101e-01;-3.357e-03;1.000e+01;7.533e-01;-2.244e-02;1.051e+00;4.986e+01;4.986e+01
0.019046000;1.047e+00;7.878e-01;-3.707e-03;7.525e-01;-3.541e-03;1.052e+00;1.047e+00;7.090e-01;-3.336e-03;1.000e+01;7.525e-01;-2.250e-02;1.051e+00;4.986e+01;4.986e+01
0.019507000;1.047e+00;7.867e-01;-3.677e-03;7.514e-01;-3.512e-03;1.052e+00;1.047e+00;7.080e-01;-3.309e-03;1.000e+01;7.517e-01;-2.256e-02;1.051e+00;4.986e+01;4.986e+01
0.019968000;1.047e+00;7.857e-01;-3.640e-03;7.503e-01;-3.476e-03;1.052e+00;1.047e+00;7.071e-01;-3.276e-03;1.000e+01;7.509e-01;-2.261e-02;1.051e+00;4.987e+01;4.987e+01
0.020429000;1.047e+00;7.846e-01;-3.597e-03;7.493e-01;-3.435e-03;1.052e+00;1.047e+00;7.062e-01;-3.237e-03;1.000e+01;7.501e-01;-2.267e-02;1.051e+00;4.987e+01;4.987e+01
0.020890000;1.047e+00;7.836e-01;-3.548e-03;7.482e-01;-3.388e-03;1.053e+00;1.047e+00;7.052e-01;-3.193e-03;1.000e+01;7.494e-01;-2.272e-02;1.051e+00;4.987e+01;4.987e+01
0.021811000;1.047e+00;7.817e-01;-3.433e-03;7.462e-01;-3.278e-03;1.053e+00;1.047e+00;7.035e-01;-3.090e-03;1.000e+01;7.479e-01;-2.281e-02;1.051e+00;4.988e+01;4.988e+01
0.022641000;1.048e+00;7.800e-01;-3.312e-03;7.445e-01;-3.162e-03;1.053e+00;1.048e+00;7.020e-01;-2.981e-03;1.000e+01;7.466e-01;-2.288e-02;1.051e+00;4.989e+01;4.989e+01
0.023470000;1.048e+00;7.784e-01;-3.178e-03;7.429e-01;-3.033e-03;1.053e+00;1.048e+00;7.006e-01;-2.860e-03;1.000e+01;7.454e-01;-2.295e-02;1.051e+00;4.989e+01;4.989e+01
0.023492000;1.048e+00;7.784e-01;-3.174e-03;7.429e-01;-3.030e-03;1.053e+00;1.048e+00;7.005e-01;-2.857e-03;1.000e+01;7.454e-01;-2.295e-02;1.051e+00;4.989e+01;4.989e+01
0.023500000;1.048e+00;7.784e-01;-3.173e-03;7.429e-01;-3.029e-03;1.053e+00;1.048e+00;7.005e-01;-2.856e-03;1.000e+01;7.454e-01;-2.295e-02;1.051e+00;4.989e+01;4.989e+01
0.024004000;1.048e+00;7.775e-01;-3.084e-03;7.419e-01;-2.943e-03;1.053e+00;1.048e+00;6.997e-01;-2.776e-03;1.000e+01;7.447e-01;-2.298e-02;1.051e+00;4.989e+01;4.989e+01
0.024516000;1.048e+00;7.766e-01;-2.991e-03;7.410e-01;-2.854e-03;1.053e+00;1.048e+00;6.989e-01;-2.692e-03;1.000e+01;7.440e-01;-2.301e-02;1.051e+00;4.990e+01;4.990e+01
0.025028000;1.048e+00;7.757e-01;-2.894e-03;7.401e-01;-2.762e-03;1.053e+00;1.048e+00;6.981e-01;-2.605e-03;1.000e+01;7.433e-01;-2.303e-02;1.051e+00;4.990e+01;4.990e+01
0.026028000;1.048e+00;7.740e-01;-2.698e-03;7.384e-01;-2.574e-03;1.054e+00;1.048e+00;6.966e-01;-2.428e-03;1.000e+01;7.419e-01;-2.307e-02;1.051e+00;4.991e+01;4.991e+01
0.026928000;1.048e+00;7.727e-01;-2.513e-03;7.369e-01;-2.397e-03;1.054e+00;1.048e+00;6.954e-01;-2.262e-03;1.000e+01;7.408e-01;-2.309e-02;1.051e+00;4.991e+01;4.991e+01
0.027828000;1.049e+00;7.713e-01;-2.323e-03;7.356e-01;-2.216e-03;1.054e+00;1.049e+00;6.942e-01;-2.091e-03;1.000e+01;7.397e-01;-2.309e-02;1.051e+00;4.991e+01;4.991e+01
0.028728000;1.049e+00;7.701e-01;-2.131e-03;7.343e-01;-2.032e-03;1.054e+00;1.049e+00;6.931e-01;-1.918e-03;1.000e+01;7.387e-01;-2.308e-02;1.051e+00;4.992e+01;4.992e+01
0.029628000;1.049e+00;7.689e-01;-1.938e-03;7.330e-01;-1.847e-03;1.055e+00;1.049e+00;6.920e-01;-1.744e-03;1.000e+01;7.377e-01;-2.306e-02;1.051e+00;4.992e+01;4.992e+01
0.030528000;1.049e+00;7.677e-01;-1.744e-03;7.318e-01;-1.663e-03;1.055e+00;1.049e+00;6.910e-01;-1.570e-03;1.000e+01;7.367e-01;-2.302e-02;1.051e+00;4.993e+01;4.993e+01
0.031428000;1.049e+00;7.666e-01;-1.552e-03;7.307e-01;-1.479e-03;1.055e+00;1.049e+00;6.900e-01;-1.397e-03;1.000e+01;7.358e-01;-2.298e-02;1.051e+00;4.993e+01;4.993e+01
0.032328000;1.049e+00;7.656e-01;-1.363e-03;7.296e-01;-1.299e-03;1.055e+00;1.049e+00;6.890e-01;-1.227e-03;1.000e+01;7.349e-01;-2.292e-02;1.051e+00;4.993e+01;4.993e+01
0.033228000;1.049e+00;7.646e-01;-1.179e-03;7.285e-01;-1.123e-03;1.055e+00;1.049e+00;6.881e-01;-1.061e-03;1.000e+01;7.341e-01;-2.285e-02;1.051e+00;4.994e+01;4.994e+01
0.034128000;1.050e+00;7.636e-01;-1.000e-03;7.275e-01;-9.527e-04;1.055e+00;1.050e+00;6.873e-01;-9.000e-04;1.000e+01;7.332e-01;-2.278e-02;1.051e+00;4.994e+01;4.994e+01
0.035028000;1.050e+00;7.627e-01;-8.256e-04;7.266e-01;-7.864e-04;1.056e+00;1.050e+00;6.865e-01;-7.430e-04;1.000e+01;7.324e-01;-2.269e-02;1.051e+00;4.994e+01;4.994e+01
0.035928000;1.050e+00;7.618e-01;-6.578e-04;7.257e-01;-6.265e-04;1.056e+00;1.050e+00;6.857e-01;-5.920e-04;1.000e+01;7.317e-01;-2.259e-02;1.051e+00;4.994e+01;4.994e+01
0.036828000;1.050e+00;7.610e-01;-4.967e-04;7.248e-01;-4.730e-04;1.056e+00;1.050e+00;6.849e-01;-4.470e-04;1.000e+01;7.310e-01;-2.249e-02;1.051e+00;4.995e+01;4.995e+01
0.037728000;1.050e+00;7.602e-01;-3.433e-04;7.239e-01;-3.270e-04;1.056e+00;1.050e+00;6.842e-01;-3.090e-04;1.000e+01;7.303e-01;-2.238e-02;1.051e+00;4.995e+01;4.995e+01
0.038628000;1.050e+00;7.594e-01;-1.978e-04;7.231e-01;-1.883e-04;1.056e+00;1.050e+00;6.835e-01;-1.780e-04;1.000e+01;7.296e-01;-2.226e-02;1.051e+00;4.995e+01;4.995e+01
0.039528000;1.050e+00;7.586e-01;-5.889e-05;7.223e-01;-5.608e-05;1.056e+00;1.050e+00;6.828e-01;-5.300e-05;1.000e+01;7.289e-01;-2.213e-02;1.051e+00;4.995e+01;4.995e+01
0.040428000;1.050e+00;7.579e-01;7.111e-05;7.215e-01;6.769e-05;1.057e+00;1.050e+00;6.821e-01;6.400e-05;1.000e+01;7.283e-01;-2.201e-02;1.051e+00;4.995e+01;4.995e+01
0.041328000;1.050e+00;7.572e-01;1.922e-04;7.208e-01;1.830e-04;1.057e+00;1.050e+00;6.815e-01;1.730e-04;1.000e+01;7.277e-01;-2.187e-02;1.051e+00;4.996e+01;4.996e+01
0.042228000;1.051e+00;7.565e-01;3.067e-04;7.201e-01;2.919e-04;1.057e+00;1.051e+00;6.809e-01;2.760e-04;1.000e+01;7.271e-01;-2.174e-02;1.051e+00;4.996e+01;4.996e+01
0.044725000;1.051e+00;7.548e-01;5.789e-04;7.183e-01;5.509e-04;1.057e+00;1.051e+00;6.793e-01;5.210e-04;1.000e+01;7.256e-01;-2.134e-02;1.051e+00;4.996e+01;4.996e+01
0.044781000;1.051e+00;7.547e-01;5.833e-04;7.182e-01;5.551e-04;1.057e+00;1.051e+00;6.793e-01;5.250e-04;1.000e+01;7.256e-01;-2.133e-02;1.051e+00;4.996e+01;4.996e+01
0.044973000;1.051e+00;7.546e-01;6.022e-04;7.181e-01;5.731e-04;1.057e+00;1.051e+00;6.791e-01;5.420e-04;1.000e+01;7.255e-01;-2.130e-02;1.051e+00;4.996e+01;4.996e+01
0.046765000;1.051e+00;7.535e-01;7.533e-04;7.169e-01;7.168e-04;1.057e+00;1.051e+00;6.781e-01;6.780e-04;1.000e+01;7.245e-01;-2.098e-02;1.051e+00;4.996e+01;4.996e+01
0.047277000;1.051e+00;7.531e-01;7.911e-04;7.166e-01;7.527e-04;1.057e+00;1.051e+00;6.778e-01;7.120e-04;1.000e+01;7.243e-01;-2.088e-02;1.051e+00;4.997e+01;4.997e+01
0.047789000;1.051e+00;7.528e-01;8.256e-04;7.163e-01;7.855e-04;1.057e+00;1.051e+00;6.775e-01;7.430e-04;1.000e+01;7.240e-01;-2.078e-02;1.051e+00;4.997e+01;4.997e+01
0.048301000;1.051e+00;7.525e-01;8.567e-04;7.160e-01;8.151e-04;1.057e+00;1.051e+00;6.773e-01;7.710e-04;1.000e+01;7.237e-01;-2.067e-02;1.051e+00;4.997e+01;4.997e+01
0.048813000;1.051e+00;7.522e-01;8.844e-04;7.157e-01;8.415e-04;1.057e+00;1.051e+00;6.770e-01;7.960e-04;1.000e+01;7.235e-01;-2.057e-02;1.051e+00;4.997e+01;4.997e+01
0.049325000;1.051e+00;7.519e-01;9.100e-04;7.154e-01;8.658e-04;1.057e+00;1.051e+00;6.767e-01;8.190e-04;1.000e+01;7.233e-01;-2.046e-02;1.051e+00;4.997e+01;4.997e+01
0.050349000;1.051e+00;7.514e-01;9.522e-04;7.148e-01;9.059e-04;1.057e+00;1.051e+00;6.762e-01;8.570e-04;1.000e+01;7.228e-01;-2.024e-02;1.051e+00;4.997e+01;4.997e+01
0.050861000;1.051e+00;7.511e-01;9.689e-04;7.145e-01;9.217e-04;1.058e+00;1.051e+00;6.760e-01;8.720e-04;1.000e+01;7.226e-01;-2.013e-02;1.051e+00;4.997e+01;4.997e+01
0.053421000;1.051e+00;7.498e-01;1.010e-03;7.132e-01;9.607e-04;1.058e+00;1.051e+00;6.748e-01;9.090e-04;1.000e+01;7.215e-01;-1.955e-02;1.051e+00;4.997e+01;4.997e+01
0.053933000;1.051e+00;7.496e-01;1.010e-03;7.130e-01;9.607e-04;1.058e+00;1.051e+00;6.746e-01;9.090e-04;1.000e+01;7.213e-01;-1.944e-02;1.051e+00;4.997e+01;4.997e+01
0.054957000;1.051e+00;7.491e-01;1.001e-03;7.125e-01;9.522e-04;1.058e+00;1.051e+00;6.742e-01;9.010e-04;1.000e+01;7.209e-01;-1.920e-02;1.051e+00;4.997e+01;4.997e+01
0.055957000;1.051e+00;7.486e-01;9.844e-04;7.121e-01;9.363e-04;1.058e+00;1.051e+00;6.738e-01;8.860e-04;1.000e+01;7.206e-01;-1.897e-02;1.051e+00;4.998e+01;4.998e+01
0.057757000;1.051e+00;7.479e-01;9.300e-04;7.113e-01;8.845e-04;1.058e+00;1.051e+00;6.731e-01;8.370e-04;1.000e+01;7.199e-01;-1.857e-02;1.051e+00;4.998e+01;4.998e+01
0.060457000;1.051e+00;7.468e-01;8.000e-04;7.103e-01;7.609e-04;1.058e+00;1.051e+00;6.721e-01;7.200e-04;1.000e+01;7.191e-01;-1.799e-02;1.051e+00;4.998e+01;4.998e+01
0.061357000;1.051e+00;7.465e-01;7.444e-04;7.100e-01;7.080e-04;1.058e+00;1.051e+00;6.718e-01;6.700e-04;1.000e+01;7.189e-01;-1.781e-02;1.051e+00;4.998e+01;4.998e+01
0.062257000;1.051e+00;7.462e-01;6.856e-04;7.097e-01;6.520e-04;1.058e+00;1.051e+00;6.716e-01;6.170e-04;1.000e+01;7.186e-01;-1.763e-02;1.051e+00;4.998e+01;4.998e+01
0.064957000;1.051e+00;7.453e-01;4.833e-04;7.088e-01;4.597e-04;1.058e+00;1.051e+00;6.708e-01;4.350e-04;1.000e+01;7.179e-01;-1.712e-02;1.051e+00;4.998e+01;4.998e+01
0.065857000;1.051e+00;7.450e-01;4.089e-04;7.086e-01;3.889e-04;1.058e+00;1.051e+00;6.705e-01;3.680e-04;1.000e+01;7.177e-01;-1.697e-02;1.051e+00;4.998e+01;4.998e+01
0.066857000;1.051e+00;7.447e-01;3.233e-04;7.083e-01;3.075e-04;1.057e+00;1.051e+00;6.702e-01;2.910e-04;1.000e+01;7.175e-01;-1.681e-02;1.051e+00;4.998e+01;4.998e+01
0.067857000;1.051e+00;7.444e-01;2.356e-04;7.080e-01;2.240e-04;1.057e+00;1.051e+00;6.700e-01;2.120e-04;1.000e+01;7.173e-01;-1.665e-02;1.051e+00;4.999e+01;4.999e+01
0.068857000;1.051e+00;7.441e-01;1.467e-04;7.078e-01;1.395e-04;1.057e+00;1.051e+00;6.697e-01;1.320e-04;1.000e+01;7.171e-01;-1.650e-02;1.051e+00;4.999e+01;4.999e+01
0.071857000;1.051e+00;7.434e-01;-1.289e-04;7.071e-01;-1.226e-04;1.057e+00;1.051e+00;6.690e-01;-1.160e-04;1.000e+01;7.165e-01;-1.612e-02;1.051e+00;4.999e+01;4.999e+01
0.073857000;1.051e+00;7.429e-01;-3.122e-04;7.066e-01;-2.970e-04;1.057e+00;1.051e+00;6.686e-01;-2.810e-04;1.000e+01;7.162e-01;-1.590e-02;1.051e+00;4.999e+01;4.999e+01
0.074857000;1.051e+00;7.427e-01;-4.022e-04;7.064e-01;-3.826e-04;1.057e+00;1.051e+00;6.684e-01;-3.620e-04;1.000e+01;7.161e-01;-1.581e-02;1.051e+00;4.999e+01;4.999e+01
0.077857000;1.051e+00;7.421e-01;-6.622e-04;7.059e-01;-6.299e-04;1.057e+00;1.051e+00;6.679e-01;-5.960e-04;1.000e+01;7.156e-01;-1.558e-02;1.051e+00;4.999e+01;4.999e+01
0.078857000;1.051e+00;7.420e-01;-7.444e-04;7.058e-01;-7.081e-04;1.057e+00;1.051e+00;6.678e-01;-6.700e-04;1.000e+01;7.155e-01;-1.552e-02;1.051e+00;4.999e+01;4.999e+01
0.081857000;1.051e+00;7.415e-01;-9.756e-04;7.053e-01;-9.280e-04;1.057e+00;1.051e+00;6.673e-01;-8.780e-04;1.000e+01;7.152e-01;-1.538e-02;1.051e+00;4.999e+01;4.999e+01
0.084857000;1.051e+00;7.410e-01;-1.176e-03;7.049e-01;-1.118e-03;1.057e+00;1.051e+00;6.669e-01;-1.058e-03;1.000e+01;7.149e-01;-1.530e-02;1.051e+00;4.999e+01;4.999e+01
0.086857000;1.051e+00;7.408e-01;-1.292e-03;7.047e-01;-1.229e-03;1.057e+00;1.051e+00;6.667e-01;-1.163e-03;1.000e+01;7.147e-01;-1.527e-02;1.051e+00;4.999e+01;4.999e+01
0.087857000;1.051e+00;7.407e-01;-1.344e-03;7.046e-01;-1.279e-03;1.057e+00;1.051e+00;6.666e-01;-1.210e-03;1.000e+01;7.146e-01;-1.526e-02;1.051e+00;4.999e+01;4.999e+01
0.088857000;1.051e+00;7.406e-01;-1.393e-03;7.045e-01;-1.325e-03;1.057e+00;1.051e+00;6.665e-01;-1.254e-03;1.000e+01;7.146e-01;-1.526e-02;1.051e+00;4.999e+01;4.999e+01
0.089857000;1.051e+00;7.405e-01;-1.439e-03;7.044e-01;-1.369e-03;1.057e+00;1.051e+00;6.664e-01;-1.295e-03;1.000e+01;7.145e-01;-1.526e-02;1.051e+00;5.000e+01;5.000e+01
0.090857000;1.051e+00;7.404e-01;-1.481e-03;7.043e-01;-1.409e-03;1.057e+00;1.051e+00;6.663e-01;-1.333e-03;1.000e+01;7.144e-01;-1.526e-02;1.051e+00;5.000e+01;5.000e+01
0.093857000;1.051e+00;7.401e-01;-1.584e-03;7.041e-01;-1.507e-03;1.057e+00;1.051e+00;6.661e-01;-1.426e-03;1.000e+01;7.143e-01;-1.529e-02;1.051e+00;5.000e+01;5.000e+01
0.095857000;1.051e+00;7.400e-01;-1.638e-03;7.040e-01;-1.558e-03;1.057e+00;1.051e+00;6.660e-01;-1.474e-03;1.000e+01;7.141e-01;-1.532e-02;1.051e+00;5.000e+01;5.000e+01
0.096857000;1.051e+00;7.399e-01;-1.659e-03;7.039e-01;-1.578e-03;1.056e+00;1.051e+00;6.659e-01;-1.493e-03;1.000e+01;7.141e-01;-1.534e-02;1.051e+00;5.000e+01;5.000e+01
0.097857000;1.051e+00;7.398e-01;-1.678e-03;7.038e-01;-1.596e-03;1.056e+00;1.051e+00;6.659e-01;-1.510e-03;1.000e+01;7.141e-01;-1.536e-02;1.051e+00;5.000e+01;5.000e+01
0.100857000;1.051e+00;7.397e-01;-1.719e-03;7.037e-01;-1.635e-03;1.056e+00;1.051e+00;6.657e-01;-1.547e-03;1.000e+01;7.139e-01;-1.542e-02;1.051e+00;5.000e+01;5.000e+01
0.104857000;1.051e+00;7.395e-01;-1.741e-03;7.035e-01;-1.656e-03;1.056e+00;1.051e+00;6.655e-01;-1.567e-03;1.000e+01;7.138e-01;-1.550e-02;1.051e+00;5.000e+01;5.000e+01
0.109857000;1.051e+00;7.393e-01;-1.732e-03;7.033e-01;-1.648e-03;1.056e+00;1.051e+00;6.654e-01;-1.559e-03;1.000e+01;7.137e-01;-1.558e-02;1.051e+00;5.000e+01;5.000e+01
0.111857000;1.051e+00;7.393e-01;-1.721e-03;7.033e-01;-1.637e-03;1.056e+00;1.051e+00;6.653e-01;-1.549e-03;1.000e+01;7.136e-01;-1.561e-02;1.051e+00;5.000e+01;5.000e+01
0.112857000;1.051e+00;7.392e-01;-1.714e-03;7.033e-01;-1.631e-03;1.056e+00;1.051e+00;6.653e-01;-1.543e-03;1.000e+01;7.136e-01;-1.562e-02;1.051e+00;5.000e+01;5.000e+01
0.113857000;1.051e+00;7.392e-01;-1.708e-03;7.032e-01;-1.625e-03;1.057e+00;1.051e+00;6.653e-01;-1.537e-03;1.000e+01;7.136e-01;-1.563e-02;1.051e+00;5.000e+01;5.000e+01
0.124857000;1.051e+00;7.390e-01;-1.622e-03;7.030e-01;-1.543e-03;1.057e+00;1.051e+00;6.651e-01;-1.460e-03;1.000e+01;7.134e-01;-1.568e-02;1.051e+00;5.000e+01;5.000e+01
0.130857000;1.051e+00;7.390e-01;-1.591e-03;7.030e-01;-1.514e-03;1.057e+00;1.051e+00;6.651e-01;-1.432e-03;1.000e+01;7.134e-01;-1.565e-02;1.051e+00;5.000e+01;5.000e+01
0.131857000;1.051e+00;7.390e-01;-1.588e-03;7.029e-01;-1.510e-03;1.057e+00;1.051e+00;6.651e-01;-1.429e-03;1.000e+01;7.133e-01;-1.564e-02;1.051e+00;5.000e+01;5.000e+01
0.142857000;1.051e+00;7.389e-01;-1.584e-03;7.028e-01;-1.507e-03;1.057e+00;1.051e+00;6.650e-01;-1.426e-03;1.000e+01;7.133e-01;-1.556e-02;1.051e+00;5.000e+01;5.000e+01
0.144857000;1.051e+00;7.388e-01;-1.589e-03;7.028e-01;-1.511e-03;1.057e+00;1.051e+00;6.650e-01;-1.430e-03;1.000e+01;7.133e-01;-1.554e-02;1.051e+00;5.000e+01;5.000e+01
0.146857000;1.051e+00;7.388e-01;-1.596e-03;7.028e-01;-1.518e-03;1.057e+00;1.051e+00;6.649e-01;-1.436e-03;1.000e+01;7.133e-01;-1.553e-02;1.051e+00;5.000e+01;5.000e+01
0.147857000;1.051e+00;7.388e-01;-1.599e-03;7.028e-01;-1.521e-03;1.057e+00;1.051e+00;6.649e-01;-1.439e-03;1.000e+01;7.132e-01;-1.552e-02;1.051e+00;5.000e+01;5.000e+01
0.162857000;1.051e+00;7.387e-01;-1.666e-03;7.028e-01;-1.584e-03;1.057e+00;1.051e+00;6.649e-01;-1.499e-03;1.000e+01;7.132e-01;-1.544e-02;1.051e+00;5.000e+01;5.000e+01
0.163857000;1.051e+00;7.387e-01;-1.670e-03;7.027e-01;-1.589e-03;1.057e+00;1.051e+00;6.649e-01;-1.503e-03;1.000e+01;7.132e-01;-1.543e-02;1.051e+00;5.000e+01;5.000e+01
0.167857000;1.051e+00;7.387e-01;-1.688e-03;7.027e-01;-1.606e-03;1.057e+00;1.051e+00;6.649e-01;-1.519e-03;1.000e+01;7.132e-01;-1.542e-02;1.051e+00;5.000e+01;5.000e+01
0.179857000;1.051e+00;7.387e-01;-1.729e-03;7.027e-01;-1.645e-03;1.057e+00;1.051e+00;6.648e-01;-1.556e-03;1.000e+01;7.132e-01;-1.541e-02;1.051e+00;5.000e+01;5.000e+01
0.182857000;1.051e+00;7.387e-01;-1.737e-03;7.027e-01;-1.652e-03;1.057e+00;1.051e+00;6.648e-01;-1.563e-03;1.000e+01;7.132e-01;-1.541e-02;1.051e+00;5.000e+01;5.000e+01
0.195857000;1.051e+00;7.387e-01;-1.762e-03;7.027e-01;-1.676e-03;1.057e+00;1.051e+00;6.648e-01;-1.586e-03;1.000e+01;7.132e-01;-1.540e-02;1.051e+00;5.000e+01;5.000e+01
0.196857000;1.051e+00;7.387e-01;-1.763e-03;7.027e-01;-1.677e-03;1.056e+00;1.051e+00;6.648e-01;-1.587e-03;1.000e+01;7.132e-01;-1.540e-02;1.051e+00;5.000e+01;5.000e+01
0.289857000;1.051e+00;7.387e-01;-1.957e-03;7.027e-01;-1.861e-03;1.056e+00;1.051e+00;6.648e-01;-1.761e-03;1.000e+01;7.132e-01;-1.523e-02;1.051e+00;5.000e+01;5.000e+01
0.586857000;1.051e+00;7.387e-01;-2.654e-03;7.029e-01;-2.526e-03;1.056e+00;1.051e+00;6.648e-01;-2.389e-03;1.000e+01;7.134e-01;-1.459e-02;1.051e+00;5.000e+01;5.000e+01
0.606857000;1.051e+00;7.387e-01;-2.703e-03;7.029e-01;-2.572e-03;1.056e+00;1.051e+00;6.648e-01;-2.433e-03;1.000e+01;7.134e-01;-1.454e-02;1.051e+00;5.000e+01;5.000e+01
0.611857000;1.051e+00;7.387e-01;-2.716e-03;7.029e-01;-2.584e-03;1.056e+00;1.051e+00;6.648e-01;-2.444e-03;1.000e+01;7.134e-01;-1.453e-02;1.051e+00;5.000e+01;5.000e+01
0.622857000;1.051e+00;7.387e-01;-2.743e-03;7.029e-01;-2.611e-03;1.056e+00;1.051e+00;6.648e-01;-2.469e-03;1.000e+01;7.134e-01;-1.451e-02;1.051e+00;5.000e+01;5.000e+01
0.848857000;1.051e+00;7.387e-01;-3.308e-03;7.030e-01;-3.148e-03;1.056e+00;1.051e+00;6.648e-01;-2.977e-03;1.000e+01;7.135e-01;-1.397e-02;1.051e+00;5.000e+01;5.000e+01
0.849857000;1.051e+00;7.387e-01;-3.310e-03;7.030e-01;-3.150e-03;1.055e+00;1.051e+00;6.648e-01;-2.979e-03;1.000e+01;7.135e-01;-1.397e-02;1.051e+00;5.000e+01;5.000e+01
1.071857000;1.051e+00;7.387e-01;-3.876e-03;7.032e-01;-3.689e-03;1.055e+00;1.051e+00;6.648e-01;-3.488e-03;1.000e+01;7.137e-01;-1.344e-02;1.051e+00;5.000e+01;5.000e+01
1.072857000;1.050e+00;7.387e-01;-3.879e-03;7.032e-01;-3.692e-03;1.055e+00;1.050e+00;6.648e-01;-3.491e-03;1.000e+01;7.137e-01;-1.344e-02;1.051e+00;5.000e+01;5.000e+01
1.450231000;1.050e+00;7.387e-01;-4.844e-03;7.034e-01;-4.613e-03;1.055e+00;1.050e+00;6.648e-01;-4.360e-03;1.000e+01;7.139e-01;-1.253e-02;1.051e+00;5.000e+01;5.000e+01
1.451231000;1.050e+00;7.387e-01;-4.848e-03;7.034e-01;-4.616e-03;1.054e+00;1.050e+00;6.648e-01;-4.363e-03;1.000e+01;7.139e-01;-1.252e-02;1.051e+00;5.000e+01;5.000e+01
1.653231000;1.050e+00;7.387e-01;-5.357e-03;7.035e-01;-5.102e-03;1.054e+00;1.050e+00;6.648e-01;-4.821e-03;1.000e+01;7.140e-01;-1.205e-02;1.051e+00;5.000e+01;5.000e+01
1.657231000;1.050e+00;7.387e-01;-5.367e-03;7.035e-01;-5.111e-03;1.054e+00;1.050e+00;6.648e-01;-4.830e-03;1.000e+01;7.140e-01;-1.204e-02;1.051e+00;5.000e+01;5.000e+01
1.662231000;1.050e+00;7.387e-01;-5.379e-03;7.035e-01;-5.123e-03;1.054e+00;1.050e+00;6.648e-01;-4.841e-03;1.000e+01;7.140e-01;-1.202e-02;1.051e+00;5.000e+01;5.000e+01
2.080231000;1.050e+00;7.387e-01;-6.386e-03;7.037e-01;-6.083e-03;1.054e+00;1.050e+00;6.648e-01;-5.747e-03;1.000e+01;7.143e-01;-1.108e-02;1.051e+00;5.000e+01;5.000e+01
2.081231000;1.050e+00;7.387e-01;-6.388e-03;7.037e-01;-6.085e-03;1.053e+00;1.050e+00;6.648e-01;-5.749e-03;1.000e+01;7.143e-01;-1.108e-02;1.051e+00;5.000e+01;5.000e+01
2.090626000;1.050e+00;7.387e-01;-6.410e-03;7.037e-01;-6.107e-03;1.053e+00;1.050e+00;6.648e-01;-5.769e-03;1.000e+01;7.143e-01;-1.106e-02;1.051e+00;5.000e+01;5.000e+01
2.099626000;1.050e+00;7.387e-01;-6.431e-03;7.037e-01;-6.127e-03;1.053e+00;1.050e+00;6.648e-01;-5.788e-03;1.000e+01;7.143e-01;-1.103e-02;1.051e+00;5.000e+01;5.000e+01
2.102626000;1.050e+00;7.387e-01;-6.439e-03;7.037e-01;-6.134e-03;1.053e+00;1.050e+00;6.648e-01;-5.795e-03;1.000e+01;7.143e-01;-1.102e-02;1.051e+00;5.000e+01;5.000e+01
2.270626000;1.050e+00;7.387e-01;-6.928e-03;7.038e-01;-6.601e-03;1.053e+00;1.050e+00;6.648e-01;-6.235e-03;1.000e+01;7.144e-01;-1.056e-02;1.051e+00;5.000e+01;5.000e+01
2.271626000;1.049e+00;7.387e-01;-6.930e-03;7.038e-01;-6.603e-03;1.053e+00;1.049e+00;6.648e-01;-6.237e-03;1.000e+01;7.144e-01;-1.056e-02;1.051e+00;5.000e+01;5.000e+01
2.293626000;1.049e+00;7.387e-01;-6.992e-03;7.038e-01;-6.663e-03;1.053e+00;1.049e+00;6.648e-01;-6.293e-03;1.000e+01;7.144e-01;-1.050e-02;1.051e+00;5.000e+01;5.000e+01
2.316626000;1.049e+00;7.387e-01;-7.056e-03;7.039e-01;-6.723e-03;1.053e+00;1.049e+00;6.648e-01;-6.350e-03;1.000e+01;7.144e-01;-1.044e-02;1.051e+00;5.000e+01;5.000e+01
2.488626000;1.049e+00;7.387e-01;-7.504e-03;7.040e-01;-7.152e-03;1.053e+00;1.049e+00;6.648e-01;-6.754e-03;1.000e+01;7.145e-01;-1.002e-02;1.051e+00;5.000e+01;5.000e+01
2.491626000;1.049e+00;7.387e-01;-7.511e-03;7.040e-01;-7.158e-03;1.053e+00;1.049e+00;6.648e-01;-6.760e-03;1.000e+01;7.145e-01;-1.001e-02;1.051e+00;5.000e+01;5.000e+01
2.501626000;1.049e+00;7.387e-01;-7.537e-03;7.040e-01;-7.183e-03;1.053e+00;1.049e+00;6.648e-01;-6.783e-03;1.000e+01;7.145e-01;-9.991e-03;1.051e+00;5.000e+01;5.000e+01
2.666626000;1.049e+00;7.387e-01;-7.923e-03;7.041e-01;-7.552e-03;1.053e+00;1.049e+00;6.648e-01;-7.131e-03;1.000e+01;7.146e-01;-9.630e-03;1.051e+00;5.000e+01;5.000e+01
2.667626000;1.049e+00;7.387e-01;-7.926e-03;7.041e-01;-7.554e-03;1.052e+00;1.049e+00;6.648e-01;-7.133e-03;1.000e+01;7.146e-01;-9.628e-03;1.051e+00;5.000e+01;5.000e+01
2.848626000;1.049e+00;7.387e-01;-8.306e-03;7.041e-01;-7.917e-03;1.052e+00;1.049e+00;6.648e-01;-7.475e-03;1.000e+01;7.147e-01;-9.273e-03;1.051e+00;5.000e+01;5.000e+01
2.855626000;1.049e+00;7.387e-01;-8.319e-03;7.042e-01;-7.930e-03;1.052e+00;1.049e+00;6.648e-01;-7.487e-03;1.000e+01;7.147e-01;-9.261e-03;1.051e+00;5.000e+01;5.000e+01
2.871626000;1.049e+00;7.387e-01;-8.351e-03;7.042e-01;-7.961e-03;1.052e+00;1.049e+00;6.648e-01;-7.516e-03;1.000e+01;7.147e-01;-9.231e-03;1.051e+00;5.000e+01;5.000e+01
2.878626000;1.049e+00;7.387e-01;-8.364e-03;7.042e-01;-7.974e-03;1.052e+00;1.049e+00;6.648e-01;-7.528e-03;1.000e+01;7.147e-01;-9.219e-03;1.051e+00;5.000e+01;5.000e+01
2.888626000;1.049e+00;7.387e-01;-8.383e-03;7.042e-01;-7.992e-03;1.052e+00;1.049e+00;6.648e-01;-7.545e-03;1.000e+01;7.148e-01;-9.201e-03;1.051e+00;5.000e+01;5.000e+01
2.889626000;1.049e+00;7.387e-01;-8.386e-03;7.042e-01;-7.994e-03;1.052e+00;1.049e+00;6.648e-01;-7.547e-03;1.000e+01;7.148e-01;-9.199e-03;1.051e+00;5.000e+01;5.000e+01
3.142626000;1.049e+00;7.387e-01;-8.828e-03;7.043e-01;-8.416e-03;1.052e+00;1.049e+00;6.648e-01;-7.945e-03;1.000e+01;7.149e-01;-8.787e-03;1.051e+00;5.000e+01;5.000e+01
3.204626000;1.049e+00;7.387e-01;-8.923e-03;7.043e-01;-8.508e-03;1.052e+00;1.049e+00;6.648e-01;-8.031e-03;1.000e+01;7.149e-01;-8.699e-03;1.051e+00;5.000e+01;5.000e+01
3.213626000;1.049e+00;7.387e-01;-8.937e-03;7.043e-01;-8.521e-03;1.052e+00;1.049e+00;6.648e-01;-8.043e-03;1.000e+01;7.149e-01;-8.686e-03;1.051e+00;5.000e+01;5.000e+01
3.219626000;1.049e+00;7.387e-01;-8.946e-03;7.043e-01;-8.529e-03;1.052e+00;1.049e+00;6.648e-01;-8.051e-03;1.000e+01;7.149e-01;-8.678e-03;1.051e+00;5.000e+01;5.000e+01
3.436626000;1.049e+00;7.387e-01;-9.238e-03;7.044e-01;-8.808e-03;1.052e+00;1.049e+00;6.648e-01;-8.314e-03;1.000e+01;7.150e-01;-8.405e-03;1.051e+00;5.000e+01;5.000e+01
3.555626000;1.049e+00;7.387e-01;-9.376e-03;7.044e-01;-8.940e-03;1.052e+00;1.049e+00;6.648e-01;-8.438e-03;1.000e+01;7.150e-01;-8.278e-03;1.051e+00;5.000e+01;5.000e+01
3.560626000;1.049e+00;7.387e-01;-9.381e-03;7.044e-01;-8.946e-03;1.052e+00;1.049e+00;6.648e-01;-8.443e-03;1.000e+01;7.150e-01;-8.273e-03;1.051e+00;5.000e+01;5.000e+01
3.563626000;1.049e+00;7.387e-01;-9.384e-03;7.044e-01;-8.949e-03;1.052e+00;1.049e+00;6.648e-01;-8.446e-03;1.000e+01;7.150e-01;-8.270e-03;1.051e+00;5.000e+01;5.000e+01
3.640073000;1.049e+00;7.387e-01;-9.463e-03;7.044e-01;-9.024e-03;1.052e+00;1.049e+00;6.648e-01;-8.517e-03;1.000e+01;7.150e-01;-8.197e-03;1.051e+00;5.000e+01;5.000e+01
3.641073000;1.049e+00;7.387e-01;-9.464e-03;7.044e-01;-9.025e-03;1.051e+00;1.049e+00;6.648e-01;-8.518e-03;1.000e+01;7.150e-01;-8.196e-03;1.051e+00;5.000e+01;5.000e+01
3.768073000;1.049e+00;7.387e-01;-9.584e-03;7.044e-01;-9.140e-03;1.051e+00;1.049e+00;6.648e-01;-8.626e-03;1.000e+01;7.150e-01;-8.083e-03;1.051e+00;5.000e+01;5.000e+01
3.981732000;1.049e+00;7.387e-01;-9.766e-03;7.045e-01;-9.313e-03;1.051e+00;1.049e+00;6.648e-01;-8.789e-03;1.000e+01;7.151e-01;-7.915e-03;1.051e+00;5.000e+01;5.000e+01
3.991732000;1.049e+00;7.387e-01;-9.773e-03;7.045e-01;-9.321e-03;1.051e+00;1.049e+00;6.648e-01;-8.796e-03;1.000e+01;7.151e-01;-7.908e-03;1.051e+00;5.000e+01;5.000e+01
4.121732000;1.049e+00;7.387e-01;-9.867e-03;7.045e-01;-9.410e-03;1.051e+00;1.049e+00;6.648e-01;-8.880e-03;1.000e+01;7.151e-01;-7.821e-03;1.051e+00;5.000e+01;5.000e+01
4.280732000;1.049e+00;7.387e-01;-9.961e-03;7.045e-01;-9.500e-03;1.051e+00;1.049e+00;6.648e-01;-8.965e-03;1.000e+01;7.151e-01;-7.733e-03;1.051e+00;5.000e+01;5.000e+01
4.281732000;1.048e+00;7.387e-01;-9.962e-03;7.045e-01;-9.501e-03;1.051e+00;1.048e+00;6.648e-01;-8.966e-03;1.000e+01;7.151e-01;-7.733e-03;1.051e+00;5.000e+01;5.000e+01
4.357732000;1.048e+00;7.387e-01;-1.000e-02;7.045e-01;-9.539e-03;1.051e+00;1.048e+00;6.648e-01;-9.001e-03;1.000e+01;7.151e-01;-7.698e-03;1.051e+00;5.000e+01;5.000e+01
4.360732000;1.048e+00;7.387e-01;-1.000e-02;7.045e-01;-9.540e-03;1.051e+00;1.048e+00;6.648e-01;-9.002e-03;1.000e+01;7.152e-01;-7.696e-03;1.051e+00;5.000e+01;5.000e+01
4.371732000;1.048e+00;7.387e-01;-1.001e-02;7.045e-01;-9.545e-03;1.051e+00;1.048e+00;6.648e-01;-9.007e-03;1.000e+01;7.152e-01;-7.691e-03;1.051e+00;5.000e+01;5.000e+01
4.388732000;1.048e+00;7.387e-01;-1.002e-02;7.045e-01;-9.552e-03;1.051e+00;1.048e+00;6.648e-01;-9.014e-03;1.000e+01;7.152e-01;-7.684e-03;1.051e+00;5.000e+01;5.000e+01
4.455732000;1.048e+00;7.387e-01;-1.004e-02;7.046e-01;-9.580e-03;1.051e+00;1.048e+00;6.648e-01;-9.040e-03;1.000e+01;7.152e-01;-7.658e-03;1.051e+00;5.000e+01;5.000e+01
4.759732000;1.048e+00;7.387e-01;-1.014e-02;7.046e-01;-9.668e-03;1.051e+00;1.048e+00;6.648e-01;-9.123e-03;1.000e+01;7.152e-01;-7.573e-03;1.051e+00;5.000e+01;5.000e+01
4.935732000;1.048e+00;7.387e-01;-1.017e-02;7.046e-01;-9.696e-03;1.051e+00;1.048e+00;6.648e-01;-9.149e-03;1.000e+01;7.152e-01;-7.548e-03;1.051e+00;5.000e+01;5.000e+01
5.493732000;1.048e+00;7.387e-01;-1.016e-02;7.046e-01;-9.690e-03;1.051e+00;1.048e+00;6.648e-01;-9.143e-03;1.000e+01;7.152e-01;-7.557e-03;1.051e+00;5.000e+01;5.000e+01
5.595732000;1.048e+00;7.387e-01;-1.015e-02;7.046e-01;-9.678e-03;1.051e+00;1.048e+00;6.648e-01;-9.132e-03;1.000e+01;7.152e-01;-7.571e-03;1.051e+00;5.000e+01;5.000e+01
5.602732000;1.048e+00;7.387e-01;-1.015e-02;7.046e-01;-9.677e-03;1.051e+00;1.048e+00;6.648e-01;-9.131e-03;1.000e+01;7.152e-01;-7.572e-03;1.051e+00;5.000e+01;5.000e+01
5.632732000;1.048e+00;7.387e-01;-1.014e-02;7.046e-01;-9.673e-03;1.051e+00;1.048e+00;6.648e-01;-9.127e-03;1.000e+01;7.152e-01;-7.576e-03;1.051e+00;5.000e+01;5.000e+01
6.418732000;1.048e+00;7.387e-01;-9.961e-03;7.045e-01;-9.500e-03;1.051e+00;1.048e+00;6.648e-01;-8.965e-03;1.000e+01;7.151e-01;-7.748e-03;1.051e+00;5.000e+01;5.000e+01
6.419732000;1.049e+00;7.387e-01;-9.960e-03;7.045e-01;-9.499e-03;1.051e+00;1.049e+00;6.648e-01;-8.964e-03;1.000e+01;7.151e-01;-7.748e-03;1.051e+00;5.000e+01;5.000e+01
8.292784000;1.049e+00;7.387e-01;-9.462e-03;7.044e-01;-9.023e-03;1.051e+00;1.049e+00;6.648e-01;-8.516e-03;1.000e+01;7.150e-01;-8.219e-03;1.051e+00;5.000e+01;5.000e+01
8.293784000;1.049e+00;7.387e-01;-9.462e-03;7.044e-01;-9.023e-03;1.052e+00;1.049e+00;6.648e-01;-8.516e-03;1.000e+01;7.150e-01;-8.219e-03;1.051e+00;5.000e+01;5.000e+01
8.844994000;1.049e+00;7.387e-01;-9.327e-03;7.044e-01;-8.893e-03;1.052e+00;1.049e+00;6.648e-01;-8.394e-03;1.000e+01;7.150e-01;-8.346e-03;1.051e+00;5.000e+01;5.000e+01
8.890994000;1.049e+00;7.387e-01;-9.317e-03;7.044e-01;-8.884e-03;1.052e+00;1.049e+00;6.648e-01;-8.385e-03;1.000e+01;7.150e-01;-8.355e-03;1.051e+00;5.000e+01;5.000e+01
8.901994000;1.049e+00;7.387e-01;-9.314e-03;7.044e-01;-8.882e-03;1.052e+00;1.049e+00;6.648e-01;-8.383e-03;1.000e+01;7.150e-01;-8.357e-03;1.051e+00;5.000e+01;5.000e+01
8.934994000;1.049e+00;7.387e-01;-9.308e-03;7.044e-01;-8.875e-03;1.052e+00;1.049e+00;6.648e-01;-8.377e-03;1.000e+01;7.150e-01;-8.364e-03;1.051e+00;5.000e+01;5.000e+01
9.558994000;1.049e+00;7.387e-01;-9.204e-03;7.044e-01;-8.777e-03;1.052e+00;1.049e+00;6.648e-01;-8.284e-03;1.000e+01;7.150e-01;-8.459e-03;1.051e+00;5.000e+01;5.000e+01
9.576994000;1.049e+00;7.387e-01;-9.202e-03;7.044e-01;-8.774e-03;1.052e+00;1.049e+00;6.648e-01;-8.282e-03;1.000e+01;7.150e-01;-8.461e-03;1.051e+00;5.000e+01;5.000e+01
10.212994000;1.049e+00;7.387e-01;-9.151e-03;7.044e-01;-8.726e-03;1.052e+00;1.049e+00;6.648e-01;-8.236e-03;1.000e+01;7.149e-01;-8.508e-03;1.051e+00;5.000e+01;5.000e+01
10.267994000;1.049e+00;7.387e-01;-9.149e-03;7.044e-01;-8.723e-03;1.052e+00;1.049e+00;6.648e-01;-8.234e-03;1.000e+01;7.149e-01;-8.510e-03;1.051e+00;5.000e+01;5.000e+01
10.273994000;1.049e+00;7.387e-01;-9.149e-03;7.044e-01;-8.723e-03;1.052e+00;1.049e+00;6.648e-01;-8.234e-03;1.000e+01;7.149e-01;-8.511e-03;1.051e+00;5.000e+01;5.000e+01
11.380994000;1.049e+00;7.387e-01;-9.161e-03;7.044e-01;-8.735e-03;1.052e+00;1.049e+00;6.648e-01;-8.245e-03;1.000e+01;7.150e-01;-8.497e-03;1.051e+00;5.000e+01;5.000e+01
11.446994000;1.049e+00;7.387e-01;-9.164e-03;7.044e-01;-8.738e-03;1.052e+00;1.049e+00;6.648e-01;-8.248e-03;1.000e+01;7.150e-01;-8.494e-03;1.051e+00;5.000e+01;5.000e+01
11.488994000;1.049e+00;7.387e-01;-9.167e-03;7.044e-01;-8.740e-03;1.052e+00;1.049e+00;6.648e-01;-8.250e-03;1.000e+01;7.150e-01;-8.492e-03;1.051e+00;5.000e+01;5.000e+01
15.040994000;1.049e+00;7.387e-01;-9.389e-03;7.044e-01;-8.953e-03;1.052e+00;1.049e+00;6.648e-01;-8.450e-03;1.000e+01;7.150e-01;-8.284e-03;1.051e+00;5.000e+01;5.000e+01
15.149994000;1.049e+00;7.387e-01;-9.392e-03;7.044e-01;-8.956e-03;1.052e+00;1.049e+00;6.648e-01;-8.453e-03;1.000e+01;7.150e-01;-8.280e-03;1.051e+00;5.000e+01;5.000e+01
15.268994000;1.049e+00;7.387e-01;-9.396e-03;7.044e-01;-8.959e-03;1.052e+00;1.049e+00;6.648e-01;-8.456e-03;1.000e+01;7.150e-01;-8.277e-03;1.051e+00;5.000e+01;5.000e+01
16.053065000;1.049e+00;7.387e-01;-9.412e-03;7.044e-01;-8.975e-03;1.052e+00;1.049e+00;6.648e-01;-8.471e-03;1.000e+01;7.150e-01;-8.261e-03;1.051e+00;5.000e+01;5.000e+01
20.009068000;1.049e+00;7.387e-01;-9.439e-03;7.044e-01;-9.001e-03;1.052e+00;1.049e+00;6.648e-01;-8.495e-03;1.000e+01;7.150e-01;-8.237e-03;1.051e+00;5.000e+01;5.000e+01
20.011068000;1.049e+00;7.387e-01;-9.441e-03;7.044e-01;-9.003e-03;1.052e+00;1.049e+00;6.648e-01;-8.497e-03;1.000e+01;7.150e-01;-8.237e-03;1.051e+00;5.000e+01;5.000e+01
20.014068000;1.049e+00;7.387e-01;-9.444e-03;7.044e-01;-9.006e-03;1.052e+00;1.049e+00;6.648e-01;-8.500e-03;1.000e+01;7.149e-01;-8.238e-03;1.051e+00;5.000e+01;5.000e+01
20.015068000;1.049e+00;7.386e-01;-9.446e-03;7.044e-01;-9.007e-03;1.052e+00;1.049e+00;6.648e-01;-8.501e-03;1.000e+01;7.149e-01;-8.238e-03;1.051e+00;5.000e+01;5.000e+01
20.016068000;1.049e+00;7.386e-01;-9.448e-03;7.043e-01;-9.009e-03;1.052e+00;1.049e+00;6.648e-01;-8.503e-03;1.000e+01;7.148e-01;-8.239e-03;1.051e+00;5.000e+01;5.000e+01
20.029068000;1.049e+00;7.381e-01;-9.492e-03;7.038e-01;-9.051e-03;1.052e+00;1.049e+00;6.643e-01;-8.543e-03;1.000e+01;7.141e-01;-8.257e-03;1.051e+00;5.000e+01;5.000e+01
20.034068000;1.049e+00;7.377e-01;-9.513e-03;7.035e-01;-9.071e-03;1.052e+00;1.049e+00;6.640e-01;-8.562e-03;1.000e+01;7.136e-01;-8.270e-03;1.051e+00;5.000e+01;5.000e+01
20.037068000;1.049e+00;7.375e-01;-9.526e-03;7.032e-01;-9.083e-03;1.052e+00;1.049e+00;6.637e-01;-8.573e-03;1.000e+01;7.133e-01;-8.279e-03;1.051e+00;5.000e+01;5.000e+01
20.038068000;1.049e+00;7.374e-01;-9.530e-03;7.031e-01;-9.087e-03;1.052e+00;1.049e+00;6.636e-01;-8.577e-03;1.000e+01;7.132e-01;-8.282e-03;1.051e+00;4.999e+01;4.999e+01
20.054068000;1.049e+00;7.353e-01;-9.579e-03;7.011e-01;-9.133e-03;1.052e+00;1.049e+00;6.618e-01;-8.621e-03;1.000e+01;7.109e-01;-8.331e-03;1.051e+00;4.999e+01;4.999e+01
20.056406000;1.049e+00;7.350e-01;-9.582e-03;7.007e-01;-9.136e-03;1.052e+00;1.049e+00;6.615e-01;-8.624e-03;1.000e+01;7.105e-01;-8.337e-03;1.051e+00;4.999e+01;4.999e+01
20.056662000;1.049e+00;7.349e-01;-9.583e-03;7.007e-01;-9.137e-03;1.052e+00;1.049e+00;6.614e-01;-8.625e-03;1.000e+01;7.104e-01;-8.337e-03;1.051e+00;4.999e+01;4.999e+01
20.057174000;1.049e+00;7.348e-01;-9.584e-03;7.006e-01;-9.138e-03;1.052e+00;1.049e+00;6.614e-01;-8.626e-03;1.000e+01;7.103e-01;-8.339e-03;1.051e+00;4.999e+01;4.999e+01
20.058174000;1.049e+00;7.347e-01;-9.586e-03;7.004e-01;-9.139e-03;1.052e+00;1.049e+00;6.612e-01;-8.627e-03;1.000e+01;7.102e-01;-8.341e-03;1.051e+00;4.999e+01;4.999e+01
20.059174000;1.049e+00;7.345e-01;-9.587e-03;7.002e-01;-9.140e-03;1.052e+00;1.049e+00;6.611e-01;-8.628e-03;1.000e+01;7.100e-01;-8.342e-03;1.051e+00;4.999e+01;4.999e+01
20.075174000;1.049e+00;7.314e-01;-9.600e-03;6.972e-01;-9.150e-03;1.052e+00;1.049e+00;6.583e-01;-8.640e-03;1.000e+01;7.067e-01;-8.349e-03;1.051e+00;4.999e+01;4.999e+01
20.078174000;1.049e+00;7.308e-01;-9.601e-03;6.965e-01;-9.151e-03;1.052e+00;1.049e+00;6.577e-01;-8.641e-03;1.000e+01;7.060e-01;-8.345e-03;1.051e+00;4.999e+01;4.999e+01
20.079174000;1.049e+00;7.305e-01;-9.602e-03;6.963e-01;-9.152e-03;1.052e+00;1.049e+00;6.575e-01;-8.642e-03;1.000e+01;7.057e-01;-8.343e-03;1.051e+00;4.999e+01;4.999e+01
20.082174000;1.049e+00;7.298e-01;-9.602e-03;6.956e-01;-9.151e-03;1.052e+00;1.049e+00;6.569e-01;-8.642e-03;1.000e+01;7.050e-01;-8.336e-03;1.051e+00;4.999e+01;4.999e+01
20.095174000;1.049e+00;7.266e-01;-9.606e-03;6.923e-01;-9.153e-03;1.052e+00;1.049e+00;6.539e-01;-8.645e-03;1.000e+01;7.016e-01;-8.291e-03;1.051e+00;4.999e+01;4.999e+01
20.096174000;1.050e+00;7.263e-01;-9.607e-03;6.921e-01;-9.154e-03;1.052e+00;1.050e+00;6.537e-01;-8.646e-03;1.000e+01;7.013e-01;-8.287e-03;1.051e+00;4.999e+01;4.999e+01
20.102174000;1.050e+00;7.247e-01;-9.608e-03;6.904e-01;-9.154e-03;1.052e+00;1.050e+00;6.522e-01;-8.647e-03;1.000e+01;6.997e-01;-8.256e-03;1.051e+00;4.999e+01;4.999e+01
20.103174000;1.050e+00;7.244e-01;-9.609e-03;6.902e-01;-9.155e-03;1.052e+00;1.050e+00;6.520e-01;-8.648e-03;1.000e+01;6.994e-01;-8.251e-03;1.051e+00;4.999e+01;4.999e+01
20.104174000;1.050e+00;7.241e-01;-9.609e-03;6.899e-01;-9.154e-03;1.052e+00;1.050e+00;6.517e-01;-8.648e-03;1.000e+01;6.991e-01;-8.245e-03;1.051e+00;4.998e+01;4.998e+01
20.105174000;1.050e+00;7.239e-01;-9.609e-03;6.896e-01;-9.154e-03;1.052e+00;1.050e+00;6.515e-01;-8.648e-03;1.000e+01;6.988e-01;-8.239e-03;1.051e+00;4.998e+01;4.998e+01
20.107174000;1.050e+00;7.233e-01;-9.610e-03;6.890e-01;-9.155e-03;1.052e+00;1.050e+00;6.510e-01;-8.649e-03;1.000e+01;6.982e-01;-8.227e-03;1.051e+00;4.998e+01;4.998e+01
20.109174000;1.050e+00;7.227e-01;-9.611e-03;6.885e-01;-9.156e-03;1.052e+00;1.050e+00;6.504e-01;-8.650e-03;1.000e+01;6.976e-01;-8.215e-03;1.051e+00;4.998e+01;4.998e+01
20.110174000;1.050e+00;7.224e-01;-9.611e-03;6.882e-01;-9.155e-03;1.052e+00;1.050e+00;6.502e-01;-8.650e-03;1.000e+01;6.973e-01;-8.209e-03;1.051e+00;4.998e+01;4.998e+01
20.116174000;1.050e+00;7.206e-01;-9.613e-03;6.864e-01;-9.156e-03;1.052e+00;1.050e+00;6.486e-01;-8.652e-03;1.000e+01;6.955e-01;-8.168e-03;1.051e+00;4.998e+01;4.998e+01
20.117174000;1.050e+00;7.203e-01;-9.614e-03;6.861e-01;-9.157e-03;1.053e+00;1.050e+00;6.483e-01;-8.653e-03;1.000e+01;6.951e-01;-8.161e-03;1.051e+00;4.998e+01;4.998e+01
20.121400000;1.050e+00;7.190e-01;-9.617e-03;6.848e-01;-9.159e-03;1.053e+00;1.050e+00;6.471e-01;-8.655e-03;1.000e+01;6.938e-01;-8.125e-03;1.051e+00;4.998e+01;4.998e+01
20.124400000;1.050e+00;7.181e-01;-9.620e-03;6.838e-01;-9.161e-03;1.053e+00;1.050e+00;6.463e-01;-8.658e-03;1.000e+01;6.928e-01;-8.082e-03;1.051e+00;4.998e+01;4.998e+01
20.126400000;1.050e+00;7.174e-01;-9.624e-03;6.832e-01;-9.165e-03;1.053e+00;1.050e+00;6.457e-01;-8.662e-03;1.000e+01;6.922e-01;-8.045e-03;1.051e+00;4.998e+01;4.998e+01
20.127400000;1.050e+00;7.171e-01;-9.628e-03;6.829e-01;-9.168e-03;1.053e+00;1.050e+00;6.454e-01;-8.665e-03;1.000e+01;6.919e-01;-8.025e-03;1.051e+00;4.998e+01;4.998e+01
20.128400000;1.050e+00;7.168e-01;-9.632e-03;6.825e-01;-9.172e-03;1.053e+00;1.050e+00;6.451e-01;-8.669e-03;1.000e+01;6.915e-01;-8.003e-03;1.051e+00;4.998e+01;4.998e+01
20.129400000;1.050e+00;7.165e-01;-9.637e-03;6.822e-01;-9.176e-03;1.053e+00;1.050e+00;6.448e-01;-8.673e-03;1.000e+01;6.912e-01;-7.979e-03;1.051e+00;4.998e+01;4.998e+01
20.138400000;1.050e+00;7.135e-01;-9.710e-03;6.792e-01;-9.244e-03;1.053e+00;1.050e+00;6.421e-01;-8.739e-03;1.000e+01;6.882e-01;-7.729e-03;1.051e+00;4.998e+01;4.998e+01
20.143400000;1.050e+00;7.117e-01;-9.776e-03;6.776e-01;-9.306e-03;1.053e+00;1.050e+00;6.406e-01;-8.798e-03;1.000e+01;6.865e-01;-7.573e-03;1.051e+00;4.998e+01;4.998e+01
20.145400000;1.050e+00;7.111e-01;-9.806e-03;6.769e-01;-9.334e-03;1.053e+00;1.050e+00;6.399e-01;-8.825e-03;1.000e+01;6.858e-01;-7.509e-03;1.051e+00;4.998e+01;4.998e+01
20.146400000;1.051e+00;7.107e-01;-9.822e-03;6.765e-01;-9.350e-03;1.053e+00;1.051e+00;6.396e-01;-8.840e-03;1.000e+01;6.854e-01;-7.477e-03;1.051e+00;4.998e+01;4.998e+01
20.153400000;1.051e+00;7.082e-01;-9.943e-03;6.741e-01;-9.464e-03;1.053e+00;1.051e+00;6.374e-01;-8.949e-03;1.000e+01;6.830e-01;-7.258e-03;1.051e+00;4.998e+01;4.998e+01
20.156400000;1.051e+00;7.072e-01;-1.000e-02;6.730e-01;-9.517e-03;1.053e+00;1.051e+00;6.364e-01;-9.000e-03;1.000e+01;6.819e-01;-7.167e-03;1.051e+00;4.998e+01;4.998e+01
20.162400000;1.051e+00;7.050e-01;-1.011e-02;6.709e-01;-9.625e-03;1.053e+00;1.051e+00;6.345e-01;-9.103e-03;1.000e+01;6.797e-01;-6.991e-03;1.051e+00;4.998e+01;4.998e+01
20.163400000;1.051e+00;7.046e-01;-1.013e-02;6.705e-01;-9.643e-03;1.053e+00;1.051e+00;6.342e-01;-9.120e-03;1.000e+01;6.794e-01;-6.963e-03;1.051e+00;4.998e+01;4.998e+01
20.169400000;1.051e+00;7.024e-01;-1.025e-02;6.684e-01;-9.751e-03;1.053e+00;1.051e+00;6.322e-01;-9.223e-03;1.000e+01;6.772e-01;-6.797e-03;1.051e+00;4.998e+01;4.998e+01
20.195400000;1.051e+00;6.926e-01;-1.070e-02;6.587e-01;-1.018e-02;1.053e+00;1.051e+00;6.233e-01;-9.632e-03;1.000e+01;6.675e-01;-6.109e-03;1.051e+00;4.998e+01;4.998e+01
20.197400000;1.051e+00;6.918e-01;-1.074e-02;6.579e-01;-1.021e-02;1.053e+00;1.051e+00;6.226e-01;-9.662e-03;1.000e+01;6.667e-01;-6.055e-03;1.051e+00;4.998e+01;4.998e+01
20.198400000;1.052e+00;6.914e-01;-1.075e-02;6.576e-01;-1.023e-02;1.053e+00;1.052e+00;6.223e-01;-9.677e-03;1.000e+01;6.663e-01;-6.028e-03;1.051e+00;4.998e+01;4.998e+01
20.199400000;1.052e+00;6.911e-01;-1.077e-02;6.572e-01;-1.024e-02;1.053e+00;1.052e+00;6.219e-01;-9.692e-03;1.000e+01;6.659e-01;-6.000e-03;1.051e+00;4.998e+01;4.998e+01
20.201400000;1.052e+00;6.903e-01;-1.080e-02;6.564e-01;-1.027e-02;1.053e+00;1.052e+00;6.213e-01;-9.722e-03;1.000e+01;6.652e-01;-5.945e-03;1.051e+00;4.998e+01;4.998e+01
20.202400000;1.052e+00;6.899e-01;-1.082e-02;6.560e-01;-1.029e-02;1.053e+00;1.052e+00;6.209e-01;-9.736e-03;1.000e+01;6.648e-01;-5.918e-03;1.051e+00;4.998e+01;4.998e+01
20.204400000;1.052e+00;6.891e-01;-1.085e-02;6.553e-01;-1.032e-02;1.053e+00;1.052e+00;6.202e-01;-9.766e-03;1.000e+01;6.640e-01;-5.862e-03;1.051e+00;4.998e+01;4.998e+01
20.205400000;1.052e+00;6.887e-01;-1.087e-02;6.549e-01;-1.033e-02;1.054e+00;1.052e+00;6.199e-01;-9.781e-03;1.000e+01;6.636e-01;-5.834e-03;1.051e+00;4.998e+01;4.998e+01
20.211400000;1.052e+00;6.864e-01;-1.097e-02;6.526e-01;-1.043e-02;1.054e+00;1.052e+00;6.178e-01;-9.871e-03;1.000e+01;6.613e-01;-5.665e-03;1.051e+00;4.998e+01;4.998e+01
20.247400000;1.052e+00;6.723e-01;-1.158e-02;6.388e-01;-1.101e-02;1.054e+00;1.052e+00;6.051e-01;-1.043e-02;1.000e+01;6.475e-01;-4.630e-03;1.051e+00;4.998e+01;4.998e+01
20.248400000;1.053e+00;6.719e-01;-1.160e-02;6.384e-01;-1.102e-02;1.054e+00;1.053e+00;6.047e-01;-1.044e-02;1.000e+01;6.471e-01;-4.601e-03;1.051e+00;4.998e+01;4.998e+01
20.262400000;1.053e+00;6.664e-01;-1.184e-02;6.330e-01;-1.125e-02;1.054e+00;1.053e+00;5.998e-01;-1.066e-02;1.000e+01;6.417e-01;-4.203e-03;1.051e+00;4.998e+01;4.998e+01
20.274400000;1.053e+00;6.617e-01;-1.204e-02;6.284e-01;-1.144e-02;1.054e+00;1.053e+00;5.956e-01;-1.084e-02;1.000e+01;6.372e-01;-3.866e-03;1.051e+00;4.998e+01;4.998e+01
20.276400000;1.053e+00;6.610e-01;-1.208e-02;6.277e-01;-1.147e-02;1.054e+00;1.053e+00;5.949e-01;-1.087e-02;1.000e+01;6.364e-01;-3.810e-03;1.051e+00;4.998e+01;4.998e+01
20.280400000;1.053e+00;6.594e-01;-1.214e-02;6.261e-01;-1.153e-02;1.054e+00;1.053e+00;5.935e-01;-1.093e-02;1.000e+01;6.349e-01;-3.699e-03;1.051e+00;4.998e+01;4.998e+01
20.284400000;1.053e+00;6.579e-01;-1.221e-02;6.246e-01;-1.159e-02;1.054e+00;1.053e+00;5.921e-01;-1.099e-02;1.000e+01;6.334e-01;-3.588e-03;1.051e+00;4.998e+01;4.998e+01
20.292400000;1.053e+00;6.548e-01;-1.234e-02;6.216e-01;-1.171e-02;1.054e+00;1.053e+00;5.893e-01;-1.111e-02;1.000e+01;6.304e-01;-3.368e-03;1.051e+00;4.998e+01;4.998e+01
20.299400000;1.053e+00;6.521e-01;-1.245e-02;6.190e-01;-1.182e-02;1.054e+00;1.053e+00;5.869e-01;-1.121e-02;1.000e+01;6.278e-01;-3.177e-03;1.051e+00;4.998e+01;4.998e+01
20.300400000;1.054e+00;6.518e-01;-1.247e-02;6.187e-01;-1.183e-02;1.054e+00;1.054e+00;5.866e-01;-1.122e-02;1.000e+01;6.275e-01;-3.150e-03;1.051e+00;4.998e+01;4.998e+01
20.302400000;1.054e+00;6.510e-01;-1.250e-02;6.179e-01;-1.186e-02;1.054e+00;1.054e+00;5.859e-01;-1.125e-02;1.000e+01;6.267e-01;-3.096e-03;1.051e+00;4.998e+01;4.998e+01
20.303400000;1.054e+00;6.506e-01;-1.252e-02;6.175e-01;-1.188e-02;1.055e+00;1.054e+00;5.856e-01;-1.126e-02;1.000e+01;6.264e-01;-3.069e-03;1.051e+00;4.998e+01;4.998e+01
20.311400000;1.054e+00;6.476e-01;-1.264e-02;6.146e-01;-1.200e-02;1.055e+00;1.054e+00;5.828e-01;-1.138e-02;1.000e+01;6.234e-01;-2.854e-03;1.051e+00;4.998e+01;4.998e+01
20.316400000;1.054e+00;6.457e-01;-1.272e-02;6.128e-01;-1.207e-02;1.055e+00;1.054e+00;5.812e-01;-1.145e-02;1.000e+01;6.216e-01;-2.722e-03;1.051e+00;4.998e+01;4.998e+01
20.328400000;1.054e+00;6.413e-01;-1.291e-02;6.084e-01;-1.225e-02;1.055e+00;1.054e+00;5.772e-01;-1.162e-02;1.000e+01;6.173e-01;-2.408e-03;1.051e+00;4.998e+01;4.998e+01
20.350400000;1.054e+00;6.334e-01;-1.324e-02;6.007e-01;-1.256e-02;1.055e+00;1.054e+00;5.700e-01;-1.191e-02;1.000e+01;6.097e-01;-1.851e-03;1.051e+00;4.998e+01;4.998e+01
20.354400000;1.054e+00;6.320e-01;-1.330e-02;5.993e-01;-1.261e-02;1.055e+00;1.054e+00;5.688e-01;-1.197e-02;1.000e+01;6.083e-01;-1.752e-03;1.051e+00;4.998e+01;4.998e+01
20.356400000;1.054e+00;6.313e-01;-1.332e-02;5.987e-01;-1.264e-02;1.055e+00;1.054e+00;5.681e-01;-1.199e-02;1.000e+01;6.076e-01;-1.703e-03;1.051e+00;4.998e+01;4.998e+01
20.357400000;1.054e+00;6.309e-01;-1.334e-02;5.983e-01;-1.265e-02;1.055e+00;1.054e+00;5.678e-01;-1.201e-02;1.000e+01;6.073e-01;-1.679e-03;1.051e+00;4.998e+01;4.998e+01
20.358400000;1.055e+00;6.306e-01;-1.335e-02;5.980e-01;-1.266e-02;1.055e+00;1.055e+00;5.675e-01;-1.202e-02;1.000e+01;6.070e-01;-1.655e-03;1.051e+00;4.998e+01;4.998e+01
20.360400000;1.055e+00;6.299e-01;-1.338e-02;5.973e-01;-1.269e-02;1.055e+00;1.055e+00;5.669e-01;-1.204e-02;1.000e+01;6.063e-01;-1.606e-03;1.051e+00;4.998e+01;4.998e+01
20.364400000;1.055e+00;6.285e-01;-1.344e-02;5.959e-01;-1.274e-02;1.055e+00;1.055e+00;5.656e-01;-1.209e-02;1.000e+01;6.050e-01;-1.510e-03;1.051e+00;4.998e+01;4.998e+01
20.365400000;1.055e+00;6.281e-01;-1.345e-02;5.956e-01;-1.276e-02;1.055e+00;1.055e+00;5.653e-01;-1.211e-02;1.000e+01;6.046e-01;-1.486e-03;1.051e+00;4.998e+01;4.998e+01
20.393400000;1.055e+00;6.188e-01;-1.384e-02;5.865e-01;-1.311e-02;1.055e+00;1.055e+00;5.569e-01;-1.245e-02;1.000e+01;5.956e-01;-8.370e-04;1.051e+00;4.998e+01;4.998e+01
20.396400000;1.055e+00;6.178e-01;-1.388e-02;5.855e-01;-1.315e-02;1.055e+00;1.055e+00;5.560e-01;-1.249e-02;1.000e+01;5.946e-01;-7.710e-04;1.051e+00;4.998e+01;4.998e+01
20.401400000;1.055e+00;6.162e-01;-1.394e-02;5.840e-01;-1.321e-02;1.055e+00;1.055e+00;5.545e-01;-1.255e-02;1.000e+01;5.931e-01;-6.600e-04;1.051e+00;4.998e+01;4.998e+01
20.402400000;1.055e+00;6.158e-01;-1.395e-02;5.836e-01;-1.322e-02;1.055e+00;1.055e+00;5.543e-01;-1.256e-02;1.000e+01;5.928e-01;-6.390e-04;1.051e+00;4.998e+01;4.998e+01
20.424400000;1.055e+00;6.090e-01;-1.423e-02;5.770e-01;-1.348e-02;1.055e+00;1.055e+00;5.481e-01;-1.281e-02;1.000e+01;5.862e-01;-1.720e-04;1.051e+00;4.998e+01;4.998e+01
20.425400000;1.056e+00;6.087e-01;-1.424e-02;5.767e-01;-1.349e-02;1.056e+00;1.056e+00;5.478e-01;-1.282e-02;1.000e+01;5.859e-01;-1.520e-04;1.051e+00;4.998e+01;4.998e+01
20.428400000;1.056e+00;6.078e-01;-1.428e-02;5.758e-01;-1.352e-02;1.056e+00;1.056e+00;5.470e-01;-1.285e-02;1.000e+01;5.850e-01;-9.000e-05;1.051e+00;4.998e+01;4.998e+01
20.429400000;1.056e+00;6.075e-01;-1.429e-02;5.755e-01;-1.354e-02;1.056e+00;1.056e+00;5.467e-01;-1.286e-02;1.000e+01;5.847e-01;-7.000e-05;1.051e+00;4.998e+01;4.998e+01
20.433400000;1.056e+00;6.063e-01;-1.434e-02;5.743e-01;-1.358e-02;1.056e+00;1.056e+00;5.457e-01;-1.290e-02;1.000e+01;5.836e-01;1.000e-05;1.051e+00;4.998e+01;4.998e+01
20.439400000;1.056e+00;6.045e-01;-1.441e-02;5.726e-01;-1.365e-02;1.056e+00;1.056e+00;5.441e-01;-1.297e-02;1.000e+01;5.819e-01;1.300e-04;1.051e+00;4.998e+01;4.998e+01
20.441400000;1.056e+00;6.039e-01;-1.443e-02;5.721e-01;-1.367e-02;1.056e+00;1.056e+00;5.435e-01;-1.299e-02;1.000e+01;5.813e-01;1.690e-04;1.051e+00;4.998e+01;4.998e+01
20.442400000;1.056e+00;6.036e-01;-1.444e-02;5.718e-01;-1.368e-02;1.056e+00;1.056e+00;5.433e-01;-1.300e-02;1.000e+01;5.811e-01;1.880e-04;1.051e+00;4.999e+01;4.999e+01
20.450400000;1.056e+00;6.013e-01;-1.453e-02;5.695e-01;-1.376e-02;1.056e+00;1.056e+00;5.412e-01;-1.308e-02;1.000e+01;5.789e-01;3.430e-04;1.051e+00;4.999e+01;4.999e+01
20.451400000;1.056e+00;6.011e-01;-1.454e-02;5.693e-01;-1.377e-02;1.056e+00;1.056e+00;5.409e-01;-1.309e-02;1.000e+01;5.786e-01;3.620e-04;1.051e+00;4.999e+01;4.999e+01
20.456400000;1.056e+00;5.996e-01;-1.460e-02;5.679e-01;-1.382e-02;1.056e+00;1.056e+00;5.397e-01;-1.314e-02;1.000e+01;5.772e-01;4.560e-04;1.051e+00;4.999e+01;4.999e+01
20.466400000;1.056e+00;5.969e-01;-1.471e-02;5.652e-01;-1.393e-02;1.056e+00;1.056e+00;5.372e-01;-1.324e-02;1.000e+01;5.746e-01;6.400e-04;1.051e+00;4.999e+01;4.999e+01
20.471400000;1.056e+00;5.955e-01;-1.476e-02;5.639e-01;-1.398e-02;1.056e+00;1.056e+00;5.360e-01;-1.328e-02;1.000e+01;5.733e-01;7.300e-04;1.051e+00;4.999e+01;4.999e+01
20.474400000;1.056e+00;5.947e-01;-1.479e-02;5.631e-01;-1.400e-02;1.056e+00;1.056e+00;5.352e-01;-1.331e-02;1.000e+01;5.725e-01;7.840e-04;1.051e+00;4.999e+01;4.999e+01
20.481400000;1.056e+00;5.929e-01;-1.486e-02;5.613e-01;-1.407e-02;1.056e+00;1.056e+00;5.336e-01;-1.338e-02;1.000e+01;5.708e-01;9.060e-04;1.051e+00;4.999e+01;4.999e+01
20.495400000;1.056e+00;5.893e-01;-1.500e-02;5.578e-01;-1.420e-02;1.056e+00;1.056e+00;5.304e-01;-1.350e-02;1.000e+01;5.673e-01;1.143e-03;1.051e+00;4.999e+01;4.999e+01
20.502400000;1.056e+00;5.875e-01;-1.507e-02;5.562e-01;-1.426e-02;1.056e+00;1.056e+00;5.288e-01;-1.356e-02;1.000e+01;5.657e-01;1.257e-03;1.051e+00;4.999e+01;4.999e+01
20.504400000;1.056e+00;5.871e-01;-1.509e-02;5.557e-01;-1.428e-02;1.056e+00;1.056e+00;5.283e-01;-1.358e-02;1.000e+01;5.652e-01;1.289e-03;1.051e+00;4.999e+01;4.999e+01
20.509400000;1.056e+00;5.858e-01;-1.513e-02;5.545e-01;-1.432e-02;1.056e+00;1.056e+00;5.273e-01;-1.362e-02;1.000e+01;5.641e-01;1.369e-03;1.051e+00;4.999e+01;4.999e+01
20.510400000;1.057e+00;5.856e-01;-1.514e-02;5.543e-01;-1.433e-02;1.056e+00;1.057e+00;5.270e-01;-1.363e-02;1.000e+01;5.638e-01;1.385e-03;1.051e+00;4.999e+01;4.999e+01
20.515400000;1.057e+00;5.844e-01;-1.519e-02;5.531e-01;-1.438e-02;1.056e+00;1.057e+00;5.260e-01;-1.367e-02;1.000e+01;5.627e-01;1.463e-03;1.051e+00;4.999e+01;4.999e+01
20.518400000;1.057e+00;5.837e-01;-1.522e-02;5.524e-01;-1.440e-02;1.056e+00;1.057e+00;5.253e-01;-1.369e-02;1.000e+01;5.620e-01;1.509e-03;1.051e+00;4.999e+01;4.999e+01
20.527400000;1.057e+00;5.816e-01;-1.530e-02;5.504e-01;-1.448e-02;1.056e+00;1.057e+00;5.235e-01;-1.377e-02;1.000e+01;5.600e-01;1.644e-03;1.051e+00;4.999e+01;4.999e+01
20.545400000;1.057e+00;5.776e-01;-1.545e-02;5.466e-01;-1.462e-02;1.056e+00;1.057e+00;5.199e-01;-1.390e-02;1.000e+01;5.563e-01;1.903e-03;1.051e+00;4.999e+01;4.999e+01
20.547400000;1.057e+00;5.772e-01;-1.546e-02;5.462e-01;-1.463e-02;1.056e+00;1.057e+00;5.195e-01;-1.392e-02;1.000e+01;5.558e-01;1.931e-03;1.051e+00;4.999e+01;4.999e+01
20.550400000;1.057e+00;5.766e-01;-1.549e-02;5.455e-01;-1.465e-02;1.056e+00;1.057e+00;5.189e-01;-1.394e-02;1.000e+01;5.552e-01;1.972e-03;1.051e+00;4.999e+01;4.999e+01
20.552400000;1.057e+00;5.762e-01;-1.550e-02;5.451e-01;-1.467e-02;1.056e+00;1.057e+00;5.185e-01;-1.395e-02;1.000e+01;5.548e-01;1.999e-03;1.051e+00;4.999e+01;4.999e+01
20.553400000;1.057e+00;5.760e-01;-1.551e-02;5.449e-01;-1.468e-02;1.056e+00;1.057e+00;5.184e-01;-1.396e-02;1.000e+01;5.546e-01;2.013e-03;1.051e+00;4.999e+01;4.999e+01
20.584400000;1.057e+00;5.698e-01;-1.575e-02;5.390e-01;-1.489e-02;1.056e+00;1.057e+00;5.128e-01;-1.417e-02;1.000e+01;5.488e-01;2.409e-03;1.051e+00;4.999e+01;4.999e+01
20.591400000;1.057e+00;5.685e-01;-1.579e-02;5.377e-01;-1.494e-02;1.056e+00;1.057e+00;5.117e-01;-1.422e-02;1.000e+01;5.476e-01;2.492e-03;1.051e+00;4.999e+01;4.999e+01
20.592400000;1.057e+00;5.683e-01;-1.580e-02;5.376e-01;-1.495e-02;1.056e+00;1.057e+00;5.115e-01;-1.422e-02;1.000e+01;5.474e-01;2.504e-03;1.051e+00;4.999e+01;4.999e+01
20.594400000;1.057e+00;5.680e-01;-1.581e-02;5.372e-01;-1.496e-02;1.056e+00;1.057e+00;5.112e-01;-1.423e-02;1.000e+01;5.471e-01;2.528e-03;1.051e+00;4.999e+01;4.999e+01
20.596400000;1.057e+00;5.676e-01;-1.583e-02;5.369e-01;-1.497e-02;1.056e+00;1.057e+00;5.108e-01;-1.425e-02;1.000e+01;5.467e-01;2.551e-03;1.051e+00;4.999e+01;4.999e+01
20.597400000;1.057e+00;5.674e-01;-1.584e-02;5.367e-01;-1.498e-02;1.056e+00;1.057e+00;5.107e-01;-1.425e-02;1.000e+01;5.465e-01;2.562e-03;1.051e+00;4.999e+01;4.999e+01
20.598400000;1.057e+00;5.672e-01;-1.584e-02;5.365e-01;-1.498e-02;1.056e+00;1.057e+00;5.105e-01;-1.426e-02;1.000e+01;5.464e-01;2.574e-03;1.051e+00;4.999e+01;4.999e+01
20.599400000;1.057e+00;5.671e-01;-1.585e-02;5.363e-01;-1.499e-02;1.056e+00;1.057e+00;5.104e-01;-1.426e-02;1.000e+01;5.462e-01;2.585e-03;1.051e+00;4.999e+01;4.999e+01
20.627400000;1.057e+00;5.623e-01;-1.603e-02;5.318e-01;-1.516e-02;1.056e+00;1.057e+00;5.061e-01;-1.442e-02;1.000e+01;5.417e-01;2.888e-03;1.051e+00;4.999e+01;4.999e+01
20.628400000;1.057e+00;5.622e-01;-1.603e-02;5.316e-01;-1.516e-02;1.057e+00;1.057e+00;5.060e-01;-1.443e-02;1.000e+01;5.416e-01;2.898e-03;1.051e+00;4.999e+01;4.999e+01
20.631400000;1.057e+00;5.617e-01;-1.605e-02;5.312e-01;-1.518e-02;1.057e+00;1.057e+00;5.055e-01;-1.445e-02;1.000e+01;5.411e-01;2.928e-03;1.051e+00;4.999e+01;4.999e+01
20.632400000;1.058e+00;5.615e-01;-1.606e-02;5.310e-01;-1.518e-02;1.057e+00;1.058e+00;5.054e-01;-1.445e-02;1.000e+01;5.410e-01;2.938e-03;1.051e+00;4.999e+01;4.999e+01
20.647400000;1.058e+00;5.592e-01;-1.614e-02;5.288e-01;-1.526e-02;1.057e+00;1.058e+00;5.033e-01;-1.453e-02;1.000e+01;5.388e-01;3.085e-03;1.051e+00;4.999e+01;4.999e+01
20.651400000;1.058e+00;5.587e-01;-1.617e-02;5.282e-01;-1.528e-02;1.057e+00;1.058e+00;5.028e-01;-1.455e-02;1.000e+01;5.382e-01;3.122e-03;1.051e+00;4.999e+01;4.999e+01
20.653400000;1.058e+00;5.584e-01;-1.618e-02;5.279e-01;-1.530e-02;1.057e+00;1.058e+00;5.025e-01;-1.456e-02;1.000e+01;5.380e-01;3.141e-03;1.051e+00;4.999e+01;4.999e+01
20.656400000;1.058e+00;5.579e-01;-1.619e-02;5.275e-01;-1.531e-02;1.057e+00;1.058e+00;5.021e-01;-1.457e-02;1.000e+01;5.376e-01;3.168e-03;1.051e+00;4.999e+01;4.999e+01
20.659400000;1.058e+00;5.575e-01;-1.621e-02;5.271e-01;-1.533e-02;1.057e+00;1.058e+00;5.018e-01;-1.459e-02;1.000e+01;5.372e-01;3.195e-03;1.051e+00;4.999e+01;4.999e+01
20.664400000;1.058e+00;5.568e-01;-1.624e-02;5.264e-01;-1.535e-02;1.057e+00;1.058e+00;5.011e-01;-1.461e-02;1.000e+01;5.365e-01;3.240e-03;1.051e+00;4.999e+01;4.999e+01
20.679400000;1.058e+00;5.548e-01;-1.631e-02;5.245e-01;-1.542e-02;1.057e+00;1.058e+00;4.993e-01;-1.468e-02;1.000e+01;5.346e-01;3.369e-03;1.051e+00;4.999e+01;4.999e+01
20.680400000;1.058e+00;5.547e-01;-1.632e-02;5.244e-01;-1.543e-02;1.057e+00;1.058e+00;4.992e-01;-1.469e-02;1.000e+01;5.345e-01;3.377e-03;1.051e+00;4.999e+01;4.999e+01
20.702400000;1.058e+00;5.519e-01;-1.642e-02;5.217e-01;-1.552e-02;1.057e+00;1.058e+00;4.968e-01;-1.478e-02;1.000e+01;5.319e-01;3.551e-03;1.051e+00;4.999e+01;4.999e+01
20.703400000;1.058e+00;5.518e-01;-1.642e-02;5.216e-01;-1.553e-02;1.057e+00;1.058e+00;4.966e-01;-1.478e-02;1.000e+01;5.318e-01;3.558e-03;1.051e+00;4.999e+01;4.999e+01
20.708400000;1.058e+00;5.513e-01;-1.645e-02;5.211e-01;-1.555e-02;1.057e+00;1.058e+00;4.961e-01;-1.480e-02;1.000e+01;5.312e-01;3.596e-03;1.051e+00;4.999e+01;4.999e+01
20.711400000;1.058e+00;5.509e-01;-1.646e-02;5.207e-01;-1.556e-02;1.057e+00;1.058e+00;4.958e-01;-1.481e-02;1.000e+01;5.309e-01;3.618e-03;1.051e+00;4.999e+01;4.999e+01
20.739400000;1.058e+00;5.479e-01;-1.657e-02;5.179e-01;-1.567e-02;1.057e+00;1.058e+00;4.931e-01;-1.492e-02;1.000e+01;5.281e-01;3.809e-03;1.051e+00;4.999e+01;4.999e+01
20.743400000;1.058e+00;5.475e-01;-1.659e-02;5.175e-01;-1.568e-02;1.057e+00;1.058e+00;4.928e-01;-1.493e-02;1.000e+01;5.277e-01;3.835e-03;1.051e+00;4.999e+01;4.999e+01
20.744400000;1.058e+00;5.474e-01;-1.659e-02;5.174e-01;-1.568e-02;1.057e+00;1.058e+00;4.927e-01;-1.493e-02;1.000e+01;5.276e-01;3.841e-03;1.051e+00;5.000e+01;5.000e+01
20.750400000;1.058e+00;5.468e-01;-1.662e-02;5.168e-01;-1.570e-02;1.057e+00;1.058e+00;4.922e-01;-1.495e-02;1.000e+01;5.271e-01;3.879e-03;1.051e+00;5.000e+01;5.000e+01
20.763400000;1.058e+00;5.456e-01;-1.666e-02;5.157e-01;-1.575e-02;1.057e+00;1.058e+00;4.911e-01;-1.500e-02;1.000e+01;5.260e-01;3.957e-03;1.051e+00;5.000e+01;5.000e+01
20.766400000;1.058e+00;5.454e-01;-1.667e-02;5.154e-01;-1.576e-02;1.057e+00;1.058e+00;4.908e-01;-1.501e-02;1.000e+01;5.257e-01;3.974e-03;1.051e+00;5.000e+01;5.000e+01
20.769400000;1.058e+00;5.451e-01;-1.668e-02;5.152e-01;-1.577e-02;1.057e+00;1.058e+00;4.906e-01;-1.502e-02;1.000e+01;5.255e-01;3.991e-03;1.051e+00;5.000e+01;5.000e+01
20.773400000;1.058e+00;5.448e-01;-1.670e-02;5.148e-01;-1.578e-02;1.057e+00;1.058e+00;4.903e-01;-1.503e-02;1.000e+01;5.251e-01;4.014e-03;1.051e+00;5.000e+01;5.000e+01
20.774400000;1.058e+00;5.447e-01;-1.670e-02;5.147e-01;-1.578e-02;1.057e+00;1.058e+00;4.902e-01;-1.503e-02;1.000e+01;5.251e-01;4.019e-03;1.051e+00;5.000e+01;5.000e+01
20.811400000;1.058e+00;5.418e-01;-1.682e-02;5.120e-01;-1.589e-02;1.057e+00;1.058e+00;4.876e-01;-1.513e-02;1.000e+01;5.224e-01;4.209e-03;1.051e+00;5.000e+01;5.000e+01
20.833400000;1.058e+00;5.403e-01;-1.688e-02;5.106e-01;-1.595e-02;1.057e+00;1.058e+00;4.863e-01;-1.519e-02;1.000e+01;5.210e-01;4.307e-03;1.051e+00;5.000e+01;5.000e+01
20.835400000;1.058e+00;5.402e-01;-1.688e-02;5.104e-01;-1.595e-02;1.057e+00;1.058e+00;4.862e-01;-1.519e-02;1.000e+01;5.209e-01;4.316e-03;1.051e+00;5.000e+01;5.000e+01
20.836400000;1.058e+00;5.402e-01;-1.688e-02;5.104e-01;-1.595e-02;1.057e+00;1.058e+00;4.861e-01;-1.520e-02;1.000e+01;5.208e-01;4.320e-03;1.051e+00;5.000e+01;5.000e+01
20.839400000;1.058e+00;5.400e-01;-1.689e-02;5.102e-01;-1.596e-02;1.057e+00;1.058e+00;4.860e-01;-1.520e-02;1.000e+01;5.206e-01;4.333e-03;1.051e+00;5.000e+01;5.000e+01
20.844400000;1.058e+00;5.397e-01;-1.691e-02;5.099e-01;-1.597e-02;1.057e+00;1.058e+00;4.857e-01;-1.521e-02;1.000e+01;5.204e-01;4.353e-03;1.051e+00;5.000e+01;5.000e+01
20.845400000;1.058e+00;5.396e-01;-1.691e-02;5.099e-01;-1.598e-02;1.057e+00;1.058e+00;4.857e-01;-1.522e-02;1.000e+01;5.203e-01;4.357e-03;1.051e+00;5.000e+01;5.000e+01
20.853400000;1.058e+00;5.392e-01;-1.693e-02;5.094e-01;-1.599e-02;1.057e+00;1.058e+00;4.852e-01;-1.524e-02;1.000e+01;5.199e-01;4.389e-03;1.051e+00;5.000e+01;5.000e+01
20.885400000;1.058e+00;5.375e-01;-1.700e-02;5.078e-01;-1.606e-02;1.057e+00;1.058e+00;4.837e-01;-1.530e-02;1.000e+01;5.183e-01;4.506e-03;1.051e+00;5.000e+01;5.000e+01
20.904400000;1.058e+00;5.366e-01;-1.704e-02;5.070e-01;-1.610e-02;1.057e+00;1.058e+00;4.830e-01;-1.534e-02;1.000e+01;5.175e-01;4.567e-03;1.051e+00;5.000e+01;5.000e+01
20.913400000;1.058e+00;5.363e-01;-1.706e-02;5.066e-01;-1.612e-02;1.057e+00;1.058e+00;4.826e-01;-1.535e-02;1.000e+01;5.172e-01;4.595e-03;1.051e+00;5.000e+01;5.000e+01
20.914400000;1.058e+00;5.362e-01;-1.706e-02;5.066e-01;-1.612e-02;1.057e+00;1.058e+00;4.826e-01;-1.536e-02;1.000e+01;5.171e-01;4.598e-03;1.051e+00;5.000e+01;5.000e+01
20.937400000;1.058e+00;5.354e-01;-1.710e-02;5.058e-01;-1.616e-02;1.057e+00;1.058e+00;4.818e-01;-1.539e-02;1.000e+01;5.164e-01;4.663e-03;1.051e+00;5.000e+01;5.000e+01
20.938400000;1.059e+00;5.353e-01;-1.711e-02;5.058e-01;-1.616e-02;1.057e+00;1.059e+00;4.818e-01;-1.540e-02;1.000e+01;5.163e-01;4.665e-03;1.051e+00;5.000e+01;5.000e+01
20.971400000;1.059e+00;5.343e-01;-1.716e-02;5.048e-01;-1.621e-02;1.057e+00;1.059e+00;4.809e-01;-1.545e-02;1.000e+01;5.154e-01;4.748e-03;1.051e+00;5.000e+01;5.000e+01
20.986400000;1.059e+00;5.339e-01;-1.718e-02;5.044e-01;-1.623e-02;1.057e+00;1.059e+00;4.805e-01;-1.547e-02;1.000e+01;5.150e-01;4.781e-03;1.051e+00;5.000e+01;5.000e+01
20.989400000;1.059e+00;5.339e-01;-1.719e-02;5.043e-01;-1.624e-02;1.057e+00;1.059e+00;4.805e-01;-1.547e-02;1.000e+01;5.149e-01;4.788e-03;1.051e+00;5.000e+01;5.000e+01
20.993400000;1.059e+00;5.338e-01;-1.720e-02;5.042e-01;-1.624e-02;1.057e+00;1.059e+00;4.804e-01;-1.548e-02;1.000e+01;5.149e-01;4.796e-03;1.051e+00;5.000e+01;5.000e+01
20.994400000;1.059e+00;5.337e-01;-1.720e-02;5.042e-01;-1.625e-02;1.057e+00;1.059e+00;4.804e-01;-1.548e-02;1.000e+01;5.148e-01;4.798e-03;1.051e+00;5.000e+01;5.000e+01
21.023400000;1.059e+00;5.331e-01;-1.724e-02;5.036e-01;-1.629e-02;1.057e+00;1.059e+00;4.798e-01;-1.551e-02;1.000e+01;5.143e-01;4.856e-03;1.051e+00;5.000e+01;5.000e+01
21.028400000;1.059e+00;5.330e-01;-1.725e-02;5.035e-01;-1.629e-02;1.057e+00;1.059e+00;4.797e-01;-1.552e-02;1.000e+01;5.142e-01;4.865e-03;1.051e+00;5.000e+01;5.000e+01
21.031400000;1.059e+00;5.330e-01;-1.725e-02;5.035e-01;-1.630e-02;1.057e+00;1.059e+00;4.797e-01;-1.553e-02;1.000e+01;5.141e-01;4.871e-03;1.051e+00;5.000e+01;5.000e+01
21.071400000;1.059e+00;5.324e-01;-1.730e-02;5.029e-01;-1.634e-02;1.057e+00;1.059e+00;4.791e-01;-1.557e-02;1.000e+01;5.136e-01;4.938e-03;1.051e+00;5.000e+01;5.000e+01
21.072400000;1.059e+00;5.324e-01;-1.730e-02;5.029e-01;-1.634e-02;1.057e+00;1.059e+00;4.791e-01;-1.557e-02;1.000e+01;5.136e-01;4.940e-03;1.051e+00;5.000e+01;5.000e+01
21.074400000;1.059e+00;5.323e-01;-1.730e-02;5.029e-01;-1.635e-02;1.057e+00;1.059e+00;4.791e-01;-1.557e-02;1.000e+01;5.136e-01;4.943e-03;1.051e+00;5.000e+01;5.000e+01
21.075400000;1.059e+00;5.323e-01;-1.731e-02;5.029e-01;-1.635e-02;1.057e+00;1.059e+00;4.791e-01;-1.558e-02;1.000e+01;5.135e-01;4.944e-03;1.051e+00;5.000e+01;5.000e+01
21.087400000;1.059e+00;5.322e-01;-1.732e-02;5.027e-01;-1.636e-02;1.057e+00;1.059e+00;4.790e-01;-1.559e-02;1.000e+01;5.134e-01;4.962e-03;1.051e+00;5.000e+01;5.000e+01
21.171400000;1.059e+00;5.316e-01;-1.742e-02;5.022e-01;-1.645e-02;1.057e+00;1.059e+00;4.784e-01;-1.568e-02;1.000e+01;5.129e-01;5.073e-03;1.051e+00;5.000e+01;5.000e+01
21.184400000;1.059e+00;5.316e-01;-1.743e-02;5.021e-01;-1.647e-02;1.057e+00;1.059e+00;4.784e-01;-1.569e-02;1.000e+01;5.129e-01;5.088e-03;1.051e+00;5.000e+01;5.000e+01
21.191400000;1.059e+00;5.315e-01;-1.744e-02;5.021e-01;-1.647e-02;1.057e+00;1.059e+00;4.784e-01;-1.569e-02;1.000e+01;5.129e-01;5.096e-03;1.051e+00;5.000e+01;5.000e+01
21.193400000;1.059e+00;5.315e-01;-1.744e-02;5.021e-01;-1.647e-02;1.057e+00;1.059e+00;4.784e-01;-1.570e-02;1.000e+01;5.128e-01;5.099e-03;1.051e+00;5.000e+01;5.000e+01
21.339400000;1.059e+00;5.316e-01;-1.760e-02;5.022e-01;-1.663e-02;1.057e+00;1.059e+00;4.784e-01;-1.584e-02;1.000e+01;5.130e-01;5.254e-03;1.051e+00;5.000e+01;5.000e+01
21.351400000;1.059e+00;5.316e-01;-1.761e-02;5.022e-01;-1.664e-02;1.057e+00;1.059e+00;4.785e-01;-1.585e-02;1.000e+01;5.130e-01;5.267e-03;1.051e+00;5.000e+01;5.000e+01
21.374400000;1.059e+00;5.317e-01;-1.764e-02;5.023e-01;-1.666e-02;1.057e+00;1.059e+00;4.785e-01;-1.588e-02;1.000e+01;5.131e-01;5.291e-03;1.051e+00;5.000e+01;5.000e+01
21.392400000;1.059e+00;5.318e-01;-1.766e-02;5.024e-01;-1.669e-02;1.057e+00;1.059e+00;4.786e-01;-1.589e-02;1.000e+01;5.131e-01;5.310e-03;1.051e+00;5.000e+01;5.000e+01
21.393400000;1.059e+00;5.318e-01;-1.766e-02;5.024e-01;-1.669e-02;1.057e+00;1.059e+00;4.786e-01;-1.590e-02;1.000e+01;5.131e-01;5.311e-03;1.051e+00;5.000e+01;5.000e+01
21.394400000;1.058e+00;5.318e-01;-1.766e-02;5.024e-01;-1.669e-02;1.057e+00;1.058e+00;4.786e-01;-1.590e-02;1.000e+01;5.131e-01;5.313e-03;1.051e+00;5.000e+01;5.000e+01
21.395400000;1.058e+00;5.318e-01;-1.766e-02;5.024e-01;-1.669e-02;1.057e+00;1.058e+00;4.786e-01;-1.590e-02;1.000e+01;5.131e-01;5.314e-03;1.051e+00;5.000e+01;5.000e+01
21.605400000;1.058e+00;5.325e-01;-1.794e-02;5.031e-01;-1.695e-02;1.057e+00;1.058e+00;4.792e-01;-1.615e-02;1.000e+01;5.138e-01;5.566e-03;1.051e+00;5.000e+01;5.000e+01
21.616400000;1.058e+00;5.325e-01;-1.796e-02;5.031e-01;-1.697e-02;1.057e+00;1.058e+00;4.792e-01;-1.616e-02;1.000e+01;5.139e-01;5.581e-03;1.051e+00;5.000e+01;5.000e+01
21.625400000;1.058e+00;5.325e-01;-1.797e-02;5.032e-01;-1.698e-02;1.057e+00;1.058e+00;4.793e-01;-1.618e-02;1.000e+01;5.139e-01;5.593e-03;1.051e+00;5.000e+01;5.000e+01
21.648400000;1.058e+00;5.326e-01;-1.801e-02;5.032e-01;-1.702e-02;1.057e+00;1.058e+00;4.793e-01;-1.621e-02;1.000e+01;5.140e-01;5.625e-03;1.051e+00;5.000e+01;5.000e+01
21.649400000;1.058e+00;5.326e-01;-1.801e-02;5.032e-01;-1.702e-02;1.056e+00;1.058e+00;4.793e-01;-1.621e-02;1.000e+01;5.140e-01;5.626e-03;1.051e+00;5.000e+01;5.000e+01
21.779400000;1.058e+00;5.329e-01;-1.822e-02;5.036e-01;-1.722e-02;1.056e+00;1.058e+00;4.796e-01;-1.640e-02;1.000e+01;5.143e-01;5.822e-03;1.051e+00;5.000e+01;5.000e+01
21.809400000;1.058e+00;5.329e-01;-1.828e-02;5.036e-01;-1.727e-02;1.056e+00;1.058e+00;4.797e-01;-1.645e-02;1.000e+01;5.144e-01;5.871e-03;1.051e+00;5.000e+01;5.000e+01
21.817400000;1.058e+00;5.330e-01;-1.829e-02;5.036e-01;-1.728e-02;1.056e+00;1.058e+00;4.797e-01;-1.646e-02;1.000e+01;5.144e-01;5.884e-03;1.051e+00;5.000e+01;5.000e+01
21.819400000;1.058e+00;5.330e-01;-1.829e-02;5.036e-01;-1.729e-02;1.056e+00;1.058e+00;4.797e-01;-1.647e-02;1.000e+01;5.144e-01;5.888e-03;1.051e+00;5.000e+01;5.000e+01
22.027400000;1.058e+00;5.332e-01;-1.869e-02;5.039e-01;-1.766e-02;1.056e+00;1.058e+00;4.799e-01;-1.682e-02;1.000e+01;5.147e-01;6.259e-03;1.051e+00;5.000e+01;5.000e+01
22.034400000;1.058e+00;5.332e-01;-1.871e-02;5.039e-01;-1.768e-02;1.056e+00;1.058e+00;4.799e-01;-1.683e-02;1.000e+01;5.147e-01;6.272e-03;1.051e+00;5.000e+01;5.000e+01
22.068400000;1.058e+00;5.332e-01;-1.877e-02;5.040e-01;-1.774e-02;1.056e+00;1.058e+00;4.799e-01;-1.690e-02;1.000e+01;5.147e-01;6.338e-03;1.051e+00;5.000e+01;5.000e+01
22.074400000;1.058e+00;5.332e-01;-1.879e-02;5.040e-01;-1.776e-02;1.056e+00;1.058e+00;4.799e-01;-1.691e-02;1.000e+01;5.147e-01;6.349e-03;1.051e+00;5.000e+01;5.000e+01
22.112400000;1.058e+00;5.332e-01;-1.887e-02;5.040e-01;-1.783e-02;1.056e+00;1.058e+00;4.799e-01;-1.698e-02;1.000e+01;5.148e-01;6.424e-03;1.051e+00;5.000e+01;5.000e+01
22.114400000;1.058e+00;5.333e-01;-1.887e-02;5.040e-01;-1.784e-02;1.056e+00;1.058e+00;4.799e-01;-1.698e-02;1.000e+01;5.148e-01;6.428e-03;1.051e+00;5.000e+01;5.000e+01
22.193400000;1.058e+00;5.333e-01;-1.904e-02;5.041e-01;-1.800e-02;1.056e+00;1.058e+00;4.800e-01;-1.714e-02;1.000e+01;5.148e-01;6.588e-03;1.051e+00;5.000e+01;5.000e+01
22.409400000;1.058e+00;5.333e-01;-1.952e-02;5.042e-01;-1.846e-02;1.056e+00;1.058e+00;4.800e-01;-1.757e-02;1.000e+01;5.149e-01;7.047e-03;1.051e+00;5.000e+01;5.000e+01
22.410400000;1.058e+00;5.333e-01;-1.953e-02;5.042e-01;-1.846e-02;1.055e+00;1.058e+00;4.800e-01;-1.757e-02;1.000e+01;5.149e-01;7.049e-03;1.051e+00;5.000e+01;5.000e+01
22.525400000;1.058e+00;5.333e-01;-1.980e-02;5.042e-01;-1.871e-02;1.055e+00;1.058e+00;4.800e-01;-1.782e-02;1.000e+01;5.150e-01;7.305e-03;1.051e+00;5.000e+01;5.000e+01
22.533400000;1.058e+00;5.333e-01;-1.981e-02;5.042e-01;-1.873e-02;1.055e+00;1.058e+00;4.800e-01;-1.783e-02;1.000e+01;5.150e-01;7.323e-03;1.051e+00;5.000e+01;5.000e+01
22.548400000;1.058e+00;5.333e-01;-1.985e-02;5.042e-01;-1.877e-02;1.055e+00;1.058e+00;4.800e-01;-1.786e-02;1.000e+01;5.150e-01;7.357e-03;1.051e+00;5.000e+01;5.000e+01
22.559400000;1.058e+00;5.333e-01;-1.988e-02;5.042e-01;-1.879e-02;1.055e+00;1.058e+00;4.800e-01;-1.789e-02;1.000e+01;5.150e-01;7.381e-03;1.051e+00;5.000e+01;5.000e+01
22.841400000;1.058e+00;5.333e-01;-2.056e-02;5.043e-01;-1.944e-02;1.055e+00;1.058e+00;4.800e-01;-1.851e-02;1.000e+01;5.151e-01;8.031e-03;1.051e+00;5.000e+01;5.000e+01
22.842400000;1.057e+00;5.333e-01;-2.056e-02;5.043e-01;-1.945e-02;1.055e+00;1.057e+00;4.800e-01;-1.851e-02;1.000e+01;5.151e-01;8.033e-03;1.051e+00;5.000e+01;5.000e+01
23.051400000;1.057e+00;5.333e-01;-2.108e-02;5.044e-01;-1.994e-02;1.055e+00;1.057e+00;4.800e-01;-1.897e-02;1.000e+01;5.152e-01;8.523e-03;1.051e+00;5.000e+01;5.000e+01
23.052400000;1.057e+00;5.333e-01;-2.108e-02;5.044e-01;-1.994e-02;1.054e+00;1.057e+00;4.800e-01;-1.898e-02;1.000e+01;5.152e-01;8.525e-03;1.051e+00;5.000e+01;5.000e+01
23.433400000;1.057e+00;5.333e-01;-2.202e-02;5.045e-01;-2.084e-02;1.054e+00;1.057e+00;4.800e-01;-1.982e-02;1.000e+01;5.153e-01;9.413e-03;1.051e+00;5.000e+01;5.000e+01
23.444400000;1.057e+00;5.333e-01;-2.205e-02;5.045e-01;-2.086e-02;1.054e+00;1.057e+00;4.800e-01;-1.985e-02;1.000e+01;5.153e-01;9.438e-03;1.051e+00;5.000e+01;5.000e+01
23.471400000;1.057e+00;5.333e-01;-2.212e-02;5.045e-01;-2.092e-02;1.054e+00;1.057e+00;4.800e-01;-1.990e-02;1.000e+01;5.153e-01;9.500e-03;1.051e+00;5.000e+01;5.000e+01
23.692400000;1.057e+00;5.333e-01;-2.264e-02;5.046e-01;-2.142e-02;1.054e+00;1.057e+00;4.800e-01;-2.038e-02;1.000e+01;5.154e-01;9.998e-03;1.051e+00;5.000e+01;5.000e+01
23.693400000;1.057e+00;5.333e-01;-2.264e-02;5.046e-01;-2.143e-02;1.053e+00;1.057e+00;4.800e-01;-2.038e-02;1.000e+01;5.154e-01;1.000e-02;1.051e+00;5.000e+01;5.000e+01
23.865400000;1.057e+00;5.333e-01;-2.304e-02;5.047e-01;-2.181e-02;1.053e+00;1.057e+00;4.800e-01;-2.074e-02;1.000e+01;5.155e-01;1.038e-02;1.051e+00;5.000e+01;5.000e+01
23.888400000;1.057e+00;5.333e-01;-2.309e-02;5.047e-01;-2.186e-02;1.053e+00;1.057e+00;4.800e-01;-2.079e-02;1.000e+01;5.155e-01;1.042e-02;1.051e+00;5.000e+01;5.000e+01
23.933400000;1.057e+00;5.333e-01;-2.320e-02;5.047e-01;-2.195e-02;1.053e+00;1.057e+00;4.800e-01;-2.088e-02;1.000e+01;5.155e-01;1.052e-02;1.051e+00;5.000e+01;5.000e+01
23.944400000;1.057e+00;5.333e-01;-2.322e-02;5.047e-01;-2.198e-02;1.053e+00;1.057e+00;4.800e-01;-2.090e-02;1.000e+01;5.155e-01;1.054e-02;1.051e+00;5.000e+01;5.000e+01
24.161400000;1.057e+00;5.333e-01;-2.369e-02;5.048e-01;-2.242e-02;1.053e+00;1.057e+00;4.800e-01;-2.132e-02;1.000e+01;5.156e-01;1.099e-02;1.051e+00;5.000e+01;5.000e+01
24.162400000;1.056e+00;5.333e-01;-2.369e-02;5.048e-01;-2.243e-02;1.053e+00;1.056e+00;4.800e-01;-2.132e-02;1.000e+01;5.156e-01;1.099e-02;1.051e+00;5.000e+01;5.000e+01
24.352400000;1.056e+00;5.333e-01;-2.408e-02;5.049e-01;-2.280e-02;1.053e+00;1.056e+00;4.800e-01;-2.167e-02;1.000e+01;5.157e-01;1.136e-02;1.051e+00;5.000e+01;5.000e+01
24.381400000;1.056e+00;5.333e-01;-2.414e-02;5.049e-01;-2.285e-02;1.053e+00;1.056e+00;4.800e-01;-2.173e-02;1.000e+01;5.157e-01;1.141e-02;1.051e+00;5.000e+01;5.000e+01
24.410400000;1.056e+00;5.333e-01;-2.420e-02;5.049e-01;-2.291e-02;1.053e+00;1.056e+00;4.800e-01;-2.178e-02;1.000e+01;5.157e-01;1.146e-02;1.051e+00;5.000e+01;5.000e+01
24.412400000;1.056e+00;5.333e-01;-2.420e-02;5.049e-01;-2.291e-02;1.053e+00;1.056e+00;4.800e-01;-2.178e-02;1.000e+01;5.157e-01;1.147e-02;1.051e+00;5.000e+01;5.000e+01
24.413400000;1.056e+00;5.333e-01;-2.420e-02;5.049e-01;-2.291e-02;1.052e+00;1.056e+00;4.800e-01;-2.178e-02;1.000e+01;5.157e-01;1.147e-02;1.051e+00;5.000e+01;5.000e+01
24.725400000;1.056e+00;5.333e-01;-2.477e-02;5.050e-01;-2.346e-02;1.052e+00;1.056e+00;4.800e-01;-2.229e-02;1.000e+01;5.158e-01;1.201e-02;1.051e+00;5.000e+01;5.000e+01
24.797400000;1.056e+00;5.333e-01;-2.489e-02;5.050e-01;-2.357e-02;1.052e+00;1.056e+00;4.800e-01;-2.241e-02;1.000e+01;5.158e-01;1.212e-02;1.051e+00;5.000e+01;5.000e+01
24.812400000;1.056e+00;5.333e-01;-2.492e-02;5.050e-01;-2.360e-02;1.052e+00;1.056e+00;4.800e-01;-2.243e-02;1.000e+01;5.158e-01;1.214e-02;1.051e+00;5.000e+01;5.000e+01
24.828400000;1.056e+00;5.333e-01;-2.495e-02;5.050e-01;-2.362e-02;1.052e+00;1.056e+00;4.800e-01;-2.245e-02;1.000e+01;5.158e-01;1.217e-02;1.051e+00;5.000e+01;5.000e+01
25.228400000;1.056e+00;5.333e-01;-2.554e-02;5.051e-01;-2.419e-02;1.052e+00;1.056e+00;4.800e-01;-2.298e-02;1.000e+01;5.159e-01;1.273e-02;1.051e+00;5.000e+01;5.000e+01
25.280400000;1.056e+00;5.333e-01;-2.561e-02;5.051e-01;-2.425e-02;1.052e+00;1.056e+00;4.800e-01;-2.304e-02;1.000e+01;5.159e-01;1.279e-02;1.051e+00;5.000e+01;5.000e+01
25.309400000;1.056e+00;5.333e-01;-2.564e-02;5.051e-01;-2.429e-02;1.052e+00;1.056e+00;4.800e-01;-2.308e-02;1.000e+01;5.159e-01;1.282e-02;1.051e+00;5.000e+01;5.000e+01
25.315400000;1.056e+00;5.333e-01;-2.565e-02;5.051e-01;-2.429e-02;1.052e+00;1.056e+00;4.800e-01;-2.309e-02;1.000e+01;5.159e-01;1.283e-02;1.051e+00;5.000e+01;5.000e+01
25.403552000;1.056e+00;5.333e-01;-2.576e-02;5.051e-01;-2.439e-02;1.052e+00;1.056e+00;4.800e-01;-2.318e-02;1.000e+01;5.159e-01;1.293e-02;1.051e+00;5.000e+01;5.000e+01
25.404552000;1.056e+00;5.333e-01;-2.576e-02;5.051e-01;-2.440e-02;1.051e+00;1.056e+00;4.800e-01;-2.318e-02;1.000e+01;5.159e-01;1.293e-02;1.051e+00;5.000e+01;5.000e+01
25.776149000;1.056e+00;5.333e-01;-2.617e-02;5.052e-01;-2.478e-02;1.051e+00;1.056e+00;4.800e-01;-2.355e-02;1.000e+01;5.160e-01;1.332e-02;1.051e+00;5.000e+01;5.000e+01
25.840149000;1.056e+00;5.333e-01;-2.623e-02;5.052e-01;-2.484e-02;1.051e+00;1.056e+00;4.800e-01;-2.361e-02;1.000e+01;5.160e-01;1.337e-02;1.051e+00;5.000e+01;5.000e+01
25.848149000;1.056e+00;5.333e-01;-2.624e-02;5.052e-01;-2.485e-02;1.051e+00;1.056e+00;4.800e-01;-2.361e-02;1.000e+01;5.160e-01;1.338e-02;1.051e+00;5.000e+01;5.000e+01
25.875149000;1.056e+00;5.333e-01;-2.626e-02;5.052e-01;-2.488e-02;1.051e+00;1.056e+00;4.800e-01;-2.363e-02;1.000e+01;5.160e-01;1.340e-02;1.051e+00;5.000e+01;5.000e+01
26.015149000;1.056e+00;5.333e-01;-2.638e-02;5.052e-01;-2.499e-02;1.051e+00;1.056e+00;4.800e-01;-2.374e-02;1.000e+01;5.161e-01;1.352e-02;1.051e+00;5.000e+01;5.000e+01
26.225149000;1.056e+00;5.333e-01;-2.654e-02;5.052e-01;-2.514e-02;1.051e+00;1.056e+00;4.800e-01;-2.389e-02;1.000e+01;5.161e-01;1.367e-02;1.051e+00;5.000e+01;5.000e+01
26.344149000;1.056e+00;5.333e-01;-2.662e-02;5.052e-01;-2.521e-02;1.051e+00;1.056e+00;4.800e-01;-2.395e-02;1.000e+01;5.161e-01;1.374e-02;1.051e+00;5.000e+01;5.000e+01
26.346149000;1.056e+00;5.333e-01;-2.662e-02;5.052e-01;-2.522e-02;1.051e+00;1.056e+00;4.800e-01;-2.396e-02;1.000e+01;5.161e-01;1.374e-02;1.051e+00;5.000e+01;5.000e+01
26.358149000;1.056e+00;5.333e-01;-2.662e-02;5.053e-01;-2.522e-02;1.051e+00;1.056e+00;4.800e-01;-2.396e-02;1.000e+01;5.161e-01;1.374e-02;1.051e+00;5.000e+01;5.000e+01
26.363149000;1.056e+00;5.333e-01;-2.663e-02;5.053e-01;-2.523e-02;1.051e+00;1.056e+00;4.800e-01;-2.396e-02;1.000e+01;5.161e-01;1.375e-02;1.051e+00;5.000e+01;5.000e+01
26.738149000;1.056e+00;5.333e-01;-2.680e-02;5.053e-01;-2.539e-02;1.051e+00;1.056e+00;4.800e-01;-2.412e-02;1.000e+01;5.161e-01;1.391e-02;1.051e+00;5.000e+01;5.000e+01
26.794149000;1.056e+00;5.333e-01;-2.682e-02;5.053e-01;-2.541e-02;1.051e+00;1.056e+00;4.800e-01;-2.413e-02;1.000e+01;5.161e-01;1.392e-02;1.051e+00;5.000e+01;5.000e+01
26.795149000;1.055e+00;5.333e-01;-2.682e-02;5.053e-01;-2.541e-02;1.051e+00;1.055e+00;4.800e-01;-2.414e-02;1.000e+01;5.161e-01;1.392e-02;1.051e+00;5.000e+01;5.000e+01
26.860149000;1.055e+00;5.333e-01;-2.684e-02;5.053e-01;-2.542e-02;1.051e+00;1.055e+00;4.800e-01;-2.415e-02;1.000e+01;5.161e-01;1.394e-02;1.051e+00;5.000e+01;5.000e+01
26.877149000;1.055e+00;5.333e-01;-2.684e-02;5.053e-01;-2.543e-02;1.051e+00;1.055e+00;4.800e-01;-2.416e-02;1.000e+01;5.161e-01;1.394e-02;1.051e+00;5.000e+01;5.000e+01
26.904149000;1.055e+00;5.333e-01;-2.685e-02;5.053e-01;-2.544e-02;1.051e+00;1.055e+00;4.800e-01;-2.416e-02;1.000e+01;5.161e-01;1.395e-02;1.051e+00;5.000e+01;5.000e+01
27.191149000;1.055e+00;5.333e-01;-2.689e-02;5.053e-01;-2.548e-02;1.051e+00;1.055e+00;4.800e-01;-2.421e-02;1.000e+01;5.161e-01;1.399e-02;1.051e+00;5.000e+01;5.000e+01
27.204149000;1.055e+00;5.333e-01;-2.690e-02;5.053e-01;-2.548e-02;1.051e+00;1.055e+00;4.800e-01;-2.421e-02;1.000e+01;5.161e-01;1.399e-02;1.051e+00;5.000e+01;5.000e+01
27.232149000;1.055e+00;5.333e-01;-2.690e-02;5.053e-01;-2.548e-02;1.051e+00;1.055e+00;4.800e-01;-2.421e-02;1.000e+01;5.161e-01;1.400e-02;1.051e+00;5.000e+01;5.000e+01
27.523149000;1.055e+00;5.333e-01;-2.690e-02;5.053e-01;-2.549e-02;1.051e+00;1.055e+00;4.800e-01;-2.421e-02;1.000e+01;5.161e-01;1.399e-02;1.051e+00;5.000e+01;5.000e+01
27.571149000;1.055e+00;5.333e-01;-2.690e-02;5.053e-01;-2.548e-02;1.051e+00;1.055e+00;4.800e-01;-2.421e-02;1.000e+01;5.161e-01;1.399e-02;1.051e+00;5.000e+01;5.000e+01
27.584149000;1.055e+00;5.333e-01;-2.689e-02;5.053e-01;-2.548e-02;1.051e+00;1.055e+00;4.800e-01;-2.421e-02;1.000e+01;5.161e-01;1.399e-02;1.051e+00;5.000e+01;5.000e+01
28.010149000;1.055e+00;5.333e-01;-2.683e-02;5.053e-01;-2.542e-02;1.051e+00;1.055e+00;4.800e-01;-2.414e-02;1.000e+01;5.161e-01;1.392e-02;1.051e+00;5.000e+01;5.000e+01
28.039149000;1.055e+00;5.333e-01;-2.682e-02;5.053e-01;-2.541e-02;1.051e+00;1.055e+00;4.800e-01;-2.414e-02;1.000e+01;5.161e-01;1.392e-02;1.051e+00;5.000e+01;5.000e+01
28.046149000;1.055e+00;5.333e-01;-2.682e-02;5.053e-01;-2.541e-02;1.051e+00;1.055e+00;4.800e-01;-2.414e-02;1.000e+01;5.161e-01;1.391e-02;1.051e+00;5.000e+01;5.000e+01
28.047149000;1.056e+00;5.333e-01;-2.682e-02;5.053e-01;-2.541e-02;1.051e+00;1.056e+00;4.800e-01;-2.414e-02;1.000e+01;5.161e-01;1.391e-02;1.051e+00;5.000e+01;5.000e+01
28.048149000;1.056e+00;5.333e-01;-2.682e-02;5.053e-01;-2.541e-02;1.051e+00;1.056e+00;4.800e-01;-2.414e-02;1.000e+01;5.161e-01;1.391e-02;1.051e+00;5.000e+01;5.000e+01
28.052149000;1.056e+00;5.333e-01;-2.682e-02;5.053e-01;-2.541e-02;1.051e+00;1.056e+00;4.800e-01;-2.413e-02;1.000e+01;5.161e-01;1.391e-02;1.051e+00;5.000e+01;5.000e+01
28.657149000;1.056e+00;5.333e-01;-2.663e-02;5.052e-01;-2.523e-02;1.051e+00;1.056e+00;4.800e-01;-2.396e-02;1.000e+01;5.161e-01;1.373e-02;1.051e+00;5.000e+01;5.000e+01
28.741149000;1.056e+00;5.333e-01;-2.660e-02;5.052e-01;-2.520e-02;1.051e+00;1.056e+00;4.800e-01;-2.394e-02;1.000e+01;5.161e-01;1.370e-02;1.051e+00;5.000e+01;5.000e+01
28.744149000;1.056e+00;5.333e-01;-2.659e-02;5.052e-01;-2.519e-02;1.051e+00;1.056e+00;4.800e-01;-2.394e-02;1.000e+01;5.161e-01;1.370e-02;1.051e+00;5.000e+01;5.000e+01
30.198149000;1.056e+00;5.333e-01;-2.602e-02;5.052e-01;-2.464e-02;1.051e+00;1.056e+00;4.800e-01;-2.342e-02;1.000e+01;5.160e-01;1.315e-02;1.051e+00;5.000e+01;5.000e+01
30.204149000;1.056e+00;5.333e-01;-2.602e-02;5.052e-01;-2.464e-02;1.051e+00;1.056e+00;4.800e-01;-2.341e-02;1.000e+01;5.160e-01;1.315e-02;1.051e+00;5.000e+01;5.000e+01
30.210149000;1.056e+00;5.333e-01;-2.601e-02;5.052e-01;-2.464e-02;1.051e+00;1.056e+00;4.800e-01;-2.341e-02;1.000e+01;5.160e-01;1.315e-02;1.051e+00;5.000e+01;5.000e+01
30.967414000;1.056e+00;5.333e-01;-2.576e-02;5.051e-01;-2.440e-02;1.051e+00;1.056e+00;4.800e-01;-2.318e-02;1.000e+01;5.159e-01;1.291e-02;1.051e+00;5.000e+01;5.000e+01
30.968414000;1.056e+00;5.333e-01;-2.576e-02;5.051e-01;-2.440e-02;1.052e+00;1.056e+00;4.800e-01;-2.318e-02;1.000e+01;5.159e-01;1.291e-02;1.051e+00;5.000e+01;5.000e+01
31.401521000;1.056e+00;5.333e-01;-2.562e-02;5.051e-01;-2.426e-02;1.052e+00;1.056e+00;4.800e-01;-2.306e-02;1.000e+01;5.159e-01;1.277e-02;1.051e+00;5.000e+01;5.000e+01
31.444521000;1.056e+00;5.333e-01;-2.561e-02;5.051e-01;-2.425e-02;1.052e+00;1.056e+00;4.800e-01;-2.304e-02;1.000e+01;5.159e-01;1.276e-02;1.051e+00;5.000e+01;5.000e+01
31.448521000;1.056e+00;5.333e-01;-2.560e-02;5.051e-01;-2.425e-02;1.052e+00;1.056e+00;4.800e-01;-2.304e-02;1.000e+01;5.159e-01;1.276e-02;1.051e+00;5.000e+01;5.000e+01
31.463521000;1.056e+00;5.333e-01;-2.560e-02;5.051e-01;-2.424e-02;1.052e+00;1.056e+00;4.800e-01;-2.304e-02;1.000e+01;5.159e-01;1.276e-02;1.051e+00;5.000e+01;5.000e+01
32.155521000;1.056e+00;5.333e-01;-2.544e-02;5.051e-01;-2.409e-02;1.052e+00;1.056e+00;4.800e-01;-2.289e-02;1.000e+01;5.159e-01;1.260e-02;1.051e+00;5.000e+01;5.000e+01
32.207521000;1.056e+00;5.333e-01;-2.543e-02;5.051e-01;-2.408e-02;1.052e+00;1.056e+00;4.800e-01;-2.288e-02;1.000e+01;5.159e-01;1.260e-02;1.051e+00;5.000e+01;5.000e+01
32.288521000;1.056e+00;5.333e-01;-2.541e-02;5.051e-01;-2.407e-02;1.052e+00;1.056e+00;4.800e-01;-2.287e-02;1.000e+01;5.159e-01;1.258e-02;1.051e+00;5.000e+01;5.000e+01
32.309521000;1.056e+00;5.333e-01;-2.541e-02;5.051e-01;-2.406e-02;1.052e+00;1.056e+00;4.800e-01;-2.287e-02;1.000e+01;5.159e-01;1.258e-02;1.051e+00;5.000e+01;5.000e+01
33.041521000;1.056e+00;5.333e-01;-2.534e-02;5.050e-01;-2.400e-02;1.052e+00;1.056e+00;4.800e-01;-2.280e-02;1.000e+01;5.159e-01;1.252e-02;1.051e+00;5.000e+01;5.000e+01
33.045521000;1.056e+00;5.333e-01;-2.534e-02;5.050e-01;-2.400e-02;1.052e+00;1.056e+00;4.800e-01;-2.280e-02;1.000e+01;5.159e-01;1.251e-02;1.051e+00;5.000e+01;5.000e+01
33.067521000;1.056e+00;5.333e-01;-2.534e-02;5.050e-01;-2.399e-02;1.052e+00;1.056e+00;4.800e-01;-2.280e-02;1.000e+01;5.159e-01;1.251e-02;1.051e+00;5.000e+01;5.000e+01
33.162521000;1.056e+00;5.333e-01;-2.533e-02;5.050e-01;-2.399e-02;1.052e+00;1.056e+00;4.800e-01;-2.280e-02;1.000e+01;5.159e-01;1.251e-02;1.051e+00;5.000e+01;5.000e+01
33.213521000;1.056e+00;5.333e-01;-2.533e-02;5.050e-01;-2.399e-02;1.052e+00;1.056e+00;4.800e-01;-2.280e-02;1.000e+01;5.159e-01;1.251e-02;1.051e+00;5.000e+01;5.000e+01
34.114521000;1.056e+00;5.333e-01;-2.536e-02;5.051e-01;-2.401e-02;1.052e+00;1.056e+00;4.800e-01;-2.282e-02;1.000e+01;5.159e-01;1.253e-02;1.051e+00;5.000e+01;5.000e+01
34.245521000;1.056e+00;5.333e-01;-2.537e-02;5.051e-01;-2.402e-02;1.052e+00;1.056e+00;4.800e-01;-2.283e-02;1.000e+01;5.159e-01;1.255e-02;1.051e+00;5.000e+01;5.000e+01
34.272521000;1.056e+00;5.333e-01;-2.537e-02;5.051e-01;-2.403e-02;1.052e+00;1.056e+00;4.800e-01;-2.283e-02;1.000e+01;5.159e-01;1.255e-02;1.051e+00;5.000e+01;5.000e+01
34.311521000;1.056e+00;5.333e-01;-2.537e-02;5.051e-01;-2.403e-02;1.052e+00;1.056e+00;4.800e-01;-2.284e-02;1.000e+01;5.159e-01;1.255e-02;1.051e+00;5.000e+01;5.000e+01
36.644521000;1.056e+00;5.333e-01;-2.564e-02;5.051e-01;-2.429e-02;1.052e+00;1.056e+00;4.800e-01;-2.308e-02;1.000e+01;5.159e-01;1.280e-02;1.051e+00;5.000e+01;5.000e+01
36.676521000;1.056e+00;5.333e-01;-2.565e-02;5.051e-01;-2.429e-02;1.052e+00;1.056e+00;4.800e-01;-2.308e-02;1.000e+01;5.159e-01;1.281e-02;1.051e+00;5.000e+01;5.000e+01
36.720521000;1.056e+00;5.333e-01;-2.565e-02;5.051e-01;-2.429e-02;1.052e+00;1.056e+00;4.800e-01;-2.309e-02;1.000e+01;5.159e-01;1.281e-02;1.051e+00;5.000e+01;5.000e+01
36.757521000;1.056e+00;5.333e-01;-2.565e-02;5.051e-01;-2.430e-02;1.052e+00;1.056e+00;4.800e-01;-2.309e-02;1.000e+01;5.159e-01;1.282e-02;1.051e+00;5.000e+01;5.000e+01
38.068451000;1.056e+00;5.333e-01;-2.576e-02;5.051e-01;-2.440e-02;1.052e+00;1.056e+00;4.800e-01;-2.318e-02;1.000e+01;5.159e-01;1.291e-02;1.051e+00;5.000e+01;5.000e+01
38.069451000;1.056e+00;5.333e-01;-2.576e-02;5.051e-01;-2.440e-02;1.051e+00;1.056e+00;4.800e-01;-2.318e-02;1.000e+01;5.159e-01;1.291e-02;1.051e+00;5.000e+01;5.000e+01
38.216451000;1.056e+00;5.333e-01;-2.577e-02;5.051e-01;-2.441e-02;1.051e+00;1.056e+00;4.800e-01;-2.319e-02;1.000e+01;5.159e-01;1.292e-02;1.051e+00;5.000e+01;5.000e+01
38.285451000;1.056e+00;5.333e-01;-2.577e-02;5.051e-01;-2.441e-02;1.051e+00;1.056e+00;4.800e-01;-2.320e-02;1.000e+01;5.159e-01;1.293e-02;1.051e+00;5.000e+01;5.000e+01
38.338451000;1.056e+00;5.333e-01;-2.578e-02;5.051e-01;-2.441e-02;1.051e+00;1.056e+00;4.800e-01;-2.320e-02;1.000e+01;5.159e-01;1.293e-02;1.051e+00;5.000e+01;5.000e+01
38.424451000;1.056e+00;5.333e-01;-2.578e-02;5.051e-01;-2.442e-02;1.051e+00;1.056e+00;4.800e-01;-2.320e-02;1.000e+01;5.159e-01;1.294e-02;1.051e+00;5.000e+01;5.000e+01
40.124451000;1.056e+00;5.333e-01;-2.586e-02;5.051e-01;-2.450e-02;1.051e+00;1.056e+00;4.800e-01;-2.328e-02;1.000e+01;5.160e-01;1.301e-02;1.051e+00;5.000e+01;5.000e+01
40.220451000;1.056e+00;5.333e-01;-2.587e-02;5.051e-01;-2.450e-02;1.051e+00;1.056e+00;4.800e-01;-2.328e-02;1.000e+01;5.160e-01;1.301e-02;1.051e+00;5.000e+01;5.000e+01
40.422451000;1.056e+00;5.333e-01;-2.587e-02;5.051e-01;-2.450e-02;1.051e+00;1.056e+00;4.800e-01;-2.329e-02;1.000e+01;5.160e-01;1.302e-02;1.051e+00;5.000e+01;5.000e+01
42.511451000;1.056e+00;5.333e-01;-2.591e-02;5.051e-01;-2.455e-02;1.051e+00;1.056e+00;4.800e-01;-2.332e-02;1.000e+01;5.160e-01;1.306e-02;1.051e+00;5.000e+01;5.000e+01
42.620451000;1.056e+00;5.333e-01;-2.592e-02;5.051e-01;-2.455e-02;1.051e+00;1.056e+00;4.800e-01;-2.332e-02;1.000e+01;5.160e-01;1.306e-02;1.051e+00;5.000e+01;5.000e+01
42.868451000;1.056e+00;5.333e-01;-2.592e-02;5.051e-01;-2.455e-02;1.051e+00;1.056e+00;4.800e-01;-2.333e-02;1.000e+01;5.160e-01;1.306e-02;1.051e+00;5.000e+01;5.000e+01
43.006451000;1.056e+00;5.333e-01;-2.592e-02;5.051e-01;-2.455e-02;1.051e+00;1.056e+00;4.800e-01;-2.333e-02;1.000e+01;5.160e-01;1.307e-02;1.051e+00;5.000e+01;5.000e+01
100.000000000;1.056e+00;5.333e-01;-2.589e-02;5.051e-01;-2.453e-02;1.051e+00;1.056e+00;4.800e-01;-2.330e-02;1.000e+01;5.160e-01;1.304e-02;1.051e+00;5.000e+01;5.000e+01
