time;BusPDR_BUS_Voltage;BusPDR_BUS_ActivePower;BusPDR_BUS_ReactivePower;BusPDR_BUS_ActiveCurrent;BusPDR_BUS_ReactiveCurrent;Measurements_BUS_Voltage;Measurements_BUS_ActivePower;Measurements_BUS_ReactivePower;StepUp_Xfmr_XFMR_Tap;Wind_Turbine_GEN_ActivePowerSetpointPu;Wind_Turbine_GEN_ReactivePowerSetpointPu;Wind_Turbine_GEN_AVRSetpointPu;Wind_Turbine_GEN_InjectedActiveCurrent;Wind_Turbine_GEN_InjectedReactiveCurrent
0.000000000;1.044e+00;8.333e-01;-1.283e-08;7.979e-01;-2.886e-08;1.044e+00;7.500e-01;1.833e-09;1.000e+01;8.335e-01;1.556e-02;1.556e-02;7.977e-01;-1.490e-02
0.000014000;1.044e+00;8.332e-01;-2.779e-05;7.978e-01;-2.659e-05;1.044e+00;7.499e-01;-2.500e-05;1.000e+01;8.335e-01;1.556e-02;1.556e-02;5.583e-01;-1.496e-02
0.002170000;1.045e+00;7.984e-01;-4.632e-03;7.637e-01;-4.431e-03;1.045e+00;7.186e-01;-4.169e-03;1.000e+01;8.335e-01;1.556e-02;1.556e-02;6.576e-01;-3.606e-02
0.003152000;1.046e+00;7.839e-01;-5.142e-03;7.491e-01;-4.914e-03;1.046e+00;7.055e-01;-4.628e-03;1.000e+01;8.335e-01;1.556e-02;1.556e-02;7.002e-01;-4.217e-02
0.003741000;1.047e+00;7.768e-01;-4.994e-03;7.419e-01;-4.770e-03;1.047e+00;6.991e-01;-4.495e-03;1.000e+01;8.335e-01;1.556e-02;1.556e-02;7.212e-01;-4.379e-02
0.003937000;1.047e+00;7.748e-01;-4.883e-03;7.398e-01;-4.663e-03;1.047e+00;6.973e-01;-4.395e-03;1.000e+01;8.335e-01;1.556e-02;1.556e-02;7.273e-01;-4.400e-02
0.004133000;1.047e+00;7.729e-01;-4.744e-03;7.379e-01;-4.530e-03;1.047e+00;6.956e-01;-4.270e-03;1.000e+01;8.335e-01;1.556e-02;1.556e-02;7.330e-01;-4.405e-02
0.005115000;1.048e+00;7.658e-01;-3.733e-03;7.305e-01;-3.561e-03;1.048e+00;6.892e-01;-3.360e-03;1.000e+01;8.335e-01;1.556e-02;1.556e-02;7.544e-01;-4.220e-02
0.005311000;1.049e+00;7.648e-01;-3.487e-03;7.294e-01;-3.325e-03;1.049e+00;6.884e-01;-3.138e-03;1.000e+01;8.335e-01;1.556e-02;1.556e-02;7.573e-01;-4.148e-02
0.005409000;1.049e+00;7.644e-01;-3.359e-03;7.290e-01;-3.203e-03;1.049e+00;6.880e-01;-3.023e-03;1.000e+01;8.335e-01;1.556e-02;1.556e-02;7.586e-01;-4.109e-02
0.006096000;1.049e+00;7.623e-01;-2.423e-03;7.266e-01;-2.310e-03;1.049e+00;6.861e-01;-2.181e-03;1.000e+01;8.335e-01;1.556e-02;1.556e-02;7.651e-01;-3.776e-02
0.006587000;1.050e+00;7.617e-01;-1.742e-03;7.258e-01;-1.660e-03;1.050e+00;6.855e-01;-1.568e-03;1.000e+01;8.335e-01;1.556e-02;1.556e-02;7.671e-01;-3.497e-02
0.006784000;1.050e+00;7.616e-01;-1.473e-03;7.256e-01;-1.404e-03;1.050e+00;6.855e-01;-1.326e-03;1.000e+01;8.335e-01;1.556e-02;1.556e-02;7.674e-01;-3.379e-02
0.006980000;1.050e+00;7.616e-01;-1.209e-03;7.256e-01;-1.152e-03;1.050e+00;6.855e-01;-1.088e-03;1.000e+01;8.335e-01;1.556e-02;1.556e-02;7.674e-01;-3.259e-02
0.007824000;1.050e+00;7.625e-01;-1.556e-04;7.261e-01;-1.481e-04;1.050e+00;6.862e-01;-1.400e-04;1.000e+01;8.335e-01;1.556e-02;1.556e-02;7.649e-01;-2.738e-02
0.008001000;1.050e+00;7.628e-01;4.444e-05;7.263e-01;4.232e-05;1.050e+00;6.865e-01;4.000e-05;1.000e+01;8.335e-01;1.556e-02;1.556e-02;7.640e-01;-2.631e-02
0.008354000;1.050e+00;7.635e-01;4.167e-04;7.270e-01;3.967e-04;1.050e+00;6.872e-01;3.750e-04;1.000e+01;8.335e-01;1.556e-02;1.556e-02;7.619e-01;-2.423e-02
0.008884000;1.050e+00;7.647e-01;9.033e-04;7.280e-01;8.600e-04;1.050e+00;6.883e-01;8.130e-04;1.000e+01;8.335e-01;1.556e-02;1.556e-02;7.581e-01;-2.129e-02
0.011711000;1.050e+00;7.711e-01;2.056e-03;7.341e-01;1.957e-03;1.050e+00;6.940e-01;1.850e-03;1.000e+01;8.335e-01;1.556e-02;1.556e-02;7.372e-01;-1.132e-02
0.011888000;1.050e+00;7.713e-01;2.060e-03;7.343e-01;1.961e-03;1.050e+00;6.942e-01;1.854e-03;1.000e+01;8.335e-01;1.556e-02;1.556e-02;7.362e-01;-1.103e-02
0.012065000;1.050e+00;7.716e-01;2.057e-03;7.346e-01;1.958e-03;1.050e+00;6.944e-01;1.851e-03;1.000e+01;8.335e-01;1.556e-02;1.556e-02;7.353e-01;-1.078e-02
0.012241000;1.050e+00;7.718e-01;2.049e-03;7.348e-01;1.951e-03;1.050e+00;6.946e-01;1.844e-03;1.000e+01;8.335e-01;1.556e-02;1.556e-02;7.344e-01;-1.056e-02
0.013478000;1.050e+00;7.728e-01;1.873e-03;7.359e-01;1.784e-03;1.050e+00;6.955e-01;1.686e-03;1.000e+01;8.335e-01;1.556e-02;1.556e-02;7.301e-01;-9.795e-03
0.013655000;1.050e+00;7.729e-01;1.837e-03;7.360e-01;1.749e-03;1.050e+00;6.956e-01;1.653e-03;1.000e+01;8.335e-01;1.556e-02;1.556e-02;7.297e-01;-9.782e-03
0.014715000;1.050e+00;7.730e-01;1.579e-03;7.361e-01;1.504e-03;1.050e+00;6.957e-01;1.421e-03;1.000e+01;8.335e-01;1.556e-02;1.556e-02;7.284e-01;-1.005e-02
0.014892000;1.050e+00;7.729e-01;1.533e-03;7.361e-01;1.460e-03;1.050e+00;6.956e-01;1.380e-03;1.000e+01;8.335e-01;1.556e-02;1.556e-02;7.283e-01;-1.013e-02
0.015068000;1.050e+00;7.729e-01;1.488e-03;7.361e-01;1.417e-03;1.050e+00;6.956e-01;1.339e-03;1.000e+01;8.335e-01;1.556e-02;1.556e-02;7.283e-01;-1.023e-02
0.016305000;1.050e+00;7.723e-01;1.184e-03;7.356e-01;1.128e-03;1.050e+00;6.951e-01;1.066e-03;1.000e+01;8.335e-01;1.556e-02;1.556e-02;7.287e-01;-1.103e-02
0.019486000;1.050e+00;7.704e-01;6.922e-04;7.338e-01;6.593e-04;1.050e+00;6.934e-01;6.230e-04;1.000e+01;8.335e-01;1.556e-02;1.556e-02;7.319e-01;-1.274e-02
0.020758000;1.050e+00;7.699e-01;6.144e-04;7.333e-01;5.853e-04;1.050e+00;6.929e-01;5.530e-04;1.000e+01;8.335e-01;1.556e-02;1.556e-02;7.328e-01;-1.299e-02
0.021394000;1.050e+00;7.697e-01;5.922e-04;7.331e-01;5.641e-04;1.050e+00;6.927e-01;5.330e-04;1.000e+01;8.335e-01;1.556e-02;1.556e-02;7.330e-01;-1.304e-02
0.021712000;1.050e+00;7.696e-01;5.833e-04;7.330e-01;5.556e-04;1.050e+00;6.927e-01;5.250e-04;1.000e+01;8.335e-01;1.556e-02;1.556e-02;7.331e-01;-1.305e-02
0.022666000;1.050e+00;7.694e-01;5.678e-04;7.328e-01;5.408e-04;1.050e+00;6.925e-01;5.110e-04;1.000e+01;8.335e-01;1.556e-02;1.556e-02;7.332e-01;-1.302e-02
0.022984000;1.050e+00;7.694e-01;5.633e-04;7.328e-01;5.366e-04;1.050e+00;6.924e-01;5.070e-04;1.000e+01;8.335e-01;1.556e-02;1.556e-02;7.332e-01;-1.300e-02
0.023302000;1.050e+00;7.693e-01;5.611e-04;7.328e-01;5.344e-04;1.050e+00;6.924e-01;5.050e-04;1.000e+01;8.335e-01;1.556e-02;1.556e-02;7.331e-01;-1.298e-02
0.032207000;1.050e+00;7.686e-01;4.033e-04;7.320e-01;3.842e-04;1.050e+00;6.917e-01;3.630e-04;1.000e+01;8.335e-01;1.556e-02;1.556e-02;7.312e-01;-1.267e-02
0.078654000;1.050e+00;7.645e-01;-5.889e-05;7.281e-01;-5.608e-05;1.050e+00;6.881e-01;-5.301e-05;1.000e+01;8.335e-01;1.556e-02;1.556e-02;7.277e-01;-1.229e-02
0.081654000;1.050e+00;7.643e-01;-7.333e-05;7.279e-01;-6.984e-05;1.050e+00;6.879e-01;-6.601e-05;1.000e+01;8.335e-01;1.556e-02;1.556e-02;7.274e-01;-1.227e-02
0.082654000;1.050e+00;7.643e-01;-7.778e-05;7.278e-01;-7.407e-05;1.050e+00;6.878e-01;-7.001e-05;1.000e+01;8.335e-01;1.556e-02;1.556e-02;7.274e-01;-1.227e-02
0.086654000;1.050e+00;7.640e-01;-9.667e-05;7.276e-01;-9.206e-05;1.050e+00;6.876e-01;-8.701e-05;1.000e+01;8.335e-01;1.556e-02;1.556e-02;7.271e-01;-1.224e-02
0.088654000;1.050e+00;7.638e-01;-1.056e-04;7.274e-01;-1.005e-04;1.050e+00;6.874e-01;-9.501e-05;1.000e+01;8.335e-01;1.556e-02;1.556e-02;7.270e-01;-1.222e-02
0.128654000;1.050e+00;7.613e-01;-2.700e-04;7.249e-01;-2.571e-04;1.050e+00;6.852e-01;-2.430e-04;1.000e+01;8.335e-01;1.556e-02;1.556e-02;7.245e-01;-1.198e-02
0.158654000;1.050e+00;7.597e-01;-3.722e-04;7.234e-01;-3.544e-04;1.050e+00;6.837e-01;-3.350e-04;1.000e+01;8.335e-01;1.556e-02;1.556e-02;7.230e-01;-1.183e-02
0.167654000;1.050e+00;7.593e-01;-4.000e-04;7.229e-01;-3.809e-04;1.050e+00;6.834e-01;-3.600e-04;1.000e+01;8.335e-01;1.556e-02;1.556e-02;7.226e-01;-1.179e-02
0.172654000;1.050e+00;7.590e-01;-4.156e-04;7.227e-01;-3.957e-04;1.050e+00;6.831e-01;-3.740e-04;1.000e+01;8.335e-01;1.556e-02;1.556e-02;7.224e-01;-1.176e-02
0.200654000;1.050e+00;7.578e-01;-4.922e-04;7.215e-01;-4.686e-04;1.050e+00;6.821e-01;-4.430e-04;1.000e+01;8.335e-01;1.556e-02;1.556e-02;7.212e-01;-1.165e-02
0.248654000;1.050e+00;7.561e-01;-6.000e-04;7.199e-01;-5.712e-04;1.050e+00;6.805e-01;-5.400e-04;1.000e+01;8.335e-01;1.556e-02;1.556e-02;7.196e-01;-1.149e-02
0.251654000;1.050e+00;7.561e-01;-6.056e-04;7.198e-01;-5.765e-04;1.050e+00;6.804e-01;-5.450e-04;1.000e+01;8.335e-01;1.556e-02;1.556e-02;7.195e-01;-1.148e-02
0.262654000;1.050e+00;7.557e-01;-6.267e-04;7.194e-01;-5.966e-04;1.050e+00;6.802e-01;-5.640e-04;1.000e+01;8.335e-01;1.556e-02;1.556e-02;7.192e-01;-1.145e-02
0.287654000;1.050e+00;7.550e-01;-6.689e-04;7.188e-01;-6.368e-04;1.050e+00;6.795e-01;-6.020e-04;1.000e+01;8.335e-01;1.556e-02;1.556e-02;7.185e-01;-1.139e-02
0.329654000;1.050e+00;7.541e-01;-7.267e-04;7.178e-01;-6.917e-04;1.050e+00;6.787e-01;-6.540e-04;1.000e+01;8.335e-01;1.556e-02;1.556e-02;7.176e-01;-1.130e-02
0.330654000;1.051e+00;7.540e-01;-7.278e-04;7.178e-01;-6.928e-04;1.051e+00;6.786e-01;-6.550e-04;1.000e+01;8.335e-01;1.556e-02;1.556e-02;7.176e-01;-1.130e-02
0.364654000;1.051e+00;7.534e-01;-7.656e-04;7.171e-01;-7.287e-04;1.051e+00;6.780e-01;-6.890e-04;1.000e+01;8.335e-01;1.556e-02;1.556e-02;7.170e-01;-1.124e-02
0.442654000;1.051e+00;7.522e-01;-8.244e-04;7.160e-01;-7.847e-04;1.051e+00;6.770e-01;-7.420e-04;1.000e+01;8.335e-01;1.556e-02;1.556e-02;7.159e-01;-1.115e-02
0.459654000;1.051e+00;7.521e-01;-8.322e-04;7.158e-01;-7.921e-04;1.051e+00;6.768e-01;-7.490e-04;1.000e+01;8.335e-01;1.556e-02;1.556e-02;7.157e-01;-1.113e-02
0.467654000;1.051e+00;7.520e-01;-8.367e-04;7.157e-01;-7.964e-04;1.051e+00;6.768e-01;-7.530e-04;1.000e+01;8.335e-01;1.556e-02;1.556e-02;7.156e-01;-1.113e-02
0.495654000;1.051e+00;7.517e-01;-8.467e-04;7.155e-01;-8.059e-04;1.051e+00;6.765e-01;-7.620e-04;1.000e+01;8.335e-01;1.556e-02;1.556e-02;7.153e-01;-1.111e-02
0.638654000;1.051e+00;7.508e-01;-8.656e-04;7.145e-01;-8.238e-04;1.051e+00;6.757e-01;-7.790e-04;1.000e+01;8.335e-01;1.556e-02;1.556e-02;7.144e-01;-1.106e-02
0.725654000;1.051e+00;7.504e-01;-8.544e-04;7.142e-01;-8.132e-04;1.051e+00;6.754e-01;-7.690e-04;1.000e+01;8.335e-01;1.556e-02;1.556e-02;7.141e-01;-1.106e-02
0.747654000;1.051e+00;7.504e-01;-8.500e-04;7.142e-01;-8.090e-04;1.051e+00;6.753e-01;-7.650e-04;1.000e+01;8.335e-01;1.556e-02;1.556e-02;7.141e-01;-1.106e-02
0.754654000;1.051e+00;7.504e-01;-8.489e-04;7.141e-01;-8.079e-04;1.051e+00;6.753e-01;-7.640e-04;1.000e+01;8.335e-01;1.556e-02;1.556e-02;7.141e-01;-1.106e-02
0.799654000;1.051e+00;7.503e-01;-8.367e-04;7.140e-01;-7.963e-04;1.051e+00;6.752e-01;-7.530e-04;1.000e+01;8.335e-01;1.556e-02;1.556e-02;7.139e-01;-1.107e-02
1.601654000;1.051e+00;7.499e-01;-4.578e-04;7.135e-01;-4.356e-04;1.051e+00;6.749e-01;-4.120e-04;1.000e+01;8.335e-01;1.556e-02;1.556e-02;7.135e-01;-1.142e-02
3.859654000;1.051e+00;7.499e-01;9.689e-04;7.131e-01;9.214e-04;1.051e+00;6.749e-01;8.720e-04;1.000e+01;8.335e-01;1.556e-02;1.556e-02;7.130e-01;-1.275e-02
3.860654000;1.052e+00;7.499e-01;9.700e-04;7.131e-01;9.225e-04;1.052e+00;6.749e-01;8.730e-04;1.000e+01;8.335e-01;1.556e-02;1.556e-02;7.130e-01;-1.275e-02
8.408654000;1.052e+00;7.499e-01;2.931e-03;7.126e-01;2.785e-03;1.052e+00;6.749e-01;2.638e-03;1.000e+01;8.335e-01;1.556e-02;1.556e-02;7.124e-01;-1.458e-02
8.955654000;1.052e+00;7.499e-01;3.042e-03;7.126e-01;2.891e-03;1.052e+00;6.749e-01;2.738e-03;1.000e+01;8.335e-01;1.556e-02;1.556e-02;7.124e-01;-1.469e-02
9.185654000;1.052e+00;7.499e-01;3.083e-03;7.125e-01;2.930e-03;1.052e+00;6.749e-01;2.775e-03;1.000e+01;8.335e-01;1.556e-02;1.556e-02;7.124e-01;-1.472e-02
9.657654000;1.052e+00;7.499e-01;3.154e-03;7.125e-01;2.997e-03;1.052e+00;6.749e-01;2.839e-03;1.000e+01;8.335e-01;1.556e-02;1.556e-02;7.124e-01;-1.479e-02
9.666654000;1.052e+00;7.499e-01;3.156e-03;7.125e-01;2.998e-03;1.052e+00;6.749e-01;2.840e-03;1.000e+01;8.335e-01;1.556e-02;1.556e-02;7.124e-01;-1.479e-02
9.682654000;1.052e+00;7.499e-01;3.158e-03;7.125e-01;3.001e-03;1.052e+00;6.749e-01;2.842e-03;1.000e+01;8.335e-01;1.556e-02;1.556e-02;7.124e-01;-1.479e-02
29.999994000;1.052e+00;7.499e-01;3.146e-03;7.125e-01;2.989e-03;1.052e+00;6.749e-01;2.831e-03;1.000e+01;8.335e-01;1.556e-02;1.556e-02;7.124e-01;-1.478e-02
29.999994000;6.835e-01;3.818e-01;-6.290e-01;5.586e-01;-9.203e-01;6.835e-01;3.436e-01;-5.661e-01;1.000e+01;8.335e-01;1.556e-02;1.556e-02;5.253e-01;1.300e+00
29.999995000;6.834e-01;3.817e-01;-6.290e-01;5.586e-01;-9.205e-01;6.834e-01;3.436e-01;-5.661e-01;1.000e+01;8.335e-01;1.556e-02;1.556e-02;5.255e-01;1.300e+00
30.001514000;6.178e-01;3.182e-01;-6.714e-01;5.150e-01;-1.087e+00;6.178e-01;2.864e-01;-6.043e-01;1.000e+01;8.335e-01;1.556e-02;1.556e-02;7.218e-01;1.300e+00
30.001790000;6.069e-01;3.097e-01;-6.761e-01;5.103e-01;-1.114e+00;6.069e-01;2.787e-01;-6.085e-01;1.000e+01;8.335e-01;1.556e-02;1.556e-02;7.452e-01;1.300e+00
30.002250000;5.893e-01;2.973e-01;-6.823e-01;5.046e-01;-1.158e+00;5.893e-01;2.676e-01;-6.141e-01;1.000e+01;8.335e-01;1.556e-02;1.556e-02;7.773e-01;1.300e+00
30.002342000;5.858e-01;2.951e-01;-6.833e-01;5.038e-01;-1.166e+00;5.858e-01;2.656e-01;-6.150e-01;1.000e+01;8.335e-01;1.556e-02;1.556e-02;7.828e-01;1.300e+00
30.002526000;5.790e-01;2.909e-01;-6.851e-01;5.024e-01;-1.183e+00;5.790e-01;2.618e-01;-6.166e-01;1.000e+01;8.335e-01;1.556e-02;1.556e-02;7.929e-01;1.300e+00
30.002894000;5.658e-01;2.834e-01;-6.878e-01;5.009e-01;-1.216e+00;5.658e-01;2.551e-01;-6.190e-01;1.000e+01;8.335e-01;1.556e-02;1.556e-02;8.101e-01;1.300e+00
30.003035000;5.609e-01;2.808e-01;-6.886e-01;5.006e-01;-1.228e+00;5.609e-01;2.527e-01;-6.197e-01;1.000e+01;8.335e-01;1.556e-02;1.556e-02;8.156e-01;1.300e+00
30.003323000;5.509e-01;2.759e-01;-6.897e-01;5.008e-01;-1.252e+00;5.509e-01;2.483e-01;-6.208e-01;1.000e+01;8.335e-01;1.556e-02;1.556e-02;8.253e-01;1.300e+00
30.003952000;5.302e-01;2.671e-01;-6.904e-01;5.038e-01;-1.302e+00;5.302e-01;2.404e-01;-6.213e-01;1.000e+01;8.335e-01;1.556e-02;1.556e-02;8.401e-01;1.300e+00
30.004092000;5.257e-01;2.654e-01;-6.902e-01;5.049e-01;-1.313e+00;5.257e-01;2.389e-01;-6.212e-01;1.000e+01;8.335e-01;1.556e-02;1.556e-02;8.424e-01;1.300e+00
30.004302000;5.191e-01;2.631e-01;-6.898e-01;5.069e-01;-1.329e+00;5.191e-01;2.368e-01;-6.208e-01;1.000e+01;8.335e-01;1.556e-02;1.556e-02;8.452e-01;1.300e+00
30.004931000;5.001e-01;2.572e-01;-6.871e-01;5.143e-01;-1.374e+00;5.001e-01;2.315e-01;-6.184e-01;1.000e+01;8.335e-01;1.556e-02;1.556e-02;8.499e-01;1.300e+00
30.005001000;4.980e-01;2.566e-01;-6.867e-01;5.153e-01;-1.379e+00;4.980e-01;2.310e-01;-6.181e-01;1.000e+01;8.335e-01;1.556e-02;1.556e-02;8.502e-01;1.300e+00
30.005140000;4.940e-01;2.555e-01;-6.859e-01;5.173e-01;-1.389e+00;4.940e-01;2.300e-01;-6.173e-01;1.000e+01;8.335e-01;1.556e-02;1.556e-02;8.505e-01;1.300e+00
30.005280000;4.900e-01;2.545e-01;-6.849e-01;5.194e-01;-1.398e+00;4.900e-01;2.290e-01;-6.165e-01;1.000e+01;8.335e-01;1.556e-02;1.556e-02;8.506e-01;1.300e+00
30.005490000;4.840e-01;2.530e-01;-6.834e-01;5.226e-01;-1.412e+00;4.840e-01;2.277e-01;-6.151e-01;1.000e+01;8.335e-01;1.556e-02;1.556e-02;8.506e-01;1.300e+00
30.005869000;4.736e-01;2.505e-01;-6.803e-01;5.290e-01;-1.436e+00;4.736e-01;2.255e-01;-6.122e-01;1.000e+01;8.335e-01;1.556e-02;1.556e-02;8.497e-01;1.300e+00
30.005901000;4.727e-01;2.503e-01;-6.800e-01;5.295e-01;-1.438e+00;4.727e-01;2.253e-01;-6.120e-01;1.000e+01;8.335e-01;1.556e-02;1.556e-02;8.495e-01;1.272e+00
30.005997000;4.702e-01;2.498e-01;-6.791e-01;5.312e-01;-1.444e+00;4.702e-01;2.248e-01;-6.112e-01;1.000e+01;8.335e-01;1.556e-02;1.556e-02;8.491e-01;1.192e+00
30.006445000;4.602e-01;2.482e-01;-6.753e-01;5.394e-01;-1.467e+00;4.602e-01;2.234e-01;-6.077e-01;1.000e+01;8.335e-01;1.556e-02;1.556e-02;8.453e-01;8.483e-01
30.006630000;4.568e-01;2.479e-01;-6.738e-01;5.428e-01;-1.475e+00;4.568e-01;2.231e-01;-6.064e-01;1.000e+01;8.335e-01;1.556e-02;1.556e-02;8.432e-01;7.217e-01
30.007045000;4.505e-01;2.480e-01;-6.708e-01;5.506e-01;-1.489e+00;4.505e-01;2.232e-01;-6.037e-01;1.000e+01;8.335e-01;1.556e-02;1.556e-02;8.374e-01;3.998e-01
30.007339000;4.471e-01;2.487e-01;-6.691e-01;5.561e-01;-1.496e+00;4.471e-01;2.238e-01;-6.021e-01;1.000e+01;8.335e-01;1.556e-02;1.556e-02;8.328e-01;2.105e-01
30.007758000;4.437e-01;2.501e-01;-6.670e-01;5.637e-01;-1.503e+00;4.437e-01;2.251e-01;-6.003e-01;1.000e+01;8.335e-01;1.556e-02;1.556e-02;8.262e-01;-1.477e-02
30.007800000;4.434e-01;2.503e-01;-6.669e-01;5.644e-01;-1.504e+00;4.434e-01;2.252e-01;-6.002e-01;1.000e+01;8.335e-01;1.556e-02;1.556e-02;8.255e-01;-3.475e-02
30.007884000;4.429e-01;2.506e-01;-6.665e-01;5.659e-01;-1.505e+00;4.429e-01;2.256e-01;-5.999e-01;1.000e+01;8.335e-01;1.556e-02;1.556e-02;8.242e-01;-7.344e-02
30.008386000;4.408e-01;2.532e-01;-6.650e-01;5.743e-01;-1.509e+00;4.408e-01;2.278e-01;-5.985e-01;1.000e+01;8.335e-01;1.556e-02;1.556e-02;8.168e-01;-2.738e-01
30.008772000;4.400e-01;2.554e-01;-6.641e-01;5.804e-01;-1.509e+00;4.400e-01;2.298e-01;-5.977e-01;1.000e+01;8.335e-01;1.556e-02;1.556e-02;8.118e-01;-3.959e-01
30.009300000;4.399e-01;2.587e-01;-6.635e-01;5.880e-01;-1.508e+00;4.399e-01;2.328e-01;-5.971e-01;1.000e+01;8.335e-01;1.556e-02;1.556e-02;8.063e-01;-5.283e-01
30.009376000;4.400e-01;2.592e-01;-6.634e-01;5.891e-01;-1.508e+00;4.400e-01;2.333e-01;-5.971e-01;1.000e+01;8.335e-01;1.556e-02;1.556e-02;8.056e-01;-5.444e-01
30.009526000;4.401e-01;2.602e-01;-6.633e-01;5.911e-01;-1.507e+00;4.401e-01;2.341e-01;-5.970e-01;1.000e+01;8.335e-01;1.556e-02;1.556e-02;8.044e-01;-5.748e-01
30.010356000;4.419e-01;2.657e-01;-6.632e-01;6.012e-01;-1.501e+00;4.419e-01;2.391e-01;-5.969e-01;1.000e+01;8.335e-01;1.556e-02;1.556e-02;8.003e-01;-7.047e-01
30.010432000;4.421e-01;2.662e-01;-6.633e-01;6.021e-01;-1.500e+00;4.421e-01;2.396e-01;-5.969e-01;1.000e+01;8.335e-01;1.556e-02;1.556e-02;8.002e-01;-7.139e-01
30.010507000;4.423e-01;2.667e-01;-6.633e-01;6.029e-01;-1.500e+00;4.423e-01;2.400e-01;-5.970e-01;1.000e+01;8.335e-01;1.556e-02;1.556e-02;8.000e-01;-7.227e-01
30.011186000;4.446e-01;2.712e-01;-6.637e-01;6.099e-01;-1.493e+00;4.446e-01;2.440e-01;-5.973e-01;1.000e+01;8.335e-01;1.556e-02;1.556e-02;8.002e-01;-7.873e-01
30.011639000;4.463e-01;2.741e-01;-6.640e-01;6.140e-01;-1.488e+00;4.463e-01;2.467e-01;-5.976e-01;1.000e+01;8.335e-01;1.556e-02;1.556e-02;8.016e-01;-8.184e-01
30.011789000;4.469e-01;2.750e-01;-6.641e-01;6.154e-01;-1.486e+00;4.469e-01;2.475e-01;-5.977e-01;1.000e+01;8.335e-01;1.556e-02;1.556e-02;8.023e-01;-8.271e-01
30.011925000;4.475e-01;2.759e-01;-6.642e-01;6.165e-01;-1.484e+00;4.475e-01;2.483e-01;-5.978e-01;1.000e+01;8.335e-01;1.556e-02;1.556e-02;8.030e-01;-8.342e-01
30.013626000;4.545e-01;2.859e-01;-6.658e-01;6.292e-01;-1.465e+00;4.545e-01;2.574e-01;-5.992e-01;1.000e+01;8.335e-01;1.556e-02;1.556e-02;8.165e-01;-8.922e-01
30.013944000;4.558e-01;2.878e-01;-6.661e-01;6.313e-01;-1.461e+00;4.558e-01;2.590e-01;-5.995e-01;1.000e+01;8.335e-01;1.556e-02;1.556e-02;8.198e-01;-9.109e-01
30.018053000;4.735e-01;3.105e-01;-6.692e-01;6.557e-01;-1.413e+00;4.735e-01;2.794e-01;-6.023e-01;1.000e+01;8.335e-01;1.556e-02;1.556e-02;8.651e-01;-1.003e+00
30.019182000;4.776e-01;3.164e-01;-6.696e-01;6.625e-01;-1.402e+00;4.776e-01;2.848e-01;-6.027e-01;1.000e+01;8.335e-01;1.556e-02;1.556e-02;8.769e-01;-1.003e+00
30.019408000;4.784e-01;3.176e-01;-6.697e-01;6.638e-01;-1.400e+00;4.784e-01;2.858e-01;-6.027e-01;1.000e+01;8.335e-01;1.556e-02;1.556e-02;8.792e-01;-1.003e+00
30.019860000;4.799e-01;3.199e-01;-6.697e-01;6.666e-01;-1.396e+00;4.799e-01;2.879e-01;-6.028e-01;1.000e+01;8.335e-01;1.556e-02;1.556e-02;8.836e-01;-1.002e+00
30.021216000;4.839e-01;3.267e-01;-6.697e-01;6.752e-01;-1.384e+00;4.839e-01;2.940e-01;-6.028e-01;1.000e+01;8.335e-01;1.556e-02;1.556e-02;8.964e-01;-9.957e-01
30.021442000;4.845e-01;3.278e-01;-6.697e-01;6.767e-01;-1.382e+00;4.845e-01;2.950e-01;-6.028e-01;1.000e+01;8.335e-01;1.556e-02;1.556e-02;8.984e-01;-9.945e-01
30.022120000;4.862e-01;3.312e-01;-6.696e-01;6.811e-01;-1.377e+00;4.862e-01;2.980e-01;-6.026e-01;1.000e+01;8.335e-01;1.556e-02;1.556e-02;9.043e-01;-9.907e-01
30.025283000;4.923e-01;3.462e-01;-6.683e-01;7.033e-01;-1.358e+00;4.923e-01;3.116e-01;-6.015e-01;1.000e+01;8.335e-01;1.556e-02;1.556e-02;9.297e-01;-9.724e-01
30.027512000;4.950e-01;3.564e-01;-6.669e-01;7.199e-01;-1.347e+00;4.950e-01;3.207e-01;-6.002e-01;1.000e+01;8.335e-01;1.556e-02;1.556e-02;9.463e-01;-9.618e-01
30.027529000;4.951e-01;3.565e-01;-6.669e-01;7.200e-01;-1.347e+00;4.951e-01;3.208e-01;-6.002e-01;1.000e+01;8.335e-01;1.556e-02;1.556e-02;9.456e-01;-9.617e-01
30.027541000;4.951e-01;3.565e-01;-6.669e-01;7.201e-01;-1.347e+00;4.951e-01;3.209e-01;-6.002e-01;1.000e+01;8.335e-01;1.556e-02;1.556e-02;9.446e-01;-9.617e-01
30.027664000;4.952e-01;3.570e-01;-6.668e-01;7.210e-01;-1.347e+00;4.952e-01;3.213e-01;-6.001e-01;1.000e+01;8.335e-01;1.556e-02;1.556e-02;9.341e-01;-9.612e-01
30.028834000;4.962e-01;3.595e-01;-6.665e-01;7.245e-01;-1.343e+00;4.962e-01;3.235e-01;-5.999e-01;1.000e+01;8.335e-01;1.556e-02;1.556e-02;8.531e-01;-9.566e-01
30.029052000;4.964e-01;3.595e-01;-6.666e-01;7.242e-01;-1.343e+00;4.964e-01;3.236e-01;-5.999e-01;1.000e+01;8.335e-01;1.556e-02;1.556e-02;8.414e-01;-9.559e-01
30.029161000;4.965e-01;3.595e-01;-6.666e-01;7.240e-01;-1.343e+00;4.965e-01;3.235e-01;-6.000e-01;1.000e+01;8.335e-01;1.556e-02;1.556e-02;8.359e-01;-9.555e-01
30.029378000;4.967e-01;3.593e-01;-6.667e-01;7.234e-01;-1.342e+00;4.967e-01;3.233e-01;-6.000e-01;1.000e+01;8.335e-01;1.556e-02;1.556e-02;8.256e-01;-9.549e-01
30.029596000;4.968e-01;3.590e-01;-6.668e-01;7.225e-01;-1.342e+00;4.968e-01;3.231e-01;-6.002e-01;1.000e+01;8.335e-01;1.556e-02;1.556e-02;8.161e-01;-9.544e-01
30.029814000;4.970e-01;3.586e-01;-6.670e-01;7.214e-01;-1.342e+00;4.970e-01;3.227e-01;-6.003e-01;1.000e+01;8.335e-01;1.556e-02;1.556e-02;8.075e-01;-9.540e-01
30.030032000;4.972e-01;3.580e-01;-6.672e-01;7.202e-01;-1.342e+00;4.972e-01;3.222e-01;-6.004e-01;1.000e+01;8.335e-01;1.556e-02;1.556e-02;7.996e-01;-9.536e-01
30.030249000;4.973e-01;3.574e-01;-6.674e-01;7.187e-01;-1.342e+00;4.973e-01;3.217e-01;-6.006e-01;1.000e+01;8.335e-01;1.556e-02;1.556e-02;7.924e-01;-9.533e-01
30.030358000;4.974e-01;3.571e-01;-6.675e-01;7.178e-01;-1.342e+00;4.974e-01;3.214e-01;-6.007e-01;1.000e+01;8.335e-01;1.556e-02;1.556e-02;7.891e-01;-9.532e-01
30.031229000;4.981e-01;3.535e-01;-6.685e-01;7.097e-01;-1.342e+00;4.981e-01;3.182e-01;-6.016e-01;1.000e+01;8.335e-01;1.556e-02;1.556e-02;7.675e-01;-9.529e-01
30.031752000;4.985e-01;3.508e-01;-6.692e-01;7.038e-01;-1.342e+00;4.985e-01;3.157e-01;-6.023e-01;1.000e+01;8.335e-01;1.556e-02;1.556e-02;7.583e-01;-9.532e-01
30.031948000;4.987e-01;3.497e-01;-6.695e-01;7.013e-01;-1.343e+00;4.987e-01;3.148e-01;-6.026e-01;1.000e+01;8.335e-01;1.556e-02;1.556e-02;7.554e-01;-9.534e-01
30.032144000;4.988e-01;3.486e-01;-6.698e-01;6.988e-01;-1.343e+00;4.988e-01;3.137e-01;-6.028e-01;1.000e+01;8.335e-01;1.556e-02;1.556e-02;7.528e-01;-9.536e-01
30.032928000;4.995e-01;3.437e-01;-6.711e-01;6.881e-01;-1.344e+00;4.995e-01;3.093e-01;-6.040e-01;1.000e+01;8.335e-01;1.556e-02;1.556e-02;7.448e-01;-9.547e-01
30.034692000;5.010e-01;3.315e-01;-6.741e-01;6.616e-01;-1.345e+00;5.010e-01;2.983e-01;-6.067e-01;1.000e+01;8.335e-01;1.556e-02;1.556e-02;7.356e-01;-9.577e-01
30.038416000;5.043e-01;3.058e-01;-6.800e-01;6.063e-01;-1.348e+00;5.043e-01;2.752e-01;-6.120e-01;1.000e+01;8.335e-01;1.556e-02;1.556e-02;7.274e-01;-9.603e-01
30.039004000;5.048e-01;3.021e-01;-6.808e-01;5.985e-01;-1.349e+00;5.048e-01;2.719e-01;-6.127e-01;1.000e+01;8.335e-01;1.556e-02;1.556e-02;7.259e-01;-9.600e-01
30.039396000;5.052e-01;2.998e-01;-6.813e-01;5.935e-01;-1.349e+00;5.052e-01;2.698e-01;-6.132e-01;1.000e+01;8.335e-01;1.556e-02;1.556e-02;7.248e-01;-9.598e-01
30.039591000;5.053e-01;2.986e-01;-6.815e-01;5.910e-01;-1.349e+00;5.053e-01;2.688e-01;-6.134e-01;1.000e+01;8.335e-01;1.556e-02;1.556e-02;7.243e-01;-9.596e-01
30.039787000;5.055e-01;2.975e-01;-6.818e-01;5.886e-01;-1.349e+00;5.055e-01;2.677e-01;-6.136e-01;1.000e+01;8.335e-01;1.556e-02;1.556e-02;7.237e-01;-9.595e-01
30.040924000;5.063e-01;2.912e-01;-6.831e-01;5.752e-01;-1.349e+00;5.063e-01;2.621e-01;-6.147e-01;1.000e+01;8.335e-01;1.556e-02;1.556e-02;7.201e-01;-9.583e-01
30.041277000;5.066e-01;2.894e-01;-6.834e-01;5.713e-01;-1.349e+00;5.066e-01;2.605e-01;-6.151e-01;1.000e+01;8.335e-01;1.556e-02;1.556e-02;7.189e-01;-9.578e-01
30.043746000;5.081e-01;2.781e-01;-6.856e-01;5.473e-01;-1.349e+00;5.081e-01;2.503e-01;-6.171e-01;1.000e+01;8.335e-01;1.556e-02;1.556e-02;7.101e-01;-9.543e-01
30.044805000;5.087e-01;2.740e-01;-6.864e-01;5.387e-01;-1.349e+00;5.087e-01;2.466e-01;-6.178e-01;1.000e+01;8.335e-01;1.556e-02;1.556e-02;7.063e-01;-9.527e-01
30.046921000;5.096e-01;2.670e-01;-6.877e-01;5.240e-01;-1.349e+00;5.096e-01;2.403e-01;-6.189e-01;1.000e+01;8.335e-01;1.556e-02;1.556e-02;6.995e-01;-9.498e-01
30.046978000;5.096e-01;2.669e-01;-6.877e-01;5.236e-01;-1.349e+00;5.096e-01;2.402e-01;-6.189e-01;1.000e+01;8.335e-01;1.556e-02;1.556e-02;6.993e-01;-9.497e-01
30.046986000;5.096e-01;2.668e-01;-6.877e-01;5.236e-01;-1.349e+00;5.096e-01;2.401e-01;-6.189e-01;1.000e+01;8.335e-01;1.556e-02;1.556e-02;6.992e-01;-9.497e-01
30.048378000;5.101e-01;2.630e-01;-6.884e-01;5.155e-01;-1.349e+00;5.101e-01;2.367e-01;-6.195e-01;1.000e+01;8.335e-01;1.556e-02;1.556e-02;6.916e-01;-9.481e-01
30.049658000;5.105e-01;2.597e-01;-6.889e-01;5.087e-01;-1.349e+00;5.105e-01;2.337e-01;-6.200e-01;1.000e+01;8.335e-01;1.556e-02;1.556e-02;6.856e-01;-9.468e-01
30.050631000;5.108e-01;2.574e-01;-6.893e-01;5.039e-01;-1.349e+00;5.108e-01;2.316e-01;-6.204e-01;1.000e+01;8.335e-01;1.556e-02;1.556e-02;6.817e-01;-9.461e-01
30.052013000;5.111e-01;2.543e-01;-6.898e-01;4.976e-01;-1.350e+00;5.111e-01;2.289e-01;-6.208e-01;1.000e+01;8.335e-01;1.556e-02;1.556e-02;6.769e-01;-9.453e-01
30.052474000;5.113e-01;2.534e-01;-6.900e-01;4.956e-01;-1.350e+00;5.113e-01;2.280e-01;-6.210e-01;1.000e+01;8.335e-01;1.556e-02;1.556e-02;6.756e-01;-9.451e-01
30.055699000;5.119e-01;2.475e-01;-6.909e-01;4.835e-01;-1.350e+00;5.119e-01;2.228e-01;-6.218e-01;1.000e+01;8.335e-01;1.556e-02;1.556e-02;6.682e-01;-9.445e-01
30.056621000;5.121e-01;2.461e-01;-6.911e-01;4.806e-01;-1.350e+00;5.121e-01;2.215e-01;-6.220e-01;1.000e+01;8.335e-01;1.556e-02;1.556e-02;6.668e-01;-9.445e-01
30.057082000;5.121e-01;2.454e-01;-6.912e-01;4.792e-01;-1.350e+00;5.121e-01;2.209e-01;-6.221e-01;1.000e+01;8.335e-01;1.556e-02;1.556e-02;6.662e-01;-9.446e-01
30.057543000;5.122e-01;2.448e-01;-6.913e-01;4.779e-01;-1.350e+00;5.122e-01;2.203e-01;-6.222e-01;1.000e+01;8.335e-01;1.556e-02;1.556e-02;6.656e-01;-9.446e-01
30.058464000;5.124e-01;2.436e-01;-6.915e-01;4.755e-01;-1.350e+00;5.124e-01;2.193e-01;-6.223e-01;1.000e+01;8.335e-01;1.556e-02;1.556e-02;6.646e-01;-9.447e-01
30.059386000;5.125e-01;2.426e-01;-6.916e-01;4.733e-01;-1.350e+00;5.125e-01;2.183e-01;-6.225e-01;1.000e+01;8.335e-01;1.556e-02;1.556e-02;6.638e-01;-9.448e-01
30.060768000;5.127e-01;2.412e-01;-6.919e-01;4.704e-01;-1.349e+00;5.127e-01;2.171e-01;-6.227e-01;1.000e+01;8.335e-01;1.556e-02;1.556e-02;6.630e-01;-9.451e-01
30.061229000;5.128e-01;2.408e-01;-6.919e-01;4.696e-01;-1.349e+00;5.128e-01;2.167e-01;-6.227e-01;1.000e+01;8.335e-01;1.556e-02;1.556e-02;6.627e-01;-9.452e-01
30.062151000;5.129e-01;2.400e-01;-6.920e-01;4.680e-01;-1.349e+00;5.129e-01;2.160e-01;-6.228e-01;1.000e+01;8.335e-01;1.556e-02;1.556e-02;6.624e-01;-9.455e-01
30.062611000;5.129e-01;2.397e-01;-6.921e-01;4.673e-01;-1.349e+00;5.129e-01;2.157e-01;-6.229e-01;1.000e+01;8.335e-01;1.556e-02;1.556e-02;6.623e-01;-9.456e-01
30.063533000;5.131e-01;2.391e-01;-6.922e-01;4.661e-01;-1.349e+00;5.131e-01;2.152e-01;-6.230e-01;1.000e+01;8.335e-01;1.556e-02;1.556e-02;6.622e-01;-9.458e-01
30.063994000;5.131e-01;2.389e-01;-6.922e-01;4.655e-01;-1.349e+00;5.131e-01;2.150e-01;-6.230e-01;1.000e+01;8.335e-01;1.556e-02;1.556e-02;6.621e-01;-9.460e-01
30.064455000;5.132e-01;2.386e-01;-6.923e-01;4.650e-01;-1.349e+00;5.132e-01;2.148e-01;-6.230e-01;1.000e+01;8.335e-01;1.556e-02;1.556e-02;6.621e-01;-9.461e-01
30.066759000;5.134e-01;2.378e-01;-6.924e-01;4.632e-01;-1.349e+00;5.134e-01;2.140e-01;-6.232e-01;1.000e+01;8.335e-01;1.556e-02;1.556e-02;6.624e-01;-9.469e-01
30.068602000;5.136e-01;2.375e-01;-6.925e-01;4.625e-01;-1.348e+00;5.136e-01;2.138e-01;-6.232e-01;1.000e+01;8.335e-01;1.556e-02;1.556e-02;6.630e-01;-9.476e-01
30.069063000;5.136e-01;2.375e-01;-6.925e-01;4.624e-01;-1.348e+00;5.136e-01;2.137e-01;-6.232e-01;1.000e+01;8.335e-01;1.556e-02;1.556e-02;6.631e-01;-9.478e-01
30.070445000;5.138e-01;2.375e-01;-6.925e-01;4.622e-01;-1.348e+00;5.138e-01;2.137e-01;-6.232e-01;1.000e+01;8.335e-01;1.556e-02;1.556e-02;6.637e-01;-9.483e-01
30.073671000;5.140e-01;2.379e-01;-6.925e-01;4.628e-01;-1.347e+00;5.140e-01;2.141e-01;-6.232e-01;1.000e+01;8.335e-01;1.556e-02;1.556e-02;6.653e-01;-9.498e-01
30.075053000;5.141e-01;2.382e-01;-6.925e-01;4.633e-01;-1.347e+00;5.141e-01;2.144e-01;-6.232e-01;1.000e+01;8.335e-01;1.556e-02;1.556e-02;6.660e-01;-9.504e-01
30.075514000;5.142e-01;2.383e-01;-6.924e-01;4.636e-01;-1.347e+00;5.142e-01;2.145e-01;-6.232e-01;1.000e+01;8.335e-01;1.556e-02;1.556e-02;6.663e-01;-9.507e-01
30.076435000;5.142e-01;2.386e-01;-6.924e-01;4.640e-01;-1.347e+00;5.142e-01;2.147e-01;-6.232e-01;1.000e+01;8.335e-01;1.556e-02;1.556e-02;6.668e-01;-9.511e-01
30.077357000;5.143e-01;2.389e-01;-6.924e-01;4.645e-01;-1.346e+00;5.143e-01;2.150e-01;-6.232e-01;1.000e+01;8.335e-01;1.556e-02;1.556e-02;6.674e-01;-9.516e-01
30.091457000;5.152e-01;2.441e-01;-6.919e-01;4.738e-01;-1.343e+00;5.152e-01;2.197e-01;-6.227e-01;1.000e+01;8.335e-01;1.556e-02;1.556e-02;6.753e-01;-9.594e-01
30.098605000;5.157e-01;2.464e-01;-6.916e-01;4.779e-01;-1.341e+00;5.157e-01;2.218e-01;-6.224e-01;1.000e+01;8.335e-01;1.556e-02;1.556e-02;6.789e-01;-9.634e-01
30.103605000;5.160e-01;2.479e-01;-6.915e-01;4.805e-01;-1.340e+00;5.160e-01;2.231e-01;-6.223e-01;1.000e+01;8.335e-01;1.556e-02;1.556e-02;6.811e-01;-9.660e-01
30.106605000;5.162e-01;2.487e-01;-6.914e-01;4.819e-01;-1.339e+00;5.162e-01;2.239e-01;-6.222e-01;1.000e+01;8.335e-01;1.556e-02;1.556e-02;6.824e-01;-9.676e-01
30.108605000;5.163e-01;2.493e-01;-6.913e-01;4.828e-01;-1.339e+00;5.163e-01;2.243e-01;-6.222e-01;1.000e+01;8.335e-01;1.556e-02;1.556e-02;6.833e-01;-9.686e-01
30.120605000;5.170e-01;2.522e-01;-6.910e-01;4.879e-01;-1.336e+00;5.170e-01;2.270e-01;-6.219e-01;1.000e+01;8.335e-01;1.556e-02;1.556e-02;6.881e-01;-9.744e-01
30.122605000;5.172e-01;2.527e-01;-6.910e-01;4.887e-01;-1.336e+00;5.172e-01;2.274e-01;-6.219e-01;1.000e+01;8.335e-01;1.556e-02;1.556e-02;6.888e-01;-9.753e-01
30.125605000;5.173e-01;2.534e-01;-6.909e-01;4.898e-01;-1.335e+00;5.173e-01;2.281e-01;-6.218e-01;1.000e+01;8.335e-01;1.556e-02;1.556e-02;6.899e-01;-9.767e-01
30.135321000;5.179e-01;2.556e-01;-6.907e-01;4.935e-01;-1.334e+00;5.179e-01;2.300e-01;-6.216e-01;1.000e+01;8.335e-01;1.556e-02;1.556e-02;6.934e-01;-9.810e-01
30.137369000;5.180e-01;2.560e-01;-6.906e-01;4.942e-01;-1.333e+00;5.180e-01;2.304e-01;-6.216e-01;1.000e+01;8.335e-01;1.556e-02;1.556e-02;6.936e-01;-9.819e-01
30.141369000;5.182e-01;2.567e-01;-6.906e-01;4.954e-01;-1.333e+00;5.182e-01;2.310e-01;-6.215e-01;1.000e+01;8.335e-01;1.556e-02;1.556e-02;6.946e-01;-9.836e-01
30.145369000;5.184e-01;2.574e-01;-6.905e-01;4.964e-01;-1.332e+00;5.184e-01;2.316e-01;-6.214e-01;1.000e+01;8.335e-01;1.556e-02;1.556e-02;6.957e-01;-9.852e-01
30.146369000;5.185e-01;2.575e-01;-6.905e-01;4.967e-01;-1.332e+00;5.185e-01;2.318e-01;-6.214e-01;1.000e+01;8.335e-01;1.556e-02;1.556e-02;6.960e-01;-9.856e-01
30.180369000;5.202e-01;2.627e-01;-6.900e-01;5.050e-01;-1.326e+00;5.202e-01;2.364e-01;-6.210e-01;1.000e+01;8.335e-01;1.556e-02;1.556e-02;7.042e-01;-9.980e-01
30.186369000;5.204e-01;2.635e-01;-6.899e-01;5.064e-01;-1.326e+00;5.204e-01;2.372e-01;-6.209e-01;1.000e+01;8.335e-01;1.556e-02;1.556e-02;7.055e-01;-1.000e+00
30.187369000;5.205e-01;2.636e-01;-6.899e-01;5.066e-01;-1.326e+00;5.205e-01;2.373e-01;-6.209e-01;1.000e+01;8.335e-01;1.556e-02;1.556e-02;7.057e-01;-1.000e+00
30.191369000;5.206e-01;2.642e-01;-6.898e-01;5.075e-01;-1.325e+00;5.206e-01;2.378e-01;-6.208e-01;1.000e+01;8.335e-01;1.556e-02;1.556e-02;7.066e-01;-1.002e+00
30.195369000;5.208e-01;2.647e-01;-6.898e-01;5.083e-01;-1.324e+00;5.208e-01;2.383e-01;-6.208e-01;1.000e+01;8.335e-01;1.556e-02;1.556e-02;7.074e-01;-1.003e+00
30.217369000;5.216e-01;2.675e-01;-6.895e-01;5.128e-01;-1.322e+00;5.216e-01;2.408e-01;-6.205e-01;1.000e+01;8.335e-01;1.556e-02;1.556e-02;7.118e-01;-1.009e+00
30.225369000;5.219e-01;2.684e-01;-6.894e-01;5.144e-01;-1.321e+00;5.219e-01;2.416e-01;-6.204e-01;1.000e+01;8.335e-01;1.556e-02;1.556e-02;7.132e-01;-1.011e+00
30.233369000;5.222e-01;2.694e-01;-6.893e-01;5.158e-01;-1.320e+00;5.222e-01;2.424e-01;-6.203e-01;1.000e+01;8.335e-01;1.556e-02;1.556e-02;7.147e-01;-1.013e+00
30.264369000;5.231e-01;2.726e-01;-6.889e-01;5.211e-01;-1.317e+00;5.231e-01;2.453e-01;-6.200e-01;1.000e+01;8.335e-01;1.556e-02;1.556e-02;7.198e-01;-1.020e+00
30.269369000;5.232e-01;2.731e-01;-6.888e-01;5.219e-01;-1.316e+00;5.232e-01;2.458e-01;-6.199e-01;1.000e+01;8.335e-01;1.556e-02;1.556e-02;7.205e-01;-1.021e+00
30.310369000;5.242e-01;2.766e-01;-6.884e-01;5.277e-01;-1.313e+00;5.242e-01;2.489e-01;-6.196e-01;1.000e+01;8.335e-01;1.556e-02;1.556e-02;7.261e-01;-1.029e+00
30.312369000;5.243e-01;2.768e-01;-6.884e-01;5.279e-01;-1.313e+00;5.243e-01;2.491e-01;-6.195e-01;1.000e+01;8.335e-01;1.556e-02;1.556e-02;7.264e-01;-1.029e+00
30.313369000;5.243e-01;2.768e-01;-6.884e-01;5.280e-01;-1.313e+00;5.243e-01;2.492e-01;-6.195e-01;1.000e+01;8.335e-01;1.556e-02;1.556e-02;7.265e-01;-1.029e+00
30.320369000;5.244e-01;2.774e-01;-6.883e-01;5.289e-01;-1.313e+00;5.244e-01;2.496e-01;-6.195e-01;1.000e+01;8.335e-01;1.556e-02;1.556e-02;7.273e-01;-1.031e+00
30.321369000;5.244e-01;2.775e-01;-6.883e-01;5.290e-01;-1.312e+00;5.244e-01;2.497e-01;-6.195e-01;1.000e+01;8.335e-01;1.556e-02;1.556e-02;7.274e-01;-1.031e+00
30.327369000;5.246e-01;2.779e-01;-6.882e-01;5.298e-01;-1.312e+00;5.246e-01;2.501e-01;-6.194e-01;1.000e+01;8.335e-01;1.556e-02;1.556e-02;7.281e-01;-1.032e+00
30.337369000;5.248e-01;2.786e-01;-6.882e-01;5.309e-01;-1.311e+00;5.248e-01;2.507e-01;-6.193e-01;1.000e+01;8.335e-01;1.556e-02;1.556e-02;7.293e-01;-1.033e+00
30.350369000;5.250e-01;2.795e-01;-6.881e-01;5.324e-01;-1.311e+00;5.250e-01;2.515e-01;-6.192e-01;1.000e+01;8.335e-01;1.556e-02;1.556e-02;7.307e-01;-1.035e+00
30.366369000;5.252e-01;2.805e-01;-6.879e-01;5.341e-01;-1.310e+00;5.252e-01;2.525e-01;-6.191e-01;1.000e+01;8.335e-01;1.556e-02;1.556e-02;7.323e-01;-1.037e+00
30.371369000;5.253e-01;2.808e-01;-6.879e-01;5.345e-01;-1.309e+00;5.253e-01;2.527e-01;-6.191e-01;1.000e+01;8.335e-01;1.556e-02;1.556e-02;7.328e-01;-1.037e+00
30.393369000;5.256e-01;2.821e-01;-6.877e-01;5.366e-01;-1.308e+00;5.256e-01;2.539e-01;-6.190e-01;1.000e+01;8.335e-01;1.556e-02;1.556e-02;7.348e-01;-1.040e+00
30.405369000;5.258e-01;2.827e-01;-6.876e-01;5.377e-01;-1.308e+00;5.258e-01;2.544e-01;-6.189e-01;1.000e+01;8.335e-01;1.556e-02;1.556e-02;7.358e-01;-1.041e+00
30.408369000;5.258e-01;2.828e-01;-6.876e-01;5.379e-01;-1.308e+00;5.258e-01;2.546e-01;-6.189e-01;1.000e+01;8.335e-01;1.556e-02;1.556e-02;7.360e-01;-1.041e+00
30.429369000;5.261e-01;2.839e-01;-6.875e-01;5.396e-01;-1.307e+00;5.261e-01;2.555e-01;-6.187e-01;1.000e+01;8.335e-01;1.556e-02;1.556e-02;7.376e-01;-1.043e+00
30.458369000;5.263e-01;2.851e-01;-6.873e-01;5.417e-01;-1.306e+00;5.263e-01;2.566e-01;-6.186e-01;1.000e+01;8.335e-01;1.556e-02;1.556e-02;7.396e-01;-1.046e+00
30.494369000;5.266e-01;2.864e-01;-6.871e-01;5.439e-01;-1.305e+00;5.266e-01;2.578e-01;-6.184e-01;1.000e+01;8.335e-01;1.556e-02;1.556e-02;7.418e-01;-1.048e+00
30.510369000;5.268e-01;2.870e-01;-6.871e-01;5.448e-01;-1.304e+00;5.268e-01;2.583e-01;-6.184e-01;1.000e+01;8.335e-01;1.556e-02;1.556e-02;7.426e-01;-1.049e+00
30.513369000;5.268e-01;2.871e-01;-6.871e-01;5.449e-01;-1.304e+00;5.268e-01;2.584e-01;-6.184e-01;1.000e+01;8.335e-01;1.556e-02;1.556e-02;7.427e-01;-1.049e+00
30.516369000;5.268e-01;2.872e-01;-6.871e-01;5.451e-01;-1.304e+00;5.268e-01;2.584e-01;-6.183e-01;1.000e+01;8.335e-01;1.556e-02;1.556e-02;7.429e-01;-1.049e+00
30.519369000;5.268e-01;2.872e-01;-6.870e-01;5.453e-01;-1.304e+00;5.268e-01;2.585e-01;-6.183e-01;1.000e+01;8.335e-01;1.556e-02;1.556e-02;7.430e-01;-1.049e+00
30.521369000;5.268e-01;2.873e-01;-6.870e-01;5.454e-01;-1.304e+00;5.268e-01;2.586e-01;-6.183e-01;1.000e+01;8.335e-01;1.556e-02;1.556e-02;7.431e-01;-1.050e+00
30.549369000;5.270e-01;2.881e-01;-6.869e-01;5.467e-01;-1.303e+00;5.270e-01;2.593e-01;-6.182e-01;1.000e+01;8.335e-01;1.556e-02;1.556e-02;7.444e-01;-1.051e+00
30.552369000;5.270e-01;2.882e-01;-6.869e-01;5.468e-01;-1.303e+00;5.270e-01;2.594e-01;-6.182e-01;1.000e+01;8.335e-01;1.556e-02;1.556e-02;7.446e-01;-1.051e+00
30.631369000;5.273e-01;2.899e-01;-6.867e-01;5.498e-01;-1.302e+00;5.273e-01;2.609e-01;-6.180e-01;1.000e+01;8.335e-01;1.556e-02;1.556e-02;7.474e-01;-1.054e+00
30.639369000;5.274e-01;2.901e-01;-6.866e-01;5.500e-01;-1.302e+00;5.274e-01;2.610e-01;-6.180e-01;1.000e+01;8.335e-01;1.556e-02;1.556e-02;7.476e-01;-1.054e+00
30.641369000;5.274e-01;2.901e-01;-6.866e-01;5.501e-01;-1.302e+00;5.274e-01;2.611e-01;-6.180e-01;1.000e+01;8.335e-01;1.556e-02;1.556e-02;7.476e-01;-1.054e+00
30.659369000;5.274e-01;2.904e-01;-6.866e-01;5.506e-01;-1.302e+00;5.274e-01;2.614e-01;-6.179e-01;1.000e+01;8.335e-01;1.556e-02;1.556e-02;7.481e-01;-1.055e+00
30.799994000;5.277e-01;2.920e-01;-6.864e-01;5.534e-01;-1.301e+00;5.277e-01;2.628e-01;-6.177e-01;1.000e+01;8.335e-01;1.556e-02;1.556e-02;7.508e-01;-1.057e+00
30.799994000;8.126e-01;5.577e-01;-4.750e-01;6.864e-01;-5.846e-01;8.126e-01;5.020e-01;-4.275e-01;1.000e+01;8.335e-01;1.556e-02;1.556e-02;7.524e-01;-1.300e+00
30.799995000;8.126e-01;5.578e-01;-4.750e-01;6.864e-01;-5.845e-01;8.126e-01;5.020e-01;-4.275e-01;1.000e+01;8.335e-01;1.556e-02;1.556e-02;7.524e-01;-1.300e+00
30.801356000;8.636e-01;6.161e-01;-3.935e-01;7.134e-01;-4.556e-01;8.636e-01;5.545e-01;-3.541e-01;1.000e+01;8.335e-01;1.556e-02;1.556e-02;7.074e-01;-1.300e+00
30.801676000;8.751e-01;6.279e-01;-3.736e-01;7.176e-01;-4.270e-01;8.751e-01;5.651e-01;-3.363e-01;1.000e+01;8.335e-01;1.556e-02;1.556e-02;6.638e-01;-1.300e+00
30.802059000;8.886e-01;6.405e-01;-3.497e-01;7.207e-01;-3.935e-01;8.886e-01;5.764e-01;-3.147e-01;1.000e+01;8.335e-01;1.556e-02;1.556e-02;6.174e-01;-1.300e+00
30.802061000;8.887e-01;6.405e-01;-3.495e-01;7.208e-01;-3.933e-01;8.887e-01;5.765e-01;-3.146e-01;1.000e+01;8.335e-01;1.556e-02;1.556e-02;6.171e-01;-1.300e+00
30.802360000;8.991e-01;6.490e-01;-3.308e-01;7.219e-01;-3.679e-01;8.991e-01;5.841e-01;-2.977e-01;1.000e+01;8.335e-01;1.556e-02;1.556e-02;5.872e-01;-1.300e+00
30.802493000;9.036e-01;6.524e-01;-3.224e-01;7.220e-01;-3.568e-01;9.036e-01;5.872e-01;-2.902e-01;1.000e+01;8.335e-01;1.556e-02;1.556e-02;5.762e-01;-1.300e+00
30.803022000;9.216e-01;6.642e-01;-2.889e-01;7.207e-01;-3.135e-01;9.216e-01;5.977e-01;-2.600e-01;1.000e+01;8.335e-01;1.556e-02;1.556e-02;5.463e-01;-1.300e+00
30.803419000;9.348e-01;6.712e-01;-2.635e-01;7.181e-01;-2.819e-01;9.348e-01;6.041e-01;-2.372e-01;1.000e+01;8.335e-01;1.556e-02;1.556e-02;5.376e-01;-1.300e+00
30.803486000;9.369e-01;6.723e-01;-2.593e-01;7.175e-01;-2.767e-01;9.369e-01;6.050e-01;-2.334e-01;1.000e+01;8.335e-01;1.556e-02;1.556e-02;5.372e-01;-1.300e+00
30.804346000;9.647e-01;6.835e-01;-2.035e-01;7.085e-01;-2.110e-01;9.647e-01;6.151e-01;-1.832e-01;1.000e+01;8.335e-01;1.556e-02;1.556e-02;5.571e-01;-1.300e+00
30.806339000;1.025e+00;7.056e-01;-6.971e-02;6.885e-01;-6.801e-02;1.025e+00;6.351e-01;-6.274e-02;1.000e+01;8.335e-01;1.556e-02;1.556e-02;6.815e-01;-1.300e+00
30.807228000;1.050e+00;7.184e-01;-8.277e-03;6.843e-01;-7.883e-03;1.050e+00;6.466e-01;-7.449e-03;1.000e+01;8.335e-01;1.556e-02;1.556e-02;7.236e-01;-1.300e+00
30.807326000;1.053e+00;7.200e-01;-1.407e-03;6.841e-01;-1.336e-03;1.053e+00;6.480e-01;-1.266e-03;1.000e+01;8.335e-01;1.556e-02;1.556e-02;7.276e-01;-1.300e+00
30.807524000;1.058e+00;7.233e-01;1.235e-02;6.837e-01;1.168e-02;1.058e+00;6.510e-01;1.112e-02;1.000e+01;8.335e-01;1.556e-02;1.556e-02;7.351e-01;-1.300e+00
30.807623000;1.061e+00;7.251e-01;1.924e-02;6.836e-01;1.814e-02;1.061e+00;6.526e-01;1.732e-02;1.000e+01;8.335e-01;1.556e-02;1.556e-02;7.386e-01;-1.300e+00
30.807919000;1.069e+00;7.304e-01;3.994e-02;6.836e-01;3.738e-02;1.069e+00;6.574e-01;3.595e-02;1.000e+01;8.335e-01;1.556e-02;1.556e-02;7.484e-01;-1.300e+00
30.808117000;1.074e+00;7.342e-01;5.377e-02;6.838e-01;5.008e-02;1.074e+00;6.608e-01;4.839e-02;1.000e+01;8.335e-01;1.556e-02;1.556e-02;7.542e-01;-1.300e+00
30.808314000;1.079e+00;7.381e-01;6.760e-02;6.841e-01;6.266e-02;1.079e+00;6.643e-01;6.084e-02;1.000e+01;8.335e-01;1.556e-02;1.556e-02;7.594e-01;-1.300e+00
30.809566000;1.110e+00;7.660e-01;1.553e-01;6.900e-01;1.399e-01;1.110e+00;6.894e-01;1.398e-01;1.000e+01;8.335e-01;1.556e-02;1.556e-02;7.813e-01;-1.300e+00
30.809758000;1.115e+00;7.705e-01;1.680e-01;6.913e-01;1.508e-01;1.115e+00;6.934e-01;1.512e-01;1.000e+01;8.335e-01;1.556e-02;1.556e-02;7.833e-01;-1.180e+00
30.809920000;1.118e+00;7.740e-01;1.777e-01;6.924e-01;1.590e-01;1.118e+00;6.966e-01;1.600e-01;1.000e+01;8.335e-01;1.556e-02;1.556e-02;7.849e-01;-1.085e+00
30.809922000;1.118e+00;7.741e-01;1.779e-01;6.924e-01;1.591e-01;1.118e+00;6.967e-01;1.601e-01;1.000e+01;8.335e-01;1.556e-02;1.556e-02;7.849e-01;-1.084e+00
30.811264000;1.134e+00;7.965e-01;2.261e-01;7.025e-01;1.995e-01;1.134e+00;7.168e-01;2.035e-01;1.000e+01;8.335e-01;1.556e-02;1.556e-02;7.944e-01;-4.831e-01
30.811328000;1.134e+00;7.973e-01;2.273e-01;7.030e-01;2.004e-01;1.134e+00;7.176e-01;2.045e-01;1.000e+01;8.335e-01;1.556e-02;1.556e-02;7.947e-01;-4.615e-01
30.811456000;1.135e+00;7.989e-01;2.293e-01;7.040e-01;2.020e-01;1.135e+00;7.190e-01;2.063e-01;1.000e+01;8.335e-01;1.556e-02;1.556e-02;7.952e-01;-4.199e-01
30.811712000;1.136e+00;8.020e-01;2.323e-01;7.062e-01;2.045e-01;1.136e+00;7.218e-01;2.091e-01;1.000e+01;8.335e-01;1.556e-02;1.556e-02;7.960e-01;-3.430e-01
30.812224000;1.136e+00;8.076e-01;2.349e-01;7.107e-01;2.067e-01;1.136e+00;7.268e-01;2.114e-01;1.000e+01;8.335e-01;1.556e-02;1.556e-02;7.971e-01;-2.116e-01
30.812288000;1.136e+00;8.082e-01;2.349e-01;7.113e-01;2.068e-01;1.136e+00;7.274e-01;2.114e-01;1.000e+01;8.335e-01;1.556e-02;1.556e-02;7.972e-01;-1.970e-01
30.812608000;1.136e+00;8.113e-01;2.343e-01;7.143e-01;2.063e-01;1.136e+00;7.302e-01;2.109e-01;1.000e+01;8.335e-01;1.556e-02;1.556e-02;7.974e-01;-1.302e-01
30.812736000;1.136e+00;8.125e-01;2.337e-01;7.155e-01;2.058e-01;1.136e+00;7.312e-01;2.103e-01;1.000e+01;8.335e-01;1.556e-02;1.556e-02;7.974e-01;-1.060e-01
30.813312000;1.134e+00;8.174e-01;2.289e-01;7.211e-01;2.019e-01;1.134e+00;7.356e-01;2.060e-01;1.000e+01;8.335e-01;1.556e-02;1.556e-02;7.971e-01;-1.287e-02
30.813824000;1.131e+00;8.213e-01;2.223e-01;7.261e-01;1.966e-01;1.131e+00;7.391e-01;2.001e-01;1.000e+01;8.335e-01;1.556e-02;1.556e-02;7.964e-01;5.112e-02
30.813888000;1.131e+00;8.217e-01;2.214e-01;7.268e-01;1.958e-01;1.131e+00;7.396e-01;1.992e-01;1.000e+01;8.335e-01;1.556e-02;1.556e-02;7.963e-01;5.805e-02
30.814742000;1.125e+00;8.274e-01;2.069e-01;7.353e-01;1.839e-01;1.125e+00;7.446e-01;1.862e-01;1.000e+01;8.335e-01;1.556e-02;1.556e-02;7.950e-01;1.311e-01
30.816448000;1.115e+00;8.385e-01;1.797e-01;7.523e-01;1.612e-01;1.115e+00;7.546e-01;1.617e-01;1.000e+01;8.335e-01;1.556e-02;1.556e-02;7.931e-01;7.601e-02
30.816939000;1.112e+00;8.413e-01;1.731e-01;7.566e-01;1.557e-01;1.112e+00;7.572e-01;1.558e-01;1.000e+01;8.335e-01;1.556e-02;1.556e-02;7.649e-01;6.399e-02
30.817822000;1.108e+00;8.437e-01;1.622e-01;7.616e-01;1.464e-01;1.108e+00;7.593e-01;1.460e-01;1.000e+01;8.335e-01;1.556e-02;1.556e-02;7.248e-01;4.404e-02
30.817920000;1.107e+00;8.437e-01;1.610e-01;7.619e-01;1.454e-01;1.107e+00;7.594e-01;1.449e-01;1.000e+01;8.335e-01;1.556e-02;1.556e-02;7.212e-01;4.192e-02
30.818410000;1.105e+00;8.433e-01;1.554e-01;7.630e-01;1.406e-01;1.105e+00;7.590e-01;1.399e-01;1.000e+01;8.335e-01;1.556e-02;1.556e-02;7.058e-01;3.147e-02
30.818508000;1.105e+00;8.431e-01;1.543e-01;7.631e-01;1.397e-01;1.105e+00;7.588e-01;1.389e-01;1.000e+01;8.335e-01;1.556e-02;1.556e-02;7.033e-01;2.942e-02
30.818606000;1.104e+00;8.429e-01;1.533e-01;7.631e-01;1.388e-01;1.104e+00;7.586e-01;1.379e-01;1.000e+01;8.335e-01;1.556e-02;1.556e-02;7.008e-01;2.738e-02
30.819390000;1.102e+00;8.395e-01;1.451e-01;7.621e-01;1.317e-01;1.102e+00;7.556e-01;1.306e-01;1.000e+01;8.335e-01;1.556e-02;1.556e-02;6.868e-01;1.153e-02
30.819488000;1.101e+00;8.390e-01;1.441e-01;7.618e-01;1.309e-01;1.101e+00;7.551e-01;1.297e-01;1.000e+01;8.335e-01;1.556e-02;1.556e-02;6.856e-01;9.616e-03
30.819782000;1.100e+00;8.371e-01;1.413e-01;7.607e-01;1.284e-01;1.100e+00;7.534e-01;1.272e-01;1.000e+01;8.335e-01;1.556e-02;1.556e-02;6.829e-01;3.969e-03
30.819880000;1.100e+00;8.364e-01;1.404e-01;7.603e-01;1.276e-01;1.100e+00;7.528e-01;1.263e-01;1.000e+01;8.335e-01;1.556e-02;1.556e-02;6.822e-01;2.121e-03
30.820370000;1.099e+00;8.327e-01;1.360e-01;7.579e-01;1.237e-01;1.099e+00;7.494e-01;1.224e-01;1.000e+01;8.335e-01;1.556e-02;1.556e-02;6.804e-01;-6.822e-03
30.820566000;1.098e+00;8.311e-01;1.343e-01;7.567e-01;1.223e-01;1.098e+00;7.480e-01;1.209e-01;1.000e+01;8.335e-01;1.556e-02;1.556e-02;6.802e-01;-1.025e-02
30.821134000;1.097e+00;8.260e-01;1.297e-01;7.531e-01;1.183e-01;1.097e+00;7.434e-01;1.167e-01;1.000e+01;8.335e-01;1.556e-02;1.556e-02;6.816e-01;-1.966e-02
30.821487000;1.096e+00;8.227e-01;1.271e-01;7.506e-01;1.159e-01;1.096e+00;7.405e-01;1.144e-01;1.000e+01;8.335e-01;1.556e-02;1.556e-02;6.834e-01;-2.506e-02
30.821840000;1.095e+00;8.194e-01;1.246e-01;7.481e-01;1.138e-01;1.095e+00;7.374e-01;1.121e-01;1.000e+01;8.335e-01;1.556e-02;1.556e-02;6.857e-01;-3.011e-02
30.822369000;1.094e+00;8.144e-01;1.212e-01;7.441e-01;1.107e-01;1.094e+00;7.329e-01;1.091e-01;1.000e+01;8.335e-01;1.556e-02;1.556e-02;6.900e-01;-3.699e-02
30.823781000;1.092e+00;8.018e-01;1.136e-01;7.340e-01;1.040e-01;1.092e+00;7.216e-01;1.022e-01;1.000e+01;8.335e-01;1.556e-02;1.556e-02;7.026e-01;-5.125e-02
30.825016000;1.091e+00;7.927e-01;1.084e-01;7.266e-01;9.938e-02;1.091e+00;7.134e-01;9.759e-02;1.000e+01;8.335e-01;1.556e-02;1.556e-02;7.118e-01;-5.923e-02
30.825330000;1.091e+00;7.907e-01;1.073e-01;7.250e-01;9.838e-02;1.091e+00;7.117e-01;9.658e-02;1.000e+01;8.335e-01;1.556e-02;1.556e-02;7.135e-01;-6.068e-02
30.825336000;1.091e+00;7.907e-01;1.073e-01;7.249e-01;9.836e-02;1.091e+00;7.116e-01;9.656e-02;1.000e+01;8.335e-01;1.556e-02;1.556e-02;7.136e-01;-6.056e-02
30.826433000;1.090e+00;7.848e-01;1.031e-01;7.203e-01;9.460e-02;1.090e+00;7.063e-01;9.276e-02;1.000e+01;8.335e-01;1.556e-02;1.556e-02;7.179e-01;-4.183e-02
30.826574000;1.089e+00;7.841e-01;1.025e-01;7.198e-01;9.407e-02;1.089e+00;7.057e-01;9.223e-02;1.000e+01;8.335e-01;1.556e-02;1.556e-02;7.183e-01;-4.004e-02
30.827709000;1.088e+00;7.794e-01;9.760e-02;7.165e-01;8.973e-02;1.088e+00;7.015e-01;8.784e-02;1.000e+01;8.335e-01;1.556e-02;1.556e-02;7.197e-01;-2.969e-02
30.828134000;1.087e+00;7.780e-01;9.575e-02;7.156e-01;8.807e-02;1.087e+00;7.002e-01;8.618e-02;1.000e+01;8.335e-01;1.556e-02;1.556e-02;7.196e-01;-2.727e-02
30.828418000;1.087e+00;7.772e-01;9.452e-02;7.151e-01;8.698e-02;1.087e+00;6.994e-01;8.507e-02;1.000e+01;8.335e-01;1.556e-02;1.556e-02;7.194e-01;-2.601e-02
30.828559000;1.087e+00;7.767e-01;9.391e-02;7.149e-01;8.643e-02;1.087e+00;6.991e-01;8.452e-02;1.000e+01;8.335e-01;1.556e-02;1.556e-02;7.192e-01;-2.547e-02
30.829268000;1.085e+00;7.749e-01;9.088e-02;7.139e-01;8.372e-02;1.085e+00;6.974e-01;8.179e-02;1.000e+01;8.335e-01;1.556e-02;1.556e-02;7.182e-01;-2.363e-02
30.829836000;1.085e+00;7.737e-01;8.853e-02;7.133e-01;8.162e-02;1.085e+00;6.963e-01;7.967e-02;1.000e+01;8.335e-01;1.556e-02;1.556e-02;7.170e-01;-2.301e-02
30.830119000;1.084e+00;7.732e-01;8.738e-02;7.131e-01;8.059e-02;1.084e+00;6.959e-01;7.864e-02;1.000e+01;8.335e-01;1.556e-02;1.556e-02;7.164e-01;-2.293e-02
30.831395000;1.082e+00;7.711e-01;8.247e-02;7.123e-01;7.618e-02;1.082e+00;6.940e-01;7.422e-02;1.000e+01;8.335e-01;1.556e-02;1.556e-02;7.134e-01;-2.403e-02
30.831679000;1.082e+00;7.707e-01;8.144e-02;7.122e-01;7.526e-02;1.082e+00;6.936e-01;7.329e-02;1.000e+01;8.335e-01;1.556e-02;1.556e-02;7.127e-01;-2.453e-02
30.831821000;1.082e+00;7.705e-01;8.093e-02;7.121e-01;7.480e-02;1.082e+00;6.934e-01;7.284e-02;1.000e+01;8.335e-01;1.556e-02;1.556e-02;7.124e-01;-2.480e-02
30.832104000;1.082e+00;7.701e-01;7.994e-02;7.120e-01;7.391e-02;1.082e+00;6.931e-01;7.195e-02;1.000e+01;8.335e-01;1.556e-02;1.556e-02;7.118e-01;-2.540e-02
30.832388000;1.081e+00;7.697e-01;7.898e-02;7.119e-01;7.304e-02;1.081e+00;6.928e-01;7.108e-02;1.000e+01;8.335e-01;1.556e-02;1.556e-02;7.112e-01;-2.606e-02
30.833806000;1.080e+00;7.681e-01;7.453e-02;7.114e-01;6.903e-02;1.080e+00;6.912e-01;6.707e-02;1.000e+01;8.335e-01;1.556e-02;1.556e-02;7.088e-01;-2.991e-02
30.834090000;1.079e+00;7.677e-01;7.371e-02;7.113e-01;6.830e-02;1.079e+00;6.910e-01;6.634e-02;1.000e+01;8.335e-01;1.556e-02;1.556e-02;7.084e-01;-3.075e-02
30.836727000;1.077e+00;7.650e-01;6.731e-02;7.103e-01;6.250e-02;1.077e+00;6.885e-01;6.058e-02;1.000e+01;8.335e-01;1.556e-02;1.556e-02;7.068e-01;-3.854e-02
30.836982000;1.077e+00;7.647e-01;6.679e-02;7.102e-01;6.203e-02;1.077e+00;6.883e-01;6.012e-02;1.000e+01;8.335e-01;1.556e-02;1.556e-02;7.067e-01;-3.924e-02
30.837237000;1.077e+00;7.645e-01;6.630e-02;7.101e-01;6.158e-02;1.077e+00;6.880e-01;5.967e-02;1.000e+01;8.335e-01;1.556e-02;1.556e-02;7.067e-01;-3.991e-02
30.837493000;1.076e+00;7.643e-01;6.581e-02;7.100e-01;6.114e-02;1.076e+00;6.878e-01;5.923e-02;1.000e+01;8.335e-01;1.556e-02;1.556e-02;7.067e-01;-4.058e-02
30.837748000;1.076e+00;7.640e-01;6.535e-02;7.099e-01;6.071e-02;1.076e+00;6.876e-01;5.881e-02;1.000e+01;8.335e-01;1.556e-02;1.556e-02;7.067e-01;-4.122e-02
30.841066000;1.075e+00;7.617e-01;6.054e-02;7.088e-01;5.634e-02;1.075e+00;6.855e-01;5.449e-02;1.000e+01;8.335e-01;1.556e-02;1.556e-02;7.072e-01;-4.775e-02
30.841321000;1.074e+00;7.615e-01;6.025e-02;7.087e-01;5.607e-02;1.074e+00;6.854e-01;5.423e-02;1.000e+01;8.335e-01;1.556e-02;1.556e-02;7.072e-01;-4.811e-02
30.841832000;1.074e+00;7.613e-01;5.970e-02;7.086e-01;5.557e-02;1.074e+00;6.851e-01;5.373e-02;1.000e+01;8.335e-01;1.556e-02;1.556e-02;7.073e-01;-4.878e-02
30.842087000;1.074e+00;7.611e-01;5.944e-02;7.086e-01;5.533e-02;1.074e+00;6.850e-01;5.349e-02;1.000e+01;8.335e-01;1.556e-02;1.556e-02;7.073e-01;-4.909e-02
30.842342000;1.074e+00;7.610e-01;5.918e-02;7.085e-01;5.510e-02;1.074e+00;6.849e-01;5.326e-02;1.000e+01;8.335e-01;1.556e-02;1.556e-02;7.074e-01;-4.938e-02
30.844129000;1.074e+00;7.604e-01;5.761e-02;7.083e-01;5.366e-02;1.074e+00;6.843e-01;5.185e-02;1.000e+01;8.335e-01;1.556e-02;1.556e-02;7.074e-01;-5.103e-02
30.844384000;1.073e+00;7.603e-01;5.741e-02;7.083e-01;5.348e-02;1.073e+00;6.843e-01;5.167e-02;1.000e+01;8.335e-01;1.556e-02;1.556e-02;7.074e-01;-5.121e-02
30.845405000;1.073e+00;7.600e-01;5.666e-02;7.082e-01;5.279e-02;1.073e+00;6.840e-01;5.099e-02;1.000e+01;8.335e-01;1.556e-02;1.556e-02;7.074e-01;-5.183e-02
30.846936000;1.073e+00;7.597e-01;5.566e-02;7.082e-01;5.189e-02;1.073e+00;6.837e-01;5.010e-02;1.000e+01;8.335e-01;1.556e-02;1.556e-02;7.074e-01;-5.249e-02
30.847447000;1.073e+00;7.596e-01;5.536e-02;7.081e-01;5.161e-02;1.073e+00;6.837e-01;4.983e-02;1.000e+01;8.335e-01;1.556e-02;1.556e-02;7.073e-01;-5.266e-02
30.847957000;1.073e+00;7.595e-01;5.507e-02;7.081e-01;5.134e-02;1.073e+00;6.836e-01;4.956e-02;1.000e+01;8.335e-01;1.556e-02;1.556e-02;7.073e-01;-5.279e-02
30.850040000;1.072e+00;7.592e-01;5.399e-02;7.081e-01;5.036e-02;1.072e+00;6.833e-01;4.859e-02;1.000e+01;8.335e-01;1.556e-02;1.556e-02;7.072e-01;-5.312e-02
30.850544000;1.072e+00;7.592e-01;5.375e-02;7.081e-01;5.014e-02;1.072e+00;6.832e-01;4.838e-02;1.000e+01;8.335e-01;1.556e-02;1.556e-02;7.072e-01;-5.316e-02
30.852234000;1.072e+00;7.590e-01;5.300e-02;7.081e-01;4.945e-02;1.072e+00;6.831e-01;4.770e-02;1.000e+01;8.335e-01;1.556e-02;1.556e-02;7.072e-01;-5.319e-02
30.854077000;1.072e+00;7.588e-01;5.224e-02;7.081e-01;4.876e-02;1.072e+00;6.829e-01;4.702e-02;1.000e+01;8.335e-01;1.556e-02;1.556e-02;7.073e-01;-5.308e-02
30.854538000;1.071e+00;7.587e-01;5.206e-02;7.081e-01;4.859e-02;1.071e+00;6.828e-01;4.686e-02;1.000e+01;8.335e-01;1.556e-02;1.556e-02;7.073e-01;-5.303e-02
30.865136000;1.070e+00;7.579e-01;4.845e-02;7.083e-01;4.527e-02;1.070e+00;6.821e-01;4.360e-02;1.000e+01;8.335e-01;1.556e-02;1.556e-02;7.075e-01;-5.101e-02
30.865597000;1.070e+00;7.579e-01;4.830e-02;7.083e-01;4.514e-02;1.070e+00;6.821e-01;4.347e-02;1.000e+01;8.335e-01;1.556e-02;1.556e-02;7.075e-01;-5.090e-02
30.867901000;1.070e+00;7.577e-01;4.759e-02;7.083e-01;4.449e-02;1.070e+00;6.819e-01;4.283e-02;1.000e+01;8.335e-01;1.556e-02;1.556e-02;7.076e-01;-5.037e-02
30.873892000;1.069e+00;7.573e-01;4.580e-02;7.084e-01;4.284e-02;1.069e+00;6.816e-01;4.122e-02;1.000e+01;8.335e-01;1.556e-02;1.556e-02;7.077e-01;-4.898e-02
30.878868000;1.069e+00;7.571e-01;4.437e-02;7.085e-01;4.153e-02;1.069e+00;6.814e-01;3.994e-02;1.000e+01;8.335e-01;1.556e-02;1.556e-02;7.078e-01;-4.784e-02
30.879698000;1.068e+00;7.570e-01;4.414e-02;7.085e-01;4.131e-02;1.068e+00;6.813e-01;3.973e-02;1.000e+01;8.335e-01;1.556e-02;1.556e-02;7.079e-01;-4.765e-02
30.887992000;1.068e+00;7.566e-01;4.187e-02;7.087e-01;3.922e-02;1.068e+00;6.809e-01;3.768e-02;1.000e+01;8.335e-01;1.556e-02;1.556e-02;7.080e-01;-4.583e-02
30.888992000;1.067e+00;7.565e-01;4.161e-02;7.087e-01;3.898e-02;1.067e+00;6.808e-01;3.744e-02;1.000e+01;8.335e-01;1.556e-02;1.556e-02;7.081e-01;-4.562e-02
30.897992000;1.067e+00;7.560e-01;3.929e-02;7.088e-01;3.684e-02;1.067e+00;6.804e-01;3.536e-02;1.000e+01;8.335e-01;1.556e-02;1.556e-02;7.083e-01;-4.375e-02
30.898992000;1.066e+00;7.560e-01;3.904e-02;7.089e-01;3.661e-02;1.066e+00;6.804e-01;3.514e-02;1.000e+01;8.335e-01;1.556e-02;1.556e-02;7.083e-01;-4.355e-02
30.903992000;1.066e+00;7.557e-01;3.782e-02;7.090e-01;3.547e-02;1.066e+00;6.802e-01;3.403e-02;1.000e+01;8.335e-01;1.556e-02;1.556e-02;7.084e-01;-4.256e-02
30.908992000;1.066e+00;7.555e-01;3.663e-02;7.090e-01;3.438e-02;1.066e+00;6.800e-01;3.297e-02;1.000e+01;8.335e-01;1.556e-02;1.556e-02;7.085e-01;-4.161e-02
30.909992000;1.065e+00;7.555e-01;3.640e-02;7.091e-01;3.416e-02;1.065e+00;6.799e-01;3.276e-02;1.000e+01;8.335e-01;1.556e-02;1.556e-02;7.085e-01;-4.142e-02
30.913992000;1.065e+00;7.553e-01;3.548e-02;7.091e-01;3.331e-02;1.065e+00;6.798e-01;3.193e-02;1.000e+01;8.335e-01;1.556e-02;1.556e-02;7.086e-01;-4.068e-02
30.914992000;1.065e+00;7.552e-01;3.525e-02;7.091e-01;3.310e-02;1.065e+00;6.797e-01;3.173e-02;1.000e+01;8.335e-01;1.556e-02;1.556e-02;7.086e-01;-4.050e-02
30.921992000;1.064e+00;7.549e-01;3.371e-02;7.093e-01;3.167e-02;1.064e+00;6.794e-01;3.034e-02;1.000e+01;8.335e-01;1.556e-02;1.556e-02;7.087e-01;-3.925e-02
30.945992000;1.063e+00;7.540e-01;2.892e-02;7.096e-01;2.722e-02;1.063e+00;6.786e-01;2.603e-02;1.000e+01;8.335e-01;1.556e-02;1.556e-02;7.092e-01;-3.537e-02
30.946992000;1.062e+00;7.540e-01;2.873e-02;7.096e-01;2.704e-02;1.062e+00;6.786e-01;2.586e-02;1.000e+01;8.335e-01;1.556e-02;1.556e-02;7.092e-01;-3.522e-02
30.968992000;1.061e+00;7.533e-01;2.495e-02;7.100e-01;2.351e-02;1.061e+00;6.780e-01;2.245e-02;1.000e+01;8.335e-01;1.556e-02;1.556e-02;7.096e-01;-3.214e-02
30.971992000;1.061e+00;7.532e-01;2.447e-02;7.100e-01;2.307e-02;1.061e+00;6.779e-01;2.202e-02;1.000e+01;8.335e-01;1.556e-02;1.556e-02;7.096e-01;-3.175e-02
30.973992000;1.061e+00;7.531e-01;2.416e-02;7.100e-01;2.278e-02;1.061e+00;6.778e-01;2.174e-02;1.000e+01;8.335e-01;1.556e-02;1.556e-02;7.097e-01;-3.150e-02
30.976992000;1.061e+00;7.531e-01;2.370e-02;7.101e-01;2.234e-02;1.061e+00;6.778e-01;2.133e-02;1.000e+01;8.335e-01;1.556e-02;1.556e-02;7.097e-01;-3.112e-02
30.977992000;1.060e+00;7.530e-01;2.354e-02;7.101e-01;2.220e-02;1.060e+00;6.777e-01;2.119e-02;1.000e+01;8.335e-01;1.556e-02;1.556e-02;7.097e-01;-3.100e-02
30.994992000;1.060e+00;7.526e-01;2.110e-02;7.103e-01;1.991e-02;1.060e+00;6.773e-01;1.899e-02;1.000e+01;8.335e-01;1.556e-02;1.556e-02;7.100e-01;-2.901e-02
30.995992000;1.059e+00;7.526e-01;2.096e-02;7.103e-01;1.978e-02;1.059e+00;6.773e-01;1.886e-02;1.000e+01;8.335e-01;1.556e-02;1.556e-02;7.100e-01;-2.890e-02
31.005992000;1.059e+00;7.523e-01;1.965e-02;7.105e-01;1.855e-02;1.059e+00;6.771e-01;1.768e-02;1.000e+01;8.335e-01;1.556e-02;1.556e-02;7.101e-01;-2.782e-02
31.014992000;1.059e+00;7.522e-01;1.853e-02;7.106e-01;1.751e-02;1.059e+00;6.769e-01;1.668e-02;1.000e+01;8.335e-01;1.556e-02;1.556e-02;7.103e-01;-2.691e-02
31.015992000;1.058e+00;7.521e-01;1.841e-02;7.106e-01;1.740e-02;1.058e+00;6.769e-01;1.657e-02;1.000e+01;8.335e-01;1.556e-02;1.556e-02;7.103e-01;-2.682e-02
31.019992000;1.058e+00;7.521e-01;1.794e-02;7.106e-01;1.695e-02;1.058e+00;6.768e-01;1.614e-02;1.000e+01;8.335e-01;1.556e-02;1.556e-02;7.103e-01;-2.643e-02
31.028992000;1.058e+00;7.519e-01;1.692e-02;7.108e-01;1.599e-02;1.058e+00;6.767e-01;1.523e-02;1.000e+01;8.335e-01;1.556e-02;1.556e-02;7.105e-01;-2.560e-02
31.032992000;1.058e+00;7.518e-01;1.648e-02;7.108e-01;1.558e-02;1.058e+00;6.766e-01;1.483e-02;1.000e+01;8.335e-01;1.556e-02;1.556e-02;7.105e-01;-2.524e-02
31.033992000;1.058e+00;7.518e-01;1.637e-02;7.108e-01;1.548e-02;1.058e+00;6.766e-01;1.474e-02;1.000e+01;8.335e-01;1.556e-02;1.556e-02;7.105e-01;-2.515e-02
31.036992000;1.058e+00;7.517e-01;1.606e-02;7.108e-01;1.518e-02;1.058e+00;6.766e-01;1.445e-02;1.000e+01;8.335e-01;1.556e-02;1.556e-02;7.106e-01;-2.489e-02
31.037992000;1.057e+00;7.517e-01;1.595e-02;7.109e-01;1.508e-02;1.057e+00;6.766e-01;1.436e-02;1.000e+01;8.335e-01;1.556e-02;1.556e-02;7.106e-01;-2.481e-02
31.062992000;1.057e+00;7.513e-01;1.353e-02;7.111e-01;1.281e-02;1.057e+00;6.762e-01;1.218e-02;1.000e+01;8.335e-01;1.556e-02;1.556e-02;7.109e-01;-2.283e-02
31.063992000;1.056e+00;7.513e-01;1.344e-02;7.111e-01;1.273e-02;1.056e+00;6.762e-01;1.210e-02;1.000e+01;8.335e-01;1.556e-02;1.556e-02;7.109e-01;-2.276e-02
31.103992000;1.055e+00;7.508e-01;1.030e-02;7.115e-01;9.762e-03;1.055e+00;6.758e-01;9.271e-03;1.000e+01;8.335e-01;1.556e-02;1.556e-02;7.113e-01;-2.018e-02
31.105992000;1.055e+00;7.508e-01;1.016e-02;7.115e-01;9.633e-03;1.055e+00;6.757e-01;9.148e-03;1.000e+01;8.335e-01;1.556e-02;1.556e-02;7.113e-01;-2.007e-02
31.114992000;1.055e+00;7.507e-01;9.566e-03;7.116e-01;9.067e-03;1.055e+00;6.757e-01;8.609e-03;1.000e+01;8.335e-01;1.556e-02;1.556e-02;7.114e-01;-1.958e-02
31.129992000;1.055e+00;7.506e-01;8.641e-03;7.117e-01;8.194e-03;1.055e+00;6.755e-01;7.777e-03;1.000e+01;8.335e-01;1.556e-02;1.556e-02;7.116e-01;-1.882e-02
31.132992000;1.055e+00;7.506e-01;8.466e-03;7.118e-01;8.028e-03;1.055e+00;6.755e-01;7.619e-03;1.000e+01;8.335e-01;1.556e-02;1.556e-02;7.116e-01;-1.868e-02
31.133992000;1.054e+00;7.506e-01;8.408e-03;7.118e-01;7.973e-03;1.054e+00;6.755e-01;7.567e-03;1.000e+01;8.335e-01;1.556e-02;1.556e-02;7.116e-01;-1.863e-02
31.136992000;1.054e+00;7.505e-01;8.238e-03;7.118e-01;7.813e-03;1.054e+00;6.755e-01;7.414e-03;1.000e+01;8.335e-01;1.556e-02;1.556e-02;7.116e-01;-1.849e-02
31.143992000;1.054e+00;7.505e-01;7.852e-03;7.119e-01;7.448e-03;1.054e+00;6.754e-01;7.067e-03;1.000e+01;8.335e-01;1.556e-02;1.556e-02;7.117e-01;-1.818e-02
31.152992000;1.054e+00;7.504e-01;7.380e-03;7.119e-01;7.001e-03;1.054e+00;6.754e-01;6.642e-03;1.000e+01;8.335e-01;1.556e-02;1.556e-02;7.118e-01;-1.779e-02
31.183992000;1.054e+00;7.502e-01;5.943e-03;7.121e-01;5.641e-03;1.054e+00;6.752e-01;5.349e-03;1.000e+01;8.335e-01;1.556e-02;1.556e-02;7.120e-01;-1.661e-02
31.184992000;1.053e+00;7.502e-01;5.902e-03;7.121e-01;5.603e-03;1.053e+00;6.752e-01;5.312e-03;1.000e+01;8.335e-01;1.556e-02;1.556e-02;7.120e-01;-1.658e-02
31.185992000;1.053e+00;7.502e-01;5.860e-03;7.122e-01;5.563e-03;1.053e+00;6.752e-01;5.274e-03;1.000e+01;8.335e-01;1.556e-02;1.556e-02;7.120e-01;-1.654e-02
31.201992000;1.053e+00;7.502e-01;5.229e-03;7.123e-01;4.965e-03;1.053e+00;6.751e-01;4.706e-03;1.000e+01;8.335e-01;1.556e-02;1.556e-02;7.121e-01;-1.603e-02
31.282992000;1.052e+00;7.499e-01;2.849e-03;7.127e-01;2.707e-03;1.052e+00;6.749e-01;2.564e-03;1.000e+01;8.335e-01;1.556e-02;1.556e-02;7.125e-01;-1.408e-02
31.284992000;1.052e+00;7.499e-01;2.804e-03;7.127e-01;2.665e-03;1.052e+00;6.749e-01;2.524e-03;1.000e+01;8.335e-01;1.556e-02;1.556e-02;7.126e-01;-1.404e-02
31.293992000;1.052e+00;7.499e-01;2.610e-03;7.127e-01;2.481e-03;1.052e+00;6.749e-01;2.349e-03;1.000e+01;8.335e-01;1.556e-02;1.556e-02;7.126e-01;-1.388e-02
31.325992000;1.052e+00;7.498e-01;2.003e-03;7.128e-01;1.904e-03;1.052e+00;6.749e-01;1.803e-03;1.000e+01;8.335e-01;1.556e-02;1.556e-02;7.127e-01;-1.338e-02
31.337992000;1.052e+00;7.498e-01;1.806e-03;7.129e-01;1.717e-03;1.052e+00;6.749e-01;1.625e-03;1.000e+01;8.335e-01;1.556e-02;1.556e-02;7.128e-01;-1.322e-02
31.339992000;1.052e+00;7.498e-01;1.774e-03;7.129e-01;1.687e-03;1.052e+00;6.748e-01;1.597e-03;1.000e+01;8.335e-01;1.556e-02;1.556e-02;7.128e-01;-1.320e-02
31.363992000;1.052e+00;7.498e-01;1.427e-03;7.130e-01;1.357e-03;1.052e+00;6.748e-01;1.284e-03;1.000e+01;8.335e-01;1.556e-02;1.556e-02;7.129e-01;-1.291e-02
31.397992000;1.052e+00;7.498e-01;1.019e-03;7.131e-01;9.690e-04;1.052e+00;6.748e-01;9.170e-04;1.000e+01;8.335e-01;1.556e-02;1.556e-02;7.129e-01;-1.258e-02
31.403992000;1.052e+00;7.498e-01;9.556e-04;7.131e-01;9.088e-04;1.052e+00;6.748e-01;8.600e-04;1.000e+01;8.335e-01;1.556e-02;1.556e-02;7.130e-01;-1.253e-02
31.404992000;1.051e+00;7.498e-01;9.456e-04;7.131e-01;8.992e-04;1.051e+00;6.748e-01;8.510e-04;1.000e+01;8.335e-01;1.556e-02;1.556e-02;7.130e-01;-1.252e-02
31.561992000;1.051e+00;7.498e-01;-4.222e-05;7.133e-01;-4.017e-05;1.051e+00;6.748e-01;-3.800e-05;1.000e+01;8.335e-01;1.556e-02;1.556e-02;7.132e-01;-1.173e-02
31.575992000;1.051e+00;7.498e-01;-8.778e-05;7.134e-01;-8.351e-05;1.051e+00;6.748e-01;-7.900e-05;1.000e+01;8.335e-01;1.556e-02;1.556e-02;7.133e-01;-1.169e-02
31.697992000;1.051e+00;7.498e-01;-3.233e-04;7.134e-01;-3.077e-04;1.051e+00;6.748e-01;-2.910e-04;1.000e+01;8.335e-01;1.556e-02;1.556e-02;7.134e-01;-1.151e-02
31.701992000;1.051e+00;7.498e-01;-3.278e-04;7.134e-01;-3.119e-04;1.051e+00;6.748e-01;-2.950e-04;1.000e+01;8.335e-01;1.556e-02;1.556e-02;7.134e-01;-1.150e-02
31.719992000;1.051e+00;7.498e-01;-3.444e-04;7.135e-01;-3.277e-04;1.051e+00;6.748e-01;-3.100e-04;1.000e+01;8.335e-01;1.556e-02;1.556e-02;7.134e-01;-1.149e-02
33.795992000;1.051e+00;7.499e-01;9.700e-04;7.131e-01;9.225e-04;1.051e+00;6.749e-01;8.730e-04;1.000e+01;8.335e-01;1.556e-02;1.556e-02;7.130e-01;-1.276e-02
33.796992000;1.052e+00;7.499e-01;9.700e-04;7.131e-01;9.225e-04;1.052e+00;6.749e-01;8.730e-04;1.000e+01;8.335e-01;1.556e-02;1.556e-02;7.130e-01;-1.276e-02
38.618992000;1.052e+00;7.499e-01;3.088e-03;7.125e-01;2.934e-03;1.052e+00;6.749e-01;2.779e-03;1.000e+01;8.335e-01;1.556e-02;1.556e-02;7.124e-01;-1.473e-02
39.835992000;1.052e+00;7.499e-01;3.266e-03;7.125e-01;3.103e-03;1.052e+00;6.749e-01;2.939e-03;1.000e+01;8.335e-01;1.556e-02;1.556e-02;7.123e-01;-1.489e-02
40.888992000;1.052e+00;7.499e-01;3.346e-03;7.125e-01;3.179e-03;1.052e+00;6.749e-01;3.011e-03;1.000e+01;8.335e-01;1.556e-02;1.556e-02;7.123e-01;-1.496e-02
40.912992000;1.052e+00;7.499e-01;3.347e-03;7.125e-01;3.180e-03;1.052e+00;6.749e-01;3.012e-03;1.000e+01;8.335e-01;1.556e-02;1.556e-02;7.123e-01;-1.497e-02
40.957992000;1.052e+00;7.499e-01;3.349e-03;7.125e-01;3.182e-03;1.052e+00;6.749e-01;3.014e-03;1.000e+01;8.335e-01;1.556e-02;1.556e-02;7.123e-01;-1.497e-02
100.000000000;1.052e+00;7.499e-01;3.150e-03;7.125e-01;2.993e-03;1.052e+00;6.749e-01;2.835e-03;1.000e+01;8.335e-01;1.556e-02;1.556e-02;7.124e-01;-1.478e-02
